sub_id	onset	duration	trial_type	response_time	task_type	update_cond	cate_c	cate_b	cate_o	response_type	response	trial_id	run_id	word_id	img_id	stim_c	stim_b	design_onset	grate_orientation
4	2.019	3.000	remember	0.316	retrieval	restudy	scene	face	object	target	scene	1	1	25	97	249	25	2.0	n/a
4	7.055	1.173	correct	1.173	grate	n/a	n/a	n/a	n/a	n/a	n/a	1	1	n/a	n/a	n/a	n/a	n/a	right
4	8.736	0.603	correct	0.603	grate	n/a	n/a	n/a	n/a	n/a	n/a	1	1	n/a	n/a	n/a	n/a	n/a	left
4	9.853	0.519	correct	0.519	grate	n/a	n/a	n/a	n/a	n/a	n/a	1	1	n/a	n/a	n/a	n/a	n/a	right
4	10.886	0.437	correct	0.437	grate	n/a	n/a	n/a	n/a	n/a	n/a	1	1	n/a	n/a	n/a	n/a	n/a	left
4	11.836	0.328	incorrect	0.328	grate	n/a	n/a	n/a	n/a	n/a	n/a	1	1	n/a	n/a	n/a	n/a	n/a	right
4	12.686	0.100	incorrect	0.100	grate	n/a	n/a	n/a	n/a	n/a	n/a	1	1	n/a	n/a	n/a	n/a	n/a	right
4	14.018	3.000	remember	0.358	retrieval	restudy	object	scene	face	target	object	2	1	121	73	173	225	14.0	n/a
4	19.054	0.693	correct	0.693	grate	n/a	n/a	n/a	n/a	n/a	n/a	2	1	n/a	n/a	n/a	n/a	n/a	left
4	20.268	0.391	correct	0.391	grate	n/a	n/a	n/a	n/a	n/a	n/a	2	1	n/a	n/a	n/a	n/a	n/a	left
4	21.168	0.363	correct	0.363	grate	n/a	n/a	n/a	n/a	n/a	n/a	2	1	n/a	n/a	n/a	n/a	n/a	right
4	22.052	0.457	correct	0.457	grate	n/a	n/a	n/a	n/a	n/a	n/a	2	1	n/a	n/a	n/a	n/a	n/a	left
4	23.018	0.361	correct	0.361	grate	n/a	n/a	n/a	n/a	n/a	n/a	2	1	n/a	n/a	n/a	n/a	n/a	right
4	23.902	0.342	incorrect	0.342	grate	n/a	n/a	n/a	n/a	n/a	n/a	2	1	n/a	n/a	n/a	n/a	n/a	right
4	24.751	0.100	incorrect	0.100	grate	n/a	n/a	n/a	n/a	n/a	n/a	2	1	n/a	n/a	n/a	n/a	n/a	left
4	26.017	3.000	forget	0.477	retrieval	restudy	face	scene	object	competitor	scene	3	1	99	27	75	203	26.0	n/a
4	31.053	0.543	correct	0.543	grate	n/a	n/a	n/a	n/a	n/a	n/a	3	1	n/a	n/a	n/a	n/a	n/a	left
4	32.117	0.389	correct	0.389	grate	n/a	n/a	n/a	n/a	n/a	n/a	3	1	n/a	n/a	n/a	n/a	n/a	left
4	33.018	0.425	correct	0.425	grate	n/a	n/a	n/a	n/a	n/a	n/a	3	1	n/a	n/a	n/a	n/a	n/a	right
4	33.951	0.276	correct	0.276	grate	n/a	n/a	n/a	n/a	n/a	n/a	3	1	n/a	n/a	n/a	n/a	n/a	right
4	34.734	0.342	correct	0.342	grate	n/a	n/a	n/a	n/a	n/a	n/a	3	1	n/a	n/a	n/a	n/a	n/a	left
4	35.584	0.371	correct	0.371	grate	n/a	n/a	n/a	n/a	n/a	n/a	3	1	n/a	n/a	n/a	n/a	n/a	left
4	36.467	0.050	incorrect	0.050	grate	n/a	n/a	n/a	n/a	n/a	n/a	3	1	n/a	n/a	n/a	n/a	n/a	left
4	38.016	3.000	remember	0.511	retrieval	retprac	object	scene	face	target	object	4	1	128	80	180	232	38.0	n/a
4	43.051	0.535	correct	0.535	grate	n/a	n/a	n/a	n/a	n/a	n/a	4	1	n/a	n/a	n/a	n/a	n/a	left
4	44.100	0.319	correct	0.319	grate	n/a	n/a	n/a	n/a	n/a	n/a	4	1	n/a	n/a	n/a	n/a	n/a	right
4	44.933	0.326	correct	0.326	grate	n/a	n/a	n/a	n/a	n/a	n/a	4	1	n/a	n/a	n/a	n/a	n/a	left
4	45.766	0.340	incorrect	0.340	grate	n/a	n/a	n/a	n/a	n/a	n/a	4	1	n/a	n/a	n/a	n/a	n/a	right
4	46.616	0.290	correct	0.290	grate	n/a	n/a	n/a	n/a	n/a	n/a	4	1	n/a	n/a	n/a	n/a	n/a	left
4	47.416	0.394	correct	0.394	grate	n/a	n/a	n/a	n/a	n/a	n/a	4	1	n/a	n/a	n/a	n/a	n/a	right
4	48.333	0.183	incorrect	0.183	grate	n/a	n/a	n/a	n/a	n/a	n/a	4	1	n/a	n/a	n/a	n/a	n/a	right
4	50.015	3.000	remember	0.383	retrieval	restudy	face	object	scene	target	face	5	1	53	5	53	105	50.0	n/a
4	55.051	0.551	correct	0.551	grate	n/a	n/a	n/a	n/a	n/a	n/a	5	1	n/a	n/a	n/a	n/a	n/a	left
4	56.115	0.375	correct	0.375	grate	n/a	n/a	n/a	n/a	n/a	n/a	5	1	n/a	n/a	n/a	n/a	n/a	left
4	56.998	0.340	correct	0.340	grate	n/a	n/a	n/a	n/a	n/a	n/a	5	1	n/a	n/a	n/a	n/a	n/a	right
4	57.848	0.370	correct	0.370	grate	n/a	n/a	n/a	n/a	n/a	n/a	5	1	n/a	n/a	n/a	n/a	n/a	left
4	58.732	0.318	correct	0.318	grate	n/a	n/a	n/a	n/a	n/a	n/a	5	1	n/a	n/a	n/a	n/a	n/a	left
4	59.565	0.398	correct	0.398	grate	n/a	n/a	n/a	n/a	n/a	n/a	5	1	n/a	n/a	n/a	n/a	n/a	left
4	60.482	0.033	incorrect	0.033	grate	n/a	n/a	n/a	n/a	n/a	n/a	5	1	n/a	n/a	n/a	n/a	n/a	right
4	62.014	3.000	remember	0.384	retrieval	retprac	object	face	scene	target	object	6	1	4	52	152	4	62.0	n/a
4	67.049	0.616	correct	0.616	grate	n/a	n/a	n/a	n/a	n/a	n/a	6	1	n/a	n/a	n/a	n/a	n/a	left
4	68.181	0.333	correct	0.333	grate	n/a	n/a	n/a	n/a	n/a	n/a	6	1	n/a	n/a	n/a	n/a	n/a	left
4	69.031	0.315	correct	0.315	grate	n/a	n/a	n/a	n/a	n/a	n/a	6	1	n/a	n/a	n/a	n/a	n/a	left
4	69.864	0.274	incorrect	0.274	grate	n/a	n/a	n/a	n/a	n/a	n/a	6	1	n/a	n/a	n/a	n/a	n/a	right
4	70.647	0.266	correct	0.266	grate	n/a	n/a	n/a	n/a	n/a	n/a	6	1	n/a	n/a	n/a	n/a	n/a	left
4	71.430	0.371	correct	0.371	grate	n/a	n/a	n/a	n/a	n/a	n/a	6	1	n/a	n/a	n/a	n/a	n/a	left
4	72.314	0.200	incorrect	0.200	grate	n/a	n/a	n/a	n/a	n/a	n/a	6	1	n/a	n/a	n/a	n/a	n/a	right
4	74.013	3.000	forget	0.304	retrieval	retprac	scene	face	object	competitor	face	7	1	28	100	252	28	74.0	n/a
4	79.049	0.401	correct	0.401	grate	n/a	n/a	n/a	n/a	n/a	n/a	7	1	n/a	n/a	n/a	n/a	n/a	right
4	79.963	0.351	incorrect	0.351	grate	n/a	n/a	n/a	n/a	n/a	n/a	7	1	n/a	n/a	n/a	n/a	n/a	left
4	80.830	0.371	correct	0.371	grate	n/a	n/a	n/a	n/a	n/a	n/a	7	1	n/a	n/a	n/a	n/a	n/a	right
4	81.713	0.288	correct	0.288	grate	n/a	n/a	n/a	n/a	n/a	n/a	7	1	n/a	n/a	n/a	n/a	n/a	left
4	82.513	0.456	correct	0.456	grate	n/a	n/a	n/a	n/a	n/a	n/a	7	1	n/a	n/a	n/a	n/a	n/a	left
4	83.479	0.338	correct	0.338	grate	n/a	n/a	n/a	n/a	n/a	n/a	7	1	n/a	n/a	n/a	n/a	n/a	right
4	84.329	0.183	incorrect	0.183	grate	n/a	n/a	n/a	n/a	n/a	n/a	7	1	n/a	n/a	n/a	n/a	n/a	right
4	86.012	3.000	remember	0.425	retrieval	retprac	face	scene	object	target	face	8	1	104	32	80	208	86.0	n/a
4	91.048	0.641	correct	0.641	grate	n/a	n/a	n/a	n/a	n/a	n/a	8	1	n/a	n/a	n/a	n/a	n/a	right
4	92.212	0.381	correct	0.381	grate	n/a	n/a	n/a	n/a	n/a	n/a	8	1	n/a	n/a	n/a	n/a	n/a	right
4	93.112	0.369	correct	0.369	grate	n/a	n/a	n/a	n/a	n/a	n/a	8	1	n/a	n/a	n/a	n/a	n/a	left
4	93.995	0.294	correct	0.294	grate	n/a	n/a	n/a	n/a	n/a	n/a	8	1	n/a	n/a	n/a	n/a	n/a	left
4	94.812	0.413	incorrect	0.413	grate	n/a	n/a	n/a	n/a	n/a	n/a	8	1	n/a	n/a	n/a	n/a	n/a	left
4	95.745	0.352	correct	0.352	grate	n/a	n/a	n/a	n/a	n/a	n/a	8	1	n/a	n/a	n/a	n/a	n/a	right
4	96.612	0.100	incorrect	0.100	grate	n/a	n/a	n/a	n/a	n/a	n/a	8	1	n/a	n/a	n/a	n/a	n/a	left
4	98.011	3.000	forget	0.458	retrieval	restudy	scene	face	object	competitor	face	9	1	29	101	253	29	98.0	n/a
4	103.046	0.459	correct	0.459	grate	n/a	n/a	n/a	n/a	n/a	n/a	9	1	n/a	n/a	n/a	n/a	n/a	right
4	104.028	0.341	correct	0.341	grate	n/a	n/a	n/a	n/a	n/a	n/a	9	1	n/a	n/a	n/a	n/a	n/a	left
4	104.878	0.299	correct	0.299	grate	n/a	n/a	n/a	n/a	n/a	n/a	9	1	n/a	n/a	n/a	n/a	n/a	right
4	105.694	0.331	correct	0.331	grate	n/a	n/a	n/a	n/a	n/a	n/a	9	1	n/a	n/a	n/a	n/a	n/a	right
4	106.544	0.361	correct	0.361	grate	n/a	n/a	n/a	n/a	n/a	n/a	9	1	n/a	n/a	n/a	n/a	n/a	right
4	107.427	0.381	correct	0.381	grate	n/a	n/a	n/a	n/a	n/a	n/a	9	1	n/a	n/a	n/a	n/a	n/a	right
4	108.327	0.183	incorrect	0.183	grate	n/a	n/a	n/a	n/a	n/a	n/a	9	1	n/a	n/a	n/a	n/a	n/a	right
4	110.010	3.000	forget	0.339	retrieval	retprac	scene	object	face	other	face	10	1	80	128	280	132	110.0	n/a
4	115.046	0.411	correct	0.411	grate	n/a	n/a	n/a	n/a	n/a	n/a	10	1	n/a	n/a	n/a	n/a	n/a	right
4	115.977	0.288	incorrect	0.288	grate	n/a	n/a	n/a	n/a	n/a	n/a	10	1	n/a	n/a	n/a	n/a	n/a	left
4	116.777	0.337	correct	0.337	grate	n/a	n/a	n/a	n/a	n/a	n/a	10	1	n/a	n/a	n/a	n/a	n/a	right
4	117.626	0.294	incorrect	0.294	grate	n/a	n/a	n/a	n/a	n/a	n/a	10	1	n/a	n/a	n/a	n/a	n/a	right
4	118.443	0.341	correct	0.341	grate	n/a	n/a	n/a	n/a	n/a	n/a	10	1	n/a	n/a	n/a	n/a	n/a	left
4	119.293	0.355	correct	0.355	grate	n/a	n/a	n/a	n/a	n/a	n/a	10	1	n/a	n/a	n/a	n/a	n/a	left
4	120.160	0.350	incorrect	0.350	grate	n/a	n/a	n/a	n/a	n/a	n/a	10	1	n/a	n/a	n/a	n/a	n/a	right
4	122.008	3.000	remember	0.723	retrieval	restudy	scene	face	object	target	scene	11	1	27	99	251	27	122.0	n/a
4	127.044	0.389	correct	0.389	grate	n/a	n/a	n/a	n/a	n/a	n/a	11	1	n/a	n/a	n/a	n/a	n/a	right
4	127.942	0.394	incorrect	0.394	grate	n/a	n/a	n/a	n/a	n/a	n/a	11	1	n/a	n/a	n/a	n/a	n/a	right
4	128.859	0.341	correct	0.341	grate	n/a	n/a	n/a	n/a	n/a	n/a	11	1	n/a	n/a	n/a	n/a	n/a	right
4	129.709	0.363	correct	0.363	grate	n/a	n/a	n/a	n/a	n/a	n/a	11	1	n/a	n/a	n/a	n/a	n/a	left
4	130.592	0.400	incorrect	0.400	grate	n/a	n/a	n/a	n/a	n/a	n/a	11	1	n/a	n/a	n/a	n/a	n/a	left
4	131.509	0.388	incorrect	0.388	grate	n/a	n/a	n/a	n/a	n/a	n/a	11	1	n/a	n/a	n/a	n/a	n/a	right
4	132.409	0.100	incorrect	0.100	grate	n/a	n/a	n/a	n/a	n/a	n/a	11	1	n/a	n/a	n/a	n/a	n/a	right
4	134.007	3.000	remember	0.357	retrieval	restudy	face	object	scene	target	face	12	1	55	7	55	107	134.0	n/a
4	139.043	0.357	correct	0.357	grate	n/a	n/a	n/a	n/a	n/a	n/a	12	1	n/a	n/a	n/a	n/a	n/a	left
4	139.908	0.388	correct	0.388	grate	n/a	n/a	n/a	n/a	n/a	n/a	12	1	n/a	n/a	n/a	n/a	n/a	right
4	140.808	0.320	correct	0.320	grate	n/a	n/a	n/a	n/a	n/a	n/a	12	1	n/a	n/a	n/a	n/a	n/a	right
4	141.641	0.367	correct	0.367	grate	n/a	n/a	n/a	n/a	n/a	n/a	12	1	n/a	n/a	n/a	n/a	n/a	left
4	142.524	0.347	incorrect	0.347	grate	n/a	n/a	n/a	n/a	n/a	n/a	12	1	n/a	n/a	n/a	n/a	n/a	right
4	143.391	0.401	correct	0.401	grate	n/a	n/a	n/a	n/a	n/a	n/a	12	1	n/a	n/a	n/a	n/a	n/a	left
4	144.307	0.200	incorrect	0.200	grate	n/a	n/a	n/a	n/a	n/a	n/a	12	1	n/a	n/a	n/a	n/a	n/a	left
4	146.006	3.000	remember	0.229	retrieval	retprac	face	object	scene	target	face	13	1	50	2	50	102	146.0	n/a
4	151.042	0.334	correct	0.334	grate	n/a	n/a	n/a	n/a	n/a	n/a	13	1	n/a	n/a	n/a	n/a	n/a	right
4	151.890	0.341	correct	0.341	grate	n/a	n/a	n/a	n/a	n/a	n/a	13	1	n/a	n/a	n/a	n/a	n/a	left
4	152.740	0.347	correct	0.347	grate	n/a	n/a	n/a	n/a	n/a	n/a	13	1	n/a	n/a	n/a	n/a	n/a	right
4	153.606	0.377	correct	0.377	grate	n/a	n/a	n/a	n/a	n/a	n/a	13	1	n/a	n/a	n/a	n/a	n/a	right
4	154.507	0.390	correct	0.390	grate	n/a	n/a	n/a	n/a	n/a	n/a	13	1	n/a	n/a	n/a	n/a	n/a	right
4	155.406	0.337	correct	0.337	grate	n/a	n/a	n/a	n/a	n/a	n/a	13	1	n/a	n/a	n/a	n/a	n/a	right
4	156.256	0.250	incorrect	0.250	grate	n/a	n/a	n/a	n/a	n/a	n/a	13	1	n/a	n/a	n/a	n/a	n/a	left
4	158.022	3.000	remember	0.293	retrieval	retprac	face	scene	object	target	face	14	1	100	28	76	204	158.0	n/a
4	163.057	0.438	correct	0.438	grate	n/a	n/a	n/a	n/a	n/a	n/a	14	1	n/a	n/a	n/a	n/a	n/a	left
4	164.006	0.361	correct	0.361	grate	n/a	n/a	n/a	n/a	n/a	n/a	14	1	n/a	n/a	n/a	n/a	n/a	right
4	164.889	0.303	incorrect	0.303	grate	n/a	n/a	n/a	n/a	n/a	n/a	14	1	n/a	n/a	n/a	n/a	n/a	left
4	165.705	0.294	correct	0.294	grate	n/a	n/a	n/a	n/a	n/a	n/a	14	1	n/a	n/a	n/a	n/a	n/a	right
4	166.522	0.285	incorrect	0.285	grate	n/a	n/a	n/a	n/a	n/a	n/a	14	1	n/a	n/a	n/a	n/a	n/a	left
4	167.322	0.285	correct	0.285	grate	n/a	n/a	n/a	n/a	n/a	n/a	14	1	n/a	n/a	n/a	n/a	n/a	right
4	168.122	0.277	correct	0.277	grate	n/a	n/a	n/a	n/a	n/a	n/a	14	1	n/a	n/a	n/a	n/a	n/a	left
4	168.922	0.100	incorrect	0.100	grate	n/a	n/a	n/a	n/a	n/a	n/a	14	1	n/a	n/a	n/a	n/a	n/a	right
4	170.021	3.000	remember	0.318	retrieval	retprac	face	object	scene	target	face	15	1	56	8	56	108	170.0	n/a
4	175.055	0.376	correct	0.376	grate	n/a	n/a	n/a	n/a	n/a	n/a	15	1	n/a	n/a	n/a	n/a	n/a	right
4	175.938	0.342	correct	0.342	grate	n/a	n/a	n/a	n/a	n/a	n/a	15	1	n/a	n/a	n/a	n/a	n/a	right
4	176.788	0.251	correct	0.251	grate	n/a	n/a	n/a	n/a	n/a	n/a	15	1	n/a	n/a	n/a	n/a	n/a	left
4	177.554	0.316	correct	0.316	grate	n/a	n/a	n/a	n/a	n/a	n/a	15	1	n/a	n/a	n/a	n/a	n/a	left
4	178.388	0.291	incorrect	0.291	grate	n/a	n/a	n/a	n/a	n/a	n/a	15	1	n/a	n/a	n/a	n/a	n/a	left
4	179.187	0.275	incorrect	0.275	grate	n/a	n/a	n/a	n/a	n/a	n/a	15	1	n/a	n/a	n/a	n/a	n/a	left
4	179.971	0.155	incorrect	0.155	grate	n/a	n/a	n/a	n/a	n/a	n/a	15	1	n/a	n/a	n/a	n/a	n/a	right
4	180.638	0.100	incorrect	0.100	grate	n/a	n/a	n/a	n/a	n/a	n/a	15	1	n/a	n/a	n/a	n/a	n/a	right
4	182.020	3.000	forget	0.262	retrieval	retprac	object	scene	face	competitor	scene	16	1	124	76	176	228	182.0	n/a
4	187.054	0.377	correct	0.377	grate	n/a	n/a	n/a	n/a	n/a	n/a	16	1	n/a	n/a	n/a	n/a	n/a	left
4	187.954	0.333	incorrect	0.333	grate	n/a	n/a	n/a	n/a	n/a	n/a	16	1	n/a	n/a	n/a	n/a	n/a	right
4	188.803	0.467	correct	0.467	grate	n/a	n/a	n/a	n/a	n/a	n/a	16	1	n/a	n/a	n/a	n/a	n/a	right
4	189.786	0.364	correct	0.364	grate	n/a	n/a	n/a	n/a	n/a	n/a	16	1	n/a	n/a	n/a	n/a	n/a	right
4	190.670	0.344	correct	0.344	grate	n/a	n/a	n/a	n/a	n/a	n/a	16	1	n/a	n/a	n/a	n/a	n/a	left
4	191.537	0.318	correct	0.318	grate	n/a	n/a	n/a	n/a	n/a	n/a	16	1	n/a	n/a	n/a	n/a	n/a	left
4	192.370	0.150	incorrect	0.150	grate	n/a	n/a	n/a	n/a	n/a	n/a	16	1	n/a	n/a	n/a	n/a	n/a	left
4	194.019	3.000	remember	0.263	retrieval	restudy	object	scene	face	target	object	17	1	123	75	175	227	194.0	n/a
4	199.053	0.489	correct	0.489	grate	n/a	n/a	n/a	n/a	n/a	n/a	17	1	n/a	n/a	n/a	n/a	n/a	right
4	200.052	0.482	correct	0.482	grate	n/a	n/a	n/a	n/a	n/a	n/a	17	1	n/a	n/a	n/a	n/a	n/a	left
4	201.052	0.370	correct	0.370	grate	n/a	n/a	n/a	n/a	n/a	n/a	17	1	n/a	n/a	n/a	n/a	n/a	left
4	201.936	0.303	correct	0.303	grate	n/a	n/a	n/a	n/a	n/a	n/a	17	1	n/a	n/a	n/a	n/a	n/a	right
4	202.752	0.374	correct	0.374	grate	n/a	n/a	n/a	n/a	n/a	n/a	17	1	n/a	n/a	n/a	n/a	n/a	right
4	203.635	0.362	correct	0.362	grate	n/a	n/a	n/a	n/a	n/a	n/a	17	1	n/a	n/a	n/a	n/a	n/a	left
4	204.519	0.000	incorrect	0.000	grate	n/a	n/a	n/a	n/a	n/a	n/a	17	1	n/a	n/a	n/a	n/a	n/a	right
4	206.018	3.000	remember	0.248	retrieval	retprac	face	scene	object	target	face	18	1	102	30	78	206	206.0	n/a
4	211.052	0.313	correct	0.313	grate	n/a	n/a	n/a	n/a	n/a	n/a	18	1	n/a	n/a	n/a	n/a	n/a	right
4	211.885	0.313	correct	0.313	grate	n/a	n/a	n/a	n/a	n/a	n/a	18	1	n/a	n/a	n/a	n/a	n/a	left
4	212.718	0.255	correct	0.255	grate	n/a	n/a	n/a	n/a	n/a	n/a	18	1	n/a	n/a	n/a	n/a	n/a	right
4	213.485	0.353	correct	0.353	grate	n/a	n/a	n/a	n/a	n/a	n/a	18	1	n/a	n/a	n/a	n/a	n/a	left
4	214.351	0.350	correct	0.350	grate	n/a	n/a	n/a	n/a	n/a	n/a	18	1	n/a	n/a	n/a	n/a	n/a	left
4	215.218	0.324	correct	0.324	grate	n/a	n/a	n/a	n/a	n/a	n/a	18	1	n/a	n/a	n/a	n/a	n/a	left
4	216.051	0.315	correct	0.315	grate	n/a	n/a	n/a	n/a	n/a	n/a	18	1	n/a	n/a	n/a	n/a	n/a	left
4	216.884	0.100	incorrect	0.100	grate	n/a	n/a	n/a	n/a	n/a	n/a	18	1	n/a	n/a	n/a	n/a	n/a	right
4	218.017	3.000	forget	0.400	retrieval	retprac	face	object	scene	other	scene	19	1	52	4	52	104	218.0	n/a
4	223.051	0.314	correct	0.314	grate	n/a	n/a	n/a	n/a	n/a	n/a	19	1	n/a	n/a	n/a	n/a	n/a	right
4	223.884	0.355	correct	0.355	grate	n/a	n/a	n/a	n/a	n/a	n/a	19	1	n/a	n/a	n/a	n/a	n/a	left
4	224.750	0.455	correct	0.455	grate	n/a	n/a	n/a	n/a	n/a	n/a	19	1	n/a	n/a	n/a	n/a	n/a	left
4	225.717	0.328	correct	0.328	grate	n/a	n/a	n/a	n/a	n/a	n/a	19	1	n/a	n/a	n/a	n/a	n/a	right
4	226.567	0.414	correct	0.414	grate	n/a	n/a	n/a	n/a	n/a	n/a	19	1	n/a	n/a	n/a	n/a	n/a	right
4	227.500	0.338	correct	0.338	grate	n/a	n/a	n/a	n/a	n/a	n/a	19	1	n/a	n/a	n/a	n/a	n/a	right
4	228.350	0.167	incorrect	0.167	grate	n/a	n/a	n/a	n/a	n/a	n/a	19	1	n/a	n/a	n/a	n/a	n/a	left
4	230.016	3.000	remember	0.370	retrieval	retprac	scene	object	face	target	scene	20	1	74	122	274	126	230.0	n/a
4	235.050	0.379	correct	0.379	grate	n/a	n/a	n/a	n/a	n/a	n/a	20	1	n/a	n/a	n/a	n/a	n/a	left
4	235.949	0.512	correct	0.512	grate	n/a	n/a	n/a	n/a	n/a	n/a	20	1	n/a	n/a	n/a	n/a	n/a	left
4	236.982	0.286	correct	0.286	grate	n/a	n/a	n/a	n/a	n/a	n/a	20	1	n/a	n/a	n/a	n/a	n/a	left
4	237.782	0.278	incorrect	0.278	grate	n/a	n/a	n/a	n/a	n/a	n/a	20	1	n/a	n/a	n/a	n/a	n/a	right
4	238.582	0.367	incorrect	0.367	grate	n/a	n/a	n/a	n/a	n/a	n/a	20	1	n/a	n/a	n/a	n/a	n/a	left
4	239.465	0.371	correct	0.371	grate	n/a	n/a	n/a	n/a	n/a	n/a	20	1	n/a	n/a	n/a	n/a	n/a	left
4	240.349	0.167	incorrect	0.167	grate	n/a	n/a	n/a	n/a	n/a	n/a	20	1	n/a	n/a	n/a	n/a	n/a	right
4	242.014	3.000	forget	0.290	retrieval	restudy	face	scene	object	other	object	21	1	103	31	79	207	242.0	n/a
4	247.049	0.444	correct	0.444	grate	n/a	n/a	n/a	n/a	n/a	n/a	21	1	n/a	n/a	n/a	n/a	n/a	left
4	248.015	0.366	correct	0.366	grate	n/a	n/a	n/a	n/a	n/a	n/a	21	1	n/a	n/a	n/a	n/a	n/a	left
4	248.898	0.515	correct	0.515	grate	n/a	n/a	n/a	n/a	n/a	n/a	21	1	n/a	n/a	n/a	n/a	n/a	right
4	249.931	0.409	correct	0.409	grate	n/a	n/a	n/a	n/a	n/a	n/a	21	1	n/a	n/a	n/a	n/a	n/a	left
4	250.848	1.181	correct	1.181	grate	n/a	n/a	n/a	n/a	n/a	n/a	21	1	n/a	n/a	n/a	n/a	n/a	right
4	252.548	0.100	incorrect	0.100	grate	n/a	n/a	n/a	n/a	n/a	n/a	21	1	n/a	n/a	n/a	n/a	n/a	right
4	254.013	3.000	forget	0.275	retrieval	restudy	face	scene	object	competitor	scene	22	1	97	25	73	201	254.0	n/a
4	259.048	0.421	correct	0.421	grate	n/a	n/a	n/a	n/a	n/a	n/a	22	1	n/a	n/a	n/a	n/a	n/a	left
4	259.980	0.352	correct	0.352	grate	n/a	n/a	n/a	n/a	n/a	n/a	22	1	n/a	n/a	n/a	n/a	n/a	right
4	260.847	0.342	incorrect	0.342	grate	n/a	n/a	n/a	n/a	n/a	n/a	22	1	n/a	n/a	n/a	n/a	n/a	left
4	261.697	0.387	correct	0.387	grate	n/a	n/a	n/a	n/a	n/a	n/a	22	1	n/a	n/a	n/a	n/a	n/a	left
4	262.597	0.319	correct	0.319	grate	n/a	n/a	n/a	n/a	n/a	n/a	22	1	n/a	n/a	n/a	n/a	n/a	left
4	263.430	0.326	correct	0.326	grate	n/a	n/a	n/a	n/a	n/a	n/a	22	1	n/a	n/a	n/a	n/a	n/a	left
4	264.280	0.233	incorrect	0.233	grate	n/a	n/a	n/a	n/a	n/a	n/a	22	1	n/a	n/a	n/a	n/a	n/a	right
4	266.012	3.000	remember	0.492	retrieval	retprac	scene	object	face	target	scene	23	1	78	126	278	130	266.0	n/a
4	271.047	0.325	correct	0.325	grate	n/a	n/a	n/a	n/a	n/a	n/a	23	1	n/a	n/a	n/a	n/a	n/a	right
4	271.879	0.357	correct	0.357	grate	n/a	n/a	n/a	n/a	n/a	n/a	23	1	n/a	n/a	n/a	n/a	n/a	left
4	272.746	0.434	correct	0.434	grate	n/a	n/a	n/a	n/a	n/a	n/a	23	1	n/a	n/a	n/a	n/a	n/a	left
4	273.696	0.372	correct	0.372	grate	n/a	n/a	n/a	n/a	n/a	n/a	23	1	n/a	n/a	n/a	n/a	n/a	left
4	274.579	0.320	correct	0.320	grate	n/a	n/a	n/a	n/a	n/a	n/a	23	1	n/a	n/a	n/a	n/a	n/a	left
4	275.412	0.351	correct	0.351	grate	n/a	n/a	n/a	n/a	n/a	n/a	23	1	n/a	n/a	n/a	n/a	n/a	right
4	276.279	0.233	incorrect	0.233	grate	n/a	n/a	n/a	n/a	n/a	n/a	23	1	n/a	n/a	n/a	n/a	n/a	right
4	278.011	3.000	forget	0.300	retrieval	restudy	object	scene	face	other	face	24	1	125	77	177	229	278.0	n/a
4	283.046	0.406	correct	0.406	grate	n/a	n/a	n/a	n/a	n/a	n/a	24	1	n/a	n/a	n/a	n/a	n/a	left
4	283.962	0.370	correct	0.370	grate	n/a	n/a	n/a	n/a	n/a	n/a	24	1	n/a	n/a	n/a	n/a	n/a	left
4	284.845	0.855	correct	0.855	grate	n/a	n/a	n/a	n/a	n/a	n/a	24	1	n/a	n/a	n/a	n/a	n/a	right
4	286.211	0.704	correct	0.704	grate	n/a	n/a	n/a	n/a	n/a	n/a	24	1	n/a	n/a	n/a	n/a	n/a	right
4	287.428	0.423	correct	0.423	grate	n/a	n/a	n/a	n/a	n/a	n/a	24	1	n/a	n/a	n/a	n/a	n/a	left
4	288.361	0.150	incorrect	0.150	grate	n/a	n/a	n/a	n/a	n/a	n/a	24	1	n/a	n/a	n/a	n/a	n/a	right
4	290.010	3.000	forget	0.565	retrieval	restudy	scene	face	object	other	object	25	1	31	103	255	31	290.0	n/a
4	295.045	0.614	correct	0.614	grate	n/a	n/a	n/a	n/a	n/a	n/a	25	1	n/a	n/a	n/a	n/a	n/a	right
4	296.177	0.402	correct	0.402	grate	n/a	n/a	n/a	n/a	n/a	n/a	25	1	n/a	n/a	n/a	n/a	n/a	right
4	297.094	0.389	correct	0.389	grate	n/a	n/a	n/a	n/a	n/a	n/a	25	1	n/a	n/a	n/a	n/a	n/a	left
4	297.994	0.322	correct	0.322	grate	n/a	n/a	n/a	n/a	n/a	n/a	25	1	n/a	n/a	n/a	n/a	n/a	left
4	298.827	0.344	correct	0.344	grate	n/a	n/a	n/a	n/a	n/a	n/a	25	1	n/a	n/a	n/a	n/a	n/a	left
4	299.694	0.383	correct	0.383	grate	n/a	n/a	n/a	n/a	n/a	n/a	25	1	n/a	n/a	n/a	n/a	n/a	right
4	300.593	0.100	incorrect	0.100	grate	n/a	n/a	n/a	n/a	n/a	n/a	25	1	n/a	n/a	n/a	n/a	n/a	left
4	302.026	3.000	forget	0.325	retrieval	retprac	scene	face	object	competitor	face	26	1	32	104	256	32	302.0	n/a
4	307.060	0.383	correct	0.383	grate	n/a	n/a	n/a	n/a	n/a	n/a	26	1	n/a	n/a	n/a	n/a	n/a	left
4	307.960	0.355	incorrect	0.355	grate	n/a	n/a	n/a	n/a	n/a	n/a	26	1	n/a	n/a	n/a	n/a	n/a	right
4	308.826	0.449	correct	0.449	grate	n/a	n/a	n/a	n/a	n/a	n/a	26	1	n/a	n/a	n/a	n/a	n/a	left
4	309.793	0.362	correct	0.362	grate	n/a	n/a	n/a	n/a	n/a	n/a	26	1	n/a	n/a	n/a	n/a	n/a	right
4	310.676	0.343	incorrect	0.343	grate	n/a	n/a	n/a	n/a	n/a	n/a	26	1	n/a	n/a	n/a	n/a	n/a	left
4	311.542	0.356	correct	0.356	grate	n/a	n/a	n/a	n/a	n/a	n/a	26	1	n/a	n/a	n/a	n/a	n/a	right
4	312.409	0.117	incorrect	0.117	grate	n/a	n/a	n/a	n/a	n/a	n/a	26	1	n/a	n/a	n/a	n/a	n/a	left
4	314.008	3.000	forget	0.303	retrieval	restudy	object	face	scene	other	scene	27	1	1	49	149	1	314.0	n/a
4	319.043	0.360	correct	0.360	grate	n/a	n/a	n/a	n/a	n/a	n/a	27	1	n/a	n/a	n/a	n/a	n/a	right
4	319.925	0.397	correct	0.397	grate	n/a	n/a	n/a	n/a	n/a	n/a	27	1	n/a	n/a	n/a	n/a	n/a	left
4	320.842	0.385	correct	0.385	grate	n/a	n/a	n/a	n/a	n/a	n/a	27	1	n/a	n/a	n/a	n/a	n/a	right
4	321.742	0.373	correct	0.373	grate	n/a	n/a	n/a	n/a	n/a	n/a	27	1	n/a	n/a	n/a	n/a	n/a	right
4	322.625	0.346	incorrect	0.346	grate	n/a	n/a	n/a	n/a	n/a	n/a	27	1	n/a	n/a	n/a	n/a	n/a	right
4	323.491	0.359	correct	0.359	grate	n/a	n/a	n/a	n/a	n/a	n/a	27	1	n/a	n/a	n/a	n/a	n/a	right
4	324.358	0.150	incorrect	0.150	grate	n/a	n/a	n/a	n/a	n/a	n/a	27	1	n/a	n/a	n/a	n/a	n/a	right
4	326.007	3.000	forget	0.399	retrieval	retprac	scene	face	object	other	object	28	1	26	98	250	26	326.0	n/a
4	331.041	0.785	correct	0.785	grate	n/a	n/a	n/a	n/a	n/a	n/a	28	1	n/a	n/a	n/a	n/a	n/a	right
4	332.341	0.366	correct	0.366	grate	n/a	n/a	n/a	n/a	n/a	n/a	28	1	n/a	n/a	n/a	n/a	n/a	left
4	333.224	0.498	correct	0.498	grate	n/a	n/a	n/a	n/a	n/a	n/a	28	1	n/a	n/a	n/a	n/a	n/a	left
4	334.240	0.361	correct	0.361	grate	n/a	n/a	n/a	n/a	n/a	n/a	28	1	n/a	n/a	n/a	n/a	n/a	right
4	335.124	0.422	correct	0.422	grate	n/a	n/a	n/a	n/a	n/a	n/a	28	1	n/a	n/a	n/a	n/a	n/a	left
4	336.057	0.377	correct	0.377	grate	n/a	n/a	n/a	n/a	n/a	n/a	28	1	n/a	n/a	n/a	n/a	n/a	left
4	336.957	0.100	incorrect	0.100	grate	n/a	n/a	n/a	n/a	n/a	n/a	28	1	n/a	n/a	n/a	n/a	n/a	left
4	338.023	3.000	forget	0.272	retrieval	restudy	object	face	scene	competitor	face	29	1	3	51	151	3	338.0	n/a
4	343.057	0.425	correct	0.425	grate	n/a	n/a	n/a	n/a	n/a	n/a	29	1	n/a	n/a	n/a	n/a	n/a	right
4	343.990	0.356	correct	0.356	grate	n/a	n/a	n/a	n/a	n/a	n/a	29	1	n/a	n/a	n/a	n/a	n/a	left
4	344.856	0.322	correct	0.322	grate	n/a	n/a	n/a	n/a	n/a	n/a	29	1	n/a	n/a	n/a	n/a	n/a	right
4	345.689	0.416	correct	0.416	grate	n/a	n/a	n/a	n/a	n/a	n/a	29	1	n/a	n/a	n/a	n/a	n/a	left
4	346.623	0.332	correct	0.332	grate	n/a	n/a	n/a	n/a	n/a	n/a	29	1	n/a	n/a	n/a	n/a	n/a	right
4	347.473	0.313	incorrect	0.313	grate	n/a	n/a	n/a	n/a	n/a	n/a	29	1	n/a	n/a	n/a	n/a	n/a	right
4	348.306	0.217	incorrect	0.217	grate	n/a	n/a	n/a	n/a	n/a	n/a	29	1	n/a	n/a	n/a	n/a	n/a	right
4	350.021	3.000	forget	0.105	retrieval	restudy	object	face	scene	competitor	face	30	1	5	53	153	5	350.0	n/a
4	355.056	0.322	correct	0.322	grate	n/a	n/a	n/a	n/a	n/a	n/a	30	1	n/a	n/a	n/a	n/a	n/a	left
4	355.889	0.321	correct	0.321	grate	n/a	n/a	n/a	n/a	n/a	n/a	30	1	n/a	n/a	n/a	n/a	n/a	left
4	356.722	0.352	incorrect	0.352	grate	n/a	n/a	n/a	n/a	n/a	n/a	30	1	n/a	n/a	n/a	n/a	n/a	right
4	357.588	0.301	correct	0.301	grate	n/a	n/a	n/a	n/a	n/a	n/a	30	1	n/a	n/a	n/a	n/a	n/a	left
4	358.405	0.373	correct	0.373	grate	n/a	n/a	n/a	n/a	n/a	n/a	30	1	n/a	n/a	n/a	n/a	n/a	left
4	359.288	0.321	correct	0.321	grate	n/a	n/a	n/a	n/a	n/a	n/a	30	1	n/a	n/a	n/a	n/a	n/a	right
4	360.121	0.400	incorrect	0.400	grate	n/a	n/a	n/a	n/a	n/a	n/a	30	1	n/a	n/a	n/a	n/a	n/a	right
4	362.020	3.000	forget	0.240	retrieval	restudy	object	scene	face	competitor	scene	31	1	127	79	179	231	362.0	n/a
4	367.054	0.603	correct	0.603	grate	n/a	n/a	n/a	n/a	n/a	n/a	31	1	n/a	n/a	n/a	n/a	n/a	left
4	368.171	0.406	correct	0.406	grate	n/a	n/a	n/a	n/a	n/a	n/a	31	1	n/a	n/a	n/a	n/a	n/a	left
4	369.087	0.313	correct	0.313	grate	n/a	n/a	n/a	n/a	n/a	n/a	31	1	n/a	n/a	n/a	n/a	n/a	left
4	369.920	0.729	correct	0.729	grate	n/a	n/a	n/a	n/a	n/a	n/a	31	1	n/a	n/a	n/a	n/a	n/a	right
4	371.171	0.351	correct	0.351	grate	n/a	n/a	n/a	n/a	n/a	n/a	31	1	n/a	n/a	n/a	n/a	n/a	right
4	372.037	0.380	correct	0.380	grate	n/a	n/a	n/a	n/a	n/a	n/a	31	1	n/a	n/a	n/a	n/a	n/a	right
4	372.937	0.100	incorrect	0.100	grate	n/a	n/a	n/a	n/a	n/a	n/a	31	1	n/a	n/a	n/a	n/a	n/a	left
4	374.019	3.000	forget	0.457	retrieval	restudy	scene	object	face	other	face	32	1	75	123	275	127	374.0	n/a
4	379.054	0.371	correct	0.371	grate	n/a	n/a	n/a	n/a	n/a	n/a	32	1	n/a	n/a	n/a	n/a	n/a	right
4	379.936	0.288	correct	0.288	grate	n/a	n/a	n/a	n/a	n/a	n/a	32	1	n/a	n/a	n/a	n/a	n/a	right
4	380.736	0.329	incorrect	0.329	grate	n/a	n/a	n/a	n/a	n/a	n/a	32	1	n/a	n/a	n/a	n/a	n/a	left
4	381.586	0.358	correct	0.358	grate	n/a	n/a	n/a	n/a	n/a	n/a	32	1	n/a	n/a	n/a	n/a	n/a	left
4	382.453	0.316	correct	0.316	grate	n/a	n/a	n/a	n/a	n/a	n/a	32	1	n/a	n/a	n/a	n/a	n/a	right
4	383.286	0.298	correct	0.298	grate	n/a	n/a	n/a	n/a	n/a	n/a	32	1	n/a	n/a	n/a	n/a	n/a	right
4	384.103	0.355	correct	0.355	grate	n/a	n/a	n/a	n/a	n/a	n/a	32	1	n/a	n/a	n/a	n/a	n/a	left
4	384.969	0.100	incorrect	0.100	grate	n/a	n/a	n/a	n/a	n/a	n/a	32	1	n/a	n/a	n/a	n/a	n/a	right
4	386.018	3.000	forget	0.354	retrieval	retprac	object	scene	face	competitor	scene	33	1	122	74	174	226	386.0	n/a
4	391.052	0.533	correct	0.533	grate	n/a	n/a	n/a	n/a	n/a	n/a	33	1	n/a	n/a	n/a	n/a	n/a	right
4	392.102	0.307	correct	0.307	grate	n/a	n/a	n/a	n/a	n/a	n/a	33	1	n/a	n/a	n/a	n/a	n/a	right
4	392.935	0.401	correct	0.401	grate	n/a	n/a	n/a	n/a	n/a	n/a	33	1	n/a	n/a	n/a	n/a	n/a	left
4	393.852	0.324	correct	0.324	grate	n/a	n/a	n/a	n/a	n/a	n/a	33	1	n/a	n/a	n/a	n/a	n/a	left
4	394.685	0.395	correct	0.395	grate	n/a	n/a	n/a	n/a	n/a	n/a	33	1	n/a	n/a	n/a	n/a	n/a	left
4	395.602	0.392	correct	0.392	grate	n/a	n/a	n/a	n/a	n/a	n/a	33	1	n/a	n/a	n/a	n/a	n/a	left
4	396.502	0.017	incorrect	0.017	grate	n/a	n/a	n/a	n/a	n/a	n/a	33	1	n/a	n/a	n/a	n/a	n/a	right
4	398.017	3.000	forget	0.315	retrieval	retprac	scene	object	face	competitor	object	34	1	76	124	276	128	398.0	n/a
4	403.051	0.430	correct	0.430	grate	n/a	n/a	n/a	n/a	n/a	n/a	34	1	n/a	n/a	n/a	n/a	n/a	right
4	404.001	0.400	correct	0.400	grate	n/a	n/a	n/a	n/a	n/a	n/a	34	1	n/a	n/a	n/a	n/a	n/a	left
4	404.918	0.362	correct	0.362	grate	n/a	n/a	n/a	n/a	n/a	n/a	34	1	n/a	n/a	n/a	n/a	n/a	left
4	405.801	0.384	correct	0.384	grate	n/a	n/a	n/a	n/a	n/a	n/a	34	1	n/a	n/a	n/a	n/a	n/a	left
4	406.701	0.363	correct	0.363	grate	n/a	n/a	n/a	n/a	n/a	n/a	34	1	n/a	n/a	n/a	n/a	n/a	right
4	407.584	0.328	correct	0.328	grate	n/a	n/a	n/a	n/a	n/a	n/a	34	1	n/a	n/a	n/a	n/a	n/a	left
4	408.434	0.083	incorrect	0.083	grate	n/a	n/a	n/a	n/a	n/a	n/a	34	1	n/a	n/a	n/a	n/a	n/a	right
4	410.016	3.000	remember	0.363	retrieval	restudy	face	object	scene	target	face	35	1	51	3	51	103	410.0	n/a
4	415.050	0.478	correct	0.478	grate	n/a	n/a	n/a	n/a	n/a	n/a	35	1	n/a	n/a	n/a	n/a	n/a	left
4	416.050	0.310	correct	0.310	grate	n/a	n/a	n/a	n/a	n/a	n/a	35	1	n/a	n/a	n/a	n/a	n/a	left
4	416.883	0.477	correct	0.477	grate	n/a	n/a	n/a	n/a	n/a	n/a	35	1	n/a	n/a	n/a	n/a	n/a	right
4	417.883	0.373	correct	0.373	grate	n/a	n/a	n/a	n/a	n/a	n/a	35	1	n/a	n/a	n/a	n/a	n/a	left
4	418.766	0.370	correct	0.370	grate	n/a	n/a	n/a	n/a	n/a	n/a	35	1	n/a	n/a	n/a	n/a	n/a	left
4	419.649	0.382	correct	0.382	grate	n/a	n/a	n/a	n/a	n/a	n/a	35	1	n/a	n/a	n/a	n/a	n/a	right
4	420.549	0.100	incorrect	0.100	grate	n/a	n/a	n/a	n/a	n/a	n/a	35	1	n/a	n/a	n/a	n/a	n/a	right
4	422.015	3.000	remember	0.356	retrieval	retprac	object	face	scene	target	object	36	1	6	54	154	6	422.0	n/a
4	427.050	0.414	correct	0.414	grate	n/a	n/a	n/a	n/a	n/a	n/a	36	1	n/a	n/a	n/a	n/a	n/a	right
4	427.982	0.313	correct	0.313	grate	n/a	n/a	n/a	n/a	n/a	n/a	36	1	n/a	n/a	n/a	n/a	n/a	right
4	428.815	0.320	incorrect	0.320	grate	n/a	n/a	n/a	n/a	n/a	n/a	36	1	n/a	n/a	n/a	n/a	n/a	left
4	429.649	0.391	correct	0.391	grate	n/a	n/a	n/a	n/a	n/a	n/a	36	1	n/a	n/a	n/a	n/a	n/a	right
4	430.548	0.363	correct	0.363	grate	n/a	n/a	n/a	n/a	n/a	n/a	36	1	n/a	n/a	n/a	n/a	n/a	left
4	431.432	0.312	correct	0.312	grate	n/a	n/a	n/a	n/a	n/a	n/a	36	1	n/a	n/a	n/a	n/a	n/a	right
4	432.265	0.250	incorrect	0.250	grate	n/a	n/a	n/a	n/a	n/a	n/a	36	1	n/a	n/a	n/a	n/a	n/a	left
4	434.014	3.000	forget	0.293	retrieval	restudy	face	scene	object	other	object	37	1	101	29	77	205	434.0	n/a
4	439.048	0.383	correct	0.383	grate	n/a	n/a	n/a	n/a	n/a	n/a	37	1	n/a	n/a	n/a	n/a	n/a	left
4	439.948	0.403	correct	0.403	grate	n/a	n/a	n/a	n/a	n/a	n/a	37	1	n/a	n/a	n/a	n/a	n/a	left
4	440.864	0.295	correct	0.295	grate	n/a	n/a	n/a	n/a	n/a	n/a	37	1	n/a	n/a	n/a	n/a	n/a	right
4	441.681	0.438	correct	0.438	grate	n/a	n/a	n/a	n/a	n/a	n/a	37	1	n/a	n/a	n/a	n/a	n/a	right
4	442.631	0.368	correct	0.368	grate	n/a	n/a	n/a	n/a	n/a	n/a	37	1	n/a	n/a	n/a	n/a	n/a	right
4	443.514	0.430	correct	0.430	grate	n/a	n/a	n/a	n/a	n/a	n/a	37	1	n/a	n/a	n/a	n/a	n/a	right
4	444.464	0.050	incorrect	0.050	grate	n/a	n/a	n/a	n/a	n/a	n/a	37	1	n/a	n/a	n/a	n/a	n/a	left
4	446.013	3.000	forget	0.309	retrieval	retprac	scene	face	object	competitor	face	38	1	30	102	254	30	446.0	n/a
4	451.047	0.416	incorrect	0.416	grate	n/a	n/a	n/a	n/a	n/a	n/a	38	1	n/a	n/a	n/a	n/a	n/a	right
4	451.980	0.339	incorrect	0.339	grate	n/a	n/a	n/a	n/a	n/a	n/a	38	1	n/a	n/a	n/a	n/a	n/a	left
4	452.830	0.441	correct	0.441	grate	n/a	n/a	n/a	n/a	n/a	n/a	38	1	n/a	n/a	n/a	n/a	n/a	left
4	453.780	0.339	correct	0.339	grate	n/a	n/a	n/a	n/a	n/a	n/a	38	1	n/a	n/a	n/a	n/a	n/a	left
4	454.630	0.016	correct	0.016	grate	n/a	n/a	n/a	n/a	n/a	n/a	38	1	n/a	n/a	n/a	n/a	n/a	left
4	455.163	0.411	incorrect	0.411	grate	n/a	n/a	n/a	n/a	n/a	n/a	38	1	n/a	n/a	n/a	n/a	n/a	left
4	456.096	0.417	incorrect	0.417	grate	n/a	n/a	n/a	n/a	n/a	n/a	38	1	n/a	n/a	n/a	n/a	n/a	left
4	458.012	3.000	remember	0.270	retrieval	restudy	face	object	scene	target	face	39	1	49	1	49	101	458.0	n/a
4	463.046	0.352	correct	0.352	grate	n/a	n/a	n/a	n/a	n/a	n/a	39	1	n/a	n/a	n/a	n/a	n/a	left
4	463.912	0.350	correct	0.350	grate	n/a	n/a	n/a	n/a	n/a	n/a	39	1	n/a	n/a	n/a	n/a	n/a	left
4	464.779	0.331	correct	0.331	grate	n/a	n/a	n/a	n/a	n/a	n/a	39	1	n/a	n/a	n/a	n/a	n/a	left
4	465.629	0.321	incorrect	0.321	grate	n/a	n/a	n/a	n/a	n/a	n/a	39	1	n/a	n/a	n/a	n/a	n/a	right
4	466.462	0.280	incorrect	0.280	grate	n/a	n/a	n/a	n/a	n/a	n/a	39	1	n/a	n/a	n/a	n/a	n/a	right
4	467.262	0.504	correct	0.504	grate	n/a	n/a	n/a	n/a	n/a	n/a	39	1	n/a	n/a	n/a	n/a	n/a	left
4	468.278	0.233	incorrect	0.233	grate	n/a	n/a	n/a	n/a	n/a	n/a	39	1	n/a	n/a	n/a	n/a	n/a	left
4	470.011	3.000	remember	0.264	retrieval	restudy	scene	object	face	target	scene	40	1	77	125	277	129	470.0	n/a
4	475.045	0.362	correct	0.362	grate	n/a	n/a	n/a	n/a	n/a	n/a	40	1	n/a	n/a	n/a	n/a	n/a	left
4	475.928	0.382	correct	0.382	grate	n/a	n/a	n/a	n/a	n/a	n/a	40	1	n/a	n/a	n/a	n/a	n/a	right
4	476.828	0.451	correct	0.451	grate	n/a	n/a	n/a	n/a	n/a	n/a	40	1	n/a	n/a	n/a	n/a	n/a	left
4	477.794	0.316	correct	0.316	grate	n/a	n/a	n/a	n/a	n/a	n/a	40	1	n/a	n/a	n/a	n/a	n/a	right
4	478.627	0.410	correct	0.410	grate	n/a	n/a	n/a	n/a	n/a	n/a	40	1	n/a	n/a	n/a	n/a	n/a	right
4	479.561	0.381	correct	0.381	grate	n/a	n/a	n/a	n/a	n/a	n/a	40	1	n/a	n/a	n/a	n/a	n/a	left
4	480.461	0.050	incorrect	0.050	grate	n/a	n/a	n/a	n/a	n/a	n/a	40	1	n/a	n/a	n/a	n/a	n/a	left
4	482.010	3.000	forget	0.344	retrieval	retprac	face	scene	object	competitor	scene	41	1	98	26	74	202	482.0	n/a
4	487.044	0.377	correct	0.377	grate	n/a	n/a	n/a	n/a	n/a	n/a	41	1	n/a	n/a	n/a	n/a	n/a	left
4	487.943	0.390	correct	0.390	grate	n/a	n/a	n/a	n/a	n/a	n/a	41	1	n/a	n/a	n/a	n/a	n/a	right
4	488.843	0.483	correct	0.483	grate	n/a	n/a	n/a	n/a	n/a	n/a	41	1	n/a	n/a	n/a	n/a	n/a	left
4	489.843	0.363	correct	0.363	grate	n/a	n/a	n/a	n/a	n/a	n/a	41	1	n/a	n/a	n/a	n/a	n/a	right
4	490.726	0.375	correct	0.375	grate	n/a	n/a	n/a	n/a	n/a	n/a	41	1	n/a	n/a	n/a	n/a	n/a	left
4	491.610	0.444	correct	0.444	grate	n/a	n/a	n/a	n/a	n/a	n/a	41	1	n/a	n/a	n/a	n/a	n/a	left
4	492.576	0.100	incorrect	0.100	grate	n/a	n/a	n/a	n/a	n/a	n/a	41	1	n/a	n/a	n/a	n/a	n/a	right
4	494.009	3.000	forget	0.328	retrieval	restudy	scene	object	face	other	face	42	1	73	121	273	125	494.0	n/a
4	499.043	0.370	correct	0.370	grate	n/a	n/a	n/a	n/a	n/a	n/a	42	1	n/a	n/a	n/a	n/a	n/a	right
4	499.926	0.431	correct	0.431	grate	n/a	n/a	n/a	n/a	n/a	n/a	42	1	n/a	n/a	n/a	n/a	n/a	left
4	500.876	0.283	correct	0.283	grate	n/a	n/a	n/a	n/a	n/a	n/a	42	1	n/a	n/a	n/a	n/a	n/a	right
4	501.676	0.370	correct	0.370	grate	n/a	n/a	n/a	n/a	n/a	n/a	42	1	n/a	n/a	n/a	n/a	n/a	right
4	502.559	0.414	correct	0.414	grate	n/a	n/a	n/a	n/a	n/a	n/a	42	1	n/a	n/a	n/a	n/a	n/a	left
4	503.492	0.473	correct	0.473	grate	n/a	n/a	n/a	n/a	n/a	n/a	42	1	n/a	n/a	n/a	n/a	n/a	left
4	504.475	0.034	incorrect	0.034	grate	n/a	n/a	n/a	n/a	n/a	n/a	42	1	n/a	n/a	n/a	n/a	n/a	right
4	506.007	3.000	remember	0.441	retrieval	retprac	object	face	scene	target	object	43	1	8	56	156	8	506.0	n/a
4	511.042	0.483	correct	0.483	grate	n/a	n/a	n/a	n/a	n/a	n/a	43	1	n/a	n/a	n/a	n/a	n/a	right
4	512.041	0.355	correct	0.355	grate	n/a	n/a	n/a	n/a	n/a	n/a	43	1	n/a	n/a	n/a	n/a	n/a	right
4	512.908	0.401	correct	0.401	grate	n/a	n/a	n/a	n/a	n/a	n/a	43	1	n/a	n/a	n/a	n/a	n/a	right
4	513.824	0.460	correct	0.460	grate	n/a	n/a	n/a	n/a	n/a	n/a	43	1	n/a	n/a	n/a	n/a	n/a	right
4	514.808	0.357	correct	0.357	grate	n/a	n/a	n/a	n/a	n/a	n/a	43	1	n/a	n/a	n/a	n/a	n/a	right
4	515.674	0.363	correct	0.363	grate	n/a	n/a	n/a	n/a	n/a	n/a	43	1	n/a	n/a	n/a	n/a	n/a	right
4	516.558	0.100	incorrect	0.100	grate	n/a	n/a	n/a	n/a	n/a	n/a	43	1	n/a	n/a	n/a	n/a	n/a	right
4	518.006	3.000	forget	0.346	retrieval	restudy	object	face	scene	competitor	face	44	1	7	55	155	7	518.0	n/a
4	523.041	0.453	correct	0.453	grate	n/a	n/a	n/a	n/a	n/a	n/a	44	1	n/a	n/a	n/a	n/a	n/a	left
4	524.007	0.382	correct	0.382	grate	n/a	n/a	n/a	n/a	n/a	n/a	44	1	n/a	n/a	n/a	n/a	n/a	left
4	524.907	0.386	correct	0.386	grate	n/a	n/a	n/a	n/a	n/a	n/a	44	1	n/a	n/a	n/a	n/a	n/a	left
4	525.807	0.406	correct	0.406	grate	n/a	n/a	n/a	n/a	n/a	n/a	44	1	n/a	n/a	n/a	n/a	n/a	right
4	526.723	0.377	correct	0.377	grate	n/a	n/a	n/a	n/a	n/a	n/a	44	1	n/a	n/a	n/a	n/a	n/a	right
4	527.623	0.390	correct	0.390	grate	n/a	n/a	n/a	n/a	n/a	n/a	44	1	n/a	n/a	n/a	n/a	n/a	right
4	528.523	0.100	incorrect	0.100	grate	n/a	n/a	n/a	n/a	n/a	n/a	44	1	n/a	n/a	n/a	n/a	n/a	right
4	530.022	3.000	remember	0.258	retrieval	retprac	face	object	scene	target	face	45	1	54	6	54	106	530.0	n/a
4	535.057	0.444	correct	0.444	grate	n/a	n/a	n/a	n/a	n/a	n/a	45	1	n/a	n/a	n/a	n/a	n/a	left
4	536.022	0.374	correct	0.374	grate	n/a	n/a	n/a	n/a	n/a	n/a	45	1	n/a	n/a	n/a	n/a	n/a	left
4	536.922	0.355	incorrect	0.355	grate	n/a	n/a	n/a	n/a	n/a	n/a	45	1	n/a	n/a	n/a	n/a	n/a	right
4	537.789	0.367	correct	0.367	grate	n/a	n/a	n/a	n/a	n/a	n/a	45	1	n/a	n/a	n/a	n/a	n/a	left
4	538.672	0.420	correct	0.420	grate	n/a	n/a	n/a	n/a	n/a	n/a	45	1	n/a	n/a	n/a	n/a	n/a	left
4	539.605	0.287	correct	0.287	grate	n/a	n/a	n/a	n/a	n/a	n/a	45	1	n/a	n/a	n/a	n/a	n/a	right
4	540.405	0.117	incorrect	0.117	grate	n/a	n/a	n/a	n/a	n/a	n/a	45	1	n/a	n/a	n/a	n/a	n/a	left
4	542.021	3.000	forget	0.291	retrieval	retprac	object	face	scene	competitor	face	46	1	2	50	150	2	542.0	n/a
4	547.056	0.308	correct	0.308	grate	n/a	n/a	n/a	n/a	n/a	n/a	46	1	n/a	n/a	n/a	n/a	n/a	left
4	547.871	0.349	correct	0.349	grate	n/a	n/a	n/a	n/a	n/a	n/a	46	1	n/a	n/a	n/a	n/a	n/a	left
4	548.738	0.016	incorrect	0.016	grate	n/a	n/a	n/a	n/a	n/a	n/a	46	1	n/a	n/a	n/a	n/a	n/a	right
4	549.289	0.015	correct	0.015	grate	n/a	n/a	n/a	n/a	n/a	n/a	46	1	n/a	n/a	n/a	n/a	n/a	right
4	549.822	0.454	correct	0.454	grate	n/a	n/a	n/a	n/a	n/a	n/a	46	1	n/a	n/a	n/a	n/a	n/a	right
4	550.788	0.424	correct	0.424	grate	n/a	n/a	n/a	n/a	n/a	n/a	46	1	n/a	n/a	n/a	n/a	n/a	left
4	551.721	0.331	incorrect	0.331	grate	n/a	n/a	n/a	n/a	n/a	n/a	46	1	n/a	n/a	n/a	n/a	n/a	right
4	552.571	0.100	incorrect	0.100	grate	n/a	n/a	n/a	n/a	n/a	n/a	46	1	n/a	n/a	n/a	n/a	n/a	left
4	554.020	3.000	forget	0.355	retrieval	restudy	scene	object	face	other	face	47	1	79	127	279	131	554.0	n/a
4	559.054	0.429	correct	0.429	grate	n/a	n/a	n/a	n/a	n/a	n/a	47	1	n/a	n/a	n/a	n/a	n/a	right
4	560.004	0.336	correct	0.336	grate	n/a	n/a	n/a	n/a	n/a	n/a	47	1	n/a	n/a	n/a	n/a	n/a	right
4	560.853	0.366	correct	0.366	grate	n/a	n/a	n/a	n/a	n/a	n/a	47	1	n/a	n/a	n/a	n/a	n/a	right
4	561.737	0.347	correct	0.347	grate	n/a	n/a	n/a	n/a	n/a	n/a	47	1	n/a	n/a	n/a	n/a	n/a	right
4	562.603	0.392	correct	0.392	grate	n/a	n/a	n/a	n/a	n/a	n/a	47	1	n/a	n/a	n/a	n/a	n/a	left
4	563.503	0.460	incorrect	0.460	grate	n/a	n/a	n/a	n/a	n/a	n/a	47	1	n/a	n/a	n/a	n/a	n/a	right
4	564.487	0.033	incorrect	0.033	grate	n/a	n/a	n/a	n/a	n/a	n/a	47	1	n/a	n/a	n/a	n/a	n/a	right
4	566.019	3.000	remember	0.452	retrieval	retprac	object	scene	face	target	object	48	1	126	78	178	230	566.0	n/a
4	571.053	0.454	correct	0.454	grate	n/a	n/a	n/a	n/a	n/a	n/a	48	1	n/a	n/a	n/a	n/a	n/a	right
4	572.019	0.328	correct	0.328	grate	n/a	n/a	n/a	n/a	n/a	n/a	48	1	n/a	n/a	n/a	n/a	n/a	right
4	572.869	0.351	incorrect	0.351	grate	n/a	n/a	n/a	n/a	n/a	n/a	48	1	n/a	n/a	n/a	n/a	n/a	left
4	573.736	0.379	correct	0.379	grate	n/a	n/a	n/a	n/a	n/a	n/a	48	1	n/a	n/a	n/a	n/a	n/a	right
4	574.636	0.399	correct	0.399	grate	n/a	n/a	n/a	n/a	n/a	n/a	48	1	n/a	n/a	n/a	n/a	n/a	left
4	575.552	0.291	incorrect	0.291	grate	n/a	n/a	n/a	n/a	n/a	n/a	48	1	n/a	n/a	n/a	n/a	n/a	left
4	576.352	0.167	incorrect	0.167	grate	n/a	n/a	n/a	n/a	n/a	n/a	48	1	n/a	n/a	n/a	n/a	n/a	left
4	2.012	3.000	remember	0.363	retrieval	retprac	object	face	scene	target	object	1	2	16	64	164	16	2.0	n/a
4	7.046	0.365	correct	0.365	grate	n/a	n/a	n/a	n/a	n/a	n/a	1	2	n/a	n/a	n/a	n/a	n/a	right
4	7.929	0.347	correct	0.347	grate	n/a	n/a	n/a	n/a	n/a	n/a	1	2	n/a	n/a	n/a	n/a	n/a	left
4	8.796	0.360	correct	0.360	grate	n/a	n/a	n/a	n/a	n/a	n/a	1	2	n/a	n/a	n/a	n/a	n/a	left
4	9.679	0.437	incorrect	0.437	grate	n/a	n/a	n/a	n/a	n/a	n/a	1	2	n/a	n/a	n/a	n/a	n/a	right
4	10.629	0.407	correct	0.407	grate	n/a	n/a	n/a	n/a	n/a	n/a	1	2	n/a	n/a	n/a	n/a	n/a	left
4	11.545	0.315	correct	0.315	grate	n/a	n/a	n/a	n/a	n/a	n/a	1	2	n/a	n/a	n/a	n/a	n/a	right
4	12.379	0.133	incorrect	0.133	grate	n/a	n/a	n/a	n/a	n/a	n/a	1	2	n/a	n/a	n/a	n/a	n/a	right
4	14.011	3.000	forget	0.292	retrieval	restudy	object	face	scene	competitor	face	2	2	9	57	157	9	14.0	n/a
4	19.047	0.332	correct	0.332	grate	n/a	n/a	n/a	n/a	n/a	n/a	2	2	n/a	n/a	n/a	n/a	n/a	right
4	19.894	0.325	correct	0.325	grate	n/a	n/a	n/a	n/a	n/a	n/a	2	2	n/a	n/a	n/a	n/a	n/a	right
4	20.728	0.339	correct	0.339	grate	n/a	n/a	n/a	n/a	n/a	n/a	2	2	n/a	n/a	n/a	n/a	n/a	right
4	21.578	0.369	correct	0.369	grate	n/a	n/a	n/a	n/a	n/a	n/a	2	2	n/a	n/a	n/a	n/a	n/a	left
4	22.461	0.326	correct	0.326	grate	n/a	n/a	n/a	n/a	n/a	n/a	2	2	n/a	n/a	n/a	n/a	n/a	left
4	23.294	0.357	correct	0.357	grate	n/a	n/a	n/a	n/a	n/a	n/a	2	2	n/a	n/a	n/a	n/a	n/a	left
4	24.161	0.350	incorrect	0.350	grate	n/a	n/a	n/a	n/a	n/a	n/a	2	2	n/a	n/a	n/a	n/a	n/a	right
4	26.010	3.000	forget	0.389	retrieval	restudy	scene	face	object	other	object	3	2	37	109	261	37	26.0	n/a
4	31.046	0.397	correct	0.397	grate	n/a	n/a	n/a	n/a	n/a	n/a	3	2	n/a	n/a	n/a	n/a	n/a	left
4	31.960	0.371	correct	0.371	grate	n/a	n/a	n/a	n/a	n/a	n/a	3	2	n/a	n/a	n/a	n/a	n/a	right
4	32.843	0.336	correct	0.336	grate	n/a	n/a	n/a	n/a	n/a	n/a	3	2	n/a	n/a	n/a	n/a	n/a	right
4	33.693	0.342	correct	0.342	grate	n/a	n/a	n/a	n/a	n/a	n/a	3	2	n/a	n/a	n/a	n/a	n/a	left
4	34.543	0.331	incorrect	0.331	grate	n/a	n/a	n/a	n/a	n/a	n/a	3	2	n/a	n/a	n/a	n/a	n/a	right
4	35.393	0.266	correct	0.266	grate	n/a	n/a	n/a	n/a	n/a	n/a	3	2	n/a	n/a	n/a	n/a	n/a	left
4	36.176	0.333	incorrect	0.333	grate	n/a	n/a	n/a	n/a	n/a	n/a	3	2	n/a	n/a	n/a	n/a	n/a	left
4	38.009	3.000	remember	0.414	retrieval	retprac	face	scene	object	target	face	4	2	108	36	84	212	38.0	n/a
4	43.044	0.342	correct	0.342	grate	n/a	n/a	n/a	n/a	n/a	n/a	4	2	n/a	n/a	n/a	n/a	n/a	left
4	43.909	0.421	correct	0.421	grate	n/a	n/a	n/a	n/a	n/a	n/a	4	2	n/a	n/a	n/a	n/a	n/a	left
4	44.842	0.337	correct	0.337	grate	n/a	n/a	n/a	n/a	n/a	n/a	4	2	n/a	n/a	n/a	n/a	n/a	left
4	45.692	0.278	incorrect	0.278	grate	n/a	n/a	n/a	n/a	n/a	n/a	4	2	n/a	n/a	n/a	n/a	n/a	right
4	46.492	0.478	correct	0.478	grate	n/a	n/a	n/a	n/a	n/a	n/a	4	2	n/a	n/a	n/a	n/a	n/a	right
4	47.492	0.343	correct	0.343	grate	n/a	n/a	n/a	n/a	n/a	n/a	4	2	n/a	n/a	n/a	n/a	n/a	right
4	48.359	0.150	incorrect	0.150	grate	n/a	n/a	n/a	n/a	n/a	n/a	4	2	n/a	n/a	n/a	n/a	n/a	right
4	50.008	3.000	remember	0.319	retrieval	retprac	scene	object	face	target	scene	5	2	84	132	284	136	50.0	n/a
4	55.044	0.486	correct	0.486	grate	n/a	n/a	n/a	n/a	n/a	n/a	5	2	n/a	n/a	n/a	n/a	n/a	right
4	56.041	0.369	correct	0.369	grate	n/a	n/a	n/a	n/a	n/a	n/a	5	2	n/a	n/a	n/a	n/a	n/a	left
4	56.925	0.430	correct	0.430	grate	n/a	n/a	n/a	n/a	n/a	n/a	5	2	n/a	n/a	n/a	n/a	n/a	right
4	57.874	0.392	correct	0.392	grate	n/a	n/a	n/a	n/a	n/a	n/a	5	2	n/a	n/a	n/a	n/a	n/a	right
4	58.774	0.516	correct	0.516	grate	n/a	n/a	n/a	n/a	n/a	n/a	5	2	n/a	n/a	n/a	n/a	n/a	left
4	59.808	0.378	correct	0.378	grate	n/a	n/a	n/a	n/a	n/a	n/a	5	2	n/a	n/a	n/a	n/a	n/a	left
4	60.707	0.100	incorrect	0.100	grate	n/a	n/a	n/a	n/a	n/a	n/a	5	2	n/a	n/a	n/a	n/a	n/a	right
4	62.007	3.000	forget	0.303	retrieval	restudy	scene	object	face	competitor	object	6	2	87	135	287	139	62.0	n/a
4	67.043	0.367	correct	0.367	grate	n/a	n/a	n/a	n/a	n/a	n/a	6	2	n/a	n/a	n/a	n/a	n/a	left
4	67.924	0.486	correct	0.486	grate	n/a	n/a	n/a	n/a	n/a	n/a	6	2	n/a	n/a	n/a	n/a	n/a	right
4	68.923	0.438	correct	0.438	grate	n/a	n/a	n/a	n/a	n/a	n/a	6	2	n/a	n/a	n/a	n/a	n/a	right
4	69.873	0.368	correct	0.368	grate	n/a	n/a	n/a	n/a	n/a	n/a	6	2	n/a	n/a	n/a	n/a	n/a	left
4	70.757	0.565	correct	0.565	grate	n/a	n/a	n/a	n/a	n/a	n/a	6	2	n/a	n/a	n/a	n/a	n/a	left
4	71.840	0.338	correct	0.338	grate	n/a	n/a	n/a	n/a	n/a	n/a	6	2	n/a	n/a	n/a	n/a	n/a	right
4	72.690	0.100	incorrect	0.100	grate	n/a	n/a	n/a	n/a	n/a	n/a	6	2	n/a	n/a	n/a	n/a	n/a	right
4	74.022	3.000	remember	0.351	retrieval	retprac	face	scene	object	target	face	7	2	106	34	82	210	74.0	n/a
4	79.058	0.496	correct	0.496	grate	n/a	n/a	n/a	n/a	n/a	n/a	7	2	n/a	n/a	n/a	n/a	n/a	left
4	80.073	0.401	correct	0.401	grate	n/a	n/a	n/a	n/a	n/a	n/a	7	2	n/a	n/a	n/a	n/a	n/a	left
4	80.989	0.381	correct	0.381	grate	n/a	n/a	n/a	n/a	n/a	n/a	7	2	n/a	n/a	n/a	n/a	n/a	left
4	81.889	0.328	correct	0.328	grate	n/a	n/a	n/a	n/a	n/a	n/a	7	2	n/a	n/a	n/a	n/a	n/a	left
4	82.739	0.342	correct	0.342	grate	n/a	n/a	n/a	n/a	n/a	n/a	7	2	n/a	n/a	n/a	n/a	n/a	left
4	83.589	0.292	correct	0.292	grate	n/a	n/a	n/a	n/a	n/a	n/a	7	2	n/a	n/a	n/a	n/a	n/a	left
4	84.389	0.134	incorrect	0.134	grate	n/a	n/a	n/a	n/a	n/a	n/a	7	2	n/a	n/a	n/a	n/a	n/a	left
4	86.021	3.000	remember	0.296	retrieval	retprac	object	scene	face	target	object	8	2	130	82	182	234	86.0	n/a
4	91.056	0.305	correct	0.305	grate	n/a	n/a	n/a	n/a	n/a	n/a	8	2	n/a	n/a	n/a	n/a	n/a	right
4	91.871	0.314	incorrect	0.314	grate	n/a	n/a	n/a	n/a	n/a	n/a	8	2	n/a	n/a	n/a	n/a	n/a	left
4	92.705	0.352	correct	0.352	grate	n/a	n/a	n/a	n/a	n/a	n/a	8	2	n/a	n/a	n/a	n/a	n/a	left
4	93.571	0.414	correct	0.414	grate	n/a	n/a	n/a	n/a	n/a	n/a	8	2	n/a	n/a	n/a	n/a	n/a	left
4	94.505	0.337	correct	0.337	grate	n/a	n/a	n/a	n/a	n/a	n/a	8	2	n/a	n/a	n/a	n/a	n/a	left
4	95.354	0.406	correct	0.406	grate	n/a	n/a	n/a	n/a	n/a	n/a	8	2	n/a	n/a	n/a	n/a	n/a	right
4	96.271	0.250	incorrect	0.250	grate	n/a	n/a	n/a	n/a	n/a	n/a	8	2	n/a	n/a	n/a	n/a	n/a	left
4	98.020	3.000	remember	0.280	retrieval	retprac	face	object	scene	target	face	9	2	58	10	58	110	98.0	n/a
4	103.055	0.401	correct	0.401	grate	n/a	n/a	n/a	n/a	n/a	n/a	9	2	n/a	n/a	n/a	n/a	n/a	left
4	103.970	0.398	incorrect	0.398	grate	n/a	n/a	n/a	n/a	n/a	n/a	9	2	n/a	n/a	n/a	n/a	n/a	left
4	104.887	0.354	correct	0.354	grate	n/a	n/a	n/a	n/a	n/a	n/a	9	2	n/a	n/a	n/a	n/a	n/a	left
4	105.754	0.303	correct	0.303	grate	n/a	n/a	n/a	n/a	n/a	n/a	9	2	n/a	n/a	n/a	n/a	n/a	left
4	106.570	0.287	incorrect	0.287	grate	n/a	n/a	n/a	n/a	n/a	n/a	9	2	n/a	n/a	n/a	n/a	n/a	right
4	107.370	0.375	correct	0.375	grate	n/a	n/a	n/a	n/a	n/a	n/a	9	2	n/a	n/a	n/a	n/a	n/a	right
4	108.253	0.267	incorrect	0.267	grate	n/a	n/a	n/a	n/a	n/a	n/a	9	2	n/a	n/a	n/a	n/a	n/a	right
4	110.019	3.000	forget	0.529	retrieval	restudy	face	object	scene	other	scene	10	2	63	15	63	115	110.0	n/a
4	115.055	0.874	correct	0.874	grate	n/a	n/a	n/a	n/a	n/a	n/a	10	2	n/a	n/a	n/a	n/a	n/a	right
4	116.436	0.308	correct	0.308	grate	n/a	n/a	n/a	n/a	n/a	n/a	10	2	n/a	n/a	n/a	n/a	n/a	right
4	117.253	0.388	correct	0.388	grate	n/a	n/a	n/a	n/a	n/a	n/a	10	2	n/a	n/a	n/a	n/a	n/a	right
4	118.152	0.400	correct	0.400	grate	n/a	n/a	n/a	n/a	n/a	n/a	10	2	n/a	n/a	n/a	n/a	n/a	left
4	119.069	0.363	correct	0.363	grate	n/a	n/a	n/a	n/a	n/a	n/a	10	2	n/a	n/a	n/a	n/a	n/a	left
4	119.952	0.352	correct	0.352	grate	n/a	n/a	n/a	n/a	n/a	n/a	10	2	n/a	n/a	n/a	n/a	n/a	left
4	120.819	0.100	incorrect	0.100	grate	n/a	n/a	n/a	n/a	n/a	n/a	10	2	n/a	n/a	n/a	n/a	n/a	right
4	122.018	3.000	forget	0.378	retrieval	restudy	scene	face	object	competitor	face	11	2	39	111	263	39	122.0	n/a
4	127.053	0.587	incorrect	0.587	grate	n/a	n/a	n/a	n/a	n/a	n/a	11	2	n/a	n/a	n/a	n/a	n/a	right
4	128.151	0.313	correct	0.313	grate	n/a	n/a	n/a	n/a	n/a	n/a	11	2	n/a	n/a	n/a	n/a	n/a	right
4	128.985	0.319	correct	0.319	grate	n/a	n/a	n/a	n/a	n/a	n/a	11	2	n/a	n/a	n/a	n/a	n/a	right
4	129.818	0.414	correct	0.414	grate	n/a	n/a	n/a	n/a	n/a	n/a	11	2	n/a	n/a	n/a	n/a	n/a	left
4	130.751	0.425	correct	0.425	grate	n/a	n/a	n/a	n/a	n/a	n/a	11	2	n/a	n/a	n/a	n/a	n/a	left
4	131.684	0.452	correct	0.452	grate	n/a	n/a	n/a	n/a	n/a	n/a	11	2	n/a	n/a	n/a	n/a	n/a	right
4	132.651	0.100	incorrect	0.100	grate	n/a	n/a	n/a	n/a	n/a	n/a	11	2	n/a	n/a	n/a	n/a	n/a	left
4	134.017	3.000	forget	0.314	retrieval	retprac	scene	face	object	other	object	12	2	36	108	260	36	134.0	n/a
4	139.052	0.419	correct	0.419	grate	n/a	n/a	n/a	n/a	n/a	n/a	12	2	n/a	n/a	n/a	n/a	n/a	right
4	139.984	0.360	correct	0.360	grate	n/a	n/a	n/a	n/a	n/a	n/a	12	2	n/a	n/a	n/a	n/a	n/a	right
4	140.867	0.356	correct	0.356	grate	n/a	n/a	n/a	n/a	n/a	n/a	12	2	n/a	n/a	n/a	n/a	n/a	right
4	141.733	0.354	correct	0.354	grate	n/a	n/a	n/a	n/a	n/a	n/a	12	2	n/a	n/a	n/a	n/a	n/a	right
4	142.600	0.415	correct	0.415	grate	n/a	n/a	n/a	n/a	n/a	n/a	12	2	n/a	n/a	n/a	n/a	n/a	left
4	143.533	0.378	correct	0.378	grate	n/a	n/a	n/a	n/a	n/a	n/a	12	2	n/a	n/a	n/a	n/a	n/a	right
4	144.433	0.083	incorrect	0.083	grate	n/a	n/a	n/a	n/a	n/a	n/a	12	2	n/a	n/a	n/a	n/a	n/a	right
4	146.016	3.000	forget	0.308	retrieval	restudy	object	scene	face	other	face	13	2	135	87	187	239	146.0	n/a
4	151.051	0.404	correct	0.404	grate	n/a	n/a	n/a	n/a	n/a	n/a	13	2	n/a	n/a	n/a	n/a	n/a	left
4	151.966	0.345	correct	0.345	grate	n/a	n/a	n/a	n/a	n/a	n/a	13	2	n/a	n/a	n/a	n/a	n/a	left
4	152.832	0.352	correct	0.352	grate	n/a	n/a	n/a	n/a	n/a	n/a	13	2	n/a	n/a	n/a	n/a	n/a	left
4	153.699	0.461	correct	0.461	grate	n/a	n/a	n/a	n/a	n/a	n/a	13	2	n/a	n/a	n/a	n/a	n/a	right
4	154.682	0.517	correct	0.517	grate	n/a	n/a	n/a	n/a	n/a	n/a	13	2	n/a	n/a	n/a	n/a	n/a	left
4	155.716	0.469	correct	0.469	grate	n/a	n/a	n/a	n/a	n/a	n/a	13	2	n/a	n/a	n/a	n/a	n/a	right
4	156.699	0.100	incorrect	0.100	grate	n/a	n/a	n/a	n/a	n/a	n/a	13	2	n/a	n/a	n/a	n/a	n/a	right
4	158.015	3.000	forget	0.333	retrieval	restudy	object	face	scene	other	scene	14	2	15	63	163	15	158.0	n/a
4	163.050	1.101	correct	1.101	grate	n/a	n/a	n/a	n/a	n/a	n/a	14	2	n/a	n/a	n/a	n/a	n/a	left
4	164.665	0.334	correct	0.334	grate	n/a	n/a	n/a	n/a	n/a	n/a	14	2	n/a	n/a	n/a	n/a	n/a	left
4	165.515	0.364	correct	0.364	grate	n/a	n/a	n/a	n/a	n/a	n/a	14	2	n/a	n/a	n/a	n/a	n/a	left
4	166.398	0.417	correct	0.417	grate	n/a	n/a	n/a	n/a	n/a	n/a	14	2	n/a	n/a	n/a	n/a	n/a	right
4	167.331	0.611	correct	0.611	grate	n/a	n/a	n/a	n/a	n/a	n/a	14	2	n/a	n/a	n/a	n/a	n/a	right
4	168.464	0.050	incorrect	0.050	grate	n/a	n/a	n/a	n/a	n/a	n/a	14	2	n/a	n/a	n/a	n/a	n/a	right
4	170.013	3.000	remember	0.269	retrieval	retprac	object	scene	face	target	object	15	2	132	84	184	236	170.0	n/a
4	175.048	0.358	correct	0.358	grate	n/a	n/a	n/a	n/a	n/a	n/a	15	2	n/a	n/a	n/a	n/a	n/a	right
4	175.914	0.373	correct	0.373	grate	n/a	n/a	n/a	n/a	n/a	n/a	15	2	n/a	n/a	n/a	n/a	n/a	right
4	176.797	0.298	correct	0.298	grate	n/a	n/a	n/a	n/a	n/a	n/a	15	2	n/a	n/a	n/a	n/a	n/a	right
4	177.614	0.345	correct	0.345	grate	n/a	n/a	n/a	n/a	n/a	n/a	15	2	n/a	n/a	n/a	n/a	n/a	right
4	178.480	0.382	correct	0.382	grate	n/a	n/a	n/a	n/a	n/a	n/a	15	2	n/a	n/a	n/a	n/a	n/a	right
4	179.380	0.346	incorrect	0.346	grate	n/a	n/a	n/a	n/a	n/a	n/a	15	2	n/a	n/a	n/a	n/a	n/a	left
4	180.247	0.267	incorrect	0.267	grate	n/a	n/a	n/a	n/a	n/a	n/a	15	2	n/a	n/a	n/a	n/a	n/a	right
4	182.012	3.000	forget	0.326	retrieval	restudy	scene	object	face	competitor	object	16	2	83	131	283	135	182.0	n/a
4	187.047	0.399	correct	0.399	grate	n/a	n/a	n/a	n/a	n/a	n/a	16	2	n/a	n/a	n/a	n/a	n/a	right
4	187.963	0.331	correct	0.331	grate	n/a	n/a	n/a	n/a	n/a	n/a	16	2	n/a	n/a	n/a	n/a	n/a	right
4	188.813	0.313	correct	0.313	grate	n/a	n/a	n/a	n/a	n/a	n/a	16	2	n/a	n/a	n/a	n/a	n/a	right
4	189.646	0.320	correct	0.320	grate	n/a	n/a	n/a	n/a	n/a	n/a	16	2	n/a	n/a	n/a	n/a	n/a	right
4	190.479	0.311	correct	0.311	grate	n/a	n/a	n/a	n/a	n/a	n/a	16	2	n/a	n/a	n/a	n/a	n/a	right
4	191.313	0.359	correct	0.359	grate	n/a	n/a	n/a	n/a	n/a	n/a	16	2	n/a	n/a	n/a	n/a	n/a	right
4	192.179	0.333	incorrect	0.333	grate	n/a	n/a	n/a	n/a	n/a	n/a	16	2	n/a	n/a	n/a	n/a	n/a	left
4	194.011	3.000	forget	0.310	retrieval	retprac	face	scene	object	competitor	scene	17	2	112	40	88	216	194.0	n/a
4	199.046	0.616	correct	0.616	grate	n/a	n/a	n/a	n/a	n/a	n/a	17	2	n/a	n/a	n/a	n/a	n/a	left
4	200.178	0.347	correct	0.347	grate	n/a	n/a	n/a	n/a	n/a	n/a	17	2	n/a	n/a	n/a	n/a	n/a	right
4	201.045	0.338	correct	0.338	grate	n/a	n/a	n/a	n/a	n/a	n/a	17	2	n/a	n/a	n/a	n/a	n/a	right
4	201.895	0.431	correct	0.431	grate	n/a	n/a	n/a	n/a	n/a	n/a	17	2	n/a	n/a	n/a	n/a	n/a	left
4	202.845	0.329	incorrect	0.329	grate	n/a	n/a	n/a	n/a	n/a	n/a	17	2	n/a	n/a	n/a	n/a	n/a	left
4	203.695	0.407	correct	0.407	grate	n/a	n/a	n/a	n/a	n/a	n/a	17	2	n/a	n/a	n/a	n/a	n/a	right
4	204.611	0.100	incorrect	0.100	grate	n/a	n/a	n/a	n/a	n/a	n/a	17	2	n/a	n/a	n/a	n/a	n/a	right
4	206.010	3.000	forget	0.343	retrieval	restudy	object	scene	face	other	face	18	2	131	83	183	235	206.0	n/a
4	211.045	0.441	correct	0.441	grate	n/a	n/a	n/a	n/a	n/a	n/a	18	2	n/a	n/a	n/a	n/a	n/a	left
4	211.994	0.436	correct	0.436	grate	n/a	n/a	n/a	n/a	n/a	n/a	18	2	n/a	n/a	n/a	n/a	n/a	left
4	212.944	0.406	correct	0.406	grate	n/a	n/a	n/a	n/a	n/a	n/a	18	2	n/a	n/a	n/a	n/a	n/a	left
4	213.861	0.361	correct	0.361	grate	n/a	n/a	n/a	n/a	n/a	n/a	18	2	n/a	n/a	n/a	n/a	n/a	left
4	214.744	0.423	correct	0.423	grate	n/a	n/a	n/a	n/a	n/a	n/a	18	2	n/a	n/a	n/a	n/a	n/a	right
4	215.677	0.416	correct	0.416	grate	n/a	n/a	n/a	n/a	n/a	n/a	18	2	n/a	n/a	n/a	n/a	n/a	right
4	216.610	0.100	incorrect	0.100	grate	n/a	n/a	n/a	n/a	n/a	n/a	18	2	n/a	n/a	n/a	n/a	n/a	left
4	218.009	3.000	remember	0.296	retrieval	retprac	object	face	scene	target	object	19	2	14	62	162	14	218.0	n/a
4	223.044	0.515	correct	0.515	grate	n/a	n/a	n/a	n/a	n/a	n/a	19	2	n/a	n/a	n/a	n/a	n/a	right
4	224.076	0.305	correct	0.305	grate	n/a	n/a	n/a	n/a	n/a	n/a	19	2	n/a	n/a	n/a	n/a	n/a	right
4	224.893	0.336	correct	0.336	grate	n/a	n/a	n/a	n/a	n/a	n/a	19	2	n/a	n/a	n/a	n/a	n/a	right
4	225.743	0.342	correct	0.342	grate	n/a	n/a	n/a	n/a	n/a	n/a	19	2	n/a	n/a	n/a	n/a	n/a	right
4	226.609	0.300	correct	0.300	grate	n/a	n/a	n/a	n/a	n/a	n/a	19	2	n/a	n/a	n/a	n/a	n/a	right
4	227.426	0.380	correct	0.380	grate	n/a	n/a	n/a	n/a	n/a	n/a	19	2	n/a	n/a	n/a	n/a	n/a	left
4	228.326	0.183	incorrect	0.183	grate	n/a	n/a	n/a	n/a	n/a	n/a	19	2	n/a	n/a	n/a	n/a	n/a	right
4	230.008	3.000	forget	0.272	retrieval	restudy	face	object	scene	other	scene	20	2	59	11	59	111	230.0	n/a
4	235.043	0.362	correct	0.362	grate	n/a	n/a	n/a	n/a	n/a	n/a	20	2	n/a	n/a	n/a	n/a	n/a	right
4	235.925	0.361	correct	0.361	grate	n/a	n/a	n/a	n/a	n/a	n/a	20	2	n/a	n/a	n/a	n/a	n/a	right
4	236.808	0.397	correct	0.397	grate	n/a	n/a	n/a	n/a	n/a	n/a	20	2	n/a	n/a	n/a	n/a	n/a	right
4	237.725	0.328	correct	0.328	grate	n/a	n/a	n/a	n/a	n/a	n/a	20	2	n/a	n/a	n/a	n/a	n/a	right
4	238.575	0.326	correct	0.326	grate	n/a	n/a	n/a	n/a	n/a	n/a	20	2	n/a	n/a	n/a	n/a	n/a	right
4	239.425	0.404	correct	0.404	grate	n/a	n/a	n/a	n/a	n/a	n/a	20	2	n/a	n/a	n/a	n/a	n/a	left
4	240.341	0.167	incorrect	0.167	grate	n/a	n/a	n/a	n/a	n/a	n/a	20	2	n/a	n/a	n/a	n/a	n/a	left
4	242.007	3.000	forget	0.337	retrieval	restudy	scene	object	face	competitor	object	21	2	81	129	281	133	242.0	n/a
4	247.041	0.387	correct	0.387	grate	n/a	n/a	n/a	n/a	n/a	n/a	21	2	n/a	n/a	n/a	n/a	n/a	right
4	247.941	0.431	correct	0.431	grate	n/a	n/a	n/a	n/a	n/a	n/a	21	2	n/a	n/a	n/a	n/a	n/a	right
4	248.891	0.722	correct	0.722	grate	n/a	n/a	n/a	n/a	n/a	n/a	21	2	n/a	n/a	n/a	n/a	n/a	left
4	250.124	0.504	correct	0.504	grate	n/a	n/a	n/a	n/a	n/a	n/a	21	2	n/a	n/a	n/a	n/a	n/a	right
4	251.140	0.400	correct	0.400	grate	n/a	n/a	n/a	n/a	n/a	n/a	21	2	n/a	n/a	n/a	n/a	n/a	right
4	252.057	0.450	incorrect	0.450	grate	n/a	n/a	n/a	n/a	n/a	n/a	21	2	n/a	n/a	n/a	n/a	n/a	left
4	254.006	3.000	forget	0.354	retrieval	restudy	object	scene	face	competitor	scene	22	2	133	85	185	237	254.0	n/a
4	259.040	0.452	correct	0.452	grate	n/a	n/a	n/a	n/a	n/a	n/a	22	2	n/a	n/a	n/a	n/a	n/a	left
4	260.006	0.390	incorrect	0.390	grate	n/a	n/a	n/a	n/a	n/a	n/a	22	2	n/a	n/a	n/a	n/a	n/a	right
4	260.906	0.402	incorrect	0.402	grate	n/a	n/a	n/a	n/a	n/a	n/a	22	2	n/a	n/a	n/a	n/a	n/a	right
4	261.823	0.413	correct	0.413	grate	n/a	n/a	n/a	n/a	n/a	n/a	22	2	n/a	n/a	n/a	n/a	n/a	left
4	262.756	0.392	correct	0.392	grate	n/a	n/a	n/a	n/a	n/a	n/a	22	2	n/a	n/a	n/a	n/a	n/a	left
4	263.656	0.484	correct	0.484	grate	n/a	n/a	n/a	n/a	n/a	n/a	22	2	n/a	n/a	n/a	n/a	n/a	right
4	264.656	0.100	incorrect	0.100	grate	n/a	n/a	n/a	n/a	n/a	n/a	22	2	n/a	n/a	n/a	n/a	n/a	left
4	266.021	3.000	forget	0.306	retrieval	retprac	scene	face	object	competitor	face	23	2	34	106	258	34	266.0	n/a
4	271.056	0.323	correct	0.323	grate	n/a	n/a	n/a	n/a	n/a	n/a	23	2	n/a	n/a	n/a	n/a	n/a	right
4	271.888	0.355	correct	0.355	grate	n/a	n/a	n/a	n/a	n/a	n/a	23	2	n/a	n/a	n/a	n/a	n/a	right
4	272.755	0.369	correct	0.369	grate	n/a	n/a	n/a	n/a	n/a	n/a	23	2	n/a	n/a	n/a	n/a	n/a	right
4	273.639	0.333	incorrect	0.333	grate	n/a	n/a	n/a	n/a	n/a	n/a	23	2	n/a	n/a	n/a	n/a	n/a	left
4	274.488	0.339	correct	0.339	grate	n/a	n/a	n/a	n/a	n/a	n/a	23	2	n/a	n/a	n/a	n/a	n/a	right
4	275.338	0.481	correct	0.481	grate	n/a	n/a	n/a	n/a	n/a	n/a	23	2	n/a	n/a	n/a	n/a	n/a	right
4	276.338	0.183	incorrect	0.183	grate	n/a	n/a	n/a	n/a	n/a	n/a	23	2	n/a	n/a	n/a	n/a	n/a	left
4	278.021	3.000	forget	0.411	retrieval	retprac	object	face	scene	other	scene	24	2	10	58	158	10	278.0	n/a
4	283.055	0.517	correct	0.517	grate	n/a	n/a	n/a	n/a	n/a	n/a	24	2	n/a	n/a	n/a	n/a	n/a	right
4	284.087	0.380	correct	0.380	grate	n/a	n/a	n/a	n/a	n/a	n/a	24	2	n/a	n/a	n/a	n/a	n/a	right
4	284.988	0.472	correct	0.472	grate	n/a	n/a	n/a	n/a	n/a	n/a	24	2	n/a	n/a	n/a	n/a	n/a	left
4	285.971	0.424	correct	0.424	grate	n/a	n/a	n/a	n/a	n/a	n/a	24	2	n/a	n/a	n/a	n/a	n/a	left
4	286.904	0.395	correct	0.395	grate	n/a	n/a	n/a	n/a	n/a	n/a	24	2	n/a	n/a	n/a	n/a	n/a	right
4	287.820	0.391	correct	0.391	grate	n/a	n/a	n/a	n/a	n/a	n/a	24	2	n/a	n/a	n/a	n/a	n/a	right
4	288.720	0.100	incorrect	0.100	grate	n/a	n/a	n/a	n/a	n/a	n/a	24	2	n/a	n/a	n/a	n/a	n/a	right
4	290.019	3.000	forget	0.315	retrieval	restudy	face	scene	object	competitor	scene	25	2	107	35	83	211	290.0	n/a
4	295.054	0.525	correct	0.525	grate	n/a	n/a	n/a	n/a	n/a	n/a	25	2	n/a	n/a	n/a	n/a	n/a	left
4	296.086	0.396	correct	0.396	grate	n/a	n/a	n/a	n/a	n/a	n/a	25	2	n/a	n/a	n/a	n/a	n/a	right
4	297.003	0.400	correct	0.400	grate	n/a	n/a	n/a	n/a	n/a	n/a	25	2	n/a	n/a	n/a	n/a	n/a	right
4	297.920	0.347	correct	0.347	grate	n/a	n/a	n/a	n/a	n/a	n/a	25	2	n/a	n/a	n/a	n/a	n/a	left
4	298.786	0.345	correct	0.345	grate	n/a	n/a	n/a	n/a	n/a	n/a	25	2	n/a	n/a	n/a	n/a	n/a	right
4	299.653	0.454	incorrect	0.454	grate	n/a	n/a	n/a	n/a	n/a	n/a	25	2	n/a	n/a	n/a	n/a	n/a	left
4	300.619	0.100	incorrect	0.100	grate	n/a	n/a	n/a	n/a	n/a	n/a	25	2	n/a	n/a	n/a	n/a	n/a	left
4	302.018	3.000	forget	0.292	retrieval	restudy	scene	face	object	competitor	face	26	2	33	105	257	33	302.0	n/a
4	307.053	0.414	correct	0.414	grate	n/a	n/a	n/a	n/a	n/a	n/a	26	2	n/a	n/a	n/a	n/a	n/a	right
4	307.985	0.377	correct	0.377	grate	n/a	n/a	n/a	n/a	n/a	n/a	26	2	n/a	n/a	n/a	n/a	n/a	left
4	308.885	0.317	correct	0.317	grate	n/a	n/a	n/a	n/a	n/a	n/a	26	2	n/a	n/a	n/a	n/a	n/a	right
4	309.718	0.444	correct	0.444	grate	n/a	n/a	n/a	n/a	n/a	n/a	26	2	n/a	n/a	n/a	n/a	n/a	left
4	310.685	0.414	incorrect	0.414	grate	n/a	n/a	n/a	n/a	n/a	n/a	26	2	n/a	n/a	n/a	n/a	n/a	right
4	311.618	0.497	correct	0.497	grate	n/a	n/a	n/a	n/a	n/a	n/a	26	2	n/a	n/a	n/a	n/a	n/a	left
4	312.635	0.100	incorrect	0.100	grate	n/a	n/a	n/a	n/a	n/a	n/a	26	2	n/a	n/a	n/a	n/a	n/a	right
4	314.017	3.000	don't know	0.117	retrieval	retprac	object	scene	face	don't know	don't know	27	2	134	86	186	238	314.0	n/a
4	319.052	0.566	correct	0.566	grate	n/a	n/a	n/a	n/a	n/a	n/a	27	2	n/a	n/a	n/a	n/a	n/a	left
4	320.134	0.340	correct	0.340	grate	n/a	n/a	n/a	n/a	n/a	n/a	27	2	n/a	n/a	n/a	n/a	n/a	left
4	320.984	0.306	correct	0.306	grate	n/a	n/a	n/a	n/a	n/a	n/a	27	2	n/a	n/a	n/a	n/a	n/a	left
4	321.801	0.377	correct	0.377	grate	n/a	n/a	n/a	n/a	n/a	n/a	27	2	n/a	n/a	n/a	n/a	n/a	left
4	322.701	0.373	correct	0.373	grate	n/a	n/a	n/a	n/a	n/a	n/a	27	2	n/a	n/a	n/a	n/a	n/a	left
4	323.584	0.017	correct	0.017	grate	n/a	n/a	n/a	n/a	n/a	n/a	27	2	n/a	n/a	n/a	n/a	n/a	left
4	324.118	0.399	incorrect	0.399	grate	n/a	n/a	n/a	n/a	n/a	n/a	27	2	n/a	n/a	n/a	n/a	n/a	left
4	326.016	3.000	forget	0.277	retrieval	retprac	scene	face	object	competitor	face	28	2	40	112	264	40	326.0	n/a
4	331.051	0.439	correct	0.439	grate	n/a	n/a	n/a	n/a	n/a	n/a	28	2	n/a	n/a	n/a	n/a	n/a	left
4	332.000	0.514	correct	0.514	grate	n/a	n/a	n/a	n/a	n/a	n/a	28	2	n/a	n/a	n/a	n/a	n/a	right
4	333.033	1.001	correct	1.001	grate	n/a	n/a	n/a	n/a	n/a	n/a	28	2	n/a	n/a	n/a	n/a	n/a	right
4	334.550	0.324	correct	0.324	grate	n/a	n/a	n/a	n/a	n/a	n/a	28	2	n/a	n/a	n/a	n/a	n/a	right
4	335.383	0.371	correct	0.371	grate	n/a	n/a	n/a	n/a	n/a	n/a	28	2	n/a	n/a	n/a	n/a	n/a	right
4	336.266	0.250	incorrect	0.250	grate	n/a	n/a	n/a	n/a	n/a	n/a	28	2	n/a	n/a	n/a	n/a	n/a	right
4	338.015	3.000	forget	0.326	retrieval	retprac	face	object	scene	other	scene	29	2	64	16	64	116	338.0	n/a
4	343.049	0.497	correct	0.497	grate	n/a	n/a	n/a	n/a	n/a	n/a	29	2	n/a	n/a	n/a	n/a	n/a	right
4	344.066	0.376	correct	0.376	grate	n/a	n/a	n/a	n/a	n/a	n/a	29	2	n/a	n/a	n/a	n/a	n/a	left
4	344.949	0.509	incorrect	0.509	grate	n/a	n/a	n/a	n/a	n/a	n/a	29	2	n/a	n/a	n/a	n/a	n/a	left
4	345.965	0.404	correct	0.404	grate	n/a	n/a	n/a	n/a	n/a	n/a	29	2	n/a	n/a	n/a	n/a	n/a	right
4	346.882	0.471	correct	0.471	grate	n/a	n/a	n/a	n/a	n/a	n/a	29	2	n/a	n/a	n/a	n/a	n/a	left
4	347.865	0.600	correct	0.600	grate	n/a	n/a	n/a	n/a	n/a	n/a	29	2	n/a	n/a	n/a	n/a	n/a	right
4	348.982	0.100	incorrect	0.100	grate	n/a	n/a	n/a	n/a	n/a	n/a	29	2	n/a	n/a	n/a	n/a	n/a	right
4	350.014	3.000	remember	0.247	retrieval	restudy	scene	face	object	target	scene	30	2	35	107	259	35	350.0	n/a
4	355.049	0.465	correct	0.465	grate	n/a	n/a	n/a	n/a	n/a	n/a	30	2	n/a	n/a	n/a	n/a	n/a	left
4	356.031	0.418	correct	0.418	grate	n/a	n/a	n/a	n/a	n/a	n/a	30	2	n/a	n/a	n/a	n/a	n/a	right
4	356.964	0.590	correct	0.590	grate	n/a	n/a	n/a	n/a	n/a	n/a	30	2	n/a	n/a	n/a	n/a	n/a	left
4	358.064	0.466	correct	0.466	grate	n/a	n/a	n/a	n/a	n/a	n/a	30	2	n/a	n/a	n/a	n/a	n/a	left
4	359.048	0.362	correct	0.362	grate	n/a	n/a	n/a	n/a	n/a	n/a	30	2	n/a	n/a	n/a	n/a	n/a	left
4	359.931	0.471	incorrect	0.471	grate	n/a	n/a	n/a	n/a	n/a	n/a	30	2	n/a	n/a	n/a	n/a	n/a	right
4	360.914	0.100	incorrect	0.100	grate	n/a	n/a	n/a	n/a	n/a	n/a	30	2	n/a	n/a	n/a	n/a	n/a	right
4	362.013	3.000	forget	0.080	retrieval	retprac	object	face	scene	competitor	face	31	2	12	60	160	12	362.0	n/a
4	367.047	0.521	correct	0.521	grate	n/a	n/a	n/a	n/a	n/a	n/a	31	2	n/a	n/a	n/a	n/a	n/a	left
4	368.080	1.641	incorrect	1.641	grate	n/a	n/a	n/a	n/a	n/a	n/a	31	2	n/a	n/a	n/a	n/a	n/a	right
4	370.230	0.515	correct	0.515	grate	n/a	n/a	n/a	n/a	n/a	n/a	31	2	n/a	n/a	n/a	n/a	n/a	left
4	371.263	0.506	correct	0.506	grate	n/a	n/a	n/a	n/a	n/a	n/a	31	2	n/a	n/a	n/a	n/a	n/a	right
4	372.280	0.233	incorrect	0.233	grate	n/a	n/a	n/a	n/a	n/a	n/a	31	2	n/a	n/a	n/a	n/a	n/a	right
4	374.012	3.000	forget	0.248	retrieval	restudy	scene	object	face	competitor	object	32	2	85	133	285	137	374.0	n/a
4	379.046	0.595	correct	0.595	grate	n/a	n/a	n/a	n/a	n/a	n/a	32	2	n/a	n/a	n/a	n/a	n/a	right
4	380.162	0.350	correct	0.350	grate	n/a	n/a	n/a	n/a	n/a	n/a	32	2	n/a	n/a	n/a	n/a	n/a	left
4	381.029	0.387	correct	0.387	grate	n/a	n/a	n/a	n/a	n/a	n/a	32	2	n/a	n/a	n/a	n/a	n/a	right
4	381.929	0.400	correct	0.400	grate	n/a	n/a	n/a	n/a	n/a	n/a	32	2	n/a	n/a	n/a	n/a	n/a	right
4	382.845	0.499	correct	0.499	grate	n/a	n/a	n/a	n/a	n/a	n/a	32	2	n/a	n/a	n/a	n/a	n/a	right
4	383.862	0.394	correct	0.394	grate	n/a	n/a	n/a	n/a	n/a	n/a	32	2	n/a	n/a	n/a	n/a	n/a	right
4	384.778	0.100	incorrect	0.100	grate	n/a	n/a	n/a	n/a	n/a	n/a	32	2	n/a	n/a	n/a	n/a	n/a	left
4	386.011	3.000	remember	0.305	retrieval	restudy	face	object	scene	target	face	33	2	57	9	57	109	386.0	n/a
4	391.045	0.371	correct	0.371	grate	n/a	n/a	n/a	n/a	n/a	n/a	33	2	n/a	n/a	n/a	n/a	n/a	left
4	391.928	0.337	correct	0.337	grate	n/a	n/a	n/a	n/a	n/a	n/a	33	2	n/a	n/a	n/a	n/a	n/a	left
4	392.778	0.326	correct	0.326	grate	n/a	n/a	n/a	n/a	n/a	n/a	33	2	n/a	n/a	n/a	n/a	n/a	left
4	393.611	0.381	correct	0.381	grate	n/a	n/a	n/a	n/a	n/a	n/a	33	2	n/a	n/a	n/a	n/a	n/a	right
4	394.511	0.409	correct	0.409	grate	n/a	n/a	n/a	n/a	n/a	n/a	33	2	n/a	n/a	n/a	n/a	n/a	right
4	395.428	0.396	correct	0.396	grate	n/a	n/a	n/a	n/a	n/a	n/a	33	2	n/a	n/a	n/a	n/a	n/a	left
4	396.344	0.166	incorrect	0.166	grate	n/a	n/a	n/a	n/a	n/a	n/a	33	2	n/a	n/a	n/a	n/a	n/a	left
4	398.010	3.000	forget	0.354	retrieval	retprac	face	scene	object	other	object	34	2	110	38	86	214	398.0	n/a
4	403.044	0.404	correct	0.404	grate	n/a	n/a	n/a	n/a	n/a	n/a	34	2	n/a	n/a	n/a	n/a	n/a	right
4	403.960	0.409	incorrect	0.409	grate	n/a	n/a	n/a	n/a	n/a	n/a	34	2	n/a	n/a	n/a	n/a	n/a	right
4	404.877	0.435	correct	0.435	grate	n/a	n/a	n/a	n/a	n/a	n/a	34	2	n/a	n/a	n/a	n/a	n/a	right
4	405.827	0.016	incorrect	0.016	grate	n/a	n/a	n/a	n/a	n/a	n/a	34	2	n/a	n/a	n/a	n/a	n/a	left
4	406.378	0.015	incorrect	0.015	grate	n/a	n/a	n/a	n/a	n/a	n/a	34	2	n/a	n/a	n/a	n/a	n/a	right
4	406.911	0.385	incorrect	0.385	grate	n/a	n/a	n/a	n/a	n/a	n/a	34	2	n/a	n/a	n/a	n/a	n/a	left
4	407.810	0.016	correct	0.016	grate	n/a	n/a	n/a	n/a	n/a	n/a	34	2	n/a	n/a	n/a	n/a	n/a	left
4	408.361	0.149	incorrect	0.149	grate	n/a	n/a	n/a	n/a	n/a	n/a	34	2	n/a	n/a	n/a	n/a	n/a	left
4	410.009	3.000	remember	0.323	retrieval	restudy	object	face	scene	target	object	35	2	11	59	159	11	410.0	n/a
4	415.043	0.469	correct	0.469	grate	n/a	n/a	n/a	n/a	n/a	n/a	35	2	n/a	n/a	n/a	n/a	n/a	left
4	416.026	0.302	incorrect	0.302	grate	n/a	n/a	n/a	n/a	n/a	n/a	35	2	n/a	n/a	n/a	n/a	n/a	right
4	416.842	0.365	correct	0.365	grate	n/a	n/a	n/a	n/a	n/a	n/a	35	2	n/a	n/a	n/a	n/a	n/a	left
4	417.726	0.426	correct	0.426	grate	n/a	n/a	n/a	n/a	n/a	n/a	35	2	n/a	n/a	n/a	n/a	n/a	left
4	418.659	0.389	correct	0.389	grate	n/a	n/a	n/a	n/a	n/a	n/a	35	2	n/a	n/a	n/a	n/a	n/a	left
4	419.559	0.345	correct	0.345	grate	n/a	n/a	n/a	n/a	n/a	n/a	35	2	n/a	n/a	n/a	n/a	n/a	left
4	420.425	0.016	incorrect	0.016	grate	n/a	n/a	n/a	n/a	n/a	n/a	35	2	n/a	n/a	n/a	n/a	n/a	right
4	420.977	0.100	incorrect	0.100	grate	n/a	n/a	n/a	n/a	n/a	n/a	35	2	n/a	n/a	n/a	n/a	n/a	right
4	422.008	3.000	remember	0.275	retrieval	retprac	scene	object	face	target	scene	36	2	88	136	288	140	422.0	n/a
4	427.042	0.429	correct	0.429	grate	n/a	n/a	n/a	n/a	n/a	n/a	36	2	n/a	n/a	n/a	n/a	n/a	left
4	427.991	0.393	correct	0.393	grate	n/a	n/a	n/a	n/a	n/a	n/a	36	2	n/a	n/a	n/a	n/a	n/a	left
4	428.891	0.340	correct	0.340	grate	n/a	n/a	n/a	n/a	n/a	n/a	36	2	n/a	n/a	n/a	n/a	n/a	left
4	429.741	0.674	correct	0.674	grate	n/a	n/a	n/a	n/a	n/a	n/a	36	2	n/a	n/a	n/a	n/a	n/a	right
4	430.924	0.419	incorrect	0.419	grate	n/a	n/a	n/a	n/a	n/a	n/a	36	2	n/a	n/a	n/a	n/a	n/a	right
4	431.858	0.493	correct	0.493	grate	n/a	n/a	n/a	n/a	n/a	n/a	36	2	n/a	n/a	n/a	n/a	n/a	left
4	432.874	0.100	incorrect	0.100	grate	n/a	n/a	n/a	n/a	n/a	n/a	36	2	n/a	n/a	n/a	n/a	n/a	right
4	434.007	3.000	forget	0.268	retrieval	restudy	object	face	scene	competitor	face	37	2	13	61	161	13	434.0	n/a
4	439.041	0.518	correct	0.518	grate	n/a	n/a	n/a	n/a	n/a	n/a	37	2	n/a	n/a	n/a	n/a	n/a	right
4	440.073	0.341	correct	0.341	grate	n/a	n/a	n/a	n/a	n/a	n/a	37	2	n/a	n/a	n/a	n/a	n/a	right
4	440.923	0.387	correct	0.387	grate	n/a	n/a	n/a	n/a	n/a	n/a	37	2	n/a	n/a	n/a	n/a	n/a	right
4	441.823	0.423	incorrect	0.423	grate	n/a	n/a	n/a	n/a	n/a	n/a	37	2	n/a	n/a	n/a	n/a	n/a	left
4	442.757	0.570	correct	0.570	grate	n/a	n/a	n/a	n/a	n/a	n/a	37	2	n/a	n/a	n/a	n/a	n/a	left
4	443.840	0.383	correct	0.383	grate	n/a	n/a	n/a	n/a	n/a	n/a	37	2	n/a	n/a	n/a	n/a	n/a	left
4	444.740	0.100	incorrect	0.100	grate	n/a	n/a	n/a	n/a	n/a	n/a	37	2	n/a	n/a	n/a	n/a	n/a	left
4	446.022	3.000	forget	0.412	retrieval	restudy	object	scene	face	competitor	scene	38	2	129	81	181	233	446.0	n/a
4	451.057	0.559	correct	0.559	grate	n/a	n/a	n/a	n/a	n/a	n/a	38	2	n/a	n/a	n/a	n/a	n/a	left
4	452.123	0.564	correct	0.564	grate	n/a	n/a	n/a	n/a	n/a	n/a	38	2	n/a	n/a	n/a	n/a	n/a	left
4	453.206	0.329	correct	0.329	grate	n/a	n/a	n/a	n/a	n/a	n/a	38	2	n/a	n/a	n/a	n/a	n/a	left
4	454.056	0.351	correct	0.351	grate	n/a	n/a	n/a	n/a	n/a	n/a	38	2	n/a	n/a	n/a	n/a	n/a	left
4	454.922	0.444	correct	0.444	grate	n/a	n/a	n/a	n/a	n/a	n/a	38	2	n/a	n/a	n/a	n/a	n/a	left
4	455.889	0.317	correct	0.317	grate	n/a	n/a	n/a	n/a	n/a	n/a	38	2	n/a	n/a	n/a	n/a	n/a	left
4	456.722	0.100	incorrect	0.100	grate	n/a	n/a	n/a	n/a	n/a	n/a	38	2	n/a	n/a	n/a	n/a	n/a	left
4	458.021	3.000	forget	0.357	retrieval	retprac	face	object	scene	competitor	object	39	2	60	12	60	112	458.0	n/a
4	463.056	0.383	correct	0.383	grate	n/a	n/a	n/a	n/a	n/a	n/a	39	2	n/a	n/a	n/a	n/a	n/a	left
4	463.955	0.427	correct	0.427	grate	n/a	n/a	n/a	n/a	n/a	n/a	39	2	n/a	n/a	n/a	n/a	n/a	right
4	464.905	0.325	correct	0.325	grate	n/a	n/a	n/a	n/a	n/a	n/a	39	2	n/a	n/a	n/a	n/a	n/a	right
4	465.738	0.445	incorrect	0.445	grate	n/a	n/a	n/a	n/a	n/a	n/a	39	2	n/a	n/a	n/a	n/a	n/a	left
4	466.705	0.502	correct	0.502	grate	n/a	n/a	n/a	n/a	n/a	n/a	39	2	n/a	n/a	n/a	n/a	n/a	left
4	467.721	0.445	incorrect	0.445	grate	n/a	n/a	n/a	n/a	n/a	n/a	39	2	n/a	n/a	n/a	n/a	n/a	right
4	468.688	0.100	incorrect	0.100	grate	n/a	n/a	n/a	n/a	n/a	n/a	39	2	n/a	n/a	n/a	n/a	n/a	left
4	470.020	3.000	remember	0.286	retrieval	retprac	scene	face	object	target	scene	40	2	38	110	262	38	470.0	n/a
4	475.054	0.521	correct	0.521	grate	n/a	n/a	n/a	n/a	n/a	n/a	40	2	n/a	n/a	n/a	n/a	n/a	right
4	476.087	0.424	correct	0.424	grate	n/a	n/a	n/a	n/a	n/a	n/a	40	2	n/a	n/a	n/a	n/a	n/a	left
4	477.020	0.521	correct	0.521	grate	n/a	n/a	n/a	n/a	n/a	n/a	40	2	n/a	n/a	n/a	n/a	n/a	left
4	478.054	0.760	correct	0.760	grate	n/a	n/a	n/a	n/a	n/a	n/a	40	2	n/a	n/a	n/a	n/a	n/a	left
4	479.337	0.350	correct	0.350	grate	n/a	n/a	n/a	n/a	n/a	n/a	40	2	n/a	n/a	n/a	n/a	n/a	left
4	480.203	0.316	incorrect	0.316	grate	n/a	n/a	n/a	n/a	n/a	n/a	40	2	n/a	n/a	n/a	n/a	n/a	right
4	482.019	3.000	remember	0.279	retrieval	retprac	scene	object	face	target	scene	41	2	86	134	286	138	482.0	n/a
4	487.053	0.496	correct	0.496	grate	n/a	n/a	n/a	n/a	n/a	n/a	41	2	n/a	n/a	n/a	n/a	n/a	right
4	488.069	0.392	correct	0.392	grate	n/a	n/a	n/a	n/a	n/a	n/a	41	2	n/a	n/a	n/a	n/a	n/a	right
4	488.969	0.389	correct	0.389	grate	n/a	n/a	n/a	n/a	n/a	n/a	41	2	n/a	n/a	n/a	n/a	n/a	right
4	489.869	0.352	correct	0.352	grate	n/a	n/a	n/a	n/a	n/a	n/a	41	2	n/a	n/a	n/a	n/a	n/a	right
4	490.736	0.399	correct	0.399	grate	n/a	n/a	n/a	n/a	n/a	n/a	41	2	n/a	n/a	n/a	n/a	n/a	right
4	491.652	0.337	incorrect	0.337	grate	n/a	n/a	n/a	n/a	n/a	n/a	41	2	n/a	n/a	n/a	n/a	n/a	left
4	492.502	0.017	incorrect	0.017	grate	n/a	n/a	n/a	n/a	n/a	n/a	41	2	n/a	n/a	n/a	n/a	n/a	right
4	494.018	3.000	remember	0.287	retrieval	retprac	object	scene	face	target	object	42	2	136	88	188	240	494.0	n/a
4	499.052	0.657	correct	0.657	grate	n/a	n/a	n/a	n/a	n/a	n/a	42	2	n/a	n/a	n/a	n/a	n/a	right
4	500.218	0.347	correct	0.347	grate	n/a	n/a	n/a	n/a	n/a	n/a	42	2	n/a	n/a	n/a	n/a	n/a	right
4	501.085	0.456	correct	0.456	grate	n/a	n/a	n/a	n/a	n/a	n/a	42	2	n/a	n/a	n/a	n/a	n/a	left
4	502.051	0.346	correct	0.346	grate	n/a	n/a	n/a	n/a	n/a	n/a	42	2	n/a	n/a	n/a	n/a	n/a	left
4	502.918	0.375	correct	0.375	grate	n/a	n/a	n/a	n/a	n/a	n/a	42	2	n/a	n/a	n/a	n/a	n/a	right
4	503.801	0.412	correct	0.412	grate	n/a	n/a	n/a	n/a	n/a	n/a	42	2	n/a	n/a	n/a	n/a	n/a	left
4	504.735	0.100	incorrect	0.100	grate	n/a	n/a	n/a	n/a	n/a	n/a	42	2	n/a	n/a	n/a	n/a	n/a	right
4	506.017	3.000	don't know	0.480	retrieval	retprac	scene	object	face	don't know	don't know	43	2	82	130	282	134	506.0	n/a
4	511.051	0.833	correct	0.833	grate	n/a	n/a	n/a	n/a	n/a	n/a	43	2	n/a	n/a	n/a	n/a	n/a	right
4	512.401	0.372	correct	0.372	grate	n/a	n/a	n/a	n/a	n/a	n/a	43	2	n/a	n/a	n/a	n/a	n/a	right
4	513.284	0.385	correct	0.385	grate	n/a	n/a	n/a	n/a	n/a	n/a	43	2	n/a	n/a	n/a	n/a	n/a	right
4	514.184	0.302	correct	0.302	grate	n/a	n/a	n/a	n/a	n/a	n/a	43	2	n/a	n/a	n/a	n/a	n/a	right
4	515.000	0.357	incorrect	0.357	grate	n/a	n/a	n/a	n/a	n/a	n/a	43	2	n/a	n/a	n/a	n/a	n/a	left
4	515.867	0.378	correct	0.378	grate	n/a	n/a	n/a	n/a	n/a	n/a	43	2	n/a	n/a	n/a	n/a	n/a	left
4	516.767	0.100	incorrect	0.100	grate	n/a	n/a	n/a	n/a	n/a	n/a	43	2	n/a	n/a	n/a	n/a	n/a	left
4	518.016	3.000	remember	0.328	retrieval	restudy	face	scene	object	target	face	44	2	111	39	87	215	518.0	n/a
4	523.050	0.372	correct	0.372	grate	n/a	n/a	n/a	n/a	n/a	n/a	44	2	n/a	n/a	n/a	n/a	n/a	left
4	523.933	0.663	correct	0.663	grate	n/a	n/a	n/a	n/a	n/a	n/a	44	2	n/a	n/a	n/a	n/a	n/a	left
4	525.116	0.472	correct	0.472	grate	n/a	n/a	n/a	n/a	n/a	n/a	44	2	n/a	n/a	n/a	n/a	n/a	left
4	526.099	0.433	correct	0.433	grate	n/a	n/a	n/a	n/a	n/a	n/a	44	2	n/a	n/a	n/a	n/a	n/a	left
4	527.049	0.571	correct	0.571	grate	n/a	n/a	n/a	n/a	n/a	n/a	44	2	n/a	n/a	n/a	n/a	n/a	right
4	528.132	0.383	incorrect	0.383	grate	n/a	n/a	n/a	n/a	n/a	n/a	44	2	n/a	n/a	n/a	n/a	n/a	left
4	530.015	3.000	remember	0.521	retrieval	restudy	face	scene	object	target	face	45	2	105	33	81	209	530.0	n/a
4	535.049	0.467	correct	0.467	grate	n/a	n/a	n/a	n/a	n/a	n/a	45	2	n/a	n/a	n/a	n/a	n/a	left
4	536.032	0.485	correct	0.485	grate	n/a	n/a	n/a	n/a	n/a	n/a	45	2	n/a	n/a	n/a	n/a	n/a	right
4	537.032	0.436	correct	0.436	grate	n/a	n/a	n/a	n/a	n/a	n/a	45	2	n/a	n/a	n/a	n/a	n/a	right
4	537.982	0.894	correct	0.894	grate	n/a	n/a	n/a	n/a	n/a	n/a	45	2	n/a	n/a	n/a	n/a	n/a	left
4	539.398	0.382	correct	0.382	grate	n/a	n/a	n/a	n/a	n/a	n/a	45	2	n/a	n/a	n/a	n/a	n/a	left
4	540.298	0.217	incorrect	0.217	grate	n/a	n/a	n/a	n/a	n/a	n/a	45	2	n/a	n/a	n/a	n/a	n/a	right
4	542.013	3.000	forget	0.250	retrieval	restudy	face	object	scene	other	scene	46	2	61	13	61	113	542.0	n/a
4	547.048	0.524	correct	0.524	grate	n/a	n/a	n/a	n/a	n/a	n/a	46	2	n/a	n/a	n/a	n/a	n/a	right
4	548.081	0.387	correct	0.387	grate	n/a	n/a	n/a	n/a	n/a	n/a	46	2	n/a	n/a	n/a	n/a	n/a	right
4	548.981	0.519	correct	0.519	grate	n/a	n/a	n/a	n/a	n/a	n/a	46	2	n/a	n/a	n/a	n/a	n/a	left
4	550.014	0.454	correct	0.454	grate	n/a	n/a	n/a	n/a	n/a	n/a	46	2	n/a	n/a	n/a	n/a	n/a	left
4	550.980	1.447	correct	1.447	grate	n/a	n/a	n/a	n/a	n/a	n/a	46	2	n/a	n/a	n/a	n/a	n/a	left
4	552.947	0.100	incorrect	0.100	grate	n/a	n/a	n/a	n/a	n/a	n/a	46	2	n/a	n/a	n/a	n/a	n/a	right
4	554.013	3.000	remember	0.267	retrieval	retprac	face	object	scene	target	face	47	2	62	14	62	114	554.0	n/a
4	559.047	0.572	correct	0.572	grate	n/a	n/a	n/a	n/a	n/a	n/a	47	2	n/a	n/a	n/a	n/a	n/a	right
4	560.130	0.410	correct	0.410	grate	n/a	n/a	n/a	n/a	n/a	n/a	47	2	n/a	n/a	n/a	n/a	n/a	left
4	561.046	0.461	correct	0.461	grate	n/a	n/a	n/a	n/a	n/a	n/a	47	2	n/a	n/a	n/a	n/a	n/a	left
4	562.029	0.462	correct	0.462	grate	n/a	n/a	n/a	n/a	n/a	n/a	47	2	n/a	n/a	n/a	n/a	n/a	right
4	563.013	0.431	correct	0.431	grate	n/a	n/a	n/a	n/a	n/a	n/a	47	2	n/a	n/a	n/a	n/a	n/a	left
4	563.962	0.550	incorrect	0.550	grate	n/a	n/a	n/a	n/a	n/a	n/a	47	2	n/a	n/a	n/a	n/a	n/a	right
4	566.011	3.000	remember	0.387	retrieval	restudy	face	scene	object	target	face	48	2	109	37	85	213	566.0	n/a
4	571.046	0.541	correct	0.541	grate	n/a	n/a	n/a	n/a	n/a	n/a	48	2	n/a	n/a	n/a	n/a	n/a	left
4	572.095	0.364	correct	0.364	grate	n/a	n/a	n/a	n/a	n/a	n/a	48	2	n/a	n/a	n/a	n/a	n/a	left
4	572.978	0.369	correct	0.369	grate	n/a	n/a	n/a	n/a	n/a	n/a	48	2	n/a	n/a	n/a	n/a	n/a	left
4	573.862	0.317	incorrect	0.317	grate	n/a	n/a	n/a	n/a	n/a	n/a	48	2	n/a	n/a	n/a	n/a	n/a	right
4	574.695	0.348	correct	0.348	grate	n/a	n/a	n/a	n/a	n/a	n/a	48	2	n/a	n/a	n/a	n/a	n/a	right
4	575.561	0.417	correct	0.417	grate	n/a	n/a	n/a	n/a	n/a	n/a	48	2	n/a	n/a	n/a	n/a	n/a	left
4	576.495	0.017	incorrect	0.017	grate	n/a	n/a	n/a	n/a	n/a	n/a	48	2	n/a	n/a	n/a	n/a	n/a	left
4	2.021	3.000	remember	0.330	retrieval	restudy	scene	face	object	target	scene	1	3	47	119	271	47	2.0	n/a
4	7.055	0.540	correct	0.540	grate	n/a	n/a	n/a	n/a	n/a	n/a	1	3	n/a	n/a	n/a	n/a	n/a	left
4	8.104	0.395	correct	0.395	grate	n/a	n/a	n/a	n/a	n/a	n/a	1	3	n/a	n/a	n/a	n/a	n/a	right
4	9.021	0.335	correct	0.335	grate	n/a	n/a	n/a	n/a	n/a	n/a	1	3	n/a	n/a	n/a	n/a	n/a	left
4	9.871	0.334	correct	0.334	grate	n/a	n/a	n/a	n/a	n/a	n/a	1	3	n/a	n/a	n/a	n/a	n/a	left
4	10.721	0.387	correct	0.387	grate	n/a	n/a	n/a	n/a	n/a	n/a	1	3	n/a	n/a	n/a	n/a	n/a	right
4	11.621	0.335	correct	0.335	grate	n/a	n/a	n/a	n/a	n/a	n/a	1	3	n/a	n/a	n/a	n/a	n/a	right
4	12.470	0.050	incorrect	0.050	grate	n/a	n/a	n/a	n/a	n/a	n/a	1	3	n/a	n/a	n/a	n/a	n/a	right
4	14.020	3.000	remember	0.499	retrieval	retprac	scene	face	object	target	scene	2	3	42	114	266	42	14.0	n/a
4	19.054	0.525	correct	0.525	grate	n/a	n/a	n/a	n/a	n/a	n/a	2	3	n/a	n/a	n/a	n/a	n/a	left
4	20.103	0.332	correct	0.332	grate	n/a	n/a	n/a	n/a	n/a	n/a	2	3	n/a	n/a	n/a	n/a	n/a	left
4	20.953	0.514	correct	0.514	grate	n/a	n/a	n/a	n/a	n/a	n/a	2	3	n/a	n/a	n/a	n/a	n/a	right
4	21.986	0.408	correct	0.408	grate	n/a	n/a	n/a	n/a	n/a	n/a	2	3	n/a	n/a	n/a	n/a	n/a	right
4	22.903	0.388	correct	0.388	grate	n/a	n/a	n/a	n/a	n/a	n/a	2	3	n/a	n/a	n/a	n/a	n/a	right
4	23.803	0.392	correct	0.392	grate	n/a	n/a	n/a	n/a	n/a	n/a	2	3	n/a	n/a	n/a	n/a	n/a	right
4	24.703	0.100	incorrect	0.100	grate	n/a	n/a	n/a	n/a	n/a	n/a	2	3	n/a	n/a	n/a	n/a	n/a	left
4	26.018	3.000	remember	0.324	retrieval	retprac	scene	object	face	target	scene	3	3	96	144	296	148	26.0	n/a
4	31.053	0.366	correct	0.366	grate	n/a	n/a	n/a	n/a	n/a	n/a	3	3	n/a	n/a	n/a	n/a	n/a	left
4	31.936	0.371	correct	0.371	grate	n/a	n/a	n/a	n/a	n/a	n/a	3	3	n/a	n/a	n/a	n/a	n/a	left
4	32.819	0.344	correct	0.344	grate	n/a	n/a	n/a	n/a	n/a	n/a	3	3	n/a	n/a	n/a	n/a	n/a	left
4	33.685	0.309	correct	0.309	grate	n/a	n/a	n/a	n/a	n/a	n/a	3	3	n/a	n/a	n/a	n/a	n/a	left
4	34.502	0.381	correct	0.381	grate	n/a	n/a	n/a	n/a	n/a	n/a	3	3	n/a	n/a	n/a	n/a	n/a	left
4	35.402	0.473	correct	0.473	grate	n/a	n/a	n/a	n/a	n/a	n/a	3	3	n/a	n/a	n/a	n/a	n/a	right
4	36.385	0.133	incorrect	0.133	grate	n/a	n/a	n/a	n/a	n/a	n/a	3	3	n/a	n/a	n/a	n/a	n/a	left
4	38.017	3.000	forget	0.461	retrieval	retprac	object	scene	face	other	face	4	3	144	96	196	248	38.0	n/a
4	43.052	0.406	correct	0.406	grate	n/a	n/a	n/a	n/a	n/a	n/a	4	3	n/a	n/a	n/a	n/a	n/a	right
4	43.968	0.403	correct	0.403	grate	n/a	n/a	n/a	n/a	n/a	n/a	4	3	n/a	n/a	n/a	n/a	n/a	left
4	44.884	0.542	correct	0.542	grate	n/a	n/a	n/a	n/a	n/a	n/a	4	3	n/a	n/a	n/a	n/a	n/a	left
4	45.934	0.444	correct	0.444	grate	n/a	n/a	n/a	n/a	n/a	n/a	4	3	n/a	n/a	n/a	n/a	n/a	right
4	46.901	0.413	correct	0.413	grate	n/a	n/a	n/a	n/a	n/a	n/a	4	3	n/a	n/a	n/a	n/a	n/a	left
4	47.834	0.520	correct	0.520	grate	n/a	n/a	n/a	n/a	n/a	n/a	4	3	n/a	n/a	n/a	n/a	n/a	right
4	48.867	0.100	incorrect	0.100	grate	n/a	n/a	n/a	n/a	n/a	n/a	4	3	n/a	n/a	n/a	n/a	n/a	left
4	50.016	3.000	forget	0.318	retrieval	retprac	object	scene	face	competitor	scene	5	3	140	92	192	244	50.0	n/a
4	55.050	0.431	correct	0.431	grate	n/a	n/a	n/a	n/a	n/a	n/a	5	3	n/a	n/a	n/a	n/a	n/a	left
4	56.000	0.306	correct	0.306	grate	n/a	n/a	n/a	n/a	n/a	n/a	5	3	n/a	n/a	n/a	n/a	n/a	left
4	56.817	0.353	incorrect	0.353	grate	n/a	n/a	n/a	n/a	n/a	n/a	5	3	n/a	n/a	n/a	n/a	n/a	right
4	57.683	0.391	correct	0.391	grate	n/a	n/a	n/a	n/a	n/a	n/a	5	3	n/a	n/a	n/a	n/a	n/a	right
4	58.583	0.291	correct	0.291	grate	n/a	n/a	n/a	n/a	n/a	n/a	5	3	n/a	n/a	n/a	n/a	n/a	left
4	59.383	0.387	correct	0.387	grate	n/a	n/a	n/a	n/a	n/a	n/a	5	3	n/a	n/a	n/a	n/a	n/a	right
4	60.283	0.233	incorrect	0.233	grate	n/a	n/a	n/a	n/a	n/a	n/a	5	3	n/a	n/a	n/a	n/a	n/a	right
4	62.015	3.000	forget	0.518	retrieval	restudy	object	scene	face	other	face	6	3	139	91	191	243	62.0	n/a
4	67.050	0.384	correct	0.384	grate	n/a	n/a	n/a	n/a	n/a	n/a	6	3	n/a	n/a	n/a	n/a	n/a	left
4	67.949	0.421	correct	0.421	grate	n/a	n/a	n/a	n/a	n/a	n/a	6	3	n/a	n/a	n/a	n/a	n/a	right
4	68.882	0.327	correct	0.327	grate	n/a	n/a	n/a	n/a	n/a	n/a	6	3	n/a	n/a	n/a	n/a	n/a	right
4	69.732	0.311	correct	0.311	grate	n/a	n/a	n/a	n/a	n/a	n/a	6	3	n/a	n/a	n/a	n/a	n/a	right
4	70.565	0.396	correct	0.396	grate	n/a	n/a	n/a	n/a	n/a	n/a	6	3	n/a	n/a	n/a	n/a	n/a	left
4	71.482	0.368	correct	0.368	grate	n/a	n/a	n/a	n/a	n/a	n/a	6	3	n/a	n/a	n/a	n/a	n/a	left
4	72.365	0.150	incorrect	0.150	grate	n/a	n/a	n/a	n/a	n/a	n/a	6	3	n/a	n/a	n/a	n/a	n/a	right
4	74.014	3.000	remember	0.311	retrieval	retprac	object	scene	face	target	object	7	3	138	90	190	242	74.0	n/a
4	79.048	0.353	correct	0.353	grate	n/a	n/a	n/a	n/a	n/a	n/a	7	3	n/a	n/a	n/a	n/a	n/a	left
4	79.915	0.335	correct	0.335	grate	n/a	n/a	n/a	n/a	n/a	n/a	7	3	n/a	n/a	n/a	n/a	n/a	left
4	80.765	0.349	correct	0.349	grate	n/a	n/a	n/a	n/a	n/a	n/a	7	3	n/a	n/a	n/a	n/a	n/a	left
4	81.631	0.314	correct	0.314	grate	n/a	n/a	n/a	n/a	n/a	n/a	7	3	n/a	n/a	n/a	n/a	n/a	left
4	82.464	0.314	correct	0.314	grate	n/a	n/a	n/a	n/a	n/a	n/a	7	3	n/a	n/a	n/a	n/a	n/a	left
4	83.298	0.351	correct	0.351	grate	n/a	n/a	n/a	n/a	n/a	n/a	7	3	n/a	n/a	n/a	n/a	n/a	left
4	84.164	0.341	correct	0.341	grate	n/a	n/a	n/a	n/a	n/a	n/a	7	3	n/a	n/a	n/a	n/a	n/a	left
4	85.014	0.100	incorrect	0.100	grate	n/a	n/a	n/a	n/a	n/a	n/a	7	3	n/a	n/a	n/a	n/a	n/a	left
4	86.013	3.000	forget	0.296	retrieval	retprac	face	scene	object	competitor	scene	8	3	116	44	92	220	86.0	n/a
4	91.047	0.434	correct	0.434	grate	n/a	n/a	n/a	n/a	n/a	n/a	8	3	n/a	n/a	n/a	n/a	n/a	left
4	91.997	0.373	correct	0.373	grate	n/a	n/a	n/a	n/a	n/a	n/a	8	3	n/a	n/a	n/a	n/a	n/a	right
4	92.880	0.394	correct	0.394	grate	n/a	n/a	n/a	n/a	n/a	n/a	8	3	n/a	n/a	n/a	n/a	n/a	left
4	93.797	0.324	correct	0.324	grate	n/a	n/a	n/a	n/a	n/a	n/a	8	3	n/a	n/a	n/a	n/a	n/a	right
4	94.630	0.395	correct	0.395	grate	n/a	n/a	n/a	n/a	n/a	n/a	8	3	n/a	n/a	n/a	n/a	n/a	right
4	95.547	0.462	correct	0.462	grate	n/a	n/a	n/a	n/a	n/a	n/a	8	3	n/a	n/a	n/a	n/a	n/a	left
4	96.530	0.100	incorrect	0.100	grate	n/a	n/a	n/a	n/a	n/a	n/a	8	3	n/a	n/a	n/a	n/a	n/a	right
4	98.012	3.000	forget	0.360	retrieval	retprac	scene	object	face	other	face	9	3	90	138	290	142	98.0	n/a
4	103.046	0.442	incorrect	0.442	grate	n/a	n/a	n/a	n/a	n/a	n/a	9	3	n/a	n/a	n/a	n/a	n/a	right
4	104.012	0.372	correct	0.372	grate	n/a	n/a	n/a	n/a	n/a	n/a	9	3	n/a	n/a	n/a	n/a	n/a	right
4	104.896	0.385	correct	0.385	grate	n/a	n/a	n/a	n/a	n/a	n/a	9	3	n/a	n/a	n/a	n/a	n/a	right
4	105.796	0.405	correct	0.405	grate	n/a	n/a	n/a	n/a	n/a	n/a	9	3	n/a	n/a	n/a	n/a	n/a	right
4	106.712	0.425	correct	0.425	grate	n/a	n/a	n/a	n/a	n/a	n/a	9	3	n/a	n/a	n/a	n/a	n/a	left
4	107.645	0.339	correct	0.339	grate	n/a	n/a	n/a	n/a	n/a	n/a	9	3	n/a	n/a	n/a	n/a	n/a	left
4	108.495	0.017	incorrect	0.017	grate	n/a	n/a	n/a	n/a	n/a	n/a	9	3	n/a	n/a	n/a	n/a	n/a	right
4	110.011	3.000	forget	0.321	retrieval	restudy	face	object	scene	competitor	object	10	3	65	17	65	117	110.0	n/a
4	115.046	0.627	correct	0.627	grate	n/a	n/a	n/a	n/a	n/a	n/a	10	3	n/a	n/a	n/a	n/a	n/a	right
4	116.195	0.309	correct	0.309	grate	n/a	n/a	n/a	n/a	n/a	n/a	10	3	n/a	n/a	n/a	n/a	n/a	left
4	117.028	0.372	correct	0.372	grate	n/a	n/a	n/a	n/a	n/a	n/a	10	3	n/a	n/a	n/a	n/a	n/a	left
4	117.911	0.433	correct	0.433	grate	n/a	n/a	n/a	n/a	n/a	n/a	10	3	n/a	n/a	n/a	n/a	n/a	left
4	118.861	0.467	correct	0.467	grate	n/a	n/a	n/a	n/a	n/a	n/a	10	3	n/a	n/a	n/a	n/a	n/a	right
4	119.844	0.364	correct	0.364	grate	n/a	n/a	n/a	n/a	n/a	n/a	10	3	n/a	n/a	n/a	n/a	n/a	left
4	120.727	0.100	incorrect	0.100	grate	n/a	n/a	n/a	n/a	n/a	n/a	10	3	n/a	n/a	n/a	n/a	n/a	left
4	122.010	3.000	forget	0.274	retrieval	restudy	scene	face	object	competitor	face	11	3	45	117	269	45	122.0	n/a
4	127.044	0.533	correct	0.533	grate	n/a	n/a	n/a	n/a	n/a	n/a	11	3	n/a	n/a	n/a	n/a	n/a	right
4	128.094	0.346	correct	0.346	grate	n/a	n/a	n/a	n/a	n/a	n/a	11	3	n/a	n/a	n/a	n/a	n/a	right
4	128.960	0.408	correct	0.408	grate	n/a	n/a	n/a	n/a	n/a	n/a	11	3	n/a	n/a	n/a	n/a	n/a	left
4	129.877	0.419	correct	0.419	grate	n/a	n/a	n/a	n/a	n/a	n/a	11	3	n/a	n/a	n/a	n/a	n/a	left
4	130.810	0.398	correct	0.398	grate	n/a	n/a	n/a	n/a	n/a	n/a	11	3	n/a	n/a	n/a	n/a	n/a	right
4	131.727	0.594	correct	0.594	grate	n/a	n/a	n/a	n/a	n/a	n/a	11	3	n/a	n/a	n/a	n/a	n/a	left
4	132.843	0.100	incorrect	0.100	grate	n/a	n/a	n/a	n/a	n/a	n/a	11	3	n/a	n/a	n/a	n/a	n/a	right
4	134.009	3.000	forget	0.298	retrieval	restudy	scene	object	face	competitor	object	12	3	95	143	295	147	134.0	n/a
4	139.043	0.365	correct	0.365	grate	n/a	n/a	n/a	n/a	n/a	n/a	12	3	n/a	n/a	n/a	n/a	n/a	right
4	139.926	0.362	correct	0.362	grate	n/a	n/a	n/a	n/a	n/a	n/a	12	3	n/a	n/a	n/a	n/a	n/a	left
4	140.809	0.375	correct	0.375	grate	n/a	n/a	n/a	n/a	n/a	n/a	12	3	n/a	n/a	n/a	n/a	n/a	right
4	141.692	0.379	correct	0.379	grate	n/a	n/a	n/a	n/a	n/a	n/a	12	3	n/a	n/a	n/a	n/a	n/a	right
4	142.592	0.367	correct	0.367	grate	n/a	n/a	n/a	n/a	n/a	n/a	12	3	n/a	n/a	n/a	n/a	n/a	left
4	143.476	0.437	correct	0.437	grate	n/a	n/a	n/a	n/a	n/a	n/a	12	3	n/a	n/a	n/a	n/a	n/a	left
4	144.425	0.083	incorrect	0.083	grate	n/a	n/a	n/a	n/a	n/a	n/a	12	3	n/a	n/a	n/a	n/a	n/a	right
4	146.008	3.000	forget	0.284	retrieval	restudy	face	object	scene	other	scene	13	3	69	21	69	121	146.0	n/a
4	151.042	0.493	correct	0.493	grate	n/a	n/a	n/a	n/a	n/a	n/a	13	3	n/a	n/a	n/a	n/a	n/a	right
4	152.058	0.397	correct	0.397	grate	n/a	n/a	n/a	n/a	n/a	n/a	13	3	n/a	n/a	n/a	n/a	n/a	left
4	152.975	0.520	incorrect	0.520	grate	n/a	n/a	n/a	n/a	n/a	n/a	13	3	n/a	n/a	n/a	n/a	n/a	right
4	154.008	0.495	correct	0.495	grate	n/a	n/a	n/a	n/a	n/a	n/a	13	3	n/a	n/a	n/a	n/a	n/a	right
4	155.024	0.408	correct	0.408	grate	n/a	n/a	n/a	n/a	n/a	n/a	13	3	n/a	n/a	n/a	n/a	n/a	right
4	155.941	0.514	correct	0.514	grate	n/a	n/a	n/a	n/a	n/a	n/a	13	3	n/a	n/a	n/a	n/a	n/a	right
4	156.974	0.100	incorrect	0.100	grate	n/a	n/a	n/a	n/a	n/a	n/a	13	3	n/a	n/a	n/a	n/a	n/a	right
4	158.007	3.000	remember	0.300	retrieval	restudy	object	face	scene	target	object	14	3	21	69	169	21	158.0	n/a
4	163.041	0.631	correct	0.631	grate	n/a	n/a	n/a	n/a	n/a	n/a	14	3	n/a	n/a	n/a	n/a	n/a	left
4	164.190	0.393	correct	0.393	grate	n/a	n/a	n/a	n/a	n/a	n/a	14	3	n/a	n/a	n/a	n/a	n/a	left
4	165.090	0.469	correct	0.469	grate	n/a	n/a	n/a	n/a	n/a	n/a	14	3	n/a	n/a	n/a	n/a	n/a	left
4	166.074	0.397	correct	0.397	grate	n/a	n/a	n/a	n/a	n/a	n/a	14	3	n/a	n/a	n/a	n/a	n/a	left
4	166.990	0.481	correct	0.481	grate	n/a	n/a	n/a	n/a	n/a	n/a	14	3	n/a	n/a	n/a	n/a	n/a	left
4	167.990	0.489	correct	0.489	grate	n/a	n/a	n/a	n/a	n/a	n/a	14	3	n/a	n/a	n/a	n/a	n/a	right
4	168.990	0.100	incorrect	0.100	grate	n/a	n/a	n/a	n/a	n/a	n/a	14	3	n/a	n/a	n/a	n/a	n/a	left
4	170.022	3.000	no response	n/a	retrieval	restudy	face	scene	object	no response	no response	15	3	117	45	93	221	170.0	n/a
4	175.057	2.486	correct	2.486	grate	n/a	n/a	n/a	n/a	n/a	n/a	15	3	n/a	n/a	n/a	n/a	n/a	right
4	178.056	0.294	correct	0.294	grate	n/a	n/a	n/a	n/a	n/a	n/a	15	3	n/a	n/a	n/a	n/a	n/a	right
4	178.872	0.334	correct	0.334	grate	n/a	n/a	n/a	n/a	n/a	n/a	15	3	n/a	n/a	n/a	n/a	n/a	right
4	179.722	0.356	correct	0.356	grate	n/a	n/a	n/a	n/a	n/a	n/a	15	3	n/a	n/a	n/a	n/a	n/a	left
4	180.589	0.100	incorrect	0.100	grate	n/a	n/a	n/a	n/a	n/a	n/a	15	3	n/a	n/a	n/a	n/a	n/a	left
4	182.021	3.000	forget	0.373	retrieval	retprac	object	face	scene	other	scene	16	3	24	72	172	24	182.0	n/a
4	187.056	0.398	correct	0.398	grate	n/a	n/a	n/a	n/a	n/a	n/a	16	3	n/a	n/a	n/a	n/a	n/a	right
4	187.972	0.346	correct	0.346	grate	n/a	n/a	n/a	n/a	n/a	n/a	16	3	n/a	n/a	n/a	n/a	n/a	right
4	188.838	0.321	correct	0.321	grate	n/a	n/a	n/a	n/a	n/a	n/a	16	3	n/a	n/a	n/a	n/a	n/a	right
4	189.671	0.287	correct	0.287	grate	n/a	n/a	n/a	n/a	n/a	n/a	16	3	n/a	n/a	n/a	n/a	n/a	right
4	190.471	0.303	correct	0.303	grate	n/a	n/a	n/a	n/a	n/a	n/a	16	3	n/a	n/a	n/a	n/a	n/a	right
4	191.288	0.375	correct	0.375	grate	n/a	n/a	n/a	n/a	n/a	n/a	16	3	n/a	n/a	n/a	n/a	n/a	left
4	192.171	0.339	incorrect	0.339	grate	n/a	n/a	n/a	n/a	n/a	n/a	16	3	n/a	n/a	n/a	n/a	n/a	right
4	193.021	0.100	incorrect	0.100	grate	n/a	n/a	n/a	n/a	n/a	n/a	16	3	n/a	n/a	n/a	n/a	n/a	right
4	194.020	3.000	forget	0.318	retrieval	restudy	face	object	scene	competitor	object	17	3	67	19	67	119	194.0	n/a
4	199.055	0.351	correct	0.351	grate	n/a	n/a	n/a	n/a	n/a	n/a	17	3	n/a	n/a	n/a	n/a	n/a	right
4	199.920	0.349	incorrect	0.349	grate	n/a	n/a	n/a	n/a	n/a	n/a	17	3	n/a	n/a	n/a	n/a	n/a	left
4	200.787	0.363	correct	0.363	grate	n/a	n/a	n/a	n/a	n/a	n/a	17	3	n/a	n/a	n/a	n/a	n/a	left
4	201.670	0.311	incorrect	0.311	grate	n/a	n/a	n/a	n/a	n/a	n/a	17	3	n/a	n/a	n/a	n/a	n/a	right
4	202.504	0.375	correct	0.375	grate	n/a	n/a	n/a	n/a	n/a	n/a	17	3	n/a	n/a	n/a	n/a	n/a	right
4	203.387	0.419	correct	0.419	grate	n/a	n/a	n/a	n/a	n/a	n/a	17	3	n/a	n/a	n/a	n/a	n/a	left
4	204.320	0.200	incorrect	0.200	grate	n/a	n/a	n/a	n/a	n/a	n/a	17	3	n/a	n/a	n/a	n/a	n/a	left
4	206.019	3.000	forget	0.270	retrieval	retprac	object	face	scene	competitor	face	18	3	20	68	168	20	206.0	n/a
4	211.054	0.360	correct	0.360	grate	n/a	n/a	n/a	n/a	n/a	n/a	18	3	n/a	n/a	n/a	n/a	n/a	left
4	211.936	0.285	correct	0.285	grate	n/a	n/a	n/a	n/a	n/a	n/a	18	3	n/a	n/a	n/a	n/a	n/a	left
4	212.736	0.398	correct	0.398	grate	n/a	n/a	n/a	n/a	n/a	n/a	18	3	n/a	n/a	n/a	n/a	n/a	right
4	213.652	0.329	correct	0.329	grate	n/a	n/a	n/a	n/a	n/a	n/a	18	3	n/a	n/a	n/a	n/a	n/a	left
4	214.503	0.407	incorrect	0.407	grate	n/a	n/a	n/a	n/a	n/a	n/a	18	3	n/a	n/a	n/a	n/a	n/a	right
4	215.419	0.314	correct	0.314	grate	n/a	n/a	n/a	n/a	n/a	n/a	18	3	n/a	n/a	n/a	n/a	n/a	left
4	216.252	0.267	incorrect	0.267	grate	n/a	n/a	n/a	n/a	n/a	n/a	18	3	n/a	n/a	n/a	n/a	n/a	left
4	218.018	3.000	remember	0.511	retrieval	restudy	object	face	scene	target	object	19	3	23	71	171	23	218.0	n/a
4	223.052	0.345	correct	0.345	grate	n/a	n/a	n/a	n/a	n/a	n/a	19	3	n/a	n/a	n/a	n/a	n/a	right
4	223.918	0.295	correct	0.295	grate	n/a	n/a	n/a	n/a	n/a	n/a	19	3	n/a	n/a	n/a	n/a	n/a	left
4	224.735	0.350	incorrect	0.350	grate	n/a	n/a	n/a	n/a	n/a	n/a	19	3	n/a	n/a	n/a	n/a	n/a	right
4	225.601	0.363	correct	0.363	grate	n/a	n/a	n/a	n/a	n/a	n/a	19	3	n/a	n/a	n/a	n/a	n/a	left
4	226.485	0.328	correct	0.328	grate	n/a	n/a	n/a	n/a	n/a	n/a	19	3	n/a	n/a	n/a	n/a	n/a	right
4	227.335	0.366	correct	0.366	grate	n/a	n/a	n/a	n/a	n/a	n/a	19	3	n/a	n/a	n/a	n/a	n/a	left
4	228.218	0.300	incorrect	0.300	grate	n/a	n/a	n/a	n/a	n/a	n/a	19	3	n/a	n/a	n/a	n/a	n/a	left
4	230.017	3.000	forget	0.328	retrieval	restudy	scene	object	face	competitor	object	20	3	93	141	293	145	230.0	n/a
4	235.051	0.385	correct	0.385	grate	n/a	n/a	n/a	n/a	n/a	n/a	20	3	n/a	n/a	n/a	n/a	n/a	left
4	235.951	0.327	correct	0.327	grate	n/a	n/a	n/a	n/a	n/a	n/a	20	3	n/a	n/a	n/a	n/a	n/a	left
4	236.801	0.364	incorrect	0.364	grate	n/a	n/a	n/a	n/a	n/a	n/a	20	3	n/a	n/a	n/a	n/a	n/a	right
4	237.684	0.377	correct	0.377	grate	n/a	n/a	n/a	n/a	n/a	n/a	20	3	n/a	n/a	n/a	n/a	n/a	left
4	238.584	0.365	correct	0.365	grate	n/a	n/a	n/a	n/a	n/a	n/a	20	3	n/a	n/a	n/a	n/a	n/a	left
4	239.467	0.362	correct	0.362	grate	n/a	n/a	n/a	n/a	n/a	n/a	20	3	n/a	n/a	n/a	n/a	n/a	right
4	240.350	0.167	incorrect	0.167	grate	n/a	n/a	n/a	n/a	n/a	n/a	20	3	n/a	n/a	n/a	n/a	n/a	right
4	242.016	3.000	forget	0.368	retrieval	retprac	object	face	scene	competitor	face	21	3	22	70	170	22	242.0	n/a
4	247.050	0.498	correct	0.498	grate	n/a	n/a	n/a	n/a	n/a	n/a	21	3	n/a	n/a	n/a	n/a	n/a	left
4	248.066	0.362	correct	0.362	grate	n/a	n/a	n/a	n/a	n/a	n/a	21	3	n/a	n/a	n/a	n/a	n/a	left
4	248.949	0.487	correct	0.487	grate	n/a	n/a	n/a	n/a	n/a	n/a	21	3	n/a	n/a	n/a	n/a	n/a	right
4	249.949	0.367	correct	0.367	grate	n/a	n/a	n/a	n/a	n/a	n/a	21	3	n/a	n/a	n/a	n/a	n/a	left
4	250.833	0.316	correct	0.316	grate	n/a	n/a	n/a	n/a	n/a	n/a	21	3	n/a	n/a	n/a	n/a	n/a	right
4	251.666	0.410	correct	0.410	grate	n/a	n/a	n/a	n/a	n/a	n/a	21	3	n/a	n/a	n/a	n/a	n/a	right
4	252.599	0.100	incorrect	0.100	grate	n/a	n/a	n/a	n/a	n/a	n/a	21	3	n/a	n/a	n/a	n/a	n/a	left
4	254.015	3.000	forget	0.305	retrieval	restudy	face	scene	object	competitor	scene	22	3	113	41	89	217	254.0	n/a
4	259.049	0.380	correct	0.380	grate	n/a	n/a	n/a	n/a	n/a	n/a	22	3	n/a	n/a	n/a	n/a	n/a	right
4	259.948	0.432	correct	0.432	grate	n/a	n/a	n/a	n/a	n/a	n/a	22	3	n/a	n/a	n/a	n/a	n/a	right
4	260.898	0.434	correct	0.434	grate	n/a	n/a	n/a	n/a	n/a	n/a	22	3	n/a	n/a	n/a	n/a	n/a	right
4	261.848	0.339	incorrect	0.339	grate	n/a	n/a	n/a	n/a	n/a	n/a	22	3	n/a	n/a	n/a	n/a	n/a	left
4	262.698	0.338	correct	0.338	grate	n/a	n/a	n/a	n/a	n/a	n/a	22	3	n/a	n/a	n/a	n/a	n/a	right
4	263.548	0.416	correct	0.416	grate	n/a	n/a	n/a	n/a	n/a	n/a	22	3	n/a	n/a	n/a	n/a	n/a	right
4	264.481	0.033	incorrect	0.033	grate	n/a	n/a	n/a	n/a	n/a	n/a	22	3	n/a	n/a	n/a	n/a	n/a	right
4	266.014	3.000	remember	0.418	retrieval	retprac	face	object	scene	target	face	23	3	66	18	66	118	266.0	n/a
4	271.048	0.435	correct	0.435	grate	n/a	n/a	n/a	n/a	n/a	n/a	23	3	n/a	n/a	n/a	n/a	n/a	right
4	271.997	0.454	incorrect	0.454	grate	n/a	n/a	n/a	n/a	n/a	n/a	23	3	n/a	n/a	n/a	n/a	n/a	left
4	272.964	0.303	correct	0.303	grate	n/a	n/a	n/a	n/a	n/a	n/a	23	3	n/a	n/a	n/a	n/a	n/a	right
4	273.780	0.464	correct	0.464	grate	n/a	n/a	n/a	n/a	n/a	n/a	23	3	n/a	n/a	n/a	n/a	n/a	right
4	274.764	0.368	correct	0.368	grate	n/a	n/a	n/a	n/a	n/a	n/a	23	3	n/a	n/a	n/a	n/a	n/a	right
4	275.647	0.421	correct	0.421	grate	n/a	n/a	n/a	n/a	n/a	n/a	23	3	n/a	n/a	n/a	n/a	n/a	left
4	276.580	0.100	incorrect	0.100	grate	n/a	n/a	n/a	n/a	n/a	n/a	23	3	n/a	n/a	n/a	n/a	n/a	left
4	278.013	3.000	forget	0.459	retrieval	restudy	object	scene	face	competitor	scene	24	3	143	95	195	247	278.0	n/a
4	283.047	0.404	correct	0.404	grate	n/a	n/a	n/a	n/a	n/a	n/a	24	3	n/a	n/a	n/a	n/a	n/a	right
4	283.963	0.368	correct	0.368	grate	n/a	n/a	n/a	n/a	n/a	n/a	24	3	n/a	n/a	n/a	n/a	n/a	left
4	284.846	0.469	correct	0.469	grate	n/a	n/a	n/a	n/a	n/a	n/a	24	3	n/a	n/a	n/a	n/a	n/a	left
4	285.830	0.478	correct	0.478	grate	n/a	n/a	n/a	n/a	n/a	n/a	24	3	n/a	n/a	n/a	n/a	n/a	right
4	286.829	0.462	correct	0.462	grate	n/a	n/a	n/a	n/a	n/a	n/a	24	3	n/a	n/a	n/a	n/a	n/a	right
4	287.813	0.503	correct	0.503	grate	n/a	n/a	n/a	n/a	n/a	n/a	24	3	n/a	n/a	n/a	n/a	n/a	right
4	288.829	0.100	incorrect	0.100	grate	n/a	n/a	n/a	n/a	n/a	n/a	24	3	n/a	n/a	n/a	n/a	n/a	right
4	290.011	3.000	forget	0.315	retrieval	restudy	face	scene	object	other	object	25	3	115	43	91	219	290.0	n/a
4	295.046	0.453	correct	0.453	grate	n/a	n/a	n/a	n/a	n/a	n/a	25	3	n/a	n/a	n/a	n/a	n/a	left
4	296.012	0.271	correct	0.271	grate	n/a	n/a	n/a	n/a	n/a	n/a	25	3	n/a	n/a	n/a	n/a	n/a	right
4	296.795	0.416	correct	0.416	grate	n/a	n/a	n/a	n/a	n/a	n/a	25	3	n/a	n/a	n/a	n/a	n/a	right
4	297.728	0.386	incorrect	0.386	grate	n/a	n/a	n/a	n/a	n/a	n/a	25	3	n/a	n/a	n/a	n/a	n/a	left
4	298.628	0.463	correct	0.463	grate	n/a	n/a	n/a	n/a	n/a	n/a	25	3	n/a	n/a	n/a	n/a	n/a	left
4	299.612	0.328	correct	0.328	grate	n/a	n/a	n/a	n/a	n/a	n/a	25	3	n/a	n/a	n/a	n/a	n/a	right
4	300.462	0.050	incorrect	0.050	grate	n/a	n/a	n/a	n/a	n/a	n/a	25	3	n/a	n/a	n/a	n/a	n/a	right
4	302.010	3.000	remember	0.148	retrieval	retprac	face	scene	object	target	face	26	3	120	48	96	224	302.0	n/a
4	307.044	0.334	correct	0.334	grate	n/a	n/a	n/a	n/a	n/a	n/a	26	3	n/a	n/a	n/a	n/a	n/a	right
4	307.894	0.325	correct	0.325	grate	n/a	n/a	n/a	n/a	n/a	n/a	26	3	n/a	n/a	n/a	n/a	n/a	right
4	308.727	0.339	correct	0.339	grate	n/a	n/a	n/a	n/a	n/a	n/a	26	3	n/a	n/a	n/a	n/a	n/a	left
4	309.577	0.361	correct	0.361	grate	n/a	n/a	n/a	n/a	n/a	n/a	26	3	n/a	n/a	n/a	n/a	n/a	right
4	310.461	0.334	incorrect	0.334	grate	n/a	n/a	n/a	n/a	n/a	n/a	26	3	n/a	n/a	n/a	n/a	n/a	left
4	311.311	0.348	correct	0.348	grate	n/a	n/a	n/a	n/a	n/a	n/a	26	3	n/a	n/a	n/a	n/a	n/a	right
4	312.177	0.333	incorrect	0.333	grate	n/a	n/a	n/a	n/a	n/a	n/a	26	3	n/a	n/a	n/a	n/a	n/a	right
4	314.009	3.000	forget	0.620	retrieval	restudy	object	face	scene	other	scene	27	3	17	65	165	17	314.0	n/a
4	319.043	0.383	correct	0.383	grate	n/a	n/a	n/a	n/a	n/a	n/a	27	3	n/a	n/a	n/a	n/a	n/a	left
4	319.943	0.291	incorrect	0.291	grate	n/a	n/a	n/a	n/a	n/a	n/a	27	3	n/a	n/a	n/a	n/a	n/a	right
4	320.743	0.364	incorrect	0.364	grate	n/a	n/a	n/a	n/a	n/a	n/a	27	3	n/a	n/a	n/a	n/a	n/a	right
4	321.626	0.416	correct	0.416	grate	n/a	n/a	n/a	n/a	n/a	n/a	27	3	n/a	n/a	n/a	n/a	n/a	left
4	322.560	0.411	correct	0.411	grate	n/a	n/a	n/a	n/a	n/a	n/a	27	3	n/a	n/a	n/a	n/a	n/a	right
4	323.493	0.501	correct	0.501	grate	n/a	n/a	n/a	n/a	n/a	n/a	27	3	n/a	n/a	n/a	n/a	n/a	right
4	324.509	0.000	incorrect	0.000	grate	n/a	n/a	n/a	n/a	n/a	n/a	27	3	n/a	n/a	n/a	n/a	n/a	right
4	326.008	3.000	forget	0.317	retrieval	retprac	object	scene	face	competitor	scene	28	3	142	94	194	246	326.0	n/a
4	331.042	0.384	correct	0.384	grate	n/a	n/a	n/a	n/a	n/a	n/a	28	3	n/a	n/a	n/a	n/a	n/a	left
4	331.942	0.341	incorrect	0.341	grate	n/a	n/a	n/a	n/a	n/a	n/a	28	3	n/a	n/a	n/a	n/a	n/a	left
4	332.792	0.410	correct	0.410	grate	n/a	n/a	n/a	n/a	n/a	n/a	28	3	n/a	n/a	n/a	n/a	n/a	right
4	333.725	0.445	correct	0.445	grate	n/a	n/a	n/a	n/a	n/a	n/a	28	3	n/a	n/a	n/a	n/a	n/a	left
4	334.692	0.390	incorrect	0.390	grate	n/a	n/a	n/a	n/a	n/a	n/a	28	3	n/a	n/a	n/a	n/a	n/a	right
4	335.592	0.546	correct	0.546	grate	n/a	n/a	n/a	n/a	n/a	n/a	28	3	n/a	n/a	n/a	n/a	n/a	right
4	336.658	0.100	incorrect	0.100	grate	n/a	n/a	n/a	n/a	n/a	n/a	28	3	n/a	n/a	n/a	n/a	n/a	left
4	338.007	3.000	remember	0.342	retrieval	restudy	face	object	scene	target	face	29	3	71	23	71	123	338.0	n/a
4	343.041	0.386	correct	0.386	grate	n/a	n/a	n/a	n/a	n/a	n/a	29	3	n/a	n/a	n/a	n/a	n/a	left
4	343.941	0.326	correct	0.326	grate	n/a	n/a	n/a	n/a	n/a	n/a	29	3	n/a	n/a	n/a	n/a	n/a	left
4	344.774	0.340	correct	0.340	grate	n/a	n/a	n/a	n/a	n/a	n/a	29	3	n/a	n/a	n/a	n/a	n/a	right
4	345.624	0.385	correct	0.385	grate	n/a	n/a	n/a	n/a	n/a	n/a	29	3	n/a	n/a	n/a	n/a	n/a	left
4	346.524	0.381	correct	0.381	grate	n/a	n/a	n/a	n/a	n/a	n/a	29	3	n/a	n/a	n/a	n/a	n/a	right
4	347.424	0.409	correct	0.409	grate	n/a	n/a	n/a	n/a	n/a	n/a	29	3	n/a	n/a	n/a	n/a	n/a	right
4	348.340	0.167	incorrect	0.167	grate	n/a	n/a	n/a	n/a	n/a	n/a	29	3	n/a	n/a	n/a	n/a	n/a	left
4	350.006	3.000	forget	0.319	retrieval	retprac	scene	face	object	competitor	face	30	3	44	116	268	44	350.0	n/a
4	355.040	0.418	correct	0.418	grate	n/a	n/a	n/a	n/a	n/a	n/a	30	3	n/a	n/a	n/a	n/a	n/a	right
4	355.973	0.428	correct	0.428	grate	n/a	n/a	n/a	n/a	n/a	n/a	30	3	n/a	n/a	n/a	n/a	n/a	left
4	356.923	0.470	correct	0.470	grate	n/a	n/a	n/a	n/a	n/a	n/a	30	3	n/a	n/a	n/a	n/a	n/a	right
4	357.906	0.407	correct	0.407	grate	n/a	n/a	n/a	n/a	n/a	n/a	30	3	n/a	n/a	n/a	n/a	n/a	left
4	358.823	0.578	correct	0.578	grate	n/a	n/a	n/a	n/a	n/a	n/a	30	3	n/a	n/a	n/a	n/a	n/a	left
4	359.923	0.583	incorrect	0.583	grate	n/a	n/a	n/a	n/a	n/a	n/a	30	3	n/a	n/a	n/a	n/a	n/a	left
4	362.022	3.000	don't know	0.271	retrieval	restudy	scene	face	object	don't know	don't know	31	3	43	115	267	43	362.0	n/a
4	367.056	0.569	correct	0.569	grate	n/a	n/a	n/a	n/a	n/a	n/a	31	3	n/a	n/a	n/a	n/a	n/a	left
4	368.139	0.326	correct	0.326	grate	n/a	n/a	n/a	n/a	n/a	n/a	31	3	n/a	n/a	n/a	n/a	n/a	right
4	368.989	0.397	correct	0.397	grate	n/a	n/a	n/a	n/a	n/a	n/a	31	3	n/a	n/a	n/a	n/a	n/a	right
4	369.905	0.344	correct	0.344	grate	n/a	n/a	n/a	n/a	n/a	n/a	31	3	n/a	n/a	n/a	n/a	n/a	right
4	370.772	0.269	incorrect	0.269	grate	n/a	n/a	n/a	n/a	n/a	n/a	31	3	n/a	n/a	n/a	n/a	n/a	left
4	371.555	0.270	incorrect	0.270	grate	n/a	n/a	n/a	n/a	n/a	n/a	31	3	n/a	n/a	n/a	n/a	n/a	left
4	372.338	0.183	incorrect	0.183	grate	n/a	n/a	n/a	n/a	n/a	n/a	31	3	n/a	n/a	n/a	n/a	n/a	right
4	374.021	3.000	forget	0.256	retrieval	retprac	face	object	scene	other	scene	32	3	68	20	68	120	374.0	n/a
4	379.055	0.538	correct	0.538	grate	n/a	n/a	n/a	n/a	n/a	n/a	32	3	n/a	n/a	n/a	n/a	n/a	right
4	380.104	0.368	correct	0.368	grate	n/a	n/a	n/a	n/a	n/a	n/a	32	3	n/a	n/a	n/a	n/a	n/a	left
4	380.988	0.349	correct	0.349	grate	n/a	n/a	n/a	n/a	n/a	n/a	32	3	n/a	n/a	n/a	n/a	n/a	left
4	381.854	0.355	correct	0.355	grate	n/a	n/a	n/a	n/a	n/a	n/a	32	3	n/a	n/a	n/a	n/a	n/a	left
4	382.721	0.408	correct	0.408	grate	n/a	n/a	n/a	n/a	n/a	n/a	32	3	n/a	n/a	n/a	n/a	n/a	right
4	383.637	0.388	correct	0.388	grate	n/a	n/a	n/a	n/a	n/a	n/a	32	3	n/a	n/a	n/a	n/a	n/a	left
4	384.537	0.100	incorrect	0.100	grate	n/a	n/a	n/a	n/a	n/a	n/a	32	3	n/a	n/a	n/a	n/a	n/a	left
4	386.019	3.000	remember	0.432	retrieval	retprac	face	object	scene	target	face	33	3	72	24	72	124	386.0	n/a
4	391.053	0.443	correct	0.443	grate	n/a	n/a	n/a	n/a	n/a	n/a	33	3	n/a	n/a	n/a	n/a	n/a	left
4	392.003	0.309	correct	0.309	grate	n/a	n/a	n/a	n/a	n/a	n/a	33	3	n/a	n/a	n/a	n/a	n/a	left
4	392.820	0.364	correct	0.364	grate	n/a	n/a	n/a	n/a	n/a	n/a	33	3	n/a	n/a	n/a	n/a	n/a	left
4	393.703	0.497	correct	0.497	grate	n/a	n/a	n/a	n/a	n/a	n/a	33	3	n/a	n/a	n/a	n/a	n/a	right
4	394.720	0.416	correct	0.416	grate	n/a	n/a	n/a	n/a	n/a	n/a	33	3	n/a	n/a	n/a	n/a	n/a	right
4	395.653	0.379	correct	0.379	grate	n/a	n/a	n/a	n/a	n/a	n/a	33	3	n/a	n/a	n/a	n/a	n/a	left
4	396.553	0.100	incorrect	0.100	grate	n/a	n/a	n/a	n/a	n/a	n/a	33	3	n/a	n/a	n/a	n/a	n/a	left
4	398.019	3.000	remember	0.273	retrieval	retprac	object	face	scene	target	object	34	3	18	66	166	18	398.0	n/a
4	403.052	0.331	correct	0.331	grate	n/a	n/a	n/a	n/a	n/a	n/a	34	3	n/a	n/a	n/a	n/a	n/a	left
4	403.902	0.418	correct	0.418	grate	n/a	n/a	n/a	n/a	n/a	n/a	34	3	n/a	n/a	n/a	n/a	n/a	left
4	404.835	0.381	correct	0.381	grate	n/a	n/a	n/a	n/a	n/a	n/a	34	3	n/a	n/a	n/a	n/a	n/a	left
4	405.735	0.425	correct	0.425	grate	n/a	n/a	n/a	n/a	n/a	n/a	34	3	n/a	n/a	n/a	n/a	n/a	right
4	406.669	0.411	correct	0.411	grate	n/a	n/a	n/a	n/a	n/a	n/a	34	3	n/a	n/a	n/a	n/a	n/a	right
4	407.602	0.551	correct	0.551	grate	n/a	n/a	n/a	n/a	n/a	n/a	34	3	n/a	n/a	n/a	n/a	n/a	right
4	408.669	0.100	incorrect	0.100	grate	n/a	n/a	n/a	n/a	n/a	n/a	34	3	n/a	n/a	n/a	n/a	n/a	left
4	410.017	3.000	remember	0.306	retrieval	retprac	scene	object	face	target	scene	35	3	94	142	294	146	410.0	n/a
4	415.051	0.453	correct	0.453	grate	n/a	n/a	n/a	n/a	n/a	n/a	35	3	n/a	n/a	n/a	n/a	n/a	right
4	416.018	0.406	correct	0.406	grate	n/a	n/a	n/a	n/a	n/a	n/a	35	3	n/a	n/a	n/a	n/a	n/a	right
4	416.934	0.377	correct	0.377	grate	n/a	n/a	n/a	n/a	n/a	n/a	35	3	n/a	n/a	n/a	n/a	n/a	right
4	417.834	0.429	correct	0.429	grate	n/a	n/a	n/a	n/a	n/a	n/a	35	3	n/a	n/a	n/a	n/a	n/a	right
4	418.784	0.815	correct	0.815	grate	n/a	n/a	n/a	n/a	n/a	n/a	35	3	n/a	n/a	n/a	n/a	n/a	left
4	420.117	0.400	incorrect	0.400	grate	n/a	n/a	n/a	n/a	n/a	n/a	35	3	n/a	n/a	n/a	n/a	n/a	right
4	422.016	3.000	remember	0.274	retrieval	restudy	object	scene	face	target	object	36	3	137	89	189	241	422.0	n/a
4	427.050	0.341	correct	0.341	grate	n/a	n/a	n/a	n/a	n/a	n/a	36	3	n/a	n/a	n/a	n/a	n/a	right
4	427.900	0.387	correct	0.387	grate	n/a	n/a	n/a	n/a	n/a	n/a	36	3	n/a	n/a	n/a	n/a	n/a	right
4	428.800	0.367	correct	0.367	grate	n/a	n/a	n/a	n/a	n/a	n/a	36	3	n/a	n/a	n/a	n/a	n/a	right
4	429.683	0.492	correct	0.492	grate	n/a	n/a	n/a	n/a	n/a	n/a	36	3	n/a	n/a	n/a	n/a	n/a	left
4	430.700	0.371	correct	0.371	grate	n/a	n/a	n/a	n/a	n/a	n/a	36	3	n/a	n/a	n/a	n/a	n/a	left
4	431.583	0.392	correct	0.392	grate	n/a	n/a	n/a	n/a	n/a	n/a	36	3	n/a	n/a	n/a	n/a	n/a	left
4	432.483	0.033	incorrect	0.033	grate	n/a	n/a	n/a	n/a	n/a	n/a	36	3	n/a	n/a	n/a	n/a	n/a	right
4	434.015	3.000	remember	0.283	retrieval	retprac	scene	object	face	target	scene	37	3	92	140	292	144	434.0	n/a
4	439.049	0.742	correct	0.742	grate	n/a	n/a	n/a	n/a	n/a	n/a	37	3	n/a	n/a	n/a	n/a	n/a	right
4	440.299	0.364	correct	0.364	grate	n/a	n/a	n/a	n/a	n/a	n/a	37	3	n/a	n/a	n/a	n/a	n/a	right
4	441.182	0.361	correct	0.361	grate	n/a	n/a	n/a	n/a	n/a	n/a	37	3	n/a	n/a	n/a	n/a	n/a	right
4	442.066	0.381	correct	0.381	grate	n/a	n/a	n/a	n/a	n/a	n/a	37	3	n/a	n/a	n/a	n/a	n/a	left
4	442.965	0.329	correct	0.329	grate	n/a	n/a	n/a	n/a	n/a	n/a	37	3	n/a	n/a	n/a	n/a	n/a	left
4	443.815	0.351	correct	0.351	grate	n/a	n/a	n/a	n/a	n/a	n/a	37	3	n/a	n/a	n/a	n/a	n/a	right
4	444.682	0.100	incorrect	0.100	grate	n/a	n/a	n/a	n/a	n/a	n/a	37	3	n/a	n/a	n/a	n/a	n/a	right
4	446.014	3.000	forget	0.276	retrieval	retprac	face	object	scene	competitor	object	38	3	70	22	70	122	446.0	n/a
4	451.048	0.559	correct	0.559	grate	n/a	n/a	n/a	n/a	n/a	n/a	38	3	n/a	n/a	n/a	n/a	n/a	right
4	452.115	0.428	incorrect	0.428	grate	n/a	n/a	n/a	n/a	n/a	n/a	38	3	n/a	n/a	n/a	n/a	n/a	right
4	453.064	0.422	correct	0.422	grate	n/a	n/a	n/a	n/a	n/a	n/a	38	3	n/a	n/a	n/a	n/a	n/a	left
4	453.998	0.344	incorrect	0.344	grate	n/a	n/a	n/a	n/a	n/a	n/a	38	3	n/a	n/a	n/a	n/a	n/a	right
4	454.864	0.487	correct	0.487	grate	n/a	n/a	n/a	n/a	n/a	n/a	38	3	n/a	n/a	n/a	n/a	n/a	right
4	455.864	0.422	correct	0.422	grate	n/a	n/a	n/a	n/a	n/a	n/a	38	3	n/a	n/a	n/a	n/a	n/a	left
4	456.797	0.100	incorrect	0.100	grate	n/a	n/a	n/a	n/a	n/a	n/a	38	3	n/a	n/a	n/a	n/a	n/a	left
4	458.013	3.000	remember	0.278	retrieval	retprac	scene	face	object	target	scene	39	3	46	118	270	46	458.0	n/a
4	463.047	0.535	correct	0.535	grate	n/a	n/a	n/a	n/a	n/a	n/a	39	3	n/a	n/a	n/a	n/a	n/a	left
4	464.097	0.406	correct	0.406	grate	n/a	n/a	n/a	n/a	n/a	n/a	39	3	n/a	n/a	n/a	n/a	n/a	left
4	465.013	1.016	correct	1.016	grate	n/a	n/a	n/a	n/a	n/a	n/a	39	3	n/a	n/a	n/a	n/a	n/a	right
4	466.547	0.395	correct	0.395	grate	n/a	n/a	n/a	n/a	n/a	n/a	39	3	n/a	n/a	n/a	n/a	n/a	left
4	467.463	0.463	correct	0.463	grate	n/a	n/a	n/a	n/a	n/a	n/a	39	3	n/a	n/a	n/a	n/a	n/a	left
4	468.446	0.067	incorrect	0.067	grate	n/a	n/a	n/a	n/a	n/a	n/a	39	3	n/a	n/a	n/a	n/a	n/a	left
4	470.012	3.000	forget	0.301	retrieval	restudy	scene	object	face	other	face	40	3	89	137	289	141	470.0	n/a
4	475.046	0.369	correct	0.369	grate	n/a	n/a	n/a	n/a	n/a	n/a	40	3	n/a	n/a	n/a	n/a	n/a	right
4	475.929	0.374	correct	0.374	grate	n/a	n/a	n/a	n/a	n/a	n/a	40	3	n/a	n/a	n/a	n/a	n/a	right
4	476.812	0.393	correct	0.393	grate	n/a	n/a	n/a	n/a	n/a	n/a	40	3	n/a	n/a	n/a	n/a	n/a	right
4	477.729	0.397	incorrect	0.397	grate	n/a	n/a	n/a	n/a	n/a	n/a	40	3	n/a	n/a	n/a	n/a	n/a	left
4	478.645	0.448	correct	0.448	grate	n/a	n/a	n/a	n/a	n/a	n/a	40	3	n/a	n/a	n/a	n/a	n/a	right
4	479.612	0.900	incorrect	0.900	grate	n/a	n/a	n/a	n/a	n/a	n/a	40	3	n/a	n/a	n/a	n/a	n/a	right
4	482.011	3.000	remember	0.262	retrieval	retprac	face	scene	object	target	face	41	3	114	42	90	218	482.0	n/a
4	487.045	0.417	correct	0.417	grate	n/a	n/a	n/a	n/a	n/a	n/a	41	3	n/a	n/a	n/a	n/a	n/a	right
4	487.978	0.476	correct	0.476	grate	n/a	n/a	n/a	n/a	n/a	n/a	41	3	n/a	n/a	n/a	n/a	n/a	left
4	488.961	0.468	correct	0.468	grate	n/a	n/a	n/a	n/a	n/a	n/a	41	3	n/a	n/a	n/a	n/a	n/a	left
4	489.945	0.525	correct	0.525	grate	n/a	n/a	n/a	n/a	n/a	n/a	41	3	n/a	n/a	n/a	n/a	n/a	left
4	490.978	0.643	correct	0.643	grate	n/a	n/a	n/a	n/a	n/a	n/a	41	3	n/a	n/a	n/a	n/a	n/a	left
4	492.144	0.367	incorrect	0.367	grate	n/a	n/a	n/a	n/a	n/a	n/a	41	3	n/a	n/a	n/a	n/a	n/a	left
4	494.010	3.000	remember	0.247	retrieval	retprac	face	scene	object	target	face	42	3	118	46	94	222	494.0	n/a
4	499.044	0.410	correct	0.410	grate	n/a	n/a	n/a	n/a	n/a	n/a	42	3	n/a	n/a	n/a	n/a	n/a	left
4	499.977	0.444	correct	0.444	grate	n/a	n/a	n/a	n/a	n/a	n/a	42	3	n/a	n/a	n/a	n/a	n/a	right
4	500.944	0.349	correct	0.349	grate	n/a	n/a	n/a	n/a	n/a	n/a	42	3	n/a	n/a	n/a	n/a	n/a	left
4	501.810	0.419	correct	0.419	grate	n/a	n/a	n/a	n/a	n/a	n/a	42	3	n/a	n/a	n/a	n/a	n/a	left
4	502.743	0.414	correct	0.414	grate	n/a	n/a	n/a	n/a	n/a	n/a	42	3	n/a	n/a	n/a	n/a	n/a	left
4	503.677	0.352	correct	0.352	grate	n/a	n/a	n/a	n/a	n/a	n/a	42	3	n/a	n/a	n/a	n/a	n/a	left
4	504.543	0.100	incorrect	0.100	grate	n/a	n/a	n/a	n/a	n/a	n/a	42	3	n/a	n/a	n/a	n/a	n/a	left
4	506.009	3.000	forget	0.280	retrieval	restudy	object	scene	face	competitor	scene	43	3	141	93	193	245	506.0	n/a
4	511.043	0.458	correct	0.458	grate	n/a	n/a	n/a	n/a	n/a	n/a	43	3	n/a	n/a	n/a	n/a	n/a	left
4	512.009	0.395	correct	0.395	grate	n/a	n/a	n/a	n/a	n/a	n/a	43	3	n/a	n/a	n/a	n/a	n/a	left
4	512.926	0.335	correct	0.335	grate	n/a	n/a	n/a	n/a	n/a	n/a	43	3	n/a	n/a	n/a	n/a	n/a	right
4	513.776	0.357	correct	0.357	grate	n/a	n/a	n/a	n/a	n/a	n/a	43	3	n/a	n/a	n/a	n/a	n/a	right
4	514.642	0.442	correct	0.442	grate	n/a	n/a	n/a	n/a	n/a	n/a	43	3	n/a	n/a	n/a	n/a	n/a	left
4	515.592	0.380	incorrect	0.380	grate	n/a	n/a	n/a	n/a	n/a	n/a	43	3	n/a	n/a	n/a	n/a	n/a	right
4	516.492	0.017	incorrect	0.017	grate	n/a	n/a	n/a	n/a	n/a	n/a	43	3	n/a	n/a	n/a	n/a	n/a	right
4	518.008	3.000	don't know	0.585	retrieval	restudy	scene	object	face	don't know	don't know	44	3	91	139	291	143	518.0	n/a
4	523.042	0.531	correct	0.531	grate	n/a	n/a	n/a	n/a	n/a	n/a	44	3	n/a	n/a	n/a	n/a	n/a	left
4	524.091	0.897	correct	0.897	grate	n/a	n/a	n/a	n/a	n/a	n/a	44	3	n/a	n/a	n/a	n/a	n/a	right
4	525.508	0.417	correct	0.417	grate	n/a	n/a	n/a	n/a	n/a	n/a	44	3	n/a	n/a	n/a	n/a	n/a	right
4	526.441	0.379	correct	0.379	grate	n/a	n/a	n/a	n/a	n/a	n/a	44	3	n/a	n/a	n/a	n/a	n/a	right
4	527.341	0.383	correct	0.383	grate	n/a	n/a	n/a	n/a	n/a	n/a	44	3	n/a	n/a	n/a	n/a	n/a	right
4	528.241	0.267	incorrect	0.267	grate	n/a	n/a	n/a	n/a	n/a	n/a	44	3	n/a	n/a	n/a	n/a	n/a	left
4	530.007	3.000	forget	0.289	retrieval	restudy	object	face	scene	competitor	face	45	3	19	67	167	19	530.0	n/a
4	535.041	0.452	correct	0.452	grate	n/a	n/a	n/a	n/a	n/a	n/a	45	3	n/a	n/a	n/a	n/a	n/a	left
4	536.007	0.342	correct	0.342	grate	n/a	n/a	n/a	n/a	n/a	n/a	45	3	n/a	n/a	n/a	n/a	n/a	left
4	536.857	0.411	correct	0.411	grate	n/a	n/a	n/a	n/a	n/a	n/a	45	3	n/a	n/a	n/a	n/a	n/a	right
4	537.790	0.374	correct	0.374	grate	n/a	n/a	n/a	n/a	n/a	n/a	45	3	n/a	n/a	n/a	n/a	n/a	right
4	538.674	0.442	correct	0.442	grate	n/a	n/a	n/a	n/a	n/a	n/a	45	3	n/a	n/a	n/a	n/a	n/a	left
4	539.623	0.717	correct	0.717	grate	n/a	n/a	n/a	n/a	n/a	n/a	45	3	n/a	n/a	n/a	n/a	n/a	left
4	540.857	0.100	incorrect	0.100	grate	n/a	n/a	n/a	n/a	n/a	n/a	45	3	n/a	n/a	n/a	n/a	n/a	left
4	542.022	3.000	remember	0.313	retrieval	restudy	scene	face	object	target	scene	46	3	41	113	265	41	542.0	n/a
4	547.056	0.348	correct	0.348	grate	n/a	n/a	n/a	n/a	n/a	n/a	46	3	n/a	n/a	n/a	n/a	n/a	left
4	547.923	0.449	correct	0.449	grate	n/a	n/a	n/a	n/a	n/a	n/a	46	3	n/a	n/a	n/a	n/a	n/a	right
4	548.889	0.442	correct	0.442	grate	n/a	n/a	n/a	n/a	n/a	n/a	46	3	n/a	n/a	n/a	n/a	n/a	left
4	549.856	0.332	correct	0.332	grate	n/a	n/a	n/a	n/a	n/a	n/a	46	3	n/a	n/a	n/a	n/a	n/a	left
4	550.706	0.339	correct	0.339	grate	n/a	n/a	n/a	n/a	n/a	n/a	46	3	n/a	n/a	n/a	n/a	n/a	left
4	551.556	0.456	correct	0.456	grate	n/a	n/a	n/a	n/a	n/a	n/a	46	3	n/a	n/a	n/a	n/a	n/a	left
4	552.522	0.100	incorrect	0.100	grate	n/a	n/a	n/a	n/a	n/a	n/a	46	3	n/a	n/a	n/a	n/a	n/a	right
4	554.021	3.000	remember	0.346	retrieval	restudy	face	scene	object	target	face	47	3	119	47	95	223	554.0	n/a
4	559.055	0.436	correct	0.436	grate	n/a	n/a	n/a	n/a	n/a	n/a	47	3	n/a	n/a	n/a	n/a	n/a	left
4	560.005	0.391	correct	0.391	grate	n/a	n/a	n/a	n/a	n/a	n/a	47	3	n/a	n/a	n/a	n/a	n/a	right
4	560.905	0.450	correct	0.450	grate	n/a	n/a	n/a	n/a	n/a	n/a	47	3	n/a	n/a	n/a	n/a	n/a	right
4	561.871	0.380	correct	0.380	grate	n/a	n/a	n/a	n/a	n/a	n/a	47	3	n/a	n/a	n/a	n/a	n/a	left
4	562.771	0.448	correct	0.448	grate	n/a	n/a	n/a	n/a	n/a	n/a	47	3	n/a	n/a	n/a	n/a	n/a	left
4	563.738	0.369	correct	0.369	grate	n/a	n/a	n/a	n/a	n/a	n/a	47	3	n/a	n/a	n/a	n/a	n/a	left
4	564.621	0.100	incorrect	0.100	grate	n/a	n/a	n/a	n/a	n/a	n/a	47	3	n/a	n/a	n/a	n/a	n/a	right
4	566.020	3.000	remember	0.291	retrieval	retprac	scene	face	object	target	scene	48	3	48	120	272	48	566.0	n/a
4	571.054	0.597	correct	0.597	grate	n/a	n/a	n/a	n/a	n/a	n/a	48	3	n/a	n/a	n/a	n/a	n/a	right
4	572.170	0.344	correct	0.344	grate	n/a	n/a	n/a	n/a	n/a	n/a	48	3	n/a	n/a	n/a	n/a	n/a	left
4	573.037	0.375	correct	0.375	grate	n/a	n/a	n/a	n/a	n/a	n/a	48	3	n/a	n/a	n/a	n/a	n/a	left
4	573.920	0.459	correct	0.459	grate	n/a	n/a	n/a	n/a	n/a	n/a	48	3	n/a	n/a	n/a	n/a	n/a	right
4	574.904	0.372	correct	0.372	grate	n/a	n/a	n/a	n/a	n/a	n/a	48	3	n/a	n/a	n/a	n/a	n/a	right
4	575.787	0.489	correct	0.489	grate	n/a	n/a	n/a	n/a	n/a	n/a	48	3	n/a	n/a	n/a	n/a	n/a	left
4	576.787	0.100	incorrect	0.100	grate	n/a	n/a	n/a	n/a	n/a	n/a	48	3	n/a	n/a	n/a	n/a	n/a	right
