sub_id	onset	duration	trial_type	response_time	task_type	update_cond	cate_c	cate_b	cate_o	response_type	response	trial_id	run_id	word_id	img_id	stim_c	stim_b	design_onset	grate_orientation
3	2.022	3.000	forget	0.321	retrieval	restudy	face	scene	object	other	object	1	1	98	26	74	202	2.0	n/a
3	7.056	1.114	correct	1.114	grate	n/a	n/a	n/a	n/a	n/a	n/a	1	1	n/a	n/a	n/a	n/a	n/a	left
3	8.689	1.330	correct	1.330	grate	n/a	n/a	n/a	n/a	n/a	n/a	1	1	n/a	n/a	n/a	n/a	n/a	right
3	10.539	0.696	correct	0.696	grate	n/a	n/a	n/a	n/a	n/a	n/a	1	1	n/a	n/a	n/a	n/a	n/a	left
3	11.755	0.527	correct	0.527	grate	n/a	n/a	n/a	n/a	n/a	n/a	1	1	n/a	n/a	n/a	n/a	n/a	right
3	12.805	0.100	incorrect	0.100	grate	n/a	n/a	n/a	n/a	n/a	n/a	1	1	n/a	n/a	n/a	n/a	n/a	right
3	14.021	3.000	forget	0.361	retrieval	restudy	scene	object	face	competitor	object	2	1	78	126	278	130	14.0	n/a
3	19.055	0.684	correct	0.684	grate	n/a	n/a	n/a	n/a	n/a	n/a	2	1	n/a	n/a	n/a	n/a	n/a	right
3	20.255	0.372	correct	0.372	grate	n/a	n/a	n/a	n/a	n/a	n/a	2	1	n/a	n/a	n/a	n/a	n/a	left
3	21.138	0.362	correct	0.362	grate	n/a	n/a	n/a	n/a	n/a	n/a	2	1	n/a	n/a	n/a	n/a	n/a	right
3	22.021	0.502	correct	0.502	grate	n/a	n/a	n/a	n/a	n/a	n/a	2	1	n/a	n/a	n/a	n/a	n/a	right
3	23.038	0.421	correct	0.421	grate	n/a	n/a	n/a	n/a	n/a	n/a	2	1	n/a	n/a	n/a	n/a	n/a	right
3	23.971	0.550	incorrect	0.550	grate	n/a	n/a	n/a	n/a	n/a	n/a	2	1	n/a	n/a	n/a	n/a	n/a	right
3	26.020	3.000	forget	0.586	retrieval	restudy	face	object	scene	other	scene	3	1	54	6	54	106	26.0	n/a
3	31.054	0.828	correct	0.828	grate	n/a	n/a	n/a	n/a	n/a	n/a	3	1	n/a	n/a	n/a	n/a	n/a	left
3	32.403	0.335	correct	0.335	grate	n/a	n/a	n/a	n/a	n/a	n/a	3	1	n/a	n/a	n/a	n/a	n/a	right
3	33.253	0.453	correct	0.453	grate	n/a	n/a	n/a	n/a	n/a	n/a	3	1	n/a	n/a	n/a	n/a	n/a	right
3	34.220	0.398	correct	0.398	grate	n/a	n/a	n/a	n/a	n/a	n/a	3	1	n/a	n/a	n/a	n/a	n/a	right
3	35.137	0.410	correct	0.410	grate	n/a	n/a	n/a	n/a	n/a	n/a	3	1	n/a	n/a	n/a	n/a	n/a	right
3	36.053	0.429	correct	0.429	grate	n/a	n/a	n/a	n/a	n/a	n/a	3	1	n/a	n/a	n/a	n/a	n/a	right
3	37.003	0.100	incorrect	0.100	grate	n/a	n/a	n/a	n/a	n/a	n/a	3	1	n/a	n/a	n/a	n/a	n/a	left
3	38.019	3.000	forget	0.595	retrieval	retprac	object	scene	face	other	face	4	1	125	77	177	229	38.0	n/a
3	43.053	0.565	correct	0.565	grate	n/a	n/a	n/a	n/a	n/a	n/a	4	1	n/a	n/a	n/a	n/a	n/a	right
3	44.136	0.394	correct	0.394	grate	n/a	n/a	n/a	n/a	n/a	n/a	4	1	n/a	n/a	n/a	n/a	n/a	left
3	45.052	0.558	correct	0.558	grate	n/a	n/a	n/a	n/a	n/a	n/a	4	1	n/a	n/a	n/a	n/a	n/a	left
3	46.119	0.515	correct	0.515	grate	n/a	n/a	n/a	n/a	n/a	n/a	4	1	n/a	n/a	n/a	n/a	n/a	right
3	47.152	0.570	correct	0.570	grate	n/a	n/a	n/a	n/a	n/a	n/a	4	1	n/a	n/a	n/a	n/a	n/a	left
3	48.235	0.283	incorrect	0.283	grate	n/a	n/a	n/a	n/a	n/a	n/a	4	1	n/a	n/a	n/a	n/a	n/a	left
3	50.018	3.000	forget	0.380	retrieval	restudy	object	scene	face	other	face	5	1	124	76	176	228	50.0	n/a
3	55.052	0.638	correct	0.638	grate	n/a	n/a	n/a	n/a	n/a	n/a	5	1	n/a	n/a	n/a	n/a	n/a	right
3	56.201	0.384	correct	0.384	grate	n/a	n/a	n/a	n/a	n/a	n/a	5	1	n/a	n/a	n/a	n/a	n/a	right
3	57.101	0.404	correct	0.404	grate	n/a	n/a	n/a	n/a	n/a	n/a	5	1	n/a	n/a	n/a	n/a	n/a	left
3	58.018	0.456	correct	0.456	grate	n/a	n/a	n/a	n/a	n/a	n/a	5	1	n/a	n/a	n/a	n/a	n/a	right
3	58.984	0.457	correct	0.457	grate	n/a	n/a	n/a	n/a	n/a	n/a	5	1	n/a	n/a	n/a	n/a	n/a	right
3	59.951	0.483	correct	0.483	grate	n/a	n/a	n/a	n/a	n/a	n/a	5	1	n/a	n/a	n/a	n/a	n/a	right
3	60.951	0.100	incorrect	0.100	grate	n/a	n/a	n/a	n/a	n/a	n/a	5	1	n/a	n/a	n/a	n/a	n/a	left
3	62.017	3.000	remember	0.340	retrieval	retprac	object	face	scene	target	object	6	1	7	55	155	7	62.0	n/a
3	67.051	0.646	correct	0.646	grate	n/a	n/a	n/a	n/a	n/a	n/a	6	1	n/a	n/a	n/a	n/a	n/a	left
3	68.217	1.200	correct	1.200	grate	n/a	n/a	n/a	n/a	n/a	n/a	6	1	n/a	n/a	n/a	n/a	n/a	left
3	69.933	0.676	correct	0.676	grate	n/a	n/a	n/a	n/a	n/a	n/a	6	1	n/a	n/a	n/a	n/a	n/a	left
3	71.133	0.452	correct	0.452	grate	n/a	n/a	n/a	n/a	n/a	n/a	6	1	n/a	n/a	n/a	n/a	n/a	left
3	72.100	0.417	incorrect	0.417	grate	n/a	n/a	n/a	n/a	n/a	n/a	6	1	n/a	n/a	n/a	n/a	n/a	right
3	74.015	3.000	forget	0.453	retrieval	retprac	face	scene	object	competitor	scene	7	1	103	31	79	207	74.0	n/a
3	79.050	0.664	correct	0.664	grate	n/a	n/a	n/a	n/a	n/a	n/a	7	1	n/a	n/a	n/a	n/a	n/a	left
3	80.233	0.400	correct	0.400	grate	n/a	n/a	n/a	n/a	n/a	n/a	7	1	n/a	n/a	n/a	n/a	n/a	left
3	81.149	0.405	correct	0.405	grate	n/a	n/a	n/a	n/a	n/a	n/a	7	1	n/a	n/a	n/a	n/a	n/a	left
3	82.066	0.431	correct	0.431	grate	n/a	n/a	n/a	n/a	n/a	n/a	7	1	n/a	n/a	n/a	n/a	n/a	right
3	83.016	0.626	correct	0.626	grate	n/a	n/a	n/a	n/a	n/a	n/a	7	1	n/a	n/a	n/a	n/a	n/a	left
3	84.149	0.366	incorrect	0.366	grate	n/a	n/a	n/a	n/a	n/a	n/a	7	1	n/a	n/a	n/a	n/a	n/a	left
3	86.014	3.000	remember	0.399	retrieval	retprac	face	scene	object	target	face	8	1	99	27	75	203	86.0	n/a
3	91.049	0.496	correct	0.496	grate	n/a	n/a	n/a	n/a	n/a	n/a	8	1	n/a	n/a	n/a	n/a	n/a	left
3	92.065	0.288	correct	0.288	grate	n/a	n/a	n/a	n/a	n/a	n/a	8	1	n/a	n/a	n/a	n/a	n/a	left
3	92.865	0.680	correct	0.680	grate	n/a	n/a	n/a	n/a	n/a	n/a	8	1	n/a	n/a	n/a	n/a	n/a	right
3	94.065	0.488	correct	0.488	grate	n/a	n/a	n/a	n/a	n/a	n/a	8	1	n/a	n/a	n/a	n/a	n/a	left
3	95.064	0.376	correct	0.376	grate	n/a	n/a	n/a	n/a	n/a	n/a	8	1	n/a	n/a	n/a	n/a	n/a	right
3	95.948	0.549	correct	0.549	grate	n/a	n/a	n/a	n/a	n/a	n/a	8	1	n/a	n/a	n/a	n/a	n/a	left
3	97.014	0.100	incorrect	0.100	grate	n/a	n/a	n/a	n/a	n/a	n/a	8	1	n/a	n/a	n/a	n/a	n/a	right
3	98.013	3.000	forget	0.430	retrieval	restudy	face	scene	object	competitor	scene	9	1	102	30	78	206	98.0	n/a
3	103.048	0.593	correct	0.593	grate	n/a	n/a	n/a	n/a	n/a	n/a	9	1	n/a	n/a	n/a	n/a	n/a	right
3	104.164	0.292	correct	0.292	grate	n/a	n/a	n/a	n/a	n/a	n/a	9	1	n/a	n/a	n/a	n/a	n/a	right
3	104.964	0.389	correct	0.389	grate	n/a	n/a	n/a	n/a	n/a	n/a	9	1	n/a	n/a	n/a	n/a	n/a	right
3	105.864	0.384	correct	0.384	grate	n/a	n/a	n/a	n/a	n/a	n/a	9	1	n/a	n/a	n/a	n/a	n/a	right
3	106.763	0.428	correct	0.428	grate	n/a	n/a	n/a	n/a	n/a	n/a	9	1	n/a	n/a	n/a	n/a	n/a	right
3	107.713	0.494	correct	0.494	grate	n/a	n/a	n/a	n/a	n/a	n/a	9	1	n/a	n/a	n/a	n/a	n/a	left
3	108.730	0.100	incorrect	0.100	grate	n/a	n/a	n/a	n/a	n/a	n/a	9	1	n/a	n/a	n/a	n/a	n/a	left
3	110.012	3.000	remember	0.551	retrieval	retprac	scene	face	object	target	scene	10	1	25	97	249	25	110.0	n/a
3	115.047	0.345	correct	0.345	grate	n/a	n/a	n/a	n/a	n/a	n/a	10	1	n/a	n/a	n/a	n/a	n/a	right
3	115.913	0.375	correct	0.375	grate	n/a	n/a	n/a	n/a	n/a	n/a	10	1	n/a	n/a	n/a	n/a	n/a	right
3	116.796	0.332	correct	0.332	grate	n/a	n/a	n/a	n/a	n/a	n/a	10	1	n/a	n/a	n/a	n/a	n/a	right
3	117.646	0.466	correct	0.466	grate	n/a	n/a	n/a	n/a	n/a	n/a	10	1	n/a	n/a	n/a	n/a	n/a	left
3	118.629	0.475	correct	0.475	grate	n/a	n/a	n/a	n/a	n/a	n/a	10	1	n/a	n/a	n/a	n/a	n/a	right
3	119.612	0.459	correct	0.459	grate	n/a	n/a	n/a	n/a	n/a	n/a	10	1	n/a	n/a	n/a	n/a	n/a	left
3	120.579	0.100	incorrect	0.100	grate	n/a	n/a	n/a	n/a	n/a	n/a	10	1	n/a	n/a	n/a	n/a	n/a	left
3	122.011	3.000	remember	0.624	retrieval	restudy	object	face	scene	target	object	11	1	2	50	150	2	122.0	n/a
3	127.046	0.362	correct	0.362	grate	n/a	n/a	n/a	n/a	n/a	n/a	11	1	n/a	n/a	n/a	n/a	n/a	right
3	127.928	0.551	incorrect	0.551	grate	n/a	n/a	n/a	n/a	n/a	n/a	11	1	n/a	n/a	n/a	n/a	n/a	left
3	128.995	0.404	correct	0.404	grate	n/a	n/a	n/a	n/a	n/a	n/a	11	1	n/a	n/a	n/a	n/a	n/a	right
3	129.911	0.424	correct	0.424	grate	n/a	n/a	n/a	n/a	n/a	n/a	11	1	n/a	n/a	n/a	n/a	n/a	left
3	130.845	0.380	correct	0.380	grate	n/a	n/a	n/a	n/a	n/a	n/a	11	1	n/a	n/a	n/a	n/a	n/a	right
3	131.745	0.447	correct	0.447	grate	n/a	n/a	n/a	n/a	n/a	n/a	11	1	n/a	n/a	n/a	n/a	n/a	right
3	132.711	0.100	incorrect	0.100	grate	n/a	n/a	n/a	n/a	n/a	n/a	11	1	n/a	n/a	n/a	n/a	n/a	left
3	134.010	3.000	remember	0.593	retrieval	restudy	object	scene	face	target	object	12	1	122	74	174	226	134.0	n/a
3	139.045	0.323	correct	0.323	grate	n/a	n/a	n/a	n/a	n/a	n/a	12	1	n/a	n/a	n/a	n/a	n/a	right
3	139.877	0.338	correct	0.338	grate	n/a	n/a	n/a	n/a	n/a	n/a	12	1	n/a	n/a	n/a	n/a	n/a	right
3	140.727	0.361	correct	0.361	grate	n/a	n/a	n/a	n/a	n/a	n/a	12	1	n/a	n/a	n/a	n/a	n/a	right
3	141.610	0.509	correct	0.509	grate	n/a	n/a	n/a	n/a	n/a	n/a	12	1	n/a	n/a	n/a	n/a	n/a	left
3	142.627	0.468	correct	0.468	grate	n/a	n/a	n/a	n/a	n/a	n/a	12	1	n/a	n/a	n/a	n/a	n/a	right
3	143.610	0.469	correct	0.469	grate	n/a	n/a	n/a	n/a	n/a	n/a	12	1	n/a	n/a	n/a	n/a	n/a	left
3	144.593	0.100	incorrect	0.100	grate	n/a	n/a	n/a	n/a	n/a	n/a	12	1	n/a	n/a	n/a	n/a	n/a	left
3	146.009	3.000	no response	n/a	retrieval	retprac	object	scene	face	no response	no response	13	1	127	79	179	231	146.0	n/a
3	151.137	0.718	correct	0.718	grate	n/a	n/a	n/a	n/a	n/a	n/a	13	1	n/a	n/a	n/a	n/a	n/a	right
3	152.376	0.310	correct	0.310	grate	n/a	n/a	n/a	n/a	n/a	n/a	13	1	n/a	n/a	n/a	n/a	n/a	right
3	153.210	0.406	correct	0.406	grate	n/a	n/a	n/a	n/a	n/a	n/a	13	1	n/a	n/a	n/a	n/a	n/a	left
3	154.126	0.408	correct	0.408	grate	n/a	n/a	n/a	n/a	n/a	n/a	13	1	n/a	n/a	n/a	n/a	n/a	right
3	155.060	0.364	correct	0.364	grate	n/a	n/a	n/a	n/a	n/a	n/a	13	1	n/a	n/a	n/a	n/a	n/a	right
3	155.943	0.376	correct	0.376	grate	n/a	n/a	n/a	n/a	n/a	n/a	13	1	n/a	n/a	n/a	n/a	n/a	left
3	156.843	0.100	incorrect	0.100	grate	n/a	n/a	n/a	n/a	n/a	n/a	13	1	n/a	n/a	n/a	n/a	n/a	right
3	158.025	3.000	remember	0.321	retrieval	retprac	face	scene	object	target	face	14	1	101	29	77	205	158.0	n/a
3	163.059	0.436	correct	0.436	grate	n/a	n/a	n/a	n/a	n/a	n/a	14	1	n/a	n/a	n/a	n/a	n/a	left
3	164.009	0.350	correct	0.350	grate	n/a	n/a	n/a	n/a	n/a	n/a	14	1	n/a	n/a	n/a	n/a	n/a	left
3	164.875	0.283	correct	0.283	grate	n/a	n/a	n/a	n/a	n/a	n/a	14	1	n/a	n/a	n/a	n/a	n/a	left
3	165.675	0.443	correct	0.443	grate	n/a	n/a	n/a	n/a	n/a	n/a	14	1	n/a	n/a	n/a	n/a	n/a	right
3	166.642	0.341	correct	0.341	grate	n/a	n/a	n/a	n/a	n/a	n/a	14	1	n/a	n/a	n/a	n/a	n/a	right
3	167.492	0.315	correct	0.315	grate	n/a	n/a	n/a	n/a	n/a	n/a	14	1	n/a	n/a	n/a	n/a	n/a	right
3	168.325	0.200	incorrect	0.200	grate	n/a	n/a	n/a	n/a	n/a	n/a	14	1	n/a	n/a	n/a	n/a	n/a	left
3	170.007	3.000	remember	0.388	retrieval	retprac	face	object	scene	target	face	15	1	55	7	55	107	170.0	n/a
3	175.042	0.420	correct	0.420	grate	n/a	n/a	n/a	n/a	n/a	n/a	15	1	n/a	n/a	n/a	n/a	n/a	right
3	175.974	0.319	correct	0.319	grate	n/a	n/a	n/a	n/a	n/a	n/a	15	1	n/a	n/a	n/a	n/a	n/a	right
3	176.809	0.477	correct	0.477	grate	n/a	n/a	n/a	n/a	n/a	n/a	15	1	n/a	n/a	n/a	n/a	n/a	left
3	177.807	0.310	correct	0.310	grate	n/a	n/a	n/a	n/a	n/a	n/a	15	1	n/a	n/a	n/a	n/a	n/a	right
3	178.641	0.429	correct	0.429	grate	n/a	n/a	n/a	n/a	n/a	n/a	15	1	n/a	n/a	n/a	n/a	n/a	left
3	179.591	0.416	correct	0.416	grate	n/a	n/a	n/a	n/a	n/a	n/a	15	1	n/a	n/a	n/a	n/a	n/a	left
3	180.524	0.100	incorrect	0.100	grate	n/a	n/a	n/a	n/a	n/a	n/a	15	1	n/a	n/a	n/a	n/a	n/a	right
3	182.006	3.000	remember	0.347	retrieval	retprac	scene	object	face	target	scene	16	1	75	123	275	127	182.0	n/a
3	187.042	0.404	correct	0.404	grate	n/a	n/a	n/a	n/a	n/a	n/a	16	1	n/a	n/a	n/a	n/a	n/a	left
3	187.957	0.345	correct	0.345	grate	n/a	n/a	n/a	n/a	n/a	n/a	16	1	n/a	n/a	n/a	n/a	n/a	left
3	188.823	0.422	incorrect	0.422	grate	n/a	n/a	n/a	n/a	n/a	n/a	16	1	n/a	n/a	n/a	n/a	n/a	right
3	189.756	0.513	correct	0.513	grate	n/a	n/a	n/a	n/a	n/a	n/a	16	1	n/a	n/a	n/a	n/a	n/a	right
3	190.790	0.376	correct	0.376	grate	n/a	n/a	n/a	n/a	n/a	n/a	16	1	n/a	n/a	n/a	n/a	n/a	right
3	191.690	0.380	correct	0.380	grate	n/a	n/a	n/a	n/a	n/a	n/a	16	1	n/a	n/a	n/a	n/a	n/a	right
3	192.589	0.100	incorrect	0.100	grate	n/a	n/a	n/a	n/a	n/a	n/a	16	1	n/a	n/a	n/a	n/a	n/a	left
3	194.022	3.000	remember	0.492	retrieval	restudy	scene	face	object	target	scene	17	1	32	104	256	32	194.0	n/a
3	199.057	0.461	correct	0.461	grate	n/a	n/a	n/a	n/a	n/a	n/a	17	1	n/a	n/a	n/a	n/a	n/a	left
3	200.039	0.406	correct	0.406	grate	n/a	n/a	n/a	n/a	n/a	n/a	17	1	n/a	n/a	n/a	n/a	n/a	right
3	200.955	0.378	correct	0.378	grate	n/a	n/a	n/a	n/a	n/a	n/a	17	1	n/a	n/a	n/a	n/a	n/a	right
3	201.855	0.422	correct	0.422	grate	n/a	n/a	n/a	n/a	n/a	n/a	17	1	n/a	n/a	n/a	n/a	n/a	left
3	202.789	1.721	correct	1.721	grate	n/a	n/a	n/a	n/a	n/a	n/a	17	1	n/a	n/a	n/a	n/a	n/a	left
3	205.022	0.100	incorrect	0.100	grate	n/a	n/a	n/a	n/a	n/a	n/a	17	1	n/a	n/a	n/a	n/a	n/a	left
3	206.021	3.000	remember	0.517	retrieval	retprac	face	object	scene	target	face	18	1	53	5	53	105	206.0	n/a
3	211.056	0.381	correct	0.381	grate	n/a	n/a	n/a	n/a	n/a	n/a	18	1	n/a	n/a	n/a	n/a	n/a	right
3	211.954	0.379	incorrect	0.379	grate	n/a	n/a	n/a	n/a	n/a	n/a	18	1	n/a	n/a	n/a	n/a	n/a	left
3	212.854	0.479	correct	0.479	grate	n/a	n/a	n/a	n/a	n/a	n/a	18	1	n/a	n/a	n/a	n/a	n/a	left
3	213.854	0.486	correct	0.486	grate	n/a	n/a	n/a	n/a	n/a	n/a	18	1	n/a	n/a	n/a	n/a	n/a	right
3	214.854	1.667	incorrect	1.667	grate	n/a	n/a	n/a	n/a	n/a	n/a	18	1	n/a	n/a	n/a	n/a	n/a	left
3	218.020	3.000	remember	0.342	retrieval	retprac	object	scene	face	target	object	19	1	121	73	173	225	218.0	n/a
3	223.055	0.373	correct	0.373	grate	n/a	n/a	n/a	n/a	n/a	n/a	19	1	n/a	n/a	n/a	n/a	n/a	left
3	223.937	0.484	correct	0.484	grate	n/a	n/a	n/a	n/a	n/a	n/a	19	1	n/a	n/a	n/a	n/a	n/a	right
3	224.937	0.500	correct	0.500	grate	n/a	n/a	n/a	n/a	n/a	n/a	19	1	n/a	n/a	n/a	n/a	n/a	left
3	225.953	0.339	correct	0.339	grate	n/a	n/a	n/a	n/a	n/a	n/a	19	1	n/a	n/a	n/a	n/a	n/a	right
3	226.803	0.385	correct	0.385	grate	n/a	n/a	n/a	n/a	n/a	n/a	19	1	n/a	n/a	n/a	n/a	n/a	left
3	227.703	0.389	correct	0.389	grate	n/a	n/a	n/a	n/a	n/a	n/a	19	1	n/a	n/a	n/a	n/a	n/a	right
3	228.603	0.100	incorrect	0.100	grate	n/a	n/a	n/a	n/a	n/a	n/a	19	1	n/a	n/a	n/a	n/a	n/a	left
3	230.018	3.000	forget	0.341	retrieval	retprac	object	face	scene	competitor	face	20	1	3	51	151	3	230.0	n/a
3	235.054	0.406	correct	0.406	grate	n/a	n/a	n/a	n/a	n/a	n/a	20	1	n/a	n/a	n/a	n/a	n/a	left
3	235.969	0.349	correct	0.349	grate	n/a	n/a	n/a	n/a	n/a	n/a	20	1	n/a	n/a	n/a	n/a	n/a	left
3	236.836	0.704	correct	0.704	grate	n/a	n/a	n/a	n/a	n/a	n/a	20	1	n/a	n/a	n/a	n/a	n/a	right
3	238.052	0.456	correct	0.456	grate	n/a	n/a	n/a	n/a	n/a	n/a	20	1	n/a	n/a	n/a	n/a	n/a	right
3	239.018	0.539	correct	0.539	grate	n/a	n/a	n/a	n/a	n/a	n/a	20	1	n/a	n/a	n/a	n/a	n/a	left
3	240.069	0.450	incorrect	0.450	grate	n/a	n/a	n/a	n/a	n/a	n/a	20	1	n/a	n/a	n/a	n/a	n/a	left
3	242.018	3.000	forget	0.414	retrieval	restudy	face	scene	object	competitor	scene	21	1	104	32	80	208	242.0	n/a
3	247.053	0.399	correct	0.399	grate	n/a	n/a	n/a	n/a	n/a	n/a	21	1	n/a	n/a	n/a	n/a	n/a	right
3	247.968	0.340	correct	0.340	grate	n/a	n/a	n/a	n/a	n/a	n/a	21	1	n/a	n/a	n/a	n/a	n/a	left
3	248.818	0.306	correct	0.306	grate	n/a	n/a	n/a	n/a	n/a	n/a	21	1	n/a	n/a	n/a	n/a	n/a	right
3	249.634	0.329	correct	0.329	grate	n/a	n/a	n/a	n/a	n/a	n/a	21	1	n/a	n/a	n/a	n/a	n/a	right
3	250.484	0.417	correct	0.417	grate	n/a	n/a	n/a	n/a	n/a	n/a	21	1	n/a	n/a	n/a	n/a	n/a	right
3	251.417	0.426	correct	0.426	grate	n/a	n/a	n/a	n/a	n/a	n/a	21	1	n/a	n/a	n/a	n/a	n/a	right
3	252.351	0.167	incorrect	0.167	grate	n/a	n/a	n/a	n/a	n/a	n/a	21	1	n/a	n/a	n/a	n/a	n/a	left
3	254.016	3.000	remember	0.344	retrieval	restudy	object	scene	face	target	object	22	1	126	78	178	230	254.0	n/a
3	259.052	0.376	correct	0.376	grate	n/a	n/a	n/a	n/a	n/a	n/a	22	1	n/a	n/a	n/a	n/a	n/a	left
3	259.950	0.511	correct	0.511	grate	n/a	n/a	n/a	n/a	n/a	n/a	22	1	n/a	n/a	n/a	n/a	n/a	right
3	260.983	0.324	incorrect	0.324	grate	n/a	n/a	n/a	n/a	n/a	n/a	22	1	n/a	n/a	n/a	n/a	n/a	right
3	261.817	0.587	correct	0.587	grate	n/a	n/a	n/a	n/a	n/a	n/a	22	1	n/a	n/a	n/a	n/a	n/a	right
3	262.916	0.553	correct	0.553	grate	n/a	n/a	n/a	n/a	n/a	n/a	22	1	n/a	n/a	n/a	n/a	n/a	left
3	263.983	0.396	correct	0.396	grate	n/a	n/a	n/a	n/a	n/a	n/a	22	1	n/a	n/a	n/a	n/a	n/a	right
3	264.900	0.100	incorrect	0.100	grate	n/a	n/a	n/a	n/a	n/a	n/a	22	1	n/a	n/a	n/a	n/a	n/a	left
3	266.015	3.000	remember	0.353	retrieval	retprac	object	scene	face	target	object	23	1	123	75	175	227	266.0	n/a
3	271.051	0.360	correct	0.360	grate	n/a	n/a	n/a	n/a	n/a	n/a	23	1	n/a	n/a	n/a	n/a	n/a	right
3	271.932	0.343	incorrect	0.343	grate	n/a	n/a	n/a	n/a	n/a	n/a	23	1	n/a	n/a	n/a	n/a	n/a	left
3	272.782	0.381	correct	0.381	grate	n/a	n/a	n/a	n/a	n/a	n/a	23	1	n/a	n/a	n/a	n/a	n/a	right
3	273.682	0.497	correct	0.497	grate	n/a	n/a	n/a	n/a	n/a	n/a	23	1	n/a	n/a	n/a	n/a	n/a	right
3	274.699	0.456	correct	0.456	grate	n/a	n/a	n/a	n/a	n/a	n/a	23	1	n/a	n/a	n/a	n/a	n/a	right
3	275.665	0.474	correct	0.474	grate	n/a	n/a	n/a	n/a	n/a	n/a	23	1	n/a	n/a	n/a	n/a	n/a	right
3	276.649	0.100	incorrect	0.100	grate	n/a	n/a	n/a	n/a	n/a	n/a	23	1	n/a	n/a	n/a	n/a	n/a	right
3	278.014	3.000	forget	0.425	retrieval	restudy	scene	face	object	competitor	face	24	1	30	102	254	30	278.0	n/a
3	283.049	0.458	correct	0.458	grate	n/a	n/a	n/a	n/a	n/a	n/a	24	1	n/a	n/a	n/a	n/a	n/a	left
3	284.031	0.396	correct	0.396	grate	n/a	n/a	n/a	n/a	n/a	n/a	24	1	n/a	n/a	n/a	n/a	n/a	right
3	284.948	0.407	correct	0.407	grate	n/a	n/a	n/a	n/a	n/a	n/a	24	1	n/a	n/a	n/a	n/a	n/a	right
3	285.864	0.442	correct	0.442	grate	n/a	n/a	n/a	n/a	n/a	n/a	24	1	n/a	n/a	n/a	n/a	n/a	right
3	286.831	1.508	correct	1.508	grate	n/a	n/a	n/a	n/a	n/a	n/a	24	1	n/a	n/a	n/a	n/a	n/a	right
3	288.848	0.100	incorrect	0.100	grate	n/a	n/a	n/a	n/a	n/a	n/a	24	1	n/a	n/a	n/a	n/a	n/a	right
3	290.013	3.000	remember	0.658	retrieval	restudy	face	object	scene	target	face	25	1	56	8	56	108	290.0	n/a
3	295.049	0.514	correct	0.514	grate	n/a	n/a	n/a	n/a	n/a	n/a	25	1	n/a	n/a	n/a	n/a	n/a	left
3	296.080	0.426	correct	0.426	grate	n/a	n/a	n/a	n/a	n/a	n/a	25	1	n/a	n/a	n/a	n/a	n/a	right
3	297.013	0.485	correct	0.485	grate	n/a	n/a	n/a	n/a	n/a	n/a	25	1	n/a	n/a	n/a	n/a	n/a	right
3	298.013	0.533	correct	0.533	grate	n/a	n/a	n/a	n/a	n/a	n/a	25	1	n/a	n/a	n/a	n/a	n/a	right
3	299.063	0.539	correct	0.539	grate	n/a	n/a	n/a	n/a	n/a	n/a	25	1	n/a	n/a	n/a	n/a	n/a	left
3	300.113	0.400	incorrect	0.400	grate	n/a	n/a	n/a	n/a	n/a	n/a	25	1	n/a	n/a	n/a	n/a	n/a	left
3	302.012	3.000	forget	0.634	retrieval	retprac	face	scene	object	competitor	scene	26	1	97	25	73	201	302.0	n/a
3	307.046	0.500	correct	0.500	grate	n/a	n/a	n/a	n/a	n/a	n/a	26	1	n/a	n/a	n/a	n/a	n/a	left
3	308.062	0.404	correct	0.404	grate	n/a	n/a	n/a	n/a	n/a	n/a	26	1	n/a	n/a	n/a	n/a	n/a	right
3	308.979	0.335	correct	0.335	grate	n/a	n/a	n/a	n/a	n/a	n/a	26	1	n/a	n/a	n/a	n/a	n/a	left
3	309.829	0.469	correct	0.469	grate	n/a	n/a	n/a	n/a	n/a	n/a	26	1	n/a	n/a	n/a	n/a	n/a	right
3	310.812	0.566	correct	0.566	grate	n/a	n/a	n/a	n/a	n/a	n/a	26	1	n/a	n/a	n/a	n/a	n/a	right
3	311.895	0.434	correct	0.434	grate	n/a	n/a	n/a	n/a	n/a	n/a	26	1	n/a	n/a	n/a	n/a	n/a	left
3	312.845	0.100	incorrect	0.100	grate	n/a	n/a	n/a	n/a	n/a	n/a	26	1	n/a	n/a	n/a	n/a	n/a	left
3	314.011	3.000	forget	0.442	retrieval	restudy	object	face	scene	competitor	face	27	1	4	52	152	4	314.0	n/a
3	319.047	0.419	correct	0.419	grate	n/a	n/a	n/a	n/a	n/a	n/a	27	1	n/a	n/a	n/a	n/a	n/a	left
3	319.978	1.489	correct	1.489	grate	n/a	n/a	n/a	n/a	n/a	n/a	27	1	n/a	n/a	n/a	n/a	n/a	right
3	321.978	0.376	correct	0.376	grate	n/a	n/a	n/a	n/a	n/a	n/a	27	1	n/a	n/a	n/a	n/a	n/a	right
3	322.878	0.388	correct	0.388	grate	n/a	n/a	n/a	n/a	n/a	n/a	27	1	n/a	n/a	n/a	n/a	n/a	right
3	323.778	0.440	correct	0.440	grate	n/a	n/a	n/a	n/a	n/a	n/a	27	1	n/a	n/a	n/a	n/a	n/a	left
3	324.728	0.100	incorrect	0.100	grate	n/a	n/a	n/a	n/a	n/a	n/a	27	1	n/a	n/a	n/a	n/a	n/a	right
3	326.010	3.000	don't know	0.412	retrieval	retprac	face	object	scene	don't know	don't know	28	1	51	3	51	103	326.0	n/a
3	331.045	0.645	correct	0.645	grate	n/a	n/a	n/a	n/a	n/a	n/a	28	1	n/a	n/a	n/a	n/a	n/a	right
3	332.210	0.615	incorrect	0.615	grate	n/a	n/a	n/a	n/a	n/a	n/a	28	1	n/a	n/a	n/a	n/a	n/a	left
3	333.344	0.017	incorrect	0.017	grate	n/a	n/a	n/a	n/a	n/a	n/a	28	1	n/a	n/a	n/a	n/a	n/a	right
3	333.895	0.458	correct	0.458	grate	n/a	n/a	n/a	n/a	n/a	n/a	28	1	n/a	n/a	n/a	n/a	n/a	right
3	334.877	0.414	correct	0.414	grate	n/a	n/a	n/a	n/a	n/a	n/a	28	1	n/a	n/a	n/a	n/a	n/a	right
3	335.810	0.583	correct	0.583	grate	n/a	n/a	n/a	n/a	n/a	n/a	28	1	n/a	n/a	n/a	n/a	n/a	right
3	336.910	0.100	incorrect	0.100	grate	n/a	n/a	n/a	n/a	n/a	n/a	28	1	n/a	n/a	n/a	n/a	n/a	right
3	338.009	3.000	forget	0.340	retrieval	restudy	face	scene	object	competitor	scene	29	1	100	28	76	204	338.0	n/a
3	343.043	0.423	correct	0.423	grate	n/a	n/a	n/a	n/a	n/a	n/a	29	1	n/a	n/a	n/a	n/a	n/a	left
3	343.976	0.394	correct	0.394	grate	n/a	n/a	n/a	n/a	n/a	n/a	29	1	n/a	n/a	n/a	n/a	n/a	left
3	344.893	0.436	correct	0.436	grate	n/a	n/a	n/a	n/a	n/a	n/a	29	1	n/a	n/a	n/a	n/a	n/a	right
3	345.842	0.663	correct	0.663	grate	n/a	n/a	n/a	n/a	n/a	n/a	29	1	n/a	n/a	n/a	n/a	n/a	right
3	347.025	0.599	correct	0.599	grate	n/a	n/a	n/a	n/a	n/a	n/a	29	1	n/a	n/a	n/a	n/a	n/a	left
3	348.142	0.367	incorrect	0.367	grate	n/a	n/a	n/a	n/a	n/a	n/a	29	1	n/a	n/a	n/a	n/a	n/a	left
3	350.008	3.000	remember	0.326	retrieval	restudy	scene	face	object	target	scene	30	1	28	100	252	28	350.0	n/a
3	355.042	0.415	correct	0.415	grate	n/a	n/a	n/a	n/a	n/a	n/a	30	1	n/a	n/a	n/a	n/a	n/a	right
3	355.975	0.354	correct	0.354	grate	n/a	n/a	n/a	n/a	n/a	n/a	30	1	n/a	n/a	n/a	n/a	n/a	left
3	356.841	0.408	correct	0.408	grate	n/a	n/a	n/a	n/a	n/a	n/a	30	1	n/a	n/a	n/a	n/a	n/a	left
3	357.758	0.460	correct	0.460	grate	n/a	n/a	n/a	n/a	n/a	n/a	30	1	n/a	n/a	n/a	n/a	n/a	left
3	358.741	0.803	correct	0.803	grate	n/a	n/a	n/a	n/a	n/a	n/a	30	1	n/a	n/a	n/a	n/a	n/a	left
3	360.058	0.450	incorrect	0.450	grate	n/a	n/a	n/a	n/a	n/a	n/a	30	1	n/a	n/a	n/a	n/a	n/a	right
3	362.007	3.000	remember	0.789	retrieval	restudy	scene	face	object	target	scene	31	1	26	98	250	26	362.0	n/a
3	367.041	0.511	correct	0.511	grate	n/a	n/a	n/a	n/a	n/a	n/a	31	1	n/a	n/a	n/a	n/a	n/a	left
3	368.074	0.407	correct	0.407	grate	n/a	n/a	n/a	n/a	n/a	n/a	31	1	n/a	n/a	n/a	n/a	n/a	left
3	368.990	0.522	correct	0.522	grate	n/a	n/a	n/a	n/a	n/a	n/a	31	1	n/a	n/a	n/a	n/a	n/a	left
3	370.024	0.400	correct	0.400	grate	n/a	n/a	n/a	n/a	n/a	n/a	31	1	n/a	n/a	n/a	n/a	n/a	left
3	370.940	0.428	correct	0.428	grate	n/a	n/a	n/a	n/a	n/a	n/a	31	1	n/a	n/a	n/a	n/a	n/a	right
3	371.890	0.470	correct	0.470	grate	n/a	n/a	n/a	n/a	n/a	n/a	31	1	n/a	n/a	n/a	n/a	n/a	right
3	372.873	0.100	incorrect	0.100	grate	n/a	n/a	n/a	n/a	n/a	n/a	31	1	n/a	n/a	n/a	n/a	n/a	left
3	374.006	3.000	forget	0.398	retrieval	restudy	face	object	scene	competitor	object	32	1	52	4	52	104	374.0	n/a
3	379.040	0.384	correct	0.384	grate	n/a	n/a	n/a	n/a	n/a	n/a	32	1	n/a	n/a	n/a	n/a	n/a	right
3	379.940	0.421	correct	0.421	grate	n/a	n/a	n/a	n/a	n/a	n/a	32	1	n/a	n/a	n/a	n/a	n/a	left
3	380.873	0.352	correct	0.352	grate	n/a	n/a	n/a	n/a	n/a	n/a	32	1	n/a	n/a	n/a	n/a	n/a	left
3	381.739	0.465	correct	0.465	grate	n/a	n/a	n/a	n/a	n/a	n/a	32	1	n/a	n/a	n/a	n/a	n/a	left
3	382.722	0.406	correct	0.406	grate	n/a	n/a	n/a	n/a	n/a	n/a	32	1	n/a	n/a	n/a	n/a	n/a	right
3	383.639	0.465	correct	0.465	grate	n/a	n/a	n/a	n/a	n/a	n/a	32	1	n/a	n/a	n/a	n/a	n/a	right
3	384.622	0.100	incorrect	0.100	grate	n/a	n/a	n/a	n/a	n/a	n/a	32	1	n/a	n/a	n/a	n/a	n/a	left
3	386.021	3.000	remember	0.350	retrieval	retprac	scene	object	face	target	scene	33	1	77	125	277	129	386.0	n/a
3	391.055	0.368	correct	0.368	grate	n/a	n/a	n/a	n/a	n/a	n/a	33	1	n/a	n/a	n/a	n/a	n/a	right
3	391.938	0.358	correct	0.358	grate	n/a	n/a	n/a	n/a	n/a	n/a	33	1	n/a	n/a	n/a	n/a	n/a	right
3	392.805	0.483	correct	0.483	grate	n/a	n/a	n/a	n/a	n/a	n/a	33	1	n/a	n/a	n/a	n/a	n/a	left
3	393.805	0.347	correct	0.347	grate	n/a	n/a	n/a	n/a	n/a	n/a	33	1	n/a	n/a	n/a	n/a	n/a	left
3	394.671	1.264	correct	1.264	grate	n/a	n/a	n/a	n/a	n/a	n/a	33	1	n/a	n/a	n/a	n/a	n/a	left
3	396.455	0.067	incorrect	0.067	grate	n/a	n/a	n/a	n/a	n/a	n/a	33	1	n/a	n/a	n/a	n/a	n/a	right
3	398.020	3.000	remember	0.408	retrieval	retprac	scene	face	object	target	scene	34	1	31	103	255	31	398.0	n/a
3	403.055	0.376	correct	0.376	grate	n/a	n/a	n/a	n/a	n/a	n/a	34	1	n/a	n/a	n/a	n/a	n/a	right
3	403.954	0.349	correct	0.349	grate	n/a	n/a	n/a	n/a	n/a	n/a	34	1	n/a	n/a	n/a	n/a	n/a	left
3	404.820	2.707	correct	2.707	grate	n/a	n/a	n/a	n/a	n/a	n/a	34	1	n/a	n/a	n/a	n/a	n/a	left
3	408.037	0.483	incorrect	0.483	grate	n/a	n/a	n/a	n/a	n/a	n/a	34	1	n/a	n/a	n/a	n/a	n/a	right
3	410.019	3.000	forget	0.626	retrieval	restudy	object	face	scene	other	scene	35	1	8	56	156	8	410.0	n/a
3	415.054	0.410	correct	0.410	grate	n/a	n/a	n/a	n/a	n/a	n/a	35	1	n/a	n/a	n/a	n/a	n/a	left
3	415.986	0.461	correct	0.461	grate	n/a	n/a	n/a	n/a	n/a	n/a	35	1	n/a	n/a	n/a	n/a	n/a	right
3	416.969	0.349	correct	0.349	grate	n/a	n/a	n/a	n/a	n/a	n/a	35	1	n/a	n/a	n/a	n/a	n/a	left
3	417.836	0.380	correct	0.380	grate	n/a	n/a	n/a	n/a	n/a	n/a	35	1	n/a	n/a	n/a	n/a	n/a	left
3	418.736	0.383	correct	0.383	grate	n/a	n/a	n/a	n/a	n/a	n/a	35	1	n/a	n/a	n/a	n/a	n/a	left
3	419.636	0.499	correct	0.499	grate	n/a	n/a	n/a	n/a	n/a	n/a	35	1	n/a	n/a	n/a	n/a	n/a	right
3	420.653	0.100	incorrect	0.100	grate	n/a	n/a	n/a	n/a	n/a	n/a	35	1	n/a	n/a	n/a	n/a	n/a	left
3	422.018	3.000	forget	0.329	retrieval	retprac	scene	object	face	other	face	36	1	73	121	273	125	422.0	n/a
3	427.053	0.380	correct	0.380	grate	n/a	n/a	n/a	n/a	n/a	n/a	36	1	n/a	n/a	n/a	n/a	n/a	right
3	427.952	0.415	correct	0.415	grate	n/a	n/a	n/a	n/a	n/a	n/a	36	1	n/a	n/a	n/a	n/a	n/a	right
3	428.885	0.417	correct	0.417	grate	n/a	n/a	n/a	n/a	n/a	n/a	36	1	n/a	n/a	n/a	n/a	n/a	left
3	429.818	0.381	correct	0.381	grate	n/a	n/a	n/a	n/a	n/a	n/a	36	1	n/a	n/a	n/a	n/a	n/a	right
3	430.718	0.384	correct	0.384	grate	n/a	n/a	n/a	n/a	n/a	n/a	36	1	n/a	n/a	n/a	n/a	n/a	left
3	431.618	0.396	correct	0.396	grate	n/a	n/a	n/a	n/a	n/a	n/a	36	1	n/a	n/a	n/a	n/a	n/a	right
3	432.535	0.100	incorrect	0.100	grate	n/a	n/a	n/a	n/a	n/a	n/a	36	1	n/a	n/a	n/a	n/a	n/a	right
3	434.017	3.000	forget	0.386	retrieval	restudy	object	scene	face	other	face	37	1	128	80	180	232	434.0	n/a
3	439.052	0.467	correct	0.467	grate	n/a	n/a	n/a	n/a	n/a	n/a	37	1	n/a	n/a	n/a	n/a	n/a	right
3	440.034	0.366	correct	0.366	grate	n/a	n/a	n/a	n/a	n/a	n/a	37	1	n/a	n/a	n/a	n/a	n/a	right
3	440.917	0.425	correct	0.425	grate	n/a	n/a	n/a	n/a	n/a	n/a	37	1	n/a	n/a	n/a	n/a	n/a	right
3	441.867	0.403	correct	0.403	grate	n/a	n/a	n/a	n/a	n/a	n/a	37	1	n/a	n/a	n/a	n/a	n/a	left
3	442.784	0.358	correct	0.358	grate	n/a	n/a	n/a	n/a	n/a	n/a	37	1	n/a	n/a	n/a	n/a	n/a	left
3	443.667	0.389	correct	0.389	grate	n/a	n/a	n/a	n/a	n/a	n/a	37	1	n/a	n/a	n/a	n/a	n/a	left
3	444.567	0.100	incorrect	0.100	grate	n/a	n/a	n/a	n/a	n/a	n/a	37	1	n/a	n/a	n/a	n/a	n/a	left
3	446.016	3.000	remember	0.322	retrieval	retprac	object	face	scene	target	object	38	1	5	53	153	5	446.0	n/a
3	451.050	0.412	correct	0.412	grate	n/a	n/a	n/a	n/a	n/a	n/a	38	1	n/a	n/a	n/a	n/a	n/a	right
3	451.983	0.375	correct	0.375	grate	n/a	n/a	n/a	n/a	n/a	n/a	38	1	n/a	n/a	n/a	n/a	n/a	right
3	452.883	0.419	correct	0.419	grate	n/a	n/a	n/a	n/a	n/a	n/a	38	1	n/a	n/a	n/a	n/a	n/a	right
3	453.816	0.454	correct	0.454	grate	n/a	n/a	n/a	n/a	n/a	n/a	38	1	n/a	n/a	n/a	n/a	n/a	right
3	454.783	0.423	correct	0.423	grate	n/a	n/a	n/a	n/a	n/a	n/a	38	1	n/a	n/a	n/a	n/a	n/a	left
3	455.733	0.562	correct	0.562	grate	n/a	n/a	n/a	n/a	n/a	n/a	38	1	n/a	n/a	n/a	n/a	n/a	right
3	456.816	0.100	incorrect	0.100	grate	n/a	n/a	n/a	n/a	n/a	n/a	38	1	n/a	n/a	n/a	n/a	n/a	left
3	458.015	3.000	remember	0.298	retrieval	restudy	object	face	scene	target	object	39	1	6	54	154	6	458.0	n/a
3	463.049	0.388	correct	0.388	grate	n/a	n/a	n/a	n/a	n/a	n/a	39	1	n/a	n/a	n/a	n/a	n/a	right
3	463.948	0.369	correct	0.369	grate	n/a	n/a	n/a	n/a	n/a	n/a	39	1	n/a	n/a	n/a	n/a	n/a	right
3	464.832	0.518	correct	0.518	grate	n/a	n/a	n/a	n/a	n/a	n/a	39	1	n/a	n/a	n/a	n/a	n/a	left
3	465.865	0.572	correct	0.572	grate	n/a	n/a	n/a	n/a	n/a	n/a	39	1	n/a	n/a	n/a	n/a	n/a	right
3	466.965	0.408	correct	0.408	grate	n/a	n/a	n/a	n/a	n/a	n/a	39	1	n/a	n/a	n/a	n/a	n/a	left
3	467.898	0.499	correct	0.499	grate	n/a	n/a	n/a	n/a	n/a	n/a	39	1	n/a	n/a	n/a	n/a	n/a	right
3	468.915	0.100	incorrect	0.100	grate	n/a	n/a	n/a	n/a	n/a	n/a	39	1	n/a	n/a	n/a	n/a	n/a	left
3	470.014	3.000	forget	0.315	retrieval	restudy	scene	object	face	other	face	40	1	74	122	274	126	470.0	n/a
3	475.048	0.421	correct	0.421	grate	n/a	n/a	n/a	n/a	n/a	n/a	40	1	n/a	n/a	n/a	n/a	n/a	right
3	475.981	1.480	correct	1.480	grate	n/a	n/a	n/a	n/a	n/a	n/a	40	1	n/a	n/a	n/a	n/a	n/a	left
3	477.981	0.482	correct	0.482	grate	n/a	n/a	n/a	n/a	n/a	n/a	40	1	n/a	n/a	n/a	n/a	n/a	left
3	478.981	0.424	correct	0.424	grate	n/a	n/a	n/a	n/a	n/a	n/a	40	1	n/a	n/a	n/a	n/a	n/a	left
3	479.931	0.355	correct	0.355	grate	n/a	n/a	n/a	n/a	n/a	n/a	40	1	n/a	n/a	n/a	n/a	n/a	left
3	480.797	0.100	incorrect	0.100	grate	n/a	n/a	n/a	n/a	n/a	n/a	40	1	n/a	n/a	n/a	n/a	n/a	left
3	482.013	3.000	remember	0.436	retrieval	retprac	face	object	scene	target	face	41	1	49	1	49	101	482.0	n/a
3	487.047	0.446	correct	0.446	grate	n/a	n/a	n/a	n/a	n/a	n/a	41	1	n/a	n/a	n/a	n/a	n/a	left
3	488.013	0.440	correct	0.440	grate	n/a	n/a	n/a	n/a	n/a	n/a	41	1	n/a	n/a	n/a	n/a	n/a	left
3	488.963	0.426	correct	0.426	grate	n/a	n/a	n/a	n/a	n/a	n/a	41	1	n/a	n/a	n/a	n/a	n/a	left
3	489.913	0.444	correct	0.444	grate	n/a	n/a	n/a	n/a	n/a	n/a	41	1	n/a	n/a	n/a	n/a	n/a	left
3	490.879	0.469	correct	0.469	grate	n/a	n/a	n/a	n/a	n/a	n/a	41	1	n/a	n/a	n/a	n/a	n/a	right
3	491.863	0.390	correct	0.390	grate	n/a	n/a	n/a	n/a	n/a	n/a	41	1	n/a	n/a	n/a	n/a	n/a	right
3	492.763	0.100	incorrect	0.100	grate	n/a	n/a	n/a	n/a	n/a	n/a	41	1	n/a	n/a	n/a	n/a	n/a	left
3	494.012	3.000	remember	0.293	retrieval	restudy	face	object	scene	target	face	42	1	50	2	50	102	494.0	n/a
3	499.046	0.590	correct	0.590	grate	n/a	n/a	n/a	n/a	n/a	n/a	42	1	n/a	n/a	n/a	n/a	n/a	right
3	500.145	0.427	correct	0.427	grate	n/a	n/a	n/a	n/a	n/a	n/a	42	1	n/a	n/a	n/a	n/a	n/a	right
3	501.095	0.382	correct	0.382	grate	n/a	n/a	n/a	n/a	n/a	n/a	42	1	n/a	n/a	n/a	n/a	n/a	left
3	501.995	0.482	correct	0.482	grate	n/a	n/a	n/a	n/a	n/a	n/a	42	1	n/a	n/a	n/a	n/a	n/a	left
3	502.995	0.417	correct	0.417	grate	n/a	n/a	n/a	n/a	n/a	n/a	42	1	n/a	n/a	n/a	n/a	n/a	right
3	503.928	0.373	correct	0.373	grate	n/a	n/a	n/a	n/a	n/a	n/a	42	1	n/a	n/a	n/a	n/a	n/a	left
3	504.812	0.100	incorrect	0.100	grate	n/a	n/a	n/a	n/a	n/a	n/a	42	1	n/a	n/a	n/a	n/a	n/a	left
3	506.011	3.000	remember	0.301	retrieval	retprac	scene	face	object	target	scene	43	1	27	99	251	27	506.0	n/a
3	511.045	0.439	correct	0.439	grate	n/a	n/a	n/a	n/a	n/a	n/a	43	1	n/a	n/a	n/a	n/a	n/a	left
3	512.011	0.337	correct	0.337	grate	n/a	n/a	n/a	n/a	n/a	n/a	43	1	n/a	n/a	n/a	n/a	n/a	left
3	512.861	0.415	correct	0.415	grate	n/a	n/a	n/a	n/a	n/a	n/a	43	1	n/a	n/a	n/a	n/a	n/a	left
3	513.794	0.474	correct	0.474	grate	n/a	n/a	n/a	n/a	n/a	n/a	43	1	n/a	n/a	n/a	n/a	n/a	left
3	514.794	0.370	correct	0.370	grate	n/a	n/a	n/a	n/a	n/a	n/a	43	1	n/a	n/a	n/a	n/a	n/a	right
3	515.677	0.424	correct	0.424	grate	n/a	n/a	n/a	n/a	n/a	n/a	43	1	n/a	n/a	n/a	n/a	n/a	left
3	516.610	0.100	incorrect	0.100	grate	n/a	n/a	n/a	n/a	n/a	n/a	43	1	n/a	n/a	n/a	n/a	n/a	left
3	518.010	3.000	forget	0.294	retrieval	restudy	scene	object	face	other	face	44	1	76	124	276	128	518.0	n/a
3	523.044	0.345	correct	0.345	grate	n/a	n/a	n/a	n/a	n/a	n/a	44	1	n/a	n/a	n/a	n/a	n/a	left
3	523.910	0.395	correct	0.395	grate	n/a	n/a	n/a	n/a	n/a	n/a	44	1	n/a	n/a	n/a	n/a	n/a	left
3	524.826	1.555	correct	1.555	grate	n/a	n/a	n/a	n/a	n/a	n/a	44	1	n/a	n/a	n/a	n/a	n/a	left
3	526.893	0.572	correct	0.572	grate	n/a	n/a	n/a	n/a	n/a	n/a	44	1	n/a	n/a	n/a	n/a	n/a	right
3	527.976	0.534	incorrect	0.534	grate	n/a	n/a	n/a	n/a	n/a	n/a	44	1	n/a	n/a	n/a	n/a	n/a	left
3	530.008	3.000	remember	0.399	retrieval	retprac	object	face	scene	target	object	45	1	1	49	149	1	530.0	n/a
3	535.043	0.480	correct	0.480	grate	n/a	n/a	n/a	n/a	n/a	n/a	45	1	n/a	n/a	n/a	n/a	n/a	right
3	536.042	0.337	correct	0.337	grate	n/a	n/a	n/a	n/a	n/a	n/a	45	1	n/a	n/a	n/a	n/a	n/a	right
3	536.892	0.407	correct	0.407	grate	n/a	n/a	n/a	n/a	n/a	n/a	45	1	n/a	n/a	n/a	n/a	n/a	right
3	537.808	0.420	correct	0.420	grate	n/a	n/a	n/a	n/a	n/a	n/a	45	1	n/a	n/a	n/a	n/a	n/a	right
3	538.742	0.463	correct	0.463	grate	n/a	n/a	n/a	n/a	n/a	n/a	45	1	n/a	n/a	n/a	n/a	n/a	right
3	539.725	0.366	incorrect	0.366	grate	n/a	n/a	n/a	n/a	n/a	n/a	45	1	n/a	n/a	n/a	n/a	n/a	left
3	540.608	0.100	incorrect	0.100	grate	n/a	n/a	n/a	n/a	n/a	n/a	45	1	n/a	n/a	n/a	n/a	n/a	left
3	542.007	3.000	forget	0.505	retrieval	retprac	scene	object	face	competitor	object	46	1	79	127	279	131	542.0	n/a
3	547.042	1.057	correct	1.057	grate	n/a	n/a	n/a	n/a	n/a	n/a	46	1	n/a	n/a	n/a	n/a	n/a	right
3	548.607	0.451	correct	0.451	grate	n/a	n/a	n/a	n/a	n/a	n/a	46	1	n/a	n/a	n/a	n/a	n/a	left
3	549.574	0.016	incorrect	0.016	grate	n/a	n/a	n/a	n/a	n/a	n/a	46	1	n/a	n/a	n/a	n/a	n/a	right
3	550.108	0.607	correct	0.607	grate	n/a	n/a	n/a	n/a	n/a	n/a	46	1	n/a	n/a	n/a	n/a	n/a	left
3	551.241	0.522	correct	0.522	grate	n/a	n/a	n/a	n/a	n/a	n/a	46	1	n/a	n/a	n/a	n/a	n/a	right
3	552.274	0.233	incorrect	0.233	grate	n/a	n/a	n/a	n/a	n/a	n/a	46	1	n/a	n/a	n/a	n/a	n/a	left
3	554.006	3.000	forget	0.405	retrieval	restudy	scene	object	face	competitor	object	47	1	80	128	280	132	554.0	n/a
3	559.041	0.450	correct	0.450	grate	n/a	n/a	n/a	n/a	n/a	n/a	47	1	n/a	n/a	n/a	n/a	n/a	right
3	560.007	0.356	correct	0.356	grate	n/a	n/a	n/a	n/a	n/a	n/a	47	1	n/a	n/a	n/a	n/a	n/a	left
3	560.873	0.434	correct	0.434	grate	n/a	n/a	n/a	n/a	n/a	n/a	47	1	n/a	n/a	n/a	n/a	n/a	left
3	561.823	0.372	correct	0.372	grate	n/a	n/a	n/a	n/a	n/a	n/a	47	1	n/a	n/a	n/a	n/a	n/a	right
3	562.706	0.424	correct	0.424	grate	n/a	n/a	n/a	n/a	n/a	n/a	47	1	n/a	n/a	n/a	n/a	n/a	right
3	563.640	0.459	correct	0.459	grate	n/a	n/a	n/a	n/a	n/a	n/a	47	1	n/a	n/a	n/a	n/a	n/a	left
3	564.623	0.100	incorrect	0.100	grate	n/a	n/a	n/a	n/a	n/a	n/a	47	1	n/a	n/a	n/a	n/a	n/a	right
3	566.022	3.000	forget	0.544	retrieval	retprac	scene	face	object	other	object	48	1	29	101	253	29	566.0	n/a
3	571.056	0.555	correct	0.555	grate	n/a	n/a	n/a	n/a	n/a	n/a	48	1	n/a	n/a	n/a	n/a	n/a	left
3	572.122	0.400	correct	0.400	grate	n/a	n/a	n/a	n/a	n/a	n/a	48	1	n/a	n/a	n/a	n/a	n/a	right
3	573.039	0.428	correct	0.428	grate	n/a	n/a	n/a	n/a	n/a	n/a	48	1	n/a	n/a	n/a	n/a	n/a	left
3	573.989	0.326	correct	0.326	grate	n/a	n/a	n/a	n/a	n/a	n/a	48	1	n/a	n/a	n/a	n/a	n/a	right
3	574.839	1.683	incorrect	1.683	grate	n/a	n/a	n/a	n/a	n/a	n/a	48	1	n/a	n/a	n/a	n/a	n/a	left
3	2.013	3.000	forget	0.314	retrieval	retprac	scene	face	object	competitor	face	1	2	39	111	263	39	2.0	n/a
3	7.048	0.555	correct	0.555	grate	n/a	n/a	n/a	n/a	n/a	n/a	1	2	n/a	n/a	n/a	n/a	n/a	left
3	8.114	0.473	correct	0.473	grate	n/a	n/a	n/a	n/a	n/a	n/a	1	2	n/a	n/a	n/a	n/a	n/a	left
3	9.097	0.370	correct	0.370	grate	n/a	n/a	n/a	n/a	n/a	n/a	1	2	n/a	n/a	n/a	n/a	n/a	left
3	9.980	0.399	correct	0.399	grate	n/a	n/a	n/a	n/a	n/a	n/a	1	2	n/a	n/a	n/a	n/a	n/a	left
3	10.897	0.378	correct	0.378	grate	n/a	n/a	n/a	n/a	n/a	n/a	1	2	n/a	n/a	n/a	n/a	n/a	right
3	11.797	0.534	correct	0.534	grate	n/a	n/a	n/a	n/a	n/a	n/a	1	2	n/a	n/a	n/a	n/a	n/a	left
3	12.847	0.100	incorrect	0.100	grate	n/a	n/a	n/a	n/a	n/a	n/a	1	2	n/a	n/a	n/a	n/a	n/a	right
3	14.012	3.000	remember	0.394	retrieval	restudy	face	scene	object	target	face	2	2	106	34	82	210	14.0	n/a
3	19.048	0.410	correct	0.410	grate	n/a	n/a	n/a	n/a	n/a	n/a	2	2	n/a	n/a	n/a	n/a	n/a	right
3	19.979	0.471	correct	0.471	grate	n/a	n/a	n/a	n/a	n/a	n/a	2	2	n/a	n/a	n/a	n/a	n/a	left
3	20.963	0.712	correct	0.712	grate	n/a	n/a	n/a	n/a	n/a	n/a	2	2	n/a	n/a	n/a	n/a	n/a	right
3	22.196	0.376	correct	0.376	grate	n/a	n/a	n/a	n/a	n/a	n/a	2	2	n/a	n/a	n/a	n/a	n/a	left
3	23.079	0.443	correct	0.443	grate	n/a	n/a	n/a	n/a	n/a	n/a	2	2	n/a	n/a	n/a	n/a	n/a	right
3	24.046	0.467	incorrect	0.467	grate	n/a	n/a	n/a	n/a	n/a	n/a	2	2	n/a	n/a	n/a	n/a	n/a	left
3	26.011	3.000	remember	0.843	retrieval	restudy	scene	object	face	target	scene	3	2	88	136	288	140	26.0	n/a
3	31.047	0.427	correct	0.427	grate	n/a	n/a	n/a	n/a	n/a	n/a	3	2	n/a	n/a	n/a	n/a	n/a	right
3	31.995	0.439	correct	0.439	grate	n/a	n/a	n/a	n/a	n/a	n/a	3	2	n/a	n/a	n/a	n/a	n/a	right
3	32.945	0.361	correct	0.361	grate	n/a	n/a	n/a	n/a	n/a	n/a	3	2	n/a	n/a	n/a	n/a	n/a	right
3	33.828	0.439	correct	0.439	grate	n/a	n/a	n/a	n/a	n/a	n/a	3	2	n/a	n/a	n/a	n/a	n/a	left
3	34.778	0.544	correct	0.544	grate	n/a	n/a	n/a	n/a	n/a	n/a	3	2	n/a	n/a	n/a	n/a	n/a	right
3	35.845	0.357	correct	0.357	grate	n/a	n/a	n/a	n/a	n/a	n/a	3	2	n/a	n/a	n/a	n/a	n/a	right
3	36.711	0.100	incorrect	0.100	grate	n/a	n/a	n/a	n/a	n/a	n/a	3	2	n/a	n/a	n/a	n/a	n/a	left
3	38.010	3.000	forget	0.867	retrieval	retprac	face	scene	object	other	object	4	2	105	33	81	209	38.0	n/a
3	43.046	0.412	correct	0.412	grate	n/a	n/a	n/a	n/a	n/a	n/a	4	2	n/a	n/a	n/a	n/a	n/a	right
3	43.977	0.361	correct	0.361	grate	n/a	n/a	n/a	n/a	n/a	n/a	4	2	n/a	n/a	n/a	n/a	n/a	right
3	44.861	1.261	correct	1.261	grate	n/a	n/a	n/a	n/a	n/a	n/a	4	2	n/a	n/a	n/a	n/a	n/a	left
3	46.644	0.503	correct	0.503	grate	n/a	n/a	n/a	n/a	n/a	n/a	4	2	n/a	n/a	n/a	n/a	n/a	right
3	47.660	0.493	correct	0.493	grate	n/a	n/a	n/a	n/a	n/a	n/a	4	2	n/a	n/a	n/a	n/a	n/a	left
3	48.677	0.100	incorrect	0.100	grate	n/a	n/a	n/a	n/a	n/a	n/a	4	2	n/a	n/a	n/a	n/a	n/a	left
3	50.009	3.000	remember	0.356	retrieval	retprac	face	scene	object	target	face	5	2	109	37	85	213	50.0	n/a
3	55.045	0.492	correct	0.492	grate	n/a	n/a	n/a	n/a	n/a	n/a	5	2	n/a	n/a	n/a	n/a	n/a	right
3	56.059	0.398	correct	0.398	grate	n/a	n/a	n/a	n/a	n/a	n/a	5	2	n/a	n/a	n/a	n/a	n/a	right
3	56.976	0.467	correct	0.467	grate	n/a	n/a	n/a	n/a	n/a	n/a	5	2	n/a	n/a	n/a	n/a	n/a	left
3	57.959	0.362	correct	0.362	grate	n/a	n/a	n/a	n/a	n/a	n/a	5	2	n/a	n/a	n/a	n/a	n/a	left
3	58.843	1.666	incorrect	1.666	grate	n/a	n/a	n/a	n/a	n/a	n/a	5	2	n/a	n/a	n/a	n/a	n/a	left
3	62.008	3.000	remember	0.541	retrieval	restudy	object	face	scene	target	object	6	2	14	62	162	14	62.0	n/a
3	67.043	0.598	correct	0.598	grate	n/a	n/a	n/a	n/a	n/a	n/a	6	2	n/a	n/a	n/a	n/a	n/a	left
3	68.158	0.370	correct	0.370	grate	n/a	n/a	n/a	n/a	n/a	n/a	6	2	n/a	n/a	n/a	n/a	n/a	right
3	69.041	0.376	correct	0.376	grate	n/a	n/a	n/a	n/a	n/a	n/a	6	2	n/a	n/a	n/a	n/a	n/a	left
3	69.925	0.364	correct	0.364	grate	n/a	n/a	n/a	n/a	n/a	n/a	6	2	n/a	n/a	n/a	n/a	n/a	right
3	70.808	0.425	correct	0.425	grate	n/a	n/a	n/a	n/a	n/a	n/a	6	2	n/a	n/a	n/a	n/a	n/a	left
3	71.741	0.452	correct	0.452	grate	n/a	n/a	n/a	n/a	n/a	n/a	6	2	n/a	n/a	n/a	n/a	n/a	left
3	72.708	0.100	incorrect	0.100	grate	n/a	n/a	n/a	n/a	n/a	n/a	6	2	n/a	n/a	n/a	n/a	n/a	left
3	74.007	3.000	forget	0.413	retrieval	retprac	object	scene	face	competitor	scene	7	2	131	83	183	235	74.0	n/a
3	79.043	0.589	correct	0.589	grate	n/a	n/a	n/a	n/a	n/a	n/a	7	2	n/a	n/a	n/a	n/a	n/a	left
3	80.141	0.412	correct	0.412	grate	n/a	n/a	n/a	n/a	n/a	n/a	7	2	n/a	n/a	n/a	n/a	n/a	right
3	81.074	0.391	correct	0.391	grate	n/a	n/a	n/a	n/a	n/a	n/a	7	2	n/a	n/a	n/a	n/a	n/a	left
3	81.974	0.379	correct	0.379	grate	n/a	n/a	n/a	n/a	n/a	n/a	7	2	n/a	n/a	n/a	n/a	n/a	right
3	82.874	0.431	correct	0.431	grate	n/a	n/a	n/a	n/a	n/a	n/a	7	2	n/a	n/a	n/a	n/a	n/a	right
3	83.824	0.489	correct	0.489	grate	n/a	n/a	n/a	n/a	n/a	n/a	7	2	n/a	n/a	n/a	n/a	n/a	right
3	84.824	0.100	incorrect	0.100	grate	n/a	n/a	n/a	n/a	n/a	n/a	7	2	n/a	n/a	n/a	n/a	n/a	left
3	86.006	3.000	remember	0.318	retrieval	retprac	object	face	scene	target	object	8	2	11	59	159	11	86.0	n/a
3	91.042	0.439	correct	0.439	grate	n/a	n/a	n/a	n/a	n/a	n/a	8	2	n/a	n/a	n/a	n/a	n/a	left
3	91.990	0.379	correct	0.379	grate	n/a	n/a	n/a	n/a	n/a	n/a	8	2	n/a	n/a	n/a	n/a	n/a	right
3	92.890	0.351	correct	0.351	grate	n/a	n/a	n/a	n/a	n/a	n/a	8	2	n/a	n/a	n/a	n/a	n/a	left
3	93.756	0.413	correct	0.413	grate	n/a	n/a	n/a	n/a	n/a	n/a	8	2	n/a	n/a	n/a	n/a	n/a	left
3	94.689	0.336	correct	0.336	grate	n/a	n/a	n/a	n/a	n/a	n/a	8	2	n/a	n/a	n/a	n/a	n/a	left
3	95.539	0.365	incorrect	0.365	grate	n/a	n/a	n/a	n/a	n/a	n/a	8	2	n/a	n/a	n/a	n/a	n/a	right
3	96.423	0.083	incorrect	0.083	grate	n/a	n/a	n/a	n/a	n/a	n/a	8	2	n/a	n/a	n/a	n/a	n/a	right
3	98.021	3.000	remember	0.294	retrieval	retprac	face	object	scene	target	face	9	2	57	9	57	109	98.0	n/a
3	103.057	0.431	correct	0.431	grate	n/a	n/a	n/a	n/a	n/a	n/a	9	2	n/a	n/a	n/a	n/a	n/a	right
3	104.005	0.379	correct	0.379	grate	n/a	n/a	n/a	n/a	n/a	n/a	9	2	n/a	n/a	n/a	n/a	n/a	left
3	104.905	0.359	correct	0.359	grate	n/a	n/a	n/a	n/a	n/a	n/a	9	2	n/a	n/a	n/a	n/a	n/a	right
3	105.772	0.564	correct	0.564	grate	n/a	n/a	n/a	n/a	n/a	n/a	9	2	n/a	n/a	n/a	n/a	n/a	right
3	106.855	0.313	incorrect	0.313	grate	n/a	n/a	n/a	n/a	n/a	n/a	9	2	n/a	n/a	n/a	n/a	n/a	left
3	107.688	0.576	correct	0.576	grate	n/a	n/a	n/a	n/a	n/a	n/a	9	2	n/a	n/a	n/a	n/a	n/a	left
3	108.771	0.100	incorrect	0.100	grate	n/a	n/a	n/a	n/a	n/a	n/a	9	2	n/a	n/a	n/a	n/a	n/a	left
3	110.020	3.000	forget	0.399	retrieval	restudy	scene	object	face	competitor	object	10	2	82	130	282	134	110.0	n/a
3	115.056	0.464	correct	0.464	grate	n/a	n/a	n/a	n/a	n/a	n/a	10	2	n/a	n/a	n/a	n/a	n/a	left
3	116.037	0.362	correct	0.362	grate	n/a	n/a	n/a	n/a	n/a	n/a	10	2	n/a	n/a	n/a	n/a	n/a	right
3	116.921	0.408	correct	0.408	grate	n/a	n/a	n/a	n/a	n/a	n/a	10	2	n/a	n/a	n/a	n/a	n/a	left
3	117.837	0.394	correct	0.394	grate	n/a	n/a	n/a	n/a	n/a	n/a	10	2	n/a	n/a	n/a	n/a	n/a	right
3	118.754	1.767	incorrect	1.767	grate	n/a	n/a	n/a	n/a	n/a	n/a	10	2	n/a	n/a	n/a	n/a	n/a	left
3	122.019	3.000	remember	0.368	retrieval	restudy	scene	face	object	target	scene	11	2	40	112	264	40	122.0	n/a
3	127.055	0.432	correct	0.432	grate	n/a	n/a	n/a	n/a	n/a	n/a	11	2	n/a	n/a	n/a	n/a	n/a	right
3	128.003	0.381	correct	0.381	grate	n/a	n/a	n/a	n/a	n/a	n/a	11	2	n/a	n/a	n/a	n/a	n/a	right
3	128.903	0.448	correct	0.448	grate	n/a	n/a	n/a	n/a	n/a	n/a	11	2	n/a	n/a	n/a	n/a	n/a	left
3	129.870	0.441	correct	0.441	grate	n/a	n/a	n/a	n/a	n/a	n/a	11	2	n/a	n/a	n/a	n/a	n/a	right
3	130.819	0.428	correct	0.428	grate	n/a	n/a	n/a	n/a	n/a	n/a	11	2	n/a	n/a	n/a	n/a	n/a	left
3	131.769	0.502	correct	0.502	grate	n/a	n/a	n/a	n/a	n/a	n/a	11	2	n/a	n/a	n/a	n/a	n/a	right
3	132.786	0.100	incorrect	0.100	grate	n/a	n/a	n/a	n/a	n/a	n/a	11	2	n/a	n/a	n/a	n/a	n/a	left
3	134.018	3.000	forget	0.624	retrieval	retprac	face	object	scene	competitor	object	12	2	59	11	59	111	134.0	n/a
3	139.054	0.361	correct	0.361	grate	n/a	n/a	n/a	n/a	n/a	n/a	12	2	n/a	n/a	n/a	n/a	n/a	right
3	139.935	0.521	correct	0.521	grate	n/a	n/a	n/a	n/a	n/a	n/a	12	2	n/a	n/a	n/a	n/a	n/a	right
3	140.969	0.406	correct	0.406	grate	n/a	n/a	n/a	n/a	n/a	n/a	12	2	n/a	n/a	n/a	n/a	n/a	left
3	141.885	0.378	correct	0.378	grate	n/a	n/a	n/a	n/a	n/a	n/a	12	2	n/a	n/a	n/a	n/a	n/a	left
3	142.785	0.438	correct	0.438	grate	n/a	n/a	n/a	n/a	n/a	n/a	12	2	n/a	n/a	n/a	n/a	n/a	left
3	143.735	0.360	correct	0.360	grate	n/a	n/a	n/a	n/a	n/a	n/a	12	2	n/a	n/a	n/a	n/a	n/a	left
3	144.618	0.100	incorrect	0.100	grate	n/a	n/a	n/a	n/a	n/a	n/a	12	2	n/a	n/a	n/a	n/a	n/a	right
3	146.017	3.000	remember	0.497	retrieval	restudy	scene	object	face	target	scene	13	2	84	132	284	136	146.0	n/a
3	151.053	0.449	correct	0.449	grate	n/a	n/a	n/a	n/a	n/a	n/a	13	2	n/a	n/a	n/a	n/a	n/a	left
3	152.017	0.389	correct	0.389	grate	n/a	n/a	n/a	n/a	n/a	n/a	13	2	n/a	n/a	n/a	n/a	n/a	left
3	152.918	0.401	correct	0.401	grate	n/a	n/a	n/a	n/a	n/a	n/a	13	2	n/a	n/a	n/a	n/a	n/a	left
3	153.834	0.436	correct	0.436	grate	n/a	n/a	n/a	n/a	n/a	n/a	13	2	n/a	n/a	n/a	n/a	n/a	left
3	154.784	0.352	incorrect	0.352	grate	n/a	n/a	n/a	n/a	n/a	n/a	13	2	n/a	n/a	n/a	n/a	n/a	right
3	155.651	0.621	correct	0.621	grate	n/a	n/a	n/a	n/a	n/a	n/a	13	2	n/a	n/a	n/a	n/a	n/a	right
3	156.784	0.100	incorrect	0.100	grate	n/a	n/a	n/a	n/a	n/a	n/a	13	2	n/a	n/a	n/a	n/a	n/a	left
3	158.016	3.000	forget	0.394	retrieval	restudy	object	face	scene	competitor	face	14	2	16	64	164	16	158.0	n/a
3	163.052	0.410	correct	0.410	grate	n/a	n/a	n/a	n/a	n/a	n/a	14	2	n/a	n/a	n/a	n/a	n/a	left
3	163.983	0.351	correct	0.351	grate	n/a	n/a	n/a	n/a	n/a	n/a	14	2	n/a	n/a	n/a	n/a	n/a	right
3	164.850	0.412	correct	0.412	grate	n/a	n/a	n/a	n/a	n/a	n/a	14	2	n/a	n/a	n/a	n/a	n/a	right
3	165.783	0.408	correct	0.408	grate	n/a	n/a	n/a	n/a	n/a	n/a	14	2	n/a	n/a	n/a	n/a	n/a	left
3	166.700	0.499	correct	0.499	grate	n/a	n/a	n/a	n/a	n/a	n/a	14	2	n/a	n/a	n/a	n/a	n/a	right
3	167.716	0.362	correct	0.362	grate	n/a	n/a	n/a	n/a	n/a	n/a	14	2	n/a	n/a	n/a	n/a	n/a	right
3	168.599	0.100	incorrect	0.100	grate	n/a	n/a	n/a	n/a	n/a	n/a	14	2	n/a	n/a	n/a	n/a	n/a	right
3	170.015	3.000	forget	0.306	retrieval	retprac	object	scene	face	other	face	15	2	133	85	185	237	170.0	n/a
3	175.051	0.371	correct	0.371	grate	n/a	n/a	n/a	n/a	n/a	n/a	15	2	n/a	n/a	n/a	n/a	n/a	left
3	175.932	0.490	correct	0.490	grate	n/a	n/a	n/a	n/a	n/a	n/a	15	2	n/a	n/a	n/a	n/a	n/a	right
3	176.932	0.339	correct	0.339	grate	n/a	n/a	n/a	n/a	n/a	n/a	15	2	n/a	n/a	n/a	n/a	n/a	right
3	177.782	0.392	correct	0.392	grate	n/a	n/a	n/a	n/a	n/a	n/a	15	2	n/a	n/a	n/a	n/a	n/a	right
3	178.682	0.364	correct	0.364	grate	n/a	n/a	n/a	n/a	n/a	n/a	15	2	n/a	n/a	n/a	n/a	n/a	right
3	179.565	0.425	correct	0.425	grate	n/a	n/a	n/a	n/a	n/a	n/a	15	2	n/a	n/a	n/a	n/a	n/a	right
3	180.498	0.017	incorrect	0.017	grate	n/a	n/a	n/a	n/a	n/a	n/a	15	2	n/a	n/a	n/a	n/a	n/a	right
3	182.014	3.000	forget	0.595	retrieval	restudy	scene	face	object	other	object	16	2	34	106	258	34	182.0	n/a
3	187.048	0.430	correct	0.430	grate	n/a	n/a	n/a	n/a	n/a	n/a	16	2	n/a	n/a	n/a	n/a	n/a	left
3	187.998	0.440	correct	0.440	grate	n/a	n/a	n/a	n/a	n/a	n/a	16	2	n/a	n/a	n/a	n/a	n/a	right
3	188.948	0.490	correct	0.490	grate	n/a	n/a	n/a	n/a	n/a	n/a	16	2	n/a	n/a	n/a	n/a	n/a	right
3	189.947	0.498	correct	0.498	grate	n/a	n/a	n/a	n/a	n/a	n/a	16	2	n/a	n/a	n/a	n/a	n/a	right
3	190.964	0.474	correct	0.474	grate	n/a	n/a	n/a	n/a	n/a	n/a	16	2	n/a	n/a	n/a	n/a	n/a	left
3	191.947	0.354	correct	0.354	grate	n/a	n/a	n/a	n/a	n/a	n/a	16	2	n/a	n/a	n/a	n/a	n/a	right
3	192.814	0.100	incorrect	0.100	grate	n/a	n/a	n/a	n/a	n/a	n/a	16	2	n/a	n/a	n/a	n/a	n/a	left
3	194.013	3.000	no response	n/a	retrieval	retprac	scene	face	object	no response	no response	17	2	37	109	261	37	194.0	n/a
3	199.047	0.782	correct	0.782	grate	n/a	n/a	n/a	n/a	n/a	n/a	17	2	n/a	n/a	n/a	n/a	n/a	right
3	200.346	0.315	correct	0.315	grate	n/a	n/a	n/a	n/a	n/a	n/a	17	2	n/a	n/a	n/a	n/a	n/a	left
3	201.180	0.393	correct	0.393	grate	n/a	n/a	n/a	n/a	n/a	n/a	17	2	n/a	n/a	n/a	n/a	n/a	left
3	202.096	0.469	correct	0.469	grate	n/a	n/a	n/a	n/a	n/a	n/a	17	2	n/a	n/a	n/a	n/a	n/a	right
3	203.080	0.390	correct	0.390	grate	n/a	n/a	n/a	n/a	n/a	n/a	17	2	n/a	n/a	n/a	n/a	n/a	left
3	203.979	0.466	correct	0.466	grate	n/a	n/a	n/a	n/a	n/a	n/a	17	2	n/a	n/a	n/a	n/a	n/a	left
3	204.963	0.100	incorrect	0.100	grate	n/a	n/a	n/a	n/a	n/a	n/a	17	2	n/a	n/a	n/a	n/a	n/a	left
3	206.012	3.000	remember	0.326	retrieval	restudy	object	scene	face	target	object	18	2	132	84	184	236	206.0	n/a
3	211.046	0.534	correct	0.534	grate	n/a	n/a	n/a	n/a	n/a	n/a	18	2	n/a	n/a	n/a	n/a	n/a	left
3	212.095	0.381	correct	0.381	grate	n/a	n/a	n/a	n/a	n/a	n/a	18	2	n/a	n/a	n/a	n/a	n/a	left
3	212.995	0.361	correct	0.361	grate	n/a	n/a	n/a	n/a	n/a	n/a	18	2	n/a	n/a	n/a	n/a	n/a	left
3	213.879	0.438	correct	0.438	grate	n/a	n/a	n/a	n/a	n/a	n/a	18	2	n/a	n/a	n/a	n/a	n/a	left
3	214.829	0.400	correct	0.400	grate	n/a	n/a	n/a	n/a	n/a	n/a	18	2	n/a	n/a	n/a	n/a	n/a	left
3	215.745	0.420	correct	0.420	grate	n/a	n/a	n/a	n/a	n/a	n/a	18	2	n/a	n/a	n/a	n/a	n/a	left
3	216.678	0.100	incorrect	0.100	grate	n/a	n/a	n/a	n/a	n/a	n/a	18	2	n/a	n/a	n/a	n/a	n/a	left
3	218.011	3.000	remember	0.518	retrieval	retprac	face	scene	object	target	face	19	2	107	35	83	211	218.0	n/a
3	223.045	0.303	correct	0.303	grate	n/a	n/a	n/a	n/a	n/a	n/a	19	2	n/a	n/a	n/a	n/a	n/a	right
3	223.861	0.336	correct	0.336	grate	n/a	n/a	n/a	n/a	n/a	n/a	19	2	n/a	n/a	n/a	n/a	n/a	right
3	224.711	0.397	correct	0.397	grate	n/a	n/a	n/a	n/a	n/a	n/a	19	2	n/a	n/a	n/a	n/a	n/a	left
3	225.627	0.569	correct	0.569	grate	n/a	n/a	n/a	n/a	n/a	n/a	19	2	n/a	n/a	n/a	n/a	n/a	right
3	226.711	0.429	correct	0.429	grate	n/a	n/a	n/a	n/a	n/a	n/a	19	2	n/a	n/a	n/a	n/a	n/a	right
3	227.661	0.368	incorrect	0.368	grate	n/a	n/a	n/a	n/a	n/a	n/a	19	2	n/a	n/a	n/a	n/a	n/a	left
3	228.544	0.100	incorrect	0.100	grate	n/a	n/a	n/a	n/a	n/a	n/a	19	2	n/a	n/a	n/a	n/a	n/a	right
3	230.010	3.000	remember	0.318	retrieval	restudy	object	scene	face	target	object	20	2	130	82	182	234	230.0	n/a
3	235.044	0.400	correct	0.400	grate	n/a	n/a	n/a	n/a	n/a	n/a	20	2	n/a	n/a	n/a	n/a	n/a	right
3	235.960	0.412	correct	0.412	grate	n/a	n/a	n/a	n/a	n/a	n/a	20	2	n/a	n/a	n/a	n/a	n/a	left
3	236.893	0.488	correct	0.488	grate	n/a	n/a	n/a	n/a	n/a	n/a	20	2	n/a	n/a	n/a	n/a	n/a	left
3	237.893	0.383	correct	0.383	grate	n/a	n/a	n/a	n/a	n/a	n/a	20	2	n/a	n/a	n/a	n/a	n/a	left
3	238.793	0.371	correct	0.371	grate	n/a	n/a	n/a	n/a	n/a	n/a	20	2	n/a	n/a	n/a	n/a	n/a	right
3	239.676	0.375	correct	0.375	grate	n/a	n/a	n/a	n/a	n/a	n/a	20	2	n/a	n/a	n/a	n/a	n/a	left
3	240.560	0.100	incorrect	0.100	grate	n/a	n/a	n/a	n/a	n/a	n/a	20	2	n/a	n/a	n/a	n/a	n/a	right
3	242.009	3.000	forget	0.303	retrieval	restudy	object	scene	face	competitor	scene	21	2	136	88	188	240	242.0	n/a
3	247.043	0.409	correct	0.409	grate	n/a	n/a	n/a	n/a	n/a	n/a	21	2	n/a	n/a	n/a	n/a	n/a	right
3	247.959	0.421	correct	0.421	grate	n/a	n/a	n/a	n/a	n/a	n/a	21	2	n/a	n/a	n/a	n/a	n/a	right
3	248.892	0.448	correct	0.448	grate	n/a	n/a	n/a	n/a	n/a	n/a	21	2	n/a	n/a	n/a	n/a	n/a	right
3	249.859	0.425	correct	0.425	grate	n/a	n/a	n/a	n/a	n/a	n/a	21	2	n/a	n/a	n/a	n/a	n/a	left
3	250.792	0.437	correct	0.437	grate	n/a	n/a	n/a	n/a	n/a	n/a	21	2	n/a	n/a	n/a	n/a	n/a	right
3	251.742	0.767	incorrect	0.767	grate	n/a	n/a	n/a	n/a	n/a	n/a	21	2	n/a	n/a	n/a	n/a	n/a	left
3	254.008	3.000	remember	0.304	retrieval	restudy	face	scene	object	target	face	22	2	110	38	86	214	254.0	n/a
3	259.042	0.386	correct	0.386	grate	n/a	n/a	n/a	n/a	n/a	n/a	22	2	n/a	n/a	n/a	n/a	n/a	right
3	259.941	0.358	correct	0.358	grate	n/a	n/a	n/a	n/a	n/a	n/a	22	2	n/a	n/a	n/a	n/a	n/a	right
3	260.808	0.403	correct	0.403	grate	n/a	n/a	n/a	n/a	n/a	n/a	22	2	n/a	n/a	n/a	n/a	n/a	left
3	261.724	0.351	correct	0.351	grate	n/a	n/a	n/a	n/a	n/a	n/a	22	2	n/a	n/a	n/a	n/a	n/a	right
3	262.591	0.396	correct	0.396	grate	n/a	n/a	n/a	n/a	n/a	n/a	22	2	n/a	n/a	n/a	n/a	n/a	right
3	263.507	0.352	correct	0.352	grate	n/a	n/a	n/a	n/a	n/a	n/a	22	2	n/a	n/a	n/a	n/a	n/a	right
3	264.374	0.133	incorrect	0.133	grate	n/a	n/a	n/a	n/a	n/a	n/a	22	2	n/a	n/a	n/a	n/a	n/a	left
3	266.006	3.000	forget	0.384	retrieval	retprac	face	object	scene	other	scene	23	2	63	15	63	115	266.0	n/a
3	271.041	0.458	correct	0.458	grate	n/a	n/a	n/a	n/a	n/a	n/a	23	2	n/a	n/a	n/a	n/a	n/a	left
3	272.007	0.405	correct	0.405	grate	n/a	n/a	n/a	n/a	n/a	n/a	23	2	n/a	n/a	n/a	n/a	n/a	left
3	272.923	0.472	correct	0.472	grate	n/a	n/a	n/a	n/a	n/a	n/a	23	2	n/a	n/a	n/a	n/a	n/a	left
3	273.907	0.361	correct	0.361	grate	n/a	n/a	n/a	n/a	n/a	n/a	23	2	n/a	n/a	n/a	n/a	n/a	left
3	274.790	0.389	incorrect	0.389	grate	n/a	n/a	n/a	n/a	n/a	n/a	23	2	n/a	n/a	n/a	n/a	n/a	right
3	275.690	0.816	incorrect	0.816	grate	n/a	n/a	n/a	n/a	n/a	n/a	23	2	n/a	n/a	n/a	n/a	n/a	left
3	278.022	3.000	forget	0.480	retrieval	retprac	face	object	scene	other	scene	24	2	61	13	61	113	278.0	n/a
3	283.057	0.330	correct	0.330	grate	n/a	n/a	n/a	n/a	n/a	n/a	24	2	n/a	n/a	n/a	n/a	n/a	right
3	283.906	0.345	correct	0.345	grate	n/a	n/a	n/a	n/a	n/a	n/a	24	2	n/a	n/a	n/a	n/a	n/a	right
3	284.772	0.366	correct	0.366	grate	n/a	n/a	n/a	n/a	n/a	n/a	24	2	n/a	n/a	n/a	n/a	n/a	right
3	285.655	0.332	correct	0.332	grate	n/a	n/a	n/a	n/a	n/a	n/a	24	2	n/a	n/a	n/a	n/a	n/a	right
3	286.506	0.433	correct	0.433	grate	n/a	n/a	n/a	n/a	n/a	n/a	24	2	n/a	n/a	n/a	n/a	n/a	left
3	287.455	0.404	incorrect	0.404	grate	n/a	n/a	n/a	n/a	n/a	n/a	24	2	n/a	n/a	n/a	n/a	n/a	right
3	288.372	0.150	incorrect	0.150	grate	n/a	n/a	n/a	n/a	n/a	n/a	24	2	n/a	n/a	n/a	n/a	n/a	left
3	290.021	3.000	remember	0.353	retrieval	restudy	face	object	scene	target	face	25	2	62	14	62	114	290.0	n/a
3	295.055	0.371	correct	0.371	grate	n/a	n/a	n/a	n/a	n/a	n/a	25	2	n/a	n/a	n/a	n/a	n/a	right
3	295.938	0.400	correct	0.400	grate	n/a	n/a	n/a	n/a	n/a	n/a	25	2	n/a	n/a	n/a	n/a	n/a	left
3	296.855	0.260	correct	0.260	grate	n/a	n/a	n/a	n/a	n/a	n/a	25	2	n/a	n/a	n/a	n/a	n/a	right
3	297.638	0.412	correct	0.412	grate	n/a	n/a	n/a	n/a	n/a	n/a	25	2	n/a	n/a	n/a	n/a	n/a	left
3	298.571	0.447	correct	0.447	grate	n/a	n/a	n/a	n/a	n/a	n/a	25	2	n/a	n/a	n/a	n/a	n/a	right
3	299.538	0.474	correct	0.474	grate	n/a	n/a	n/a	n/a	n/a	n/a	25	2	n/a	n/a	n/a	n/a	n/a	left
3	300.521	0.000	incorrect	0.000	grate	n/a	n/a	n/a	n/a	n/a	n/a	25	2	n/a	n/a	n/a	n/a	n/a	left
3	302.020	3.000	remember	0.434	retrieval	restudy	face	scene	object	target	face	26	2	108	36	84	212	302.0	n/a
3	307.054	0.436	correct	0.436	grate	n/a	n/a	n/a	n/a	n/a	n/a	26	2	n/a	n/a	n/a	n/a	n/a	left
3	308.004	0.350	correct	0.350	grate	n/a	n/a	n/a	n/a	n/a	n/a	26	2	n/a	n/a	n/a	n/a	n/a	right
3	308.870	0.332	incorrect	0.332	grate	n/a	n/a	n/a	n/a	n/a	n/a	26	2	n/a	n/a	n/a	n/a	n/a	right
3	309.720	1.834	correct	1.834	grate	n/a	n/a	n/a	n/a	n/a	n/a	26	2	n/a	n/a	n/a	n/a	n/a	left
3	312.070	0.450	incorrect	0.450	grate	n/a	n/a	n/a	n/a	n/a	n/a	26	2	n/a	n/a	n/a	n/a	n/a	right
3	314.019	3.000	forget	0.379	retrieval	retprac	scene	object	face	competitor	object	27	2	83	131	283	135	314.0	n/a
3	319.053	0.420	correct	0.420	grate	n/a	n/a	n/a	n/a	n/a	n/a	27	2	n/a	n/a	n/a	n/a	n/a	left
3	319.986	0.392	correct	0.392	grate	n/a	n/a	n/a	n/a	n/a	n/a	27	2	n/a	n/a	n/a	n/a	n/a	left
3	320.886	0.348	correct	0.348	grate	n/a	n/a	n/a	n/a	n/a	n/a	27	2	n/a	n/a	n/a	n/a	n/a	left
3	321.752	0.418	correct	0.418	grate	n/a	n/a	n/a	n/a	n/a	n/a	27	2	n/a	n/a	n/a	n/a	n/a	right
3	322.685	0.716	correct	0.716	grate	n/a	n/a	n/a	n/a	n/a	n/a	27	2	n/a	n/a	n/a	n/a	n/a	left
3	323.919	0.331	correct	0.331	grate	n/a	n/a	n/a	n/a	n/a	n/a	27	2	n/a	n/a	n/a	n/a	n/a	right
3	324.769	0.100	incorrect	0.100	grate	n/a	n/a	n/a	n/a	n/a	n/a	27	2	n/a	n/a	n/a	n/a	n/a	right
3	326.018	3.000	forget	0.379	retrieval	retprac	object	face	scene	other	scene	28	2	13	61	161	13	326.0	n/a
3	331.052	0.334	correct	0.334	grate	n/a	n/a	n/a	n/a	n/a	n/a	28	2	n/a	n/a	n/a	n/a	n/a	right
3	331.902	0.332	correct	0.332	grate	n/a	n/a	n/a	n/a	n/a	n/a	28	2	n/a	n/a	n/a	n/a	n/a	right
3	332.751	0.386	correct	0.386	grate	n/a	n/a	n/a	n/a	n/a	n/a	28	2	n/a	n/a	n/a	n/a	n/a	left
3	333.651	0.414	correct	0.414	grate	n/a	n/a	n/a	n/a	n/a	n/a	28	2	n/a	n/a	n/a	n/a	n/a	right
3	334.585	0.385	correct	0.385	grate	n/a	n/a	n/a	n/a	n/a	n/a	28	2	n/a	n/a	n/a	n/a	n/a	left
3	335.485	0.453	correct	0.453	grate	n/a	n/a	n/a	n/a	n/a	n/a	28	2	n/a	n/a	n/a	n/a	n/a	left
3	336.451	0.067	incorrect	0.067	grate	n/a	n/a	n/a	n/a	n/a	n/a	28	2	n/a	n/a	n/a	n/a	n/a	left
3	338.017	3.000	forget	0.316	retrieval	retprac	scene	face	object	competitor	face	29	2	33	105	257	33	338.0	n/a
3	343.051	0.406	correct	0.406	grate	n/a	n/a	n/a	n/a	n/a	n/a	29	2	n/a	n/a	n/a	n/a	n/a	right
3	343.967	0.482	correct	0.482	grate	n/a	n/a	n/a	n/a	n/a	n/a	29	2	n/a	n/a	n/a	n/a	n/a	left
3	344.967	0.355	correct	0.355	grate	n/a	n/a	n/a	n/a	n/a	n/a	29	2	n/a	n/a	n/a	n/a	n/a	right
3	345.834	0.463	correct	0.463	grate	n/a	n/a	n/a	n/a	n/a	n/a	29	2	n/a	n/a	n/a	n/a	n/a	left
3	346.817	0.496	correct	0.496	grate	n/a	n/a	n/a	n/a	n/a	n/a	29	2	n/a	n/a	n/a	n/a	n/a	left
3	347.833	0.448	correct	0.448	grate	n/a	n/a	n/a	n/a	n/a	n/a	29	2	n/a	n/a	n/a	n/a	n/a	right
3	348.800	0.100	incorrect	0.100	grate	n/a	n/a	n/a	n/a	n/a	n/a	29	2	n/a	n/a	n/a	n/a	n/a	left
3	350.016	3.000	remember	0.501	retrieval	restudy	scene	object	face	target	scene	30	2	86	134	286	138	350.0	n/a
3	355.050	0.407	correct	0.407	grate	n/a	n/a	n/a	n/a	n/a	n/a	30	2	n/a	n/a	n/a	n/a	n/a	left
3	355.966	0.347	correct	0.347	grate	n/a	n/a	n/a	n/a	n/a	n/a	30	2	n/a	n/a	n/a	n/a	n/a	right
3	356.833	0.400	correct	0.400	grate	n/a	n/a	n/a	n/a	n/a	n/a	30	2	n/a	n/a	n/a	n/a	n/a	right
3	357.749	0.379	correct	0.379	grate	n/a	n/a	n/a	n/a	n/a	n/a	30	2	n/a	n/a	n/a	n/a	n/a	right
3	358.649	0.527	correct	0.527	grate	n/a	n/a	n/a	n/a	n/a	n/a	30	2	n/a	n/a	n/a	n/a	n/a	left
3	359.699	0.437	correct	0.437	grate	n/a	n/a	n/a	n/a	n/a	n/a	30	2	n/a	n/a	n/a	n/a	n/a	right
3	360.649	0.100	incorrect	0.100	grate	n/a	n/a	n/a	n/a	n/a	n/a	30	2	n/a	n/a	n/a	n/a	n/a	right
3	362.014	3.000	don't know	0.350	retrieval	retprac	scene	object	face	don't know	don't know	31	2	87	135	287	139	362.0	n/a
3	367.049	0.343	correct	0.343	grate	n/a	n/a	n/a	n/a	n/a	n/a	31	2	n/a	n/a	n/a	n/a	n/a	right
3	367.915	0.373	correct	0.373	grate	n/a	n/a	n/a	n/a	n/a	n/a	31	2	n/a	n/a	n/a	n/a	n/a	right
3	368.798	0.402	correct	0.402	grate	n/a	n/a	n/a	n/a	n/a	n/a	31	2	n/a	n/a	n/a	n/a	n/a	left
3	369.715	0.374	correct	0.374	grate	n/a	n/a	n/a	n/a	n/a	n/a	31	2	n/a	n/a	n/a	n/a	n/a	left
3	370.598	0.434	correct	0.434	grate	n/a	n/a	n/a	n/a	n/a	n/a	31	2	n/a	n/a	n/a	n/a	n/a	left
3	371.548	0.460	correct	0.460	grate	n/a	n/a	n/a	n/a	n/a	n/a	31	2	n/a	n/a	n/a	n/a	n/a	left
3	372.531	0.100	incorrect	0.100	grate	n/a	n/a	n/a	n/a	n/a	n/a	31	2	n/a	n/a	n/a	n/a	n/a	left
3	374.013	3.000	forget	0.414	retrieval	restudy	face	scene	object	other	object	32	2	112	40	88	216	374.0	n/a
3	379.048	0.352	correct	0.352	grate	n/a	n/a	n/a	n/a	n/a	n/a	32	2	n/a	n/a	n/a	n/a	n/a	right
3	379.914	0.230	incorrect	0.230	grate	n/a	n/a	n/a	n/a	n/a	n/a	32	2	n/a	n/a	n/a	n/a	n/a	right
3	380.664	0.377	correct	0.377	grate	n/a	n/a	n/a	n/a	n/a	n/a	32	2	n/a	n/a	n/a	n/a	n/a	left
3	381.564	0.460	correct	0.460	grate	n/a	n/a	n/a	n/a	n/a	n/a	32	2	n/a	n/a	n/a	n/a	n/a	right
3	382.547	0.333	correct	0.333	grate	n/a	n/a	n/a	n/a	n/a	n/a	32	2	n/a	n/a	n/a	n/a	n/a	left
3	383.397	0.595	correct	0.595	grate	n/a	n/a	n/a	n/a	n/a	n/a	32	2	n/a	n/a	n/a	n/a	n/a	left
3	384.513	0.100	incorrect	0.100	grate	n/a	n/a	n/a	n/a	n/a	n/a	32	2	n/a	n/a	n/a	n/a	n/a	left
3	386.012	3.000	remember	0.407	retrieval	restudy	scene	face	object	target	scene	33	2	36	108	260	36	386.0	n/a
3	391.047	0.545	correct	0.545	grate	n/a	n/a	n/a	n/a	n/a	n/a	33	2	n/a	n/a	n/a	n/a	n/a	left
3	392.113	0.311	correct	0.311	grate	n/a	n/a	n/a	n/a	n/a	n/a	33	2	n/a	n/a	n/a	n/a	n/a	right
3	392.946	0.461	correct	0.461	grate	n/a	n/a	n/a	n/a	n/a	n/a	33	2	n/a	n/a	n/a	n/a	n/a	right
3	393.929	0.350	correct	0.350	grate	n/a	n/a	n/a	n/a	n/a	n/a	33	2	n/a	n/a	n/a	n/a	n/a	left
3	394.796	0.396	incorrect	0.396	grate	n/a	n/a	n/a	n/a	n/a	n/a	33	2	n/a	n/a	n/a	n/a	n/a	right
3	395.712	0.559	correct	0.559	grate	n/a	n/a	n/a	n/a	n/a	n/a	33	2	n/a	n/a	n/a	n/a	n/a	right
3	396.796	0.100	incorrect	0.100	grate	n/a	n/a	n/a	n/a	n/a	n/a	33	2	n/a	n/a	n/a	n/a	n/a	left
3	398.011	3.000	remember	0.336	retrieval	retprac	scene	face	object	target	scene	34	2	35	107	259	35	398.0	n/a
3	403.046	0.353	correct	0.353	grate	n/a	n/a	n/a	n/a	n/a	n/a	34	2	n/a	n/a	n/a	n/a	n/a	right
3	403.912	0.384	correct	0.384	grate	n/a	n/a	n/a	n/a	n/a	n/a	34	2	n/a	n/a	n/a	n/a	n/a	left
3	404.812	0.397	correct	0.397	grate	n/a	n/a	n/a	n/a	n/a	n/a	34	2	n/a	n/a	n/a	n/a	n/a	right
3	405.728	0.384	correct	0.384	grate	n/a	n/a	n/a	n/a	n/a	n/a	34	2	n/a	n/a	n/a	n/a	n/a	left
3	406.628	0.427	correct	0.427	grate	n/a	n/a	n/a	n/a	n/a	n/a	34	2	n/a	n/a	n/a	n/a	n/a	right
3	407.578	0.429	correct	0.429	grate	n/a	n/a	n/a	n/a	n/a	n/a	34	2	n/a	n/a	n/a	n/a	n/a	right
3	408.528	0.100	incorrect	0.100	grate	n/a	n/a	n/a	n/a	n/a	n/a	34	2	n/a	n/a	n/a	n/a	n/a	left
3	410.010	3.000	forget	0.392	retrieval	restudy	face	object	scene	other	scene	35	2	60	12	60	112	410.0	n/a
3	415.045	0.467	correct	0.467	grate	n/a	n/a	n/a	n/a	n/a	n/a	35	2	n/a	n/a	n/a	n/a	n/a	left
3	416.027	0.452	correct	0.452	grate	n/a	n/a	n/a	n/a	n/a	n/a	35	2	n/a	n/a	n/a	n/a	n/a	right
3	416.994	0.397	correct	0.397	grate	n/a	n/a	n/a	n/a	n/a	n/a	35	2	n/a	n/a	n/a	n/a	n/a	left
3	417.910	0.440	incorrect	0.440	grate	n/a	n/a	n/a	n/a	n/a	n/a	35	2	n/a	n/a	n/a	n/a	n/a	left
3	418.860	0.626	correct	0.626	grate	n/a	n/a	n/a	n/a	n/a	n/a	35	2	n/a	n/a	n/a	n/a	n/a	left
3	419.993	0.421	correct	0.421	grate	n/a	n/a	n/a	n/a	n/a	n/a	35	2	n/a	n/a	n/a	n/a	n/a	left
3	420.927	0.100	incorrect	0.100	grate	n/a	n/a	n/a	n/a	n/a	n/a	35	2	n/a	n/a	n/a	n/a	n/a	left
3	422.009	3.000	remember	0.361	retrieval	retprac	face	scene	object	target	face	36	2	111	39	87	215	422.0	n/a
3	427.044	0.459	correct	0.459	grate	n/a	n/a	n/a	n/a	n/a	n/a	36	2	n/a	n/a	n/a	n/a	n/a	right
3	428.010	0.389	correct	0.389	grate	n/a	n/a	n/a	n/a	n/a	n/a	36	2	n/a	n/a	n/a	n/a	n/a	right
3	428.909	0.370	correct	0.370	grate	n/a	n/a	n/a	n/a	n/a	n/a	36	2	n/a	n/a	n/a	n/a	n/a	right
3	429.793	0.590	correct	0.590	grate	n/a	n/a	n/a	n/a	n/a	n/a	36	2	n/a	n/a	n/a	n/a	n/a	right
3	430.893	0.514	correct	0.514	grate	n/a	n/a	n/a	n/a	n/a	n/a	36	2	n/a	n/a	n/a	n/a	n/a	left
3	431.926	0.583	incorrect	0.583	grate	n/a	n/a	n/a	n/a	n/a	n/a	36	2	n/a	n/a	n/a	n/a	n/a	right
3	434.008	3.000	forget	0.338	retrieval	restudy	object	face	scene	competitor	face	37	2	10	58	158	10	434.0	n/a
3	439.042	0.396	correct	0.396	grate	n/a	n/a	n/a	n/a	n/a	n/a	37	2	n/a	n/a	n/a	n/a	n/a	right
3	439.959	0.312	correct	0.312	grate	n/a	n/a	n/a	n/a	n/a	n/a	37	2	n/a	n/a	n/a	n/a	n/a	left
3	440.792	0.806	correct	0.806	grate	n/a	n/a	n/a	n/a	n/a	n/a	37	2	n/a	n/a	n/a	n/a	n/a	right
3	442.108	0.346	correct	0.346	grate	n/a	n/a	n/a	n/a	n/a	n/a	37	2	n/a	n/a	n/a	n/a	n/a	left
3	442.975	0.439	correct	0.439	grate	n/a	n/a	n/a	n/a	n/a	n/a	37	2	n/a	n/a	n/a	n/a	n/a	left
3	443.925	0.449	correct	0.449	grate	n/a	n/a	n/a	n/a	n/a	n/a	37	2	n/a	n/a	n/a	n/a	n/a	right
3	444.891	0.100	incorrect	0.100	grate	n/a	n/a	n/a	n/a	n/a	n/a	37	2	n/a	n/a	n/a	n/a	n/a	left
3	446.007	3.000	don't know	0.411	retrieval	restudy	object	scene	face	don't know	don't know	38	2	134	86	186	238	446.0	n/a
3	451.042	0.533	correct	0.533	grate	n/a	n/a	n/a	n/a	n/a	n/a	38	2	n/a	n/a	n/a	n/a	n/a	left
3	452.091	0.420	correct	0.420	grate	n/a	n/a	n/a	n/a	n/a	n/a	38	2	n/a	n/a	n/a	n/a	n/a	left
3	453.024	0.430	correct	0.430	grate	n/a	n/a	n/a	n/a	n/a	n/a	38	2	n/a	n/a	n/a	n/a	n/a	right
3	453.974	0.376	incorrect	0.376	grate	n/a	n/a	n/a	n/a	n/a	n/a	38	2	n/a	n/a	n/a	n/a	n/a	left
3	454.857	0.341	correct	0.341	grate	n/a	n/a	n/a	n/a	n/a	n/a	38	2	n/a	n/a	n/a	n/a	n/a	right
3	455.707	0.443	correct	0.443	grate	n/a	n/a	n/a	n/a	n/a	n/a	38	2	n/a	n/a	n/a	n/a	n/a	left
3	456.657	0.100	incorrect	0.100	grate	n/a	n/a	n/a	n/a	n/a	n/a	38	2	n/a	n/a	n/a	n/a	n/a	right
3	458.006	3.000	forget	0.659	retrieval	retprac	object	face	scene	other	scene	39	2	15	63	163	15	458.0	n/a
3	463.041	0.389	correct	0.389	grate	n/a	n/a	n/a	n/a	n/a	n/a	39	2	n/a	n/a	n/a	n/a	n/a	left
3	463.940	0.418	correct	0.418	grate	n/a	n/a	n/a	n/a	n/a	n/a	39	2	n/a	n/a	n/a	n/a	n/a	left
3	464.873	0.429	correct	0.429	grate	n/a	n/a	n/a	n/a	n/a	n/a	39	2	n/a	n/a	n/a	n/a	n/a	left
3	465.823	0.558	correct	0.558	grate	n/a	n/a	n/a	n/a	n/a	n/a	39	2	n/a	n/a	n/a	n/a	n/a	right
3	466.889	0.460	correct	0.460	grate	n/a	n/a	n/a	n/a	n/a	n/a	39	2	n/a	n/a	n/a	n/a	n/a	right
3	467.873	0.438	correct	0.438	grate	n/a	n/a	n/a	n/a	n/a	n/a	39	2	n/a	n/a	n/a	n/a	n/a	left
3	468.823	0.100	incorrect	0.100	grate	n/a	n/a	n/a	n/a	n/a	n/a	39	2	n/a	n/a	n/a	n/a	n/a	left
3	470.022	3.000	remember	0.299	retrieval	retprac	scene	object	face	target	scene	40	2	81	129	281	133	470.0	n/a
3	475.056	0.517	correct	0.517	grate	n/a	n/a	n/a	n/a	n/a	n/a	40	2	n/a	n/a	n/a	n/a	n/a	left
3	476.089	0.469	correct	0.469	grate	n/a	n/a	n/a	n/a	n/a	n/a	40	2	n/a	n/a	n/a	n/a	n/a	left
3	477.072	0.405	incorrect	0.405	grate	n/a	n/a	n/a	n/a	n/a	n/a	40	2	n/a	n/a	n/a	n/a	n/a	right
3	477.988	0.593	correct	0.593	grate	n/a	n/a	n/a	n/a	n/a	n/a	40	2	n/a	n/a	n/a	n/a	n/a	right
3	479.105	1.417	incorrect	1.417	grate	n/a	n/a	n/a	n/a	n/a	n/a	40	2	n/a	n/a	n/a	n/a	n/a	left
3	482.020	3.000	forget	0.532	retrieval	retprac	object	scene	face	other	face	41	2	129	81	181	233	482.0	n/a
3	487.055	0.406	correct	0.406	grate	n/a	n/a	n/a	n/a	n/a	n/a	41	2	n/a	n/a	n/a	n/a	n/a	left
3	487.971	0.451	correct	0.451	grate	n/a	n/a	n/a	n/a	n/a	n/a	41	2	n/a	n/a	n/a	n/a	n/a	left
3	488.938	0.412	correct	0.412	grate	n/a	n/a	n/a	n/a	n/a	n/a	41	2	n/a	n/a	n/a	n/a	n/a	left
3	489.871	0.702	correct	0.702	grate	n/a	n/a	n/a	n/a	n/a	n/a	41	2	n/a	n/a	n/a	n/a	n/a	right
3	491.087	0.437	correct	0.437	grate	n/a	n/a	n/a	n/a	n/a	n/a	41	2	n/a	n/a	n/a	n/a	n/a	right
3	492.037	0.424	correct	0.424	grate	n/a	n/a	n/a	n/a	n/a	n/a	41	2	n/a	n/a	n/a	n/a	n/a	right
3	492.970	0.100	incorrect	0.100	grate	n/a	n/a	n/a	n/a	n/a	n/a	41	2	n/a	n/a	n/a	n/a	n/a	right
3	494.019	3.000	remember	0.461	retrieval	retprac	object	scene	face	target	object	42	2	135	87	187	239	494.0	n/a
3	499.054	0.655	correct	0.655	grate	n/a	n/a	n/a	n/a	n/a	n/a	42	2	n/a	n/a	n/a	n/a	n/a	right
3	500.220	0.337	correct	0.337	grate	n/a	n/a	n/a	n/a	n/a	n/a	42	2	n/a	n/a	n/a	n/a	n/a	right
3	501.070	0.447	correct	0.447	grate	n/a	n/a	n/a	n/a	n/a	n/a	42	2	n/a	n/a	n/a	n/a	n/a	right
3	502.036	0.456	correct	0.456	grate	n/a	n/a	n/a	n/a	n/a	n/a	42	2	n/a	n/a	n/a	n/a	n/a	right
3	503.003	0.609	correct	0.609	grate	n/a	n/a	n/a	n/a	n/a	n/a	42	2	n/a	n/a	n/a	n/a	n/a	right
3	504.119	0.400	incorrect	0.400	grate	n/a	n/a	n/a	n/a	n/a	n/a	42	2	n/a	n/a	n/a	n/a	n/a	left
3	506.018	3.000	remember	0.461	retrieval	retprac	object	face	scene	target	object	43	2	9	57	157	9	506.0	n/a
3	511.053	0.392	correct	0.392	grate	n/a	n/a	n/a	n/a	n/a	n/a	43	2	n/a	n/a	n/a	n/a	n/a	right
3	511.969	0.324	correct	0.324	grate	n/a	n/a	n/a	n/a	n/a	n/a	43	2	n/a	n/a	n/a	n/a	n/a	right
3	512.802	0.378	correct	0.378	grate	n/a	n/a	n/a	n/a	n/a	n/a	43	2	n/a	n/a	n/a	n/a	n/a	right
3	513.702	0.446	correct	0.446	grate	n/a	n/a	n/a	n/a	n/a	n/a	43	2	n/a	n/a	n/a	n/a	n/a	right
3	514.668	0.408	correct	0.408	grate	n/a	n/a	n/a	n/a	n/a	n/a	43	2	n/a	n/a	n/a	n/a	n/a	left
3	515.585	0.451	correct	0.451	grate	n/a	n/a	n/a	n/a	n/a	n/a	43	2	n/a	n/a	n/a	n/a	n/a	right
3	516.551	0.100	incorrect	0.100	grate	n/a	n/a	n/a	n/a	n/a	n/a	43	2	n/a	n/a	n/a	n/a	n/a	left
3	518.017	3.000	forget	0.430	retrieval	restudy	object	face	scene	competitor	face	44	2	12	60	160	12	518.0	n/a
3	523.051	0.528	correct	0.528	grate	n/a	n/a	n/a	n/a	n/a	n/a	44	2	n/a	n/a	n/a	n/a	n/a	left
3	524.101	0.479	correct	0.479	grate	n/a	n/a	n/a	n/a	n/a	n/a	44	2	n/a	n/a	n/a	n/a	n/a	right
3	525.101	0.543	correct	0.543	grate	n/a	n/a	n/a	n/a	n/a	n/a	44	2	n/a	n/a	n/a	n/a	n/a	left
3	526.150	0.509	correct	0.509	grate	n/a	n/a	n/a	n/a	n/a	n/a	44	2	n/a	n/a	n/a	n/a	n/a	left
3	527.167	0.405	correct	0.405	grate	n/a	n/a	n/a	n/a	n/a	n/a	44	2	n/a	n/a	n/a	n/a	n/a	left
3	528.084	0.408	correct	0.408	grate	n/a	n/a	n/a	n/a	n/a	n/a	44	2	n/a	n/a	n/a	n/a	n/a	right
3	529.001	0.100	incorrect	0.100	grate	n/a	n/a	n/a	n/a	n/a	n/a	44	2	n/a	n/a	n/a	n/a	n/a	right
3	530.016	3.000	forget	0.599	retrieval	restudy	face	object	scene	competitor	object	45	2	58	10	58	110	530.0	n/a
3	535.050	0.401	correct	0.401	grate	n/a	n/a	n/a	n/a	n/a	n/a	45	2	n/a	n/a	n/a	n/a	n/a	right
3	535.967	0.341	correct	0.341	grate	n/a	n/a	n/a	n/a	n/a	n/a	45	2	n/a	n/a	n/a	n/a	n/a	left
3	536.816	0.363	correct	0.363	grate	n/a	n/a	n/a	n/a	n/a	n/a	45	2	n/a	n/a	n/a	n/a	n/a	right
3	537.700	0.360	correct	0.360	grate	n/a	n/a	n/a	n/a	n/a	n/a	45	2	n/a	n/a	n/a	n/a	n/a	right
3	538.566	0.453	correct	0.453	grate	n/a	n/a	n/a	n/a	n/a	n/a	45	2	n/a	n/a	n/a	n/a	n/a	left
3	539.533	0.368	incorrect	0.368	grate	n/a	n/a	n/a	n/a	n/a	n/a	45	2	n/a	n/a	n/a	n/a	n/a	left
3	540.416	0.100	incorrect	0.100	grate	n/a	n/a	n/a	n/a	n/a	n/a	45	2	n/a	n/a	n/a	n/a	n/a	right
3	542.015	3.000	remember	0.376	retrieval	restudy	scene	face	object	target	scene	46	2	38	110	262	38	542.0	n/a
3	547.050	1.017	incorrect	1.017	grate	n/a	n/a	n/a	n/a	n/a	n/a	46	2	n/a	n/a	n/a	n/a	n/a	right
3	548.582	0.541	correct	0.541	grate	n/a	n/a	n/a	n/a	n/a	n/a	46	2	n/a	n/a	n/a	n/a	n/a	right
3	549.632	0.531	correct	0.531	grate	n/a	n/a	n/a	n/a	n/a	n/a	46	2	n/a	n/a	n/a	n/a	n/a	left
3	550.682	0.497	correct	0.497	grate	n/a	n/a	n/a	n/a	n/a	n/a	46	2	n/a	n/a	n/a	n/a	n/a	left
3	551.698	0.648	correct	0.648	grate	n/a	n/a	n/a	n/a	n/a	n/a	46	2	n/a	n/a	n/a	n/a	n/a	left
3	552.865	0.100	incorrect	0.100	grate	n/a	n/a	n/a	n/a	n/a	n/a	46	2	n/a	n/a	n/a	n/a	n/a	left
3	554.014	3.000	remember	0.409	retrieval	retprac	scene	object	face	target	scene	47	2	85	133	285	137	554.0	n/a
3	559.049	0.634	correct	0.634	grate	n/a	n/a	n/a	n/a	n/a	n/a	47	2	n/a	n/a	n/a	n/a	n/a	left
3	560.198	0.413	correct	0.413	grate	n/a	n/a	n/a	n/a	n/a	n/a	47	2	n/a	n/a	n/a	n/a	n/a	left
3	561.131	0.383	correct	0.383	grate	n/a	n/a	n/a	n/a	n/a	n/a	47	2	n/a	n/a	n/a	n/a	n/a	left
3	562.031	0.421	correct	0.421	grate	n/a	n/a	n/a	n/a	n/a	n/a	47	2	n/a	n/a	n/a	n/a	n/a	left
3	562.964	0.462	correct	0.462	grate	n/a	n/a	n/a	n/a	n/a	n/a	47	2	n/a	n/a	n/a	n/a	n/a	left
3	563.947	0.567	incorrect	0.567	grate	n/a	n/a	n/a	n/a	n/a	n/a	47	2	n/a	n/a	n/a	n/a	n/a	right
3	566.013	3.000	forget	0.401	retrieval	restudy	face	object	scene	competitor	object	48	2	64	16	64	116	566.0	n/a
3	571.048	0.419	correct	0.419	grate	n/a	n/a	n/a	n/a	n/a	n/a	48	2	n/a	n/a	n/a	n/a	n/a	left
3	571.980	0.454	correct	0.454	grate	n/a	n/a	n/a	n/a	n/a	n/a	48	2	n/a	n/a	n/a	n/a	n/a	left
3	572.947	0.440	correct	0.440	grate	n/a	n/a	n/a	n/a	n/a	n/a	48	2	n/a	n/a	n/a	n/a	n/a	left
3	573.897	0.794	correct	0.794	grate	n/a	n/a	n/a	n/a	n/a	n/a	48	2	n/a	n/a	n/a	n/a	n/a	right
3	575.213	0.357	correct	0.357	grate	n/a	n/a	n/a	n/a	n/a	n/a	48	2	n/a	n/a	n/a	n/a	n/a	right
3	576.080	0.426	correct	0.426	grate	n/a	n/a	n/a	n/a	n/a	n/a	48	2	n/a	n/a	n/a	n/a	n/a	right
3	2.021	3.000	remember	0.322	retrieval	restudy	face	scene	object	target	face	1	3	118	46	94	222	2.0	n/a
3	7.056	0.492	correct	0.492	grate	n/a	n/a	n/a	n/a	n/a	n/a	1	3	n/a	n/a	n/a	n/a	n/a	right
3	8.055	0.429	correct	0.429	grate	n/a	n/a	n/a	n/a	n/a	n/a	1	3	n/a	n/a	n/a	n/a	n/a	right
3	9.005	0.367	correct	0.367	grate	n/a	n/a	n/a	n/a	n/a	n/a	1	3	n/a	n/a	n/a	n/a	n/a	right
3	9.888	0.395	correct	0.395	grate	n/a	n/a	n/a	n/a	n/a	n/a	1	3	n/a	n/a	n/a	n/a	n/a	left
3	10.804	0.447	correct	0.447	grate	n/a	n/a	n/a	n/a	n/a	n/a	1	3	n/a	n/a	n/a	n/a	n/a	right
3	11.771	0.312	correct	0.312	grate	n/a	n/a	n/a	n/a	n/a	n/a	1	3	n/a	n/a	n/a	n/a	n/a	left
3	12.604	0.100	incorrect	0.100	grate	n/a	n/a	n/a	n/a	n/a	n/a	1	3	n/a	n/a	n/a	n/a	n/a	right
3	14.020	3.000	remember	0.323	retrieval	retprac	object	face	scene	target	object	2	3	23	71	171	23	14.0	n/a
3	19.055	0.429	correct	0.429	grate	n/a	n/a	n/a	n/a	n/a	n/a	2	3	n/a	n/a	n/a	n/a	n/a	left
3	20.004	0.391	correct	0.391	grate	n/a	n/a	n/a	n/a	n/a	n/a	2	3	n/a	n/a	n/a	n/a	n/a	right
3	20.903	0.356	correct	0.356	grate	n/a	n/a	n/a	n/a	n/a	n/a	2	3	n/a	n/a	n/a	n/a	n/a	left
3	21.770	0.329	correct	0.329	grate	n/a	n/a	n/a	n/a	n/a	n/a	2	3	n/a	n/a	n/a	n/a	n/a	right
3	22.620	0.480	correct	0.480	grate	n/a	n/a	n/a	n/a	n/a	n/a	2	3	n/a	n/a	n/a	n/a	n/a	left
3	23.620	0.528	correct	0.528	grate	n/a	n/a	n/a	n/a	n/a	n/a	2	3	n/a	n/a	n/a	n/a	n/a	right
3	24.670	0.100	incorrect	0.100	grate	n/a	n/a	n/a	n/a	n/a	n/a	2	3	n/a	n/a	n/a	n/a	n/a	right
3	26.019	3.000	remember	0.452	retrieval	retprac	object	scene	face	target	object	3	3	143	95	195	247	26.0	n/a
3	31.053	0.437	correct	0.437	grate	n/a	n/a	n/a	n/a	n/a	n/a	3	3	n/a	n/a	n/a	n/a	n/a	right
3	32.003	0.425	correct	0.425	grate	n/a	n/a	n/a	n/a	n/a	n/a	3	3	n/a	n/a	n/a	n/a	n/a	right
3	32.936	0.435	correct	0.435	grate	n/a	n/a	n/a	n/a	n/a	n/a	3	3	n/a	n/a	n/a	n/a	n/a	left
3	33.886	0.469	correct	0.469	grate	n/a	n/a	n/a	n/a	n/a	n/a	3	3	n/a	n/a	n/a	n/a	n/a	left
3	34.869	0.446	correct	0.446	grate	n/a	n/a	n/a	n/a	n/a	n/a	3	3	n/a	n/a	n/a	n/a	n/a	left
3	35.836	0.439	correct	0.439	grate	n/a	n/a	n/a	n/a	n/a	n/a	3	3	n/a	n/a	n/a	n/a	n/a	left
3	36.786	0.100	incorrect	0.100	grate	n/a	n/a	n/a	n/a	n/a	n/a	3	3	n/a	n/a	n/a	n/a	n/a	left
3	38.018	3.000	forget	0.333	retrieval	retprac	scene	face	object	competitor	face	4	3	41	113	265	41	38.0	n/a
3	43.052	0.494	correct	0.494	grate	n/a	n/a	n/a	n/a	n/a	n/a	4	3	n/a	n/a	n/a	n/a	n/a	left
3	44.068	0.390	correct	0.390	grate	n/a	n/a	n/a	n/a	n/a	n/a	4	3	n/a	n/a	n/a	n/a	n/a	left
3	44.968	0.371	correct	0.371	grate	n/a	n/a	n/a	n/a	n/a	n/a	4	3	n/a	n/a	n/a	n/a	n/a	left
3	45.851	0.551	correct	0.551	grate	n/a	n/a	n/a	n/a	n/a	n/a	4	3	n/a	n/a	n/a	n/a	n/a	right
3	46.918	0.406	correct	0.406	grate	n/a	n/a	n/a	n/a	n/a	n/a	4	3	n/a	n/a	n/a	n/a	n/a	right
3	47.835	0.456	correct	0.456	grate	n/a	n/a	n/a	n/a	n/a	n/a	4	3	n/a	n/a	n/a	n/a	n/a	left
3	48.801	0.100	incorrect	0.100	grate	n/a	n/a	n/a	n/a	n/a	n/a	4	3	n/a	n/a	n/a	n/a	n/a	left
3	50.017	3.000	remember	0.357	retrieval	retprac	face	scene	object	target	face	5	3	115	43	91	219	50.0	n/a
3	55.051	0.431	correct	0.431	grate	n/a	n/a	n/a	n/a	n/a	n/a	5	3	n/a	n/a	n/a	n/a	n/a	right
3	56.000	0.443	incorrect	0.443	grate	n/a	n/a	n/a	n/a	n/a	n/a	5	3	n/a	n/a	n/a	n/a	n/a	right
3	56.950	0.516	correct	0.516	grate	n/a	n/a	n/a	n/a	n/a	n/a	5	3	n/a	n/a	n/a	n/a	n/a	left
3	57.983	0.411	correct	0.411	grate	n/a	n/a	n/a	n/a	n/a	n/a	5	3	n/a	n/a	n/a	n/a	n/a	left
3	58.917	0.469	correct	0.469	grate	n/a	n/a	n/a	n/a	n/a	n/a	5	3	n/a	n/a	n/a	n/a	n/a	right
3	59.900	0.494	correct	0.494	grate	n/a	n/a	n/a	n/a	n/a	n/a	5	3	n/a	n/a	n/a	n/a	n/a	left
3	60.917	0.100	incorrect	0.100	grate	n/a	n/a	n/a	n/a	n/a	n/a	5	3	n/a	n/a	n/a	n/a	n/a	left
3	62.016	3.000	forget	0.454	retrieval	restudy	face	object	scene	competitor	object	6	3	68	20	68	120	62.0	n/a
3	67.050	0.416	correct	0.416	grate	n/a	n/a	n/a	n/a	n/a	n/a	6	3	n/a	n/a	n/a	n/a	n/a	left
3	67.983	0.379	correct	0.379	grate	n/a	n/a	n/a	n/a	n/a	n/a	6	3	n/a	n/a	n/a	n/a	n/a	right
3	68.883	0.479	correct	0.479	grate	n/a	n/a	n/a	n/a	n/a	n/a	6	3	n/a	n/a	n/a	n/a	n/a	right
3	69.883	0.440	correct	0.440	grate	n/a	n/a	n/a	n/a	n/a	n/a	6	3	n/a	n/a	n/a	n/a	n/a	right
3	70.832	0.465	correct	0.465	grate	n/a	n/a	n/a	n/a	n/a	n/a	6	3	n/a	n/a	n/a	n/a	n/a	left
3	71.816	0.426	correct	0.426	grate	n/a	n/a	n/a	n/a	n/a	n/a	6	3	n/a	n/a	n/a	n/a	n/a	right
3	72.749	0.100	incorrect	0.100	grate	n/a	n/a	n/a	n/a	n/a	n/a	6	3	n/a	n/a	n/a	n/a	n/a	right
3	74.015	3.000	remember	0.327	retrieval	retprac	object	face	scene	target	object	7	3	19	67	167	19	74.0	n/a
3	79.049	0.392	correct	0.392	grate	n/a	n/a	n/a	n/a	n/a	n/a	7	3	n/a	n/a	n/a	n/a	n/a	right
3	79.948	0.397	correct	0.397	grate	n/a	n/a	n/a	n/a	n/a	n/a	7	3	n/a	n/a	n/a	n/a	n/a	right
3	80.865	0.409	correct	0.409	grate	n/a	n/a	n/a	n/a	n/a	n/a	7	3	n/a	n/a	n/a	n/a	n/a	right
3	81.782	0.436	correct	0.436	grate	n/a	n/a	n/a	n/a	n/a	n/a	7	3	n/a	n/a	n/a	n/a	n/a	left
3	82.731	0.462	incorrect	0.462	grate	n/a	n/a	n/a	n/a	n/a	n/a	7	3	n/a	n/a	n/a	n/a	n/a	left
3	83.715	0.494	correct	0.494	grate	n/a	n/a	n/a	n/a	n/a	n/a	7	3	n/a	n/a	n/a	n/a	n/a	left
3	84.731	0.100	incorrect	0.100	grate	n/a	n/a	n/a	n/a	n/a	n/a	7	3	n/a	n/a	n/a	n/a	n/a	right
3	86.014	3.000	remember	0.703	retrieval	retprac	scene	face	object	target	scene	8	3	43	115	267	43	86.0	n/a
3	91.048	0.449	correct	0.449	grate	n/a	n/a	n/a	n/a	n/a	n/a	8	3	n/a	n/a	n/a	n/a	n/a	left
3	92.014	0.363	correct	0.363	grate	n/a	n/a	n/a	n/a	n/a	n/a	8	3	n/a	n/a	n/a	n/a	n/a	right
3	92.897	0.376	correct	0.376	grate	n/a	n/a	n/a	n/a	n/a	n/a	8	3	n/a	n/a	n/a	n/a	n/a	right
3	93.780	0.461	correct	0.461	grate	n/a	n/a	n/a	n/a	n/a	n/a	8	3	n/a	n/a	n/a	n/a	n/a	left
3	94.764	0.374	correct	0.374	grate	n/a	n/a	n/a	n/a	n/a	n/a	8	3	n/a	n/a	n/a	n/a	n/a	right
3	95.647	0.386	correct	0.386	grate	n/a	n/a	n/a	n/a	n/a	n/a	8	3	n/a	n/a	n/a	n/a	n/a	right
3	96.547	0.100	incorrect	0.100	grate	n/a	n/a	n/a	n/a	n/a	n/a	8	3	n/a	n/a	n/a	n/a	n/a	right
3	98.012	3.000	no response	n/a	retrieval	retprac	face	object	scene	no response	no response	9	3	65	17	65	117	98.0	n/a
3	103.047	0.546	correct	0.546	grate	n/a	n/a	n/a	n/a	n/a	n/a	9	3	n/a	n/a	n/a	n/a	n/a	left
3	104.113	0.392	correct	0.392	grate	n/a	n/a	n/a	n/a	n/a	n/a	9	3	n/a	n/a	n/a	n/a	n/a	left
3	105.013	0.404	correct	0.404	grate	n/a	n/a	n/a	n/a	n/a	n/a	9	3	n/a	n/a	n/a	n/a	n/a	right
3	105.929	0.511	correct	0.511	grate	n/a	n/a	n/a	n/a	n/a	n/a	9	3	n/a	n/a	n/a	n/a	n/a	left
3	106.963	0.463	correct	0.463	grate	n/a	n/a	n/a	n/a	n/a	n/a	9	3	n/a	n/a	n/a	n/a	n/a	right
3	107.946	0.519	correct	0.519	grate	n/a	n/a	n/a	n/a	n/a	n/a	9	3	n/a	n/a	n/a	n/a	n/a	left
3	108.979	0.100	incorrect	0.100	grate	n/a	n/a	n/a	n/a	n/a	n/a	9	3	n/a	n/a	n/a	n/a	n/a	left
3	110.011	3.000	forget	0.385	retrieval	restudy	face	object	scene	competitor	object	10	3	72	24	72	124	110.0	n/a
3	115.046	0.418	correct	0.418	grate	n/a	n/a	n/a	n/a	n/a	n/a	10	3	n/a	n/a	n/a	n/a	n/a	left
3	115.978	0.350	correct	0.350	grate	n/a	n/a	n/a	n/a	n/a	n/a	10	3	n/a	n/a	n/a	n/a	n/a	right
3	116.845	0.507	correct	0.507	grate	n/a	n/a	n/a	n/a	n/a	n/a	10	3	n/a	n/a	n/a	n/a	n/a	right
3	117.862	0.355	correct	0.355	grate	n/a	n/a	n/a	n/a	n/a	n/a	10	3	n/a	n/a	n/a	n/a	n/a	left
3	118.728	0.448	correct	0.448	grate	n/a	n/a	n/a	n/a	n/a	n/a	10	3	n/a	n/a	n/a	n/a	n/a	right
3	119.695	0.601	correct	0.601	grate	n/a	n/a	n/a	n/a	n/a	n/a	10	3	n/a	n/a	n/a	n/a	n/a	left
3	120.811	0.100	incorrect	0.100	grate	n/a	n/a	n/a	n/a	n/a	n/a	10	3	n/a	n/a	n/a	n/a	n/a	left
3	122.010	3.000	forget	0.353	retrieval	restudy	object	scene	face	competitor	scene	11	3	144	96	196	248	122.0	n/a
3	127.045	0.451	correct	0.451	grate	n/a	n/a	n/a	n/a	n/a	n/a	11	3	n/a	n/a	n/a	n/a	n/a	left
3	128.011	0.333	correct	0.333	grate	n/a	n/a	n/a	n/a	n/a	n/a	11	3	n/a	n/a	n/a	n/a	n/a	right
3	128.861	0.347	correct	0.347	grate	n/a	n/a	n/a	n/a	n/a	n/a	11	3	n/a	n/a	n/a	n/a	n/a	right
3	129.727	0.425	correct	0.425	grate	n/a	n/a	n/a	n/a	n/a	n/a	11	3	n/a	n/a	n/a	n/a	n/a	right
3	130.660	0.421	correct	0.421	grate	n/a	n/a	n/a	n/a	n/a	n/a	11	3	n/a	n/a	n/a	n/a	n/a	left
3	131.594	0.438	correct	0.438	grate	n/a	n/a	n/a	n/a	n/a	n/a	11	3	n/a	n/a	n/a	n/a	n/a	right
3	132.544	0.100	incorrect	0.100	grate	n/a	n/a	n/a	n/a	n/a	n/a	11	3	n/a	n/a	n/a	n/a	n/a	right
3	134.009	3.000	remember	0.299	retrieval	restudy	object	face	scene	target	object	12	3	18	66	166	18	134.0	n/a
3	139.043	0.597	correct	0.597	grate	n/a	n/a	n/a	n/a	n/a	n/a	12	3	n/a	n/a	n/a	n/a	n/a	left
3	140.160	0.417	correct	0.417	grate	n/a	n/a	n/a	n/a	n/a	n/a	12	3	n/a	n/a	n/a	n/a	n/a	left
3	141.093	0.387	correct	0.387	grate	n/a	n/a	n/a	n/a	n/a	n/a	12	3	n/a	n/a	n/a	n/a	n/a	right
3	141.993	0.375	correct	0.375	grate	n/a	n/a	n/a	n/a	n/a	n/a	12	3	n/a	n/a	n/a	n/a	n/a	right
3	142.876	0.397	correct	0.397	grate	n/a	n/a	n/a	n/a	n/a	n/a	12	3	n/a	n/a	n/a	n/a	n/a	left
3	143.793	0.407	incorrect	0.407	grate	n/a	n/a	n/a	n/a	n/a	n/a	12	3	n/a	n/a	n/a	n/a	n/a	left
3	144.709	0.100	incorrect	0.100	grate	n/a	n/a	n/a	n/a	n/a	n/a	12	3	n/a	n/a	n/a	n/a	n/a	left
3	146.008	3.000	forget	0.515	retrieval	restudy	face	object	scene	competitor	object	13	3	66	18	66	118	146.0	n/a
3	151.043	0.421	correct	0.421	grate	n/a	n/a	n/a	n/a	n/a	n/a	13	3	n/a	n/a	n/a	n/a	n/a	right
3	151.975	0.449	correct	0.449	grate	n/a	n/a	n/a	n/a	n/a	n/a	13	3	n/a	n/a	n/a	n/a	n/a	left
3	152.942	0.386	correct	0.386	grate	n/a	n/a	n/a	n/a	n/a	n/a	13	3	n/a	n/a	n/a	n/a	n/a	left
3	153.842	0.373	correct	0.373	grate	n/a	n/a	n/a	n/a	n/a	n/a	13	3	n/a	n/a	n/a	n/a	n/a	left
3	154.725	0.394	incorrect	0.394	grate	n/a	n/a	n/a	n/a	n/a	n/a	13	3	n/a	n/a	n/a	n/a	n/a	right
3	155.642	0.486	correct	0.486	grate	n/a	n/a	n/a	n/a	n/a	n/a	13	3	n/a	n/a	n/a	n/a	n/a	right
3	156.641	0.100	incorrect	0.100	grate	n/a	n/a	n/a	n/a	n/a	n/a	13	3	n/a	n/a	n/a	n/a	n/a	left
3	158.007	3.000	forget	0.540	retrieval	restudy	face	scene	object	competitor	scene	14	3	120	48	96	224	158.0	n/a
3	163.042	0.445	correct	0.445	grate	n/a	n/a	n/a	n/a	n/a	n/a	14	3	n/a	n/a	n/a	n/a	n/a	left
3	164.008	0.016	correct	0.016	grate	n/a	n/a	n/a	n/a	n/a	n/a	14	3	n/a	n/a	n/a	n/a	n/a	left
3	164.558	0.377	correct	0.377	grate	n/a	n/a	n/a	n/a	n/a	n/a	14	3	n/a	n/a	n/a	n/a	n/a	left
3	165.457	0.422	correct	0.422	grate	n/a	n/a	n/a	n/a	n/a	n/a	14	3	n/a	n/a	n/a	n/a	n/a	right
3	166.391	0.496	correct	0.496	grate	n/a	n/a	n/a	n/a	n/a	n/a	14	3	n/a	n/a	n/a	n/a	n/a	left
3	167.407	0.472	correct	0.472	grate	n/a	n/a	n/a	n/a	n/a	n/a	14	3	n/a	n/a	n/a	n/a	n/a	right
3	168.390	0.117	incorrect	0.117	grate	n/a	n/a	n/a	n/a	n/a	n/a	14	3	n/a	n/a	n/a	n/a	n/a	right
3	170.006	3.000	forget	0.341	retrieval	restudy	object	scene	face	competitor	scene	15	3	138	90	190	242	170.0	n/a
3	175.041	0.414	correct	0.414	grate	n/a	n/a	n/a	n/a	n/a	n/a	15	3	n/a	n/a	n/a	n/a	n/a	right
3	175.973	0.369	correct	0.369	grate	n/a	n/a	n/a	n/a	n/a	n/a	15	3	n/a	n/a	n/a	n/a	n/a	right
3	176.856	0.390	correct	0.390	grate	n/a	n/a	n/a	n/a	n/a	n/a	15	3	n/a	n/a	n/a	n/a	n/a	right
3	177.773	0.499	correct	0.499	grate	n/a	n/a	n/a	n/a	n/a	n/a	15	3	n/a	n/a	n/a	n/a	n/a	left
3	178.790	0.641	correct	0.641	grate	n/a	n/a	n/a	n/a	n/a	n/a	15	3	n/a	n/a	n/a	n/a	n/a	left
3	179.939	0.403	correct	0.403	grate	n/a	n/a	n/a	n/a	n/a	n/a	15	3	n/a	n/a	n/a	n/a	n/a	left
3	180.856	0.100	incorrect	0.100	grate	n/a	n/a	n/a	n/a	n/a	n/a	15	3	n/a	n/a	n/a	n/a	n/a	right
3	182.022	3.000	remember	0.669	retrieval	retprac	scene	face	object	target	scene	16	3	45	117	269	45	182.0	n/a
3	187.056	0.374	correct	0.374	grate	n/a	n/a	n/a	n/a	n/a	n/a	16	3	n/a	n/a	n/a	n/a	n/a	right
3	187.939	0.475	correct	0.475	grate	n/a	n/a	n/a	n/a	n/a	n/a	16	3	n/a	n/a	n/a	n/a	n/a	left
3	188.922	0.452	correct	0.452	grate	n/a	n/a	n/a	n/a	n/a	n/a	16	3	n/a	n/a	n/a	n/a	n/a	right
3	189.888	0.502	correct	0.502	grate	n/a	n/a	n/a	n/a	n/a	n/a	16	3	n/a	n/a	n/a	n/a	n/a	left
3	190.905	0.381	incorrect	0.381	grate	n/a	n/a	n/a	n/a	n/a	n/a	16	3	n/a	n/a	n/a	n/a	n/a	left
3	191.805	0.513	correct	0.513	grate	n/a	n/a	n/a	n/a	n/a	n/a	16	3	n/a	n/a	n/a	n/a	n/a	left
3	192.838	0.100	incorrect	0.100	grate	n/a	n/a	n/a	n/a	n/a	n/a	16	3	n/a	n/a	n/a	n/a	n/a	right
3	194.021	3.000	forget	0.501	retrieval	restudy	scene	object	face	competitor	object	17	3	96	144	296	148	194.0	n/a
3	199.055	0.495	correct	0.495	grate	n/a	n/a	n/a	n/a	n/a	n/a	17	3	n/a	n/a	n/a	n/a	n/a	right
3	200.071	0.343	correct	0.343	grate	n/a	n/a	n/a	n/a	n/a	n/a	17	3	n/a	n/a	n/a	n/a	n/a	left
3	200.938	0.460	incorrect	0.460	grate	n/a	n/a	n/a	n/a	n/a	n/a	17	3	n/a	n/a	n/a	n/a	n/a	right
3	201.921	0.837	correct	0.837	grate	n/a	n/a	n/a	n/a	n/a	n/a	17	3	n/a	n/a	n/a	n/a	n/a	left
3	203.271	0.367	correct	0.367	grate	n/a	n/a	n/a	n/a	n/a	n/a	17	3	n/a	n/a	n/a	n/a	n/a	right
3	204.154	0.367	incorrect	0.367	grate	n/a	n/a	n/a	n/a	n/a	n/a	17	3	n/a	n/a	n/a	n/a	n/a	right
3	206.019	3.000	remember	0.302	retrieval	retprac	object	face	scene	target	object	18	3	17	65	165	17	206.0	n/a
3	211.054	0.408	correct	0.408	grate	n/a	n/a	n/a	n/a	n/a	n/a	18	3	n/a	n/a	n/a	n/a	n/a	right
3	211.970	0.412	correct	0.412	grate	n/a	n/a	n/a	n/a	n/a	n/a	18	3	n/a	n/a	n/a	n/a	n/a	left
3	212.903	0.399	correct	0.399	grate	n/a	n/a	n/a	n/a	n/a	n/a	18	3	n/a	n/a	n/a	n/a	n/a	right
3	213.820	0.418	correct	0.418	grate	n/a	n/a	n/a	n/a	n/a	n/a	18	3	n/a	n/a	n/a	n/a	n/a	right
3	214.753	0.429	correct	0.429	grate	n/a	n/a	n/a	n/a	n/a	n/a	18	3	n/a	n/a	n/a	n/a	n/a	left
3	215.703	0.407	correct	0.407	grate	n/a	n/a	n/a	n/a	n/a	n/a	18	3	n/a	n/a	n/a	n/a	n/a	left
3	216.620	0.100	incorrect	0.100	grate	n/a	n/a	n/a	n/a	n/a	n/a	18	3	n/a	n/a	n/a	n/a	n/a	left
3	218.018	3.000	forget	0.382	retrieval	restudy	scene	object	face	other	face	19	3	94	142	294	146	218.0	n/a
3	223.053	0.520	correct	0.520	grate	n/a	n/a	n/a	n/a	n/a	n/a	19	3	n/a	n/a	n/a	n/a	n/a	right
3	224.085	0.472	correct	0.472	grate	n/a	n/a	n/a	n/a	n/a	n/a	19	3	n/a	n/a	n/a	n/a	n/a	left
3	225.069	0.464	correct	0.464	grate	n/a	n/a	n/a	n/a	n/a	n/a	19	3	n/a	n/a	n/a	n/a	n/a	left
3	226.052	0.434	correct	0.434	grate	n/a	n/a	n/a	n/a	n/a	n/a	19	3	n/a	n/a	n/a	n/a	n/a	left
3	227.002	0.371	correct	0.371	grate	n/a	n/a	n/a	n/a	n/a	n/a	19	3	n/a	n/a	n/a	n/a	n/a	right
3	227.885	0.440	correct	0.440	grate	n/a	n/a	n/a	n/a	n/a	n/a	19	3	n/a	n/a	n/a	n/a	n/a	left
3	228.835	0.100	incorrect	0.100	grate	n/a	n/a	n/a	n/a	n/a	n/a	19	3	n/a	n/a	n/a	n/a	n/a	right
3	230.017	3.000	remember	0.359	retrieval	restudy	scene	face	object	target	scene	20	3	46	118	270	46	230.0	n/a
3	235.052	0.393	correct	0.393	grate	n/a	n/a	n/a	n/a	n/a	n/a	20	3	n/a	n/a	n/a	n/a	n/a	right
3	235.968	0.397	correct	0.397	grate	n/a	n/a	n/a	n/a	n/a	n/a	20	3	n/a	n/a	n/a	n/a	n/a	left
3	236.884	0.401	correct	0.401	grate	n/a	n/a	n/a	n/a	n/a	n/a	20	3	n/a	n/a	n/a	n/a	n/a	left
3	237.801	0.468	correct	0.468	grate	n/a	n/a	n/a	n/a	n/a	n/a	20	3	n/a	n/a	n/a	n/a	n/a	left
3	238.784	0.549	correct	0.549	grate	n/a	n/a	n/a	n/a	n/a	n/a	20	3	n/a	n/a	n/a	n/a	n/a	left
3	239.851	0.474	correct	0.474	grate	n/a	n/a	n/a	n/a	n/a	n/a	20	3	n/a	n/a	n/a	n/a	n/a	right
3	240.834	0.100	incorrect	0.100	grate	n/a	n/a	n/a	n/a	n/a	n/a	20	3	n/a	n/a	n/a	n/a	n/a	right
3	242.016	3.000	remember	0.240	retrieval	retprac	scene	object	face	target	scene	21	3	95	143	295	147	242.0	n/a
3	247.051	0.378	correct	0.378	grate	n/a	n/a	n/a	n/a	n/a	n/a	21	3	n/a	n/a	n/a	n/a	n/a	right
3	247.950	0.407	correct	0.407	grate	n/a	n/a	n/a	n/a	n/a	n/a	21	3	n/a	n/a	n/a	n/a	n/a	right
3	248.867	0.442	incorrect	0.442	grate	n/a	n/a	n/a	n/a	n/a	n/a	21	3	n/a	n/a	n/a	n/a	n/a	right
3	249.816	0.420	correct	0.420	grate	n/a	n/a	n/a	n/a	n/a	n/a	21	3	n/a	n/a	n/a	n/a	n/a	right
3	250.750	0.391	correct	0.391	grate	n/a	n/a	n/a	n/a	n/a	n/a	21	3	n/a	n/a	n/a	n/a	n/a	right
3	251.649	0.443	correct	0.443	grate	n/a	n/a	n/a	n/a	n/a	n/a	21	3	n/a	n/a	n/a	n/a	n/a	right
3	252.616	0.100	incorrect	0.100	grate	n/a	n/a	n/a	n/a	n/a	n/a	21	3	n/a	n/a	n/a	n/a	n/a	left
3	254.015	3.000	remember	0.313	retrieval	restudy	object	face	scene	target	object	22	3	20	68	168	20	254.0	n/a
3	259.050	0.499	correct	0.499	grate	n/a	n/a	n/a	n/a	n/a	n/a	22	3	n/a	n/a	n/a	n/a	n/a	left
3	260.065	0.467	correct	0.467	grate	n/a	n/a	n/a	n/a	n/a	n/a	22	3	n/a	n/a	n/a	n/a	n/a	left
3	261.049	0.411	correct	0.411	grate	n/a	n/a	n/a	n/a	n/a	n/a	22	3	n/a	n/a	n/a	n/a	n/a	right
3	261.982	0.502	correct	0.502	grate	n/a	n/a	n/a	n/a	n/a	n/a	22	3	n/a	n/a	n/a	n/a	n/a	left
3	262.999	0.557	correct	0.557	grate	n/a	n/a	n/a	n/a	n/a	n/a	22	3	n/a	n/a	n/a	n/a	n/a	left
3	264.065	0.450	incorrect	0.450	grate	n/a	n/a	n/a	n/a	n/a	n/a	22	3	n/a	n/a	n/a	n/a	n/a	right
3	266.014	3.000	don't know	0.337	retrieval	retprac	scene	object	face	don't know	don't know	23	3	89	137	289	141	266.0	n/a
3	271.048	0.420	correct	0.420	grate	n/a	n/a	n/a	n/a	n/a	n/a	23	3	n/a	n/a	n/a	n/a	n/a	right
3	271.981	0.431	correct	0.431	grate	n/a	n/a	n/a	n/a	n/a	n/a	23	3	n/a	n/a	n/a	n/a	n/a	left
3	272.931	0.433	correct	0.433	grate	n/a	n/a	n/a	n/a	n/a	n/a	23	3	n/a	n/a	n/a	n/a	n/a	left
3	273.881	0.403	incorrect	0.403	grate	n/a	n/a	n/a	n/a	n/a	n/a	23	3	n/a	n/a	n/a	n/a	n/a	left
3	274.798	0.486	correct	0.486	grate	n/a	n/a	n/a	n/a	n/a	n/a	23	3	n/a	n/a	n/a	n/a	n/a	left
3	275.797	0.717	incorrect	0.717	grate	n/a	n/a	n/a	n/a	n/a	n/a	23	3	n/a	n/a	n/a	n/a	n/a	left
3	278.013	3.000	forget	0.330	retrieval	restudy	scene	object	face	competitor	object	24	3	90	138	290	142	278.0	n/a
3	283.047	0.468	correct	0.468	grate	n/a	n/a	n/a	n/a	n/a	n/a	24	3	n/a	n/a	n/a	n/a	n/a	left
3	284.030	0.407	correct	0.407	grate	n/a	n/a	n/a	n/a	n/a	n/a	24	3	n/a	n/a	n/a	n/a	n/a	left
3	284.947	1.161	correct	1.161	grate	n/a	n/a	n/a	n/a	n/a	n/a	24	3	n/a	n/a	n/a	n/a	n/a	right
3	286.630	0.557	correct	0.557	grate	n/a	n/a	n/a	n/a	n/a	n/a	24	3	n/a	n/a	n/a	n/a	n/a	left
3	287.713	0.402	correct	0.402	grate	n/a	n/a	n/a	n/a	n/a	n/a	24	3	n/a	n/a	n/a	n/a	n/a	right
3	288.630	0.100	incorrect	0.100	grate	n/a	n/a	n/a	n/a	n/a	n/a	24	3	n/a	n/a	n/a	n/a	n/a	right
3	290.012	3.000	forget	0.347	retrieval	restudy	object	face	scene	competitor	face	25	3	22	70	170	22	290.0	n/a
3	295.047	0.437	correct	0.437	grate	n/a	n/a	n/a	n/a	n/a	n/a	25	3	n/a	n/a	n/a	n/a	n/a	left
3	295.996	0.440	correct	0.440	grate	n/a	n/a	n/a	n/a	n/a	n/a	25	3	n/a	n/a	n/a	n/a	n/a	left
3	296.946	0.642	correct	0.642	grate	n/a	n/a	n/a	n/a	n/a	n/a	25	3	n/a	n/a	n/a	n/a	n/a	right
3	298.096	1.955	correct	1.955	grate	n/a	n/a	n/a	n/a	n/a	n/a	25	3	n/a	n/a	n/a	n/a	n/a	left
3	300.562	0.100	incorrect	0.100	grate	n/a	n/a	n/a	n/a	n/a	n/a	25	3	n/a	n/a	n/a	n/a	n/a	left
3	302.011	3.000	forget	0.300	retrieval	retprac	face	object	scene	other	scene	26	3	71	23	71	123	302.0	n/a
3	307.045	0.495	correct	0.495	grate	n/a	n/a	n/a	n/a	n/a	n/a	26	3	n/a	n/a	n/a	n/a	n/a	left
3	308.061	0.477	correct	0.477	grate	n/a	n/a	n/a	n/a	n/a	n/a	26	3	n/a	n/a	n/a	n/a	n/a	right
3	309.061	0.430	incorrect	0.430	grate	n/a	n/a	n/a	n/a	n/a	n/a	26	3	n/a	n/a	n/a	n/a	n/a	left
3	310.011	0.472	correct	0.472	grate	n/a	n/a	n/a	n/a	n/a	n/a	26	3	n/a	n/a	n/a	n/a	n/a	left
3	310.994	0.513	correct	0.513	grate	n/a	n/a	n/a	n/a	n/a	n/a	26	3	n/a	n/a	n/a	n/a	n/a	left
3	312.028	0.483	incorrect	0.483	grate	n/a	n/a	n/a	n/a	n/a	n/a	26	3	n/a	n/a	n/a	n/a	n/a	right
3	314.010	3.000	forget	0.349	retrieval	restudy	scene	face	object	other	object	27	3	44	116	268	44	314.0	n/a
3	319.044	1.935	correct	1.935	grate	n/a	n/a	n/a	n/a	n/a	n/a	27	3	n/a	n/a	n/a	n/a	n/a	left
3	321.493	0.461	correct	0.461	grate	n/a	n/a	n/a	n/a	n/a	n/a	27	3	n/a	n/a	n/a	n/a	n/a	left
3	322.477	0.478	correct	0.478	grate	n/a	n/a	n/a	n/a	n/a	n/a	27	3	n/a	n/a	n/a	n/a	n/a	right
3	323.476	0.654	correct	0.654	grate	n/a	n/a	n/a	n/a	n/a	n/a	27	3	n/a	n/a	n/a	n/a	n/a	left
3	324.643	0.100	incorrect	0.100	grate	n/a	n/a	n/a	n/a	n/a	n/a	27	3	n/a	n/a	n/a	n/a	n/a	right
3	326.009	3.000	forget	0.565	retrieval	retprac	object	face	scene	competitor	face	28	3	21	69	169	21	326.0	n/a
3	331.043	0.455	correct	0.455	grate	n/a	n/a	n/a	n/a	n/a	n/a	28	3	n/a	n/a	n/a	n/a	n/a	left
3	332.009	0.489	correct	0.489	grate	n/a	n/a	n/a	n/a	n/a	n/a	28	3	n/a	n/a	n/a	n/a	n/a	right
3	333.009	0.497	correct	0.497	grate	n/a	n/a	n/a	n/a	n/a	n/a	28	3	n/a	n/a	n/a	n/a	n/a	left
3	334.026	0.440	correct	0.440	grate	n/a	n/a	n/a	n/a	n/a	n/a	28	3	n/a	n/a	n/a	n/a	n/a	left
3	334.975	0.474	correct	0.474	grate	n/a	n/a	n/a	n/a	n/a	n/a	28	3	n/a	n/a	n/a	n/a	n/a	left
3	335.959	0.550	incorrect	0.550	grate	n/a	n/a	n/a	n/a	n/a	n/a	28	3	n/a	n/a	n/a	n/a	n/a	left
3	338.008	3.000	forget	0.367	retrieval	restudy	scene	object	face	other	face	29	3	92	140	292	144	338.0	n/a
3	343.041	0.496	correct	0.496	grate	n/a	n/a	n/a	n/a	n/a	n/a	29	3	n/a	n/a	n/a	n/a	n/a	right
3	344.058	0.440	correct	0.440	grate	n/a	n/a	n/a	n/a	n/a	n/a	29	3	n/a	n/a	n/a	n/a	n/a	right
3	345.008	0.538	correct	0.538	grate	n/a	n/a	n/a	n/a	n/a	n/a	29	3	n/a	n/a	n/a	n/a	n/a	right
3	346.058	0.416	correct	0.416	grate	n/a	n/a	n/a	n/a	n/a	n/a	29	3	n/a	n/a	n/a	n/a	n/a	right
3	346.991	0.450	correct	0.450	grate	n/a	n/a	n/a	n/a	n/a	n/a	29	3	n/a	n/a	n/a	n/a	n/a	right
3	347.958	0.550	incorrect	0.550	grate	n/a	n/a	n/a	n/a	n/a	n/a	29	3	n/a	n/a	n/a	n/a	n/a	left
3	350.006	3.000	forget	0.423	retrieval	retprac	scene	face	object	other	object	30	3	47	119	271	47	350.0	n/a
3	355.040	0.465	correct	0.465	grate	n/a	n/a	n/a	n/a	n/a	n/a	30	3	n/a	n/a	n/a	n/a	n/a	left
3	356.023	0.522	correct	0.522	grate	n/a	n/a	n/a	n/a	n/a	n/a	30	3	n/a	n/a	n/a	n/a	n/a	right
3	357.057	0.424	incorrect	0.424	grate	n/a	n/a	n/a	n/a	n/a	n/a	30	3	n/a	n/a	n/a	n/a	n/a	right
3	358.007	0.515	correct	0.515	grate	n/a	n/a	n/a	n/a	n/a	n/a	30	3	n/a	n/a	n/a	n/a	n/a	right
3	359.040	0.489	correct	0.489	grate	n/a	n/a	n/a	n/a	n/a	n/a	30	3	n/a	n/a	n/a	n/a	n/a	right
3	360.040	0.466	incorrect	0.466	grate	n/a	n/a	n/a	n/a	n/a	n/a	30	3	n/a	n/a	n/a	n/a	n/a	right
3	362.022	3.000	forget	0.286	retrieval	restudy	object	scene	face	competitor	scene	31	3	140	92	192	244	362.0	n/a
3	367.056	0.434	correct	0.434	grate	n/a	n/a	n/a	n/a	n/a	n/a	31	3	n/a	n/a	n/a	n/a	n/a	left
3	368.006	0.419	correct	0.419	grate	n/a	n/a	n/a	n/a	n/a	n/a	31	3	n/a	n/a	n/a	n/a	n/a	left
3	368.939	0.543	correct	0.543	grate	n/a	n/a	n/a	n/a	n/a	n/a	31	3	n/a	n/a	n/a	n/a	n/a	left
3	370.006	0.475	correct	0.475	grate	n/a	n/a	n/a	n/a	n/a	n/a	31	3	n/a	n/a	n/a	n/a	n/a	right
3	370.989	0.500	correct	0.500	grate	n/a	n/a	n/a	n/a	n/a	n/a	31	3	n/a	n/a	n/a	n/a	n/a	left
3	372.006	0.443	correct	0.443	grate	n/a	n/a	n/a	n/a	n/a	n/a	31	3	n/a	n/a	n/a	n/a	n/a	right
3	372.972	0.100	incorrect	0.100	grate	n/a	n/a	n/a	n/a	n/a	n/a	31	3	n/a	n/a	n/a	n/a	n/a	right
3	374.021	3.000	remember	0.264	retrieval	retprac	face	scene	object	target	face	32	3	117	45	93	221	374.0	n/a
3	379.055	0.410	correct	0.410	grate	n/a	n/a	n/a	n/a	n/a	n/a	32	3	n/a	n/a	n/a	n/a	n/a	left
3	379.988	0.389	correct	0.389	grate	n/a	n/a	n/a	n/a	n/a	n/a	32	3	n/a	n/a	n/a	n/a	n/a	left
3	380.888	0.488	correct	0.488	grate	n/a	n/a	n/a	n/a	n/a	n/a	32	3	n/a	n/a	n/a	n/a	n/a	left
3	381.888	0.472	correct	0.472	grate	n/a	n/a	n/a	n/a	n/a	n/a	32	3	n/a	n/a	n/a	n/a	n/a	right
3	382.871	0.513	correct	0.513	grate	n/a	n/a	n/a	n/a	n/a	n/a	32	3	n/a	n/a	n/a	n/a	n/a	left
3	383.905	0.409	correct	0.409	grate	n/a	n/a	n/a	n/a	n/a	n/a	32	3	n/a	n/a	n/a	n/a	n/a	right
3	384.821	0.100	incorrect	0.100	grate	n/a	n/a	n/a	n/a	n/a	n/a	32	3	n/a	n/a	n/a	n/a	n/a	right
3	386.020	3.000	forget	0.336	retrieval	retprac	face	scene	object	other	object	33	3	119	47	95	223	386.0	n/a
3	391.054	0.402	correct	0.402	grate	n/a	n/a	n/a	n/a	n/a	n/a	33	3	n/a	n/a	n/a	n/a	n/a	right
3	391.970	0.391	correct	0.391	grate	n/a	n/a	n/a	n/a	n/a	n/a	33	3	n/a	n/a	n/a	n/a	n/a	right
3	392.870	0.474	correct	0.474	grate	n/a	n/a	n/a	n/a	n/a	n/a	33	3	n/a	n/a	n/a	n/a	n/a	left
3	393.853	0.475	correct	0.475	grate	n/a	n/a	n/a	n/a	n/a	n/a	33	3	n/a	n/a	n/a	n/a	n/a	left
3	394.837	0.683	correct	0.683	grate	n/a	n/a	n/a	n/a	n/a	n/a	33	3	n/a	n/a	n/a	n/a	n/a	left
3	396.037	0.483	incorrect	0.483	grate	n/a	n/a	n/a	n/a	n/a	n/a	33	3	n/a	n/a	n/a	n/a	n/a	left
3	398.019	3.000	remember	0.441	retrieval	retprac	object	scene	face	target	object	34	3	141	93	193	245	398.0	n/a
3	403.053	0.483	correct	0.483	grate	n/a	n/a	n/a	n/a	n/a	n/a	34	3	n/a	n/a	n/a	n/a	n/a	right
3	404.053	0.475	correct	0.475	grate	n/a	n/a	n/a	n/a	n/a	n/a	34	3	n/a	n/a	n/a	n/a	n/a	left
3	405.036	0.484	correct	0.484	grate	n/a	n/a	n/a	n/a	n/a	n/a	34	3	n/a	n/a	n/a	n/a	n/a	left
3	406.036	0.620	incorrect	0.620	grate	n/a	n/a	n/a	n/a	n/a	n/a	34	3	n/a	n/a	n/a	n/a	n/a	right
3	407.169	0.919	correct	0.919	grate	n/a	n/a	n/a	n/a	n/a	n/a	34	3	n/a	n/a	n/a	n/a	n/a	left
3	408.602	0.100	incorrect	0.100	grate	n/a	n/a	n/a	n/a	n/a	n/a	34	3	n/a	n/a	n/a	n/a	n/a	right
3	410.018	3.000	forget	0.330	retrieval	retprac	face	object	scene	other	scene	35	3	67	19	67	119	410.0	n/a
3	415.051	0.452	correct	0.452	grate	n/a	n/a	n/a	n/a	n/a	n/a	35	3	n/a	n/a	n/a	n/a	n/a	right
3	416.018	0.381	correct	0.381	grate	n/a	n/a	n/a	n/a	n/a	n/a	35	3	n/a	n/a	n/a	n/a	n/a	left
3	416.918	0.482	correct	0.482	grate	n/a	n/a	n/a	n/a	n/a	n/a	35	3	n/a	n/a	n/a	n/a	n/a	left
3	417.918	0.449	correct	0.449	grate	n/a	n/a	n/a	n/a	n/a	n/a	35	3	n/a	n/a	n/a	n/a	n/a	right
3	418.885	0.427	correct	0.427	grate	n/a	n/a	n/a	n/a	n/a	n/a	35	3	n/a	n/a	n/a	n/a	n/a	right
3	419.835	0.405	correct	0.405	grate	n/a	n/a	n/a	n/a	n/a	n/a	35	3	n/a	n/a	n/a	n/a	n/a	right
3	420.751	0.100	incorrect	0.100	grate	n/a	n/a	n/a	n/a	n/a	n/a	35	3	n/a	n/a	n/a	n/a	n/a	right
3	422.017	3.000	forget	0.298	retrieval	restudy	object	face	scene	competitor	face	36	3	24	72	172	24	422.0	n/a
3	427.050	0.549	correct	0.549	grate	n/a	n/a	n/a	n/a	n/a	n/a	36	3	n/a	n/a	n/a	n/a	n/a	right
3	428.117	0.450	correct	0.450	grate	n/a	n/a	n/a	n/a	n/a	n/a	36	3	n/a	n/a	n/a	n/a	n/a	left
3	429.084	0.403	correct	0.403	grate	n/a	n/a	n/a	n/a	n/a	n/a	36	3	n/a	n/a	n/a	n/a	n/a	left
3	430.000	0.455	correct	0.455	grate	n/a	n/a	n/a	n/a	n/a	n/a	36	3	n/a	n/a	n/a	n/a	n/a	right
3	430.967	0.577	correct	0.577	grate	n/a	n/a	n/a	n/a	n/a	n/a	36	3	n/a	n/a	n/a	n/a	n/a	right
3	432.067	0.450	incorrect	0.450	grate	n/a	n/a	n/a	n/a	n/a	n/a	36	3	n/a	n/a	n/a	n/a	n/a	left
3	434.016	3.000	remember	0.379	retrieval	retprac	scene	object	face	target	scene	37	3	91	139	291	143	434.0	n/a
3	439.050	0.437	correct	0.437	grate	n/a	n/a	n/a	n/a	n/a	n/a	37	3	n/a	n/a	n/a	n/a	n/a	left
3	439.999	0.455	correct	0.455	grate	n/a	n/a	n/a	n/a	n/a	n/a	37	3	n/a	n/a	n/a	n/a	n/a	left
3	440.966	0.602	correct	0.602	grate	n/a	n/a	n/a	n/a	n/a	n/a	37	3	n/a	n/a	n/a	n/a	n/a	right
3	442.083	0.620	correct	0.620	grate	n/a	n/a	n/a	n/a	n/a	n/a	37	3	n/a	n/a	n/a	n/a	n/a	left
3	443.216	1.103	incorrect	1.103	grate	n/a	n/a	n/a	n/a	n/a	n/a	37	3	n/a	n/a	n/a	n/a	n/a	left
3	444.832	0.100	incorrect	0.100	grate	n/a	n/a	n/a	n/a	n/a	n/a	37	3	n/a	n/a	n/a	n/a	n/a	left
3	446.015	3.000	forget	0.340	retrieval	retprac	face	scene	object	competitor	scene	38	3	113	41	89	217	446.0	n/a
3	451.048	0.438	correct	0.438	grate	n/a	n/a	n/a	n/a	n/a	n/a	38	3	n/a	n/a	n/a	n/a	n/a	left
3	451.998	0.392	correct	0.392	grate	n/a	n/a	n/a	n/a	n/a	n/a	38	3	n/a	n/a	n/a	n/a	n/a	right
3	452.898	0.348	correct	0.348	grate	n/a	n/a	n/a	n/a	n/a	n/a	38	3	n/a	n/a	n/a	n/a	n/a	left
3	453.765	0.362	correct	0.362	grate	n/a	n/a	n/a	n/a	n/a	n/a	38	3	n/a	n/a	n/a	n/a	n/a	left
3	454.648	0.390	incorrect	0.390	grate	n/a	n/a	n/a	n/a	n/a	n/a	38	3	n/a	n/a	n/a	n/a	n/a	right
3	455.548	0.436	correct	0.436	grate	n/a	n/a	n/a	n/a	n/a	n/a	38	3	n/a	n/a	n/a	n/a	n/a	right
3	456.498	0.017	incorrect	0.017	grate	n/a	n/a	n/a	n/a	n/a	n/a	38	3	n/a	n/a	n/a	n/a	n/a	right
3	458.014	3.000	remember	0.532	retrieval	retprac	face	object	scene	target	face	39	3	69	21	69	121	458.0	n/a
3	463.047	0.487	correct	0.487	grate	n/a	n/a	n/a	n/a	n/a	n/a	39	3	n/a	n/a	n/a	n/a	n/a	left
3	464.047	0.511	correct	0.511	grate	n/a	n/a	n/a	n/a	n/a	n/a	39	3	n/a	n/a	n/a	n/a	n/a	right
3	465.081	0.414	correct	0.414	grate	n/a	n/a	n/a	n/a	n/a	n/a	39	3	n/a	n/a	n/a	n/a	n/a	left
3	466.014	0.345	correct	0.345	grate	n/a	n/a	n/a	n/a	n/a	n/a	39	3	n/a	n/a	n/a	n/a	n/a	right
3	466.880	0.438	correct	0.438	grate	n/a	n/a	n/a	n/a	n/a	n/a	39	3	n/a	n/a	n/a	n/a	n/a	right
3	467.830	0.416	correct	0.416	grate	n/a	n/a	n/a	n/a	n/a	n/a	39	3	n/a	n/a	n/a	n/a	n/a	left
3	468.764	0.100	incorrect	0.100	grate	n/a	n/a	n/a	n/a	n/a	n/a	39	3	n/a	n/a	n/a	n/a	n/a	left
3	470.012	3.000	forget	0.261	retrieval	restudy	object	scene	face	competitor	scene	40	3	142	94	194	246	470.0	n/a
3	475.046	0.472	correct	0.472	grate	n/a	n/a	n/a	n/a	n/a	n/a	40	3	n/a	n/a	n/a	n/a	n/a	right
3	476.029	0.368	correct	0.368	grate	n/a	n/a	n/a	n/a	n/a	n/a	40	3	n/a	n/a	n/a	n/a	n/a	right
3	476.913	0.397	correct	0.397	grate	n/a	n/a	n/a	n/a	n/a	n/a	40	3	n/a	n/a	n/a	n/a	n/a	right
3	477.829	0.376	correct	0.376	grate	n/a	n/a	n/a	n/a	n/a	n/a	40	3	n/a	n/a	n/a	n/a	n/a	right
3	478.713	0.485	correct	0.485	grate	n/a	n/a	n/a	n/a	n/a	n/a	40	3	n/a	n/a	n/a	n/a	n/a	right
3	479.712	0.461	correct	0.461	grate	n/a	n/a	n/a	n/a	n/a	n/a	40	3	n/a	n/a	n/a	n/a	n/a	left
3	480.696	0.100	incorrect	0.100	grate	n/a	n/a	n/a	n/a	n/a	n/a	40	3	n/a	n/a	n/a	n/a	n/a	left
3	482.011	3.000	remember	0.294	retrieval	retprac	object	scene	face	target	object	41	3	137	89	189	241	482.0	n/a
3	487.045	0.608	correct	0.608	grate	n/a	n/a	n/a	n/a	n/a	n/a	41	3	n/a	n/a	n/a	n/a	n/a	right
3	488.162	0.357	correct	0.357	grate	n/a	n/a	n/a	n/a	n/a	n/a	41	3	n/a	n/a	n/a	n/a	n/a	left
3	489.028	0.409	incorrect	0.409	grate	n/a	n/a	n/a	n/a	n/a	n/a	41	3	n/a	n/a	n/a	n/a	n/a	left
3	489.962	0.437	correct	0.437	grate	n/a	n/a	n/a	n/a	n/a	n/a	41	3	n/a	n/a	n/a	n/a	n/a	left
3	490.912	0.454	correct	0.454	grate	n/a	n/a	n/a	n/a	n/a	n/a	41	3	n/a	n/a	n/a	n/a	n/a	right
3	491.878	0.609	correct	0.609	grate	n/a	n/a	n/a	n/a	n/a	n/a	41	3	n/a	n/a	n/a	n/a	n/a	right
3	492.995	0.100	incorrect	0.100	grate	n/a	n/a	n/a	n/a	n/a	n/a	41	3	n/a	n/a	n/a	n/a	n/a	left
3	494.010	3.000	forget	0.455	retrieval	retprac	object	scene	face	competitor	scene	42	3	139	91	191	243	494.0	n/a
3	499.044	0.481	correct	0.481	grate	n/a	n/a	n/a	n/a	n/a	n/a	42	3	n/a	n/a	n/a	n/a	n/a	right
3	500.044	0.537	correct	0.537	grate	n/a	n/a	n/a	n/a	n/a	n/a	42	3	n/a	n/a	n/a	n/a	n/a	right
3	501.094	0.343	correct	0.343	grate	n/a	n/a	n/a	n/a	n/a	n/a	42	3	n/a	n/a	n/a	n/a	n/a	right
3	501.944	0.437	correct	0.437	grate	n/a	n/a	n/a	n/a	n/a	n/a	42	3	n/a	n/a	n/a	n/a	n/a	right
3	502.894	0.455	correct	0.455	grate	n/a	n/a	n/a	n/a	n/a	n/a	42	3	n/a	n/a	n/a	n/a	n/a	left
3	503.860	0.536	correct	0.536	grate	n/a	n/a	n/a	n/a	n/a	n/a	42	3	n/a	n/a	n/a	n/a	n/a	left
3	504.910	0.100	incorrect	0.100	grate	n/a	n/a	n/a	n/a	n/a	n/a	42	3	n/a	n/a	n/a	n/a	n/a	left
3	506.009	3.000	remember	0.304	retrieval	restudy	face	scene	object	target	face	43	3	114	42	90	218	506.0	n/a
3	511.043	0.418	correct	0.418	grate	n/a	n/a	n/a	n/a	n/a	n/a	43	3	n/a	n/a	n/a	n/a	n/a	right
3	511.976	0.380	correct	0.380	grate	n/a	n/a	n/a	n/a	n/a	n/a	43	3	n/a	n/a	n/a	n/a	n/a	right
3	512.876	0.513	correct	0.513	grate	n/a	n/a	n/a	n/a	n/a	n/a	43	3	n/a	n/a	n/a	n/a	n/a	left
3	513.910	0.479	correct	0.479	grate	n/a	n/a	n/a	n/a	n/a	n/a	43	3	n/a	n/a	n/a	n/a	n/a	left
3	514.909	0.567	correct	0.567	grate	n/a	n/a	n/a	n/a	n/a	n/a	43	3	n/a	n/a	n/a	n/a	n/a	left
3	515.993	0.404	correct	0.404	grate	n/a	n/a	n/a	n/a	n/a	n/a	43	3	n/a	n/a	n/a	n/a	n/a	left
3	516.909	0.100	incorrect	0.100	grate	n/a	n/a	n/a	n/a	n/a	n/a	43	3	n/a	n/a	n/a	n/a	n/a	right
3	518.008	3.000	forget	0.656	retrieval	restudy	scene	face	object	other	object	44	3	42	114	266	42	518.0	n/a
3	523.042	0.571	correct	0.571	grate	n/a	n/a	n/a	n/a	n/a	n/a	44	3	n/a	n/a	n/a	n/a	n/a	left
3	524.125	0.391	correct	0.391	grate	n/a	n/a	n/a	n/a	n/a	n/a	44	3	n/a	n/a	n/a	n/a	n/a	left
3	525.025	0.476	incorrect	0.476	grate	n/a	n/a	n/a	n/a	n/a	n/a	44	3	n/a	n/a	n/a	n/a	n/a	left
3	526.008	0.460	correct	0.460	grate	n/a	n/a	n/a	n/a	n/a	n/a	44	3	n/a	n/a	n/a	n/a	n/a	left
3	526.992	0.461	correct	0.461	grate	n/a	n/a	n/a	n/a	n/a	n/a	44	3	n/a	n/a	n/a	n/a	n/a	right
3	527.975	0.405	correct	0.405	grate	n/a	n/a	n/a	n/a	n/a	n/a	44	3	n/a	n/a	n/a	n/a	n/a	right
3	528.892	0.100	incorrect	0.100	grate	n/a	n/a	n/a	n/a	n/a	n/a	44	3	n/a	n/a	n/a	n/a	n/a	left
3	530.007	3.000	remember	0.337	retrieval	restudy	face	scene	object	target	face	45	3	116	44	92	220	530.0	n/a
3	535.041	0.411	correct	0.411	grate	n/a	n/a	n/a	n/a	n/a	n/a	45	3	n/a	n/a	n/a	n/a	n/a	left
3	535.974	0.382	correct	0.382	grate	n/a	n/a	n/a	n/a	n/a	n/a	45	3	n/a	n/a	n/a	n/a	n/a	left
3	536.874	0.434	correct	0.434	grate	n/a	n/a	n/a	n/a	n/a	n/a	45	3	n/a	n/a	n/a	n/a	n/a	left
3	537.824	0.436	correct	0.436	grate	n/a	n/a	n/a	n/a	n/a	n/a	45	3	n/a	n/a	n/a	n/a	n/a	left
3	538.774	0.406	correct	0.406	grate	n/a	n/a	n/a	n/a	n/a	n/a	45	3	n/a	n/a	n/a	n/a	n/a	left
3	539.691	0.601	correct	0.601	grate	n/a	n/a	n/a	n/a	n/a	n/a	45	3	n/a	n/a	n/a	n/a	n/a	right
3	540.807	0.100	incorrect	0.100	grate	n/a	n/a	n/a	n/a	n/a	n/a	45	3	n/a	n/a	n/a	n/a	n/a	right
3	542.006	3.000	remember	0.321	retrieval	restudy	face	object	scene	target	face	46	3	70	22	70	122	542.0	n/a
3	547.040	0.428	correct	0.428	grate	n/a	n/a	n/a	n/a	n/a	n/a	46	3	n/a	n/a	n/a	n/a	n/a	left
3	547.990	0.470	correct	0.470	grate	n/a	n/a	n/a	n/a	n/a	n/a	46	3	n/a	n/a	n/a	n/a	n/a	right
3	548.973	0.399	correct	0.399	grate	n/a	n/a	n/a	n/a	n/a	n/a	46	3	n/a	n/a	n/a	n/a	n/a	right
3	549.890	0.474	correct	0.474	grate	n/a	n/a	n/a	n/a	n/a	n/a	46	3	n/a	n/a	n/a	n/a	n/a	right
3	550.873	0.443	correct	0.443	grate	n/a	n/a	n/a	n/a	n/a	n/a	46	3	n/a	n/a	n/a	n/a	n/a	left
3	551.839	0.420	correct	0.420	grate	n/a	n/a	n/a	n/a	n/a	n/a	46	3	n/a	n/a	n/a	n/a	n/a	left
3	552.773	0.100	incorrect	0.100	grate	n/a	n/a	n/a	n/a	n/a	n/a	46	3	n/a	n/a	n/a	n/a	n/a	left
3	554.022	3.000	remember	0.465	retrieval	restudy	scene	face	object	target	scene	47	3	48	120	272	48	554.0	n/a
3	559.056	0.500	correct	0.500	grate	n/a	n/a	n/a	n/a	n/a	n/a	47	3	n/a	n/a	n/a	n/a	n/a	left
3	560.072	0.420	correct	0.420	grate	n/a	n/a	n/a	n/a	n/a	n/a	47	3	n/a	n/a	n/a	n/a	n/a	right
3	561.005	0.510	correct	0.510	grate	n/a	n/a	n/a	n/a	n/a	n/a	47	3	n/a	n/a	n/a	n/a	n/a	left
3	562.038	0.381	correct	0.381	grate	n/a	n/a	n/a	n/a	n/a	n/a	47	3	n/a	n/a	n/a	n/a	n/a	right
3	562.939	0.449	incorrect	0.449	grate	n/a	n/a	n/a	n/a	n/a	n/a	47	3	n/a	n/a	n/a	n/a	n/a	right
3	563.905	0.554	correct	0.554	grate	n/a	n/a	n/a	n/a	n/a	n/a	47	3	n/a	n/a	n/a	n/a	n/a	right
3	564.972	0.100	incorrect	0.100	grate	n/a	n/a	n/a	n/a	n/a	n/a	47	3	n/a	n/a	n/a	n/a	n/a	left
3	566.021	3.000	no response	n/a	retrieval	retprac	scene	object	face	no response	no response	48	3	93	141	293	145	566.0	n/a
3	571.054	0.733	correct	0.733	grate	n/a	n/a	n/a	n/a	n/a	n/a	48	3	n/a	n/a	n/a	n/a	n/a	right
3	572.304	0.451	correct	0.451	grate	n/a	n/a	n/a	n/a	n/a	n/a	48	3	n/a	n/a	n/a	n/a	n/a	right
3	573.271	0.436	correct	0.436	grate	n/a	n/a	n/a	n/a	n/a	n/a	48	3	n/a	n/a	n/a	n/a	n/a	right
3	574.221	0.422	correct	0.422	grate	n/a	n/a	n/a	n/a	n/a	n/a	48	3	n/a	n/a	n/a	n/a	n/a	right
3	575.154	0.521	correct	0.521	grate	n/a	n/a	n/a	n/a	n/a	n/a	48	3	n/a	n/a	n/a	n/a	n/a	left
3	576.187	0.333	incorrect	0.333	grate	n/a	n/a	n/a	n/a	n/a	n/a	48	3	n/a	n/a	n/a	n/a	n/a	right
