sub_id	onset	duration	trial_type	response_time	task_type	update_cond	cate_c	cate_b	cate_o	response_type	response	trial_id	run_id	word_id	img_id	stim_c	stim_b	design_onset	grate_orientation
19	2.014	3.000	forget	0.626	retrieval	restudy	scene	face	object	competitor	face	1	1	30	102	254	30	2.0	n/a
19	7.048	1.268	correct	1.268	grate	n/a	n/a	n/a	n/a	n/a	n/a	1	1	n/a	n/a	n/a	n/a	n/a	left
19	8.831	0.740	correct	0.740	grate	n/a	n/a	n/a	n/a	n/a	n/a	1	1	n/a	n/a	n/a	n/a	n/a	left
19	10.097	0.514	correct	0.514	grate	n/a	n/a	n/a	n/a	n/a	n/a	1	1	n/a	n/a	n/a	n/a	n/a	right
19	11.131	0.392	correct	0.392	grate	n/a	n/a	n/a	n/a	n/a	n/a	1	1	n/a	n/a	n/a	n/a	n/a	left
19	12.031	0.374	correct	0.374	grate	n/a	n/a	n/a	n/a	n/a	n/a	1	1	n/a	n/a	n/a	n/a	n/a	left
19	12.914	0.100	incorrect	0.100	grate	n/a	n/a	n/a	n/a	n/a	n/a	1	1	n/a	n/a	n/a	n/a	n/a	left
19	14.013	3.000	forget	0.914	retrieval	restudy	object	face	scene	other	scene	2	1	4	52	152	4	14.0	n/a
19	19.047	0.821	correct	0.821	grate	n/a	n/a	n/a	n/a	n/a	n/a	2	1	n/a	n/a	n/a	n/a	n/a	right
19	20.380	0.367	correct	0.367	grate	n/a	n/a	n/a	n/a	n/a	n/a	2	1	n/a	n/a	n/a	n/a	n/a	right
19	21.263	0.396	correct	0.396	grate	n/a	n/a	n/a	n/a	n/a	n/a	2	1	n/a	n/a	n/a	n/a	n/a	left
19	22.180	0.359	correct	0.359	grate	n/a	n/a	n/a	n/a	n/a	n/a	2	1	n/a	n/a	n/a	n/a	n/a	right
19	23.063	0.348	correct	0.348	grate	n/a	n/a	n/a	n/a	n/a	n/a	2	1	n/a	n/a	n/a	n/a	n/a	right
19	23.930	0.385	correct	0.385	grate	n/a	n/a	n/a	n/a	n/a	n/a	2	1	n/a	n/a	n/a	n/a	n/a	right
19	24.829	0.100	incorrect	0.100	grate	n/a	n/a	n/a	n/a	n/a	n/a	2	1	n/a	n/a	n/a	n/a	n/a	right
19	26.012	3.000	forget	0.667	retrieval	restudy	object	face	scene	competitor	face	3	1	8	56	156	8	26.0	n/a
19	31.046	0.533	correct	0.533	grate	n/a	n/a	n/a	n/a	n/a	n/a	3	1	n/a	n/a	n/a	n/a	n/a	left
19	32.095	0.291	correct	0.291	grate	n/a	n/a	n/a	n/a	n/a	n/a	3	1	n/a	n/a	n/a	n/a	n/a	right
19	32.895	0.339	correct	0.339	grate	n/a	n/a	n/a	n/a	n/a	n/a	3	1	n/a	n/a	n/a	n/a	n/a	left
19	33.745	0.273	correct	0.273	grate	n/a	n/a	n/a	n/a	n/a	n/a	3	1	n/a	n/a	n/a	n/a	n/a	right
19	34.545	0.369	incorrect	0.369	grate	n/a	n/a	n/a	n/a	n/a	n/a	3	1	n/a	n/a	n/a	n/a	n/a	right
19	35.428	0.526	correct	0.526	grate	n/a	n/a	n/a	n/a	n/a	n/a	3	1	n/a	n/a	n/a	n/a	n/a	right
19	36.461	0.050	incorrect	0.050	grate	n/a	n/a	n/a	n/a	n/a	n/a	3	1	n/a	n/a	n/a	n/a	n/a	left
19	38.010	3.000	no response	n/a	retrieval	retprac	object	face	scene	no response	no response	4	1	1	49	149	1	38.0	n/a
19	43.044	0.670	correct	0.670	grate	n/a	n/a	n/a	n/a	n/a	n/a	4	1	n/a	n/a	n/a	n/a	n/a	right
19	44.227	0.391	correct	0.391	grate	n/a	n/a	n/a	n/a	n/a	n/a	4	1	n/a	n/a	n/a	n/a	n/a	right
19	45.127	0.427	correct	0.427	grate	n/a	n/a	n/a	n/a	n/a	n/a	4	1	n/a	n/a	n/a	n/a	n/a	right
19	46.077	0.405	correct	0.405	grate	n/a	n/a	n/a	n/a	n/a	n/a	4	1	n/a	n/a	n/a	n/a	n/a	left
19	46.994	0.344	correct	0.344	grate	n/a	n/a	n/a	n/a	n/a	n/a	4	1	n/a	n/a	n/a	n/a	n/a	left
19	47.860	0.350	incorrect	0.350	grate	n/a	n/a	n/a	n/a	n/a	n/a	4	1	n/a	n/a	n/a	n/a	n/a	right
19	48.727	0.100	incorrect	0.100	grate	n/a	n/a	n/a	n/a	n/a	n/a	4	1	n/a	n/a	n/a	n/a	n/a	right
19	50.009	3.000	remember	0.948	retrieval	restudy	scene	object	face	target	scene	5	1	78	126	278	130	50.0	n/a
19	55.043	0.838	correct	0.838	grate	n/a	n/a	n/a	n/a	n/a	n/a	5	1	n/a	n/a	n/a	n/a	n/a	left
19	56.393	0.337	correct	0.337	grate	n/a	n/a	n/a	n/a	n/a	n/a	5	1	n/a	n/a	n/a	n/a	n/a	left
19	57.243	0.375	correct	0.375	grate	n/a	n/a	n/a	n/a	n/a	n/a	5	1	n/a	n/a	n/a	n/a	n/a	right
19	58.126	0.308	correct	0.308	grate	n/a	n/a	n/a	n/a	n/a	n/a	5	1	n/a	n/a	n/a	n/a	n/a	right
19	58.959	0.346	correct	0.346	grate	n/a	n/a	n/a	n/a	n/a	n/a	5	1	n/a	n/a	n/a	n/a	n/a	right
19	59.826	0.329	correct	0.329	grate	n/a	n/a	n/a	n/a	n/a	n/a	5	1	n/a	n/a	n/a	n/a	n/a	right
19	60.676	0.100	incorrect	0.100	grate	n/a	n/a	n/a	n/a	n/a	n/a	5	1	n/a	n/a	n/a	n/a	n/a	right
19	62.008	3.000	forget	0.541	retrieval	retprac	scene	face	object	competitor	face	6	1	31	103	255	31	62.0	n/a
19	67.042	0.527	correct	0.527	grate	n/a	n/a	n/a	n/a	n/a	n/a	6	1	n/a	n/a	n/a	n/a	n/a	left
19	68.092	0.366	correct	0.366	grate	n/a	n/a	n/a	n/a	n/a	n/a	6	1	n/a	n/a	n/a	n/a	n/a	left
19	68.975	0.330	correct	0.330	grate	n/a	n/a	n/a	n/a	n/a	n/a	6	1	n/a	n/a	n/a	n/a	n/a	right
19	69.825	0.305	correct	0.305	grate	n/a	n/a	n/a	n/a	n/a	n/a	6	1	n/a	n/a	n/a	n/a	n/a	right
19	70.641	0.480	correct	0.480	grate	n/a	n/a	n/a	n/a	n/a	n/a	6	1	n/a	n/a	n/a	n/a	n/a	left
19	71.641	0.328	correct	0.328	grate	n/a	n/a	n/a	n/a	n/a	n/a	6	1	n/a	n/a	n/a	n/a	n/a	right
19	72.491	0.017	incorrect	0.017	grate	n/a	n/a	n/a	n/a	n/a	n/a	6	1	n/a	n/a	n/a	n/a	n/a	left
19	74.007	3.000	forget	0.845	retrieval	retprac	face	object	scene	competitor	object	7	1	49	1	49	101	74.0	n/a
19	79.041	0.456	correct	0.456	grate	n/a	n/a	n/a	n/a	n/a	n/a	7	1	n/a	n/a	n/a	n/a	n/a	right
19	80.007	0.426	correct	0.426	grate	n/a	n/a	n/a	n/a	n/a	n/a	7	1	n/a	n/a	n/a	n/a	n/a	left
19	80.940	0.397	correct	0.397	grate	n/a	n/a	n/a	n/a	n/a	n/a	7	1	n/a	n/a	n/a	n/a	n/a	left
19	81.857	0.407	correct	0.407	grate	n/a	n/a	n/a	n/a	n/a	n/a	7	1	n/a	n/a	n/a	n/a	n/a	right
19	82.790	0.426	correct	0.426	grate	n/a	n/a	n/a	n/a	n/a	n/a	7	1	n/a	n/a	n/a	n/a	n/a	left
19	83.723	0.341	incorrect	0.341	grate	n/a	n/a	n/a	n/a	n/a	n/a	7	1	n/a	n/a	n/a	n/a	n/a	left
19	84.573	0.100	incorrect	0.100	grate	n/a	n/a	n/a	n/a	n/a	n/a	7	1	n/a	n/a	n/a	n/a	n/a	left
19	86.022	3.000	no response	n/a	retrieval	retprac	face	object	scene	no response	no response	8	1	55	7	55	107	86.0	n/a
19	91.056	0.800	correct	0.800	grate	n/a	n/a	n/a	n/a	n/a	n/a	8	1	n/a	n/a	n/a	n/a	n/a	right
19	92.372	0.395	correct	0.395	grate	n/a	n/a	n/a	n/a	n/a	n/a	8	1	n/a	n/a	n/a	n/a	n/a	left
19	93.289	0.447	correct	0.447	grate	n/a	n/a	n/a	n/a	n/a	n/a	8	1	n/a	n/a	n/a	n/a	n/a	left
19	94.256	0.505	correct	0.505	grate	n/a	n/a	n/a	n/a	n/a	n/a	8	1	n/a	n/a	n/a	n/a	n/a	right
19	95.272	0.384	incorrect	0.384	grate	n/a	n/a	n/a	n/a	n/a	n/a	8	1	n/a	n/a	n/a	n/a	n/a	left
19	96.172	0.350	incorrect	0.350	grate	n/a	n/a	n/a	n/a	n/a	n/a	8	1	n/a	n/a	n/a	n/a	n/a	left
19	98.021	3.000	forget	0.966	retrieval	restudy	face	object	scene	competitor	object	9	1	56	8	56	108	98.0	n/a
19	103.055	0.528	correct	0.528	grate	n/a	n/a	n/a	n/a	n/a	n/a	9	1	n/a	n/a	n/a	n/a	n/a	left
19	104.105	0.455	correct	0.455	grate	n/a	n/a	n/a	n/a	n/a	n/a	9	1	n/a	n/a	n/a	n/a	n/a	left
19	105.071	0.416	correct	0.416	grate	n/a	n/a	n/a	n/a	n/a	n/a	9	1	n/a	n/a	n/a	n/a	n/a	left
19	106.004	0.403	correct	0.403	grate	n/a	n/a	n/a	n/a	n/a	n/a	9	1	n/a	n/a	n/a	n/a	n/a	left
19	106.921	0.406	correct	0.406	grate	n/a	n/a	n/a	n/a	n/a	n/a	9	1	n/a	n/a	n/a	n/a	n/a	right
19	107.838	0.578	correct	0.578	grate	n/a	n/a	n/a	n/a	n/a	n/a	9	1	n/a	n/a	n/a	n/a	n/a	left
19	108.938	0.100	incorrect	0.100	grate	n/a	n/a	n/a	n/a	n/a	n/a	9	1	n/a	n/a	n/a	n/a	n/a	left
19	110.020	3.000	no response	n/a	retrieval	retprac	object	scene	face	no response	no response	10	1	127	79	179	231	110.0	n/a
19	115.054	0.449	correct	0.449	grate	n/a	n/a	n/a	n/a	n/a	n/a	10	1	n/a	n/a	n/a	n/a	n/a	right
19	116.020	0.547	correct	0.547	grate	n/a	n/a	n/a	n/a	n/a	n/a	10	1	n/a	n/a	n/a	n/a	n/a	left
19	117.087	0.528	correct	0.528	grate	n/a	n/a	n/a	n/a	n/a	n/a	10	1	n/a	n/a	n/a	n/a	n/a	right
19	118.137	0.422	correct	0.422	grate	n/a	n/a	n/a	n/a	n/a	n/a	10	1	n/a	n/a	n/a	n/a	n/a	left
19	119.070	0.489	correct	0.489	grate	n/a	n/a	n/a	n/a	n/a	n/a	10	1	n/a	n/a	n/a	n/a	n/a	right
19	120.069	0.433	correct	0.433	grate	n/a	n/a	n/a	n/a	n/a	n/a	10	1	n/a	n/a	n/a	n/a	n/a	right
19	121.020	0.100	incorrect	0.100	grate	n/a	n/a	n/a	n/a	n/a	n/a	10	1	n/a	n/a	n/a	n/a	n/a	right
19	122.019	3.000	no response	n/a	retrieval	restudy	object	scene	face	no response	no response	11	1	124	76	176	228	122.0	n/a
19	127.053	0.482	correct	0.482	grate	n/a	n/a	n/a	n/a	n/a	n/a	11	1	n/a	n/a	n/a	n/a	n/a	left
19	128.052	0.411	correct	0.411	grate	n/a	n/a	n/a	n/a	n/a	n/a	11	1	n/a	n/a	n/a	n/a	n/a	right
19	128.985	0.493	correct	0.493	grate	n/a	n/a	n/a	n/a	n/a	n/a	11	1	n/a	n/a	n/a	n/a	n/a	right
19	129.985	0.437	correct	0.437	grate	n/a	n/a	n/a	n/a	n/a	n/a	11	1	n/a	n/a	n/a	n/a	n/a	left
19	130.935	0.391	correct	0.391	grate	n/a	n/a	n/a	n/a	n/a	n/a	11	1	n/a	n/a	n/a	n/a	n/a	right
19	131.835	0.371	correct	0.371	grate	n/a	n/a	n/a	n/a	n/a	n/a	11	1	n/a	n/a	n/a	n/a	n/a	right
19	132.718	0.100	incorrect	0.100	grate	n/a	n/a	n/a	n/a	n/a	n/a	11	1	n/a	n/a	n/a	n/a	n/a	left
19	134.017	3.000	remember	0.625	retrieval	restudy	face	scene	object	target	face	12	1	98	26	74	202	134.0	n/a
19	139.051	0.467	correct	0.467	grate	n/a	n/a	n/a	n/a	n/a	n/a	12	1	n/a	n/a	n/a	n/a	n/a	left
19	140.034	0.412	correct	0.412	grate	n/a	n/a	n/a	n/a	n/a	n/a	12	1	n/a	n/a	n/a	n/a	n/a	right
19	140.967	0.374	correct	0.374	grate	n/a	n/a	n/a	n/a	n/a	n/a	12	1	n/a	n/a	n/a	n/a	n/a	left
19	141.851	0.323	correct	0.323	grate	n/a	n/a	n/a	n/a	n/a	n/a	12	1	n/a	n/a	n/a	n/a	n/a	right
19	142.684	0.498	correct	0.498	grate	n/a	n/a	n/a	n/a	n/a	n/a	12	1	n/a	n/a	n/a	n/a	n/a	right
19	143.700	0.417	correct	0.417	grate	n/a	n/a	n/a	n/a	n/a	n/a	12	1	n/a	n/a	n/a	n/a	n/a	right
19	144.634	0.100	incorrect	0.100	grate	n/a	n/a	n/a	n/a	n/a	n/a	12	1	n/a	n/a	n/a	n/a	n/a	left
19	146.016	3.000	forget	0.745	retrieval	retprac	scene	object	face	other	face	13	1	79	127	279	131	146.0	n/a
19	151.050	0.443	correct	0.443	grate	n/a	n/a	n/a	n/a	n/a	n/a	13	1	n/a	n/a	n/a	n/a	n/a	left
19	152.016	0.405	correct	0.405	grate	n/a	n/a	n/a	n/a	n/a	n/a	13	1	n/a	n/a	n/a	n/a	n/a	left
19	152.933	0.400	correct	0.400	grate	n/a	n/a	n/a	n/a	n/a	n/a	13	1	n/a	n/a	n/a	n/a	n/a	right
19	153.849	0.316	correct	0.316	grate	n/a	n/a	n/a	n/a	n/a	n/a	13	1	n/a	n/a	n/a	n/a	n/a	right
19	154.683	0.348	correct	0.348	grate	n/a	n/a	n/a	n/a	n/a	n/a	13	1	n/a	n/a	n/a	n/a	n/a	right
19	155.549	0.336	correct	0.336	grate	n/a	n/a	n/a	n/a	n/a	n/a	13	1	n/a	n/a	n/a	n/a	n/a	right
19	156.399	0.117	incorrect	0.117	grate	n/a	n/a	n/a	n/a	n/a	n/a	13	1	n/a	n/a	n/a	n/a	n/a	right
19	158.015	3.000	forget	0.594	retrieval	retprac	scene	object	face	other	face	14	1	77	125	277	129	158.0	n/a
19	163.049	0.452	correct	0.452	grate	n/a	n/a	n/a	n/a	n/a	n/a	14	1	n/a	n/a	n/a	n/a	n/a	left
19	164.015	0.390	correct	0.390	grate	n/a	n/a	n/a	n/a	n/a	n/a	14	1	n/a	n/a	n/a	n/a	n/a	left
19	164.915	0.394	correct	0.394	grate	n/a	n/a	n/a	n/a	n/a	n/a	14	1	n/a	n/a	n/a	n/a	n/a	left
19	165.832	0.405	correct	0.405	grate	n/a	n/a	n/a	n/a	n/a	n/a	14	1	n/a	n/a	n/a	n/a	n/a	right
19	166.748	0.401	correct	0.401	grate	n/a	n/a	n/a	n/a	n/a	n/a	14	1	n/a	n/a	n/a	n/a	n/a	left
19	167.665	0.380	correct	0.380	grate	n/a	n/a	n/a	n/a	n/a	n/a	14	1	n/a	n/a	n/a	n/a	n/a	right
19	168.565	0.100	incorrect	0.100	grate	n/a	n/a	n/a	n/a	n/a	n/a	14	1	n/a	n/a	n/a	n/a	n/a	right
19	170.014	3.000	no response	n/a	retrieval	retprac	scene	face	object	no response	no response	15	1	25	97	249	25	170.0	n/a
19	175.048	0.429	correct	0.429	grate	n/a	n/a	n/a	n/a	n/a	n/a	15	1	n/a	n/a	n/a	n/a	n/a	right
19	175.997	0.352	correct	0.352	grate	n/a	n/a	n/a	n/a	n/a	n/a	15	1	n/a	n/a	n/a	n/a	n/a	right
19	176.864	0.334	correct	0.334	grate	n/a	n/a	n/a	n/a	n/a	n/a	15	1	n/a	n/a	n/a	n/a	n/a	right
19	177.714	0.387	correct	0.387	grate	n/a	n/a	n/a	n/a	n/a	n/a	15	1	n/a	n/a	n/a	n/a	n/a	left
19	178.614	0.495	correct	0.495	grate	n/a	n/a	n/a	n/a	n/a	n/a	15	1	n/a	n/a	n/a	n/a	n/a	left
19	179.630	0.358	correct	0.358	grate	n/a	n/a	n/a	n/a	n/a	n/a	15	1	n/a	n/a	n/a	n/a	n/a	left
19	180.497	0.017	incorrect	0.017	grate	n/a	n/a	n/a	n/a	n/a	n/a	15	1	n/a	n/a	n/a	n/a	n/a	right
19	182.013	3.000	remember	0.779	retrieval	retprac	face	object	scene	target	face	16	1	51	3	51	103	182.0	n/a
19	187.046	0.462	correct	0.462	grate	n/a	n/a	n/a	n/a	n/a	n/a	16	1	n/a	n/a	n/a	n/a	n/a	left
19	188.029	0.375	correct	0.375	grate	n/a	n/a	n/a	n/a	n/a	n/a	16	1	n/a	n/a	n/a	n/a	n/a	left
19	188.913	0.371	correct	0.371	grate	n/a	n/a	n/a	n/a	n/a	n/a	16	1	n/a	n/a	n/a	n/a	n/a	left
19	189.796	0.384	correct	0.384	grate	n/a	n/a	n/a	n/a	n/a	n/a	16	1	n/a	n/a	n/a	n/a	n/a	left
19	190.696	0.509	correct	0.509	grate	n/a	n/a	n/a	n/a	n/a	n/a	16	1	n/a	n/a	n/a	n/a	n/a	left
19	191.729	0.443	correct	0.443	grate	n/a	n/a	n/a	n/a	n/a	n/a	16	1	n/a	n/a	n/a	n/a	n/a	left
19	192.679	0.100	incorrect	0.100	grate	n/a	n/a	n/a	n/a	n/a	n/a	16	1	n/a	n/a	n/a	n/a	n/a	right
19	194.011	3.000	forget	0.604	retrieval	restudy	scene	face	object	competitor	face	17	1	26	98	250	26	194.0	n/a
19	199.045	0.414	correct	0.414	grate	n/a	n/a	n/a	n/a	n/a	n/a	17	1	n/a	n/a	n/a	n/a	n/a	left
19	199.978	0.370	correct	0.370	grate	n/a	n/a	n/a	n/a	n/a	n/a	17	1	n/a	n/a	n/a	n/a	n/a	left
19	200.862	0.318	incorrect	0.318	grate	n/a	n/a	n/a	n/a	n/a	n/a	17	1	n/a	n/a	n/a	n/a	n/a	right
19	201.695	0.397	correct	0.397	grate	n/a	n/a	n/a	n/a	n/a	n/a	17	1	n/a	n/a	n/a	n/a	n/a	right
19	202.611	0.368	correct	0.368	grate	n/a	n/a	n/a	n/a	n/a	n/a	17	1	n/a	n/a	n/a	n/a	n/a	right
19	203.495	0.358	correct	0.358	grate	n/a	n/a	n/a	n/a	n/a	n/a	17	1	n/a	n/a	n/a	n/a	n/a	right
19	204.361	0.150	incorrect	0.150	grate	n/a	n/a	n/a	n/a	n/a	n/a	17	1	n/a	n/a	n/a	n/a	n/a	right
19	206.010	3.000	forget	0.333	retrieval	retprac	object	face	scene	other	scene	18	1	3	51	151	3	206.0	n/a
19	211.044	0.336	correct	0.336	grate	n/a	n/a	n/a	n/a	n/a	n/a	18	1	n/a	n/a	n/a	n/a	n/a	right
19	211.894	0.381	correct	0.381	grate	n/a	n/a	n/a	n/a	n/a	n/a	18	1	n/a	n/a	n/a	n/a	n/a	left
19	212.794	0.394	correct	0.394	grate	n/a	n/a	n/a	n/a	n/a	n/a	18	1	n/a	n/a	n/a	n/a	n/a	left
19	213.710	0.333	correct	0.333	grate	n/a	n/a	n/a	n/a	n/a	n/a	18	1	n/a	n/a	n/a	n/a	n/a	left
19	214.560	0.403	correct	0.403	grate	n/a	n/a	n/a	n/a	n/a	n/a	18	1	n/a	n/a	n/a	n/a	n/a	right
19	215.477	0.438	correct	0.438	grate	n/a	n/a	n/a	n/a	n/a	n/a	18	1	n/a	n/a	n/a	n/a	n/a	left
19	216.426	0.084	incorrect	0.084	grate	n/a	n/a	n/a	n/a	n/a	n/a	18	1	n/a	n/a	n/a	n/a	n/a	right
19	218.009	3.000	remember	0.526	retrieval	retprac	object	scene	face	target	object	19	1	123	75	175	227	218.0	n/a
19	223.043	0.408	incorrect	0.408	grate	n/a	n/a	n/a	n/a	n/a	n/a	19	1	n/a	n/a	n/a	n/a	n/a	left
19	223.959	0.419	correct	0.419	grate	n/a	n/a	n/a	n/a	n/a	n/a	19	1	n/a	n/a	n/a	n/a	n/a	right
19	224.892	0.358	correct	0.358	grate	n/a	n/a	n/a	n/a	n/a	n/a	19	1	n/a	n/a	n/a	n/a	n/a	right
19	225.759	0.380	correct	0.380	grate	n/a	n/a	n/a	n/a	n/a	n/a	19	1	n/a	n/a	n/a	n/a	n/a	left
19	226.659	0.407	incorrect	0.407	grate	n/a	n/a	n/a	n/a	n/a	n/a	19	1	n/a	n/a	n/a	n/a	n/a	right
19	227.576	0.483	correct	0.483	grate	n/a	n/a	n/a	n/a	n/a	n/a	19	1	n/a	n/a	n/a	n/a	n/a	left
19	228.575	0.100	incorrect	0.100	grate	n/a	n/a	n/a	n/a	n/a	n/a	19	1	n/a	n/a	n/a	n/a	n/a	right
19	230.008	3.000	remember	0.694	retrieval	retprac	face	object	scene	target	face	20	1	53	5	53	105	230.0	n/a
19	235.042	0.361	correct	0.361	grate	n/a	n/a	n/a	n/a	n/a	n/a	20	1	n/a	n/a	n/a	n/a	n/a	left
19	235.924	0.383	correct	0.383	grate	n/a	n/a	n/a	n/a	n/a	n/a	20	1	n/a	n/a	n/a	n/a	n/a	left
19	236.824	0.489	correct	0.489	grate	n/a	n/a	n/a	n/a	n/a	n/a	20	1	n/a	n/a	n/a	n/a	n/a	left
19	237.824	0.402	correct	0.402	grate	n/a	n/a	n/a	n/a	n/a	n/a	20	1	n/a	n/a	n/a	n/a	n/a	right
19	238.741	0.341	correct	0.341	grate	n/a	n/a	n/a	n/a	n/a	n/a	20	1	n/a	n/a	n/a	n/a	n/a	right
19	239.591	0.419	correct	0.419	grate	n/a	n/a	n/a	n/a	n/a	n/a	20	1	n/a	n/a	n/a	n/a	n/a	left
19	240.524	0.100	incorrect	0.100	grate	n/a	n/a	n/a	n/a	n/a	n/a	20	1	n/a	n/a	n/a	n/a	n/a	left
19	242.006	3.000	remember	0.615	retrieval	restudy	face	scene	object	target	face	21	1	104	32	80	208	242.0	n/a
19	247.040	0.601	correct	0.601	grate	n/a	n/a	n/a	n/a	n/a	n/a	21	1	n/a	n/a	n/a	n/a	n/a	right
19	248.157	0.421	correct	0.421	grate	n/a	n/a	n/a	n/a	n/a	n/a	21	1	n/a	n/a	n/a	n/a	n/a	right
19	249.090	0.416	correct	0.416	grate	n/a	n/a	n/a	n/a	n/a	n/a	21	1	n/a	n/a	n/a	n/a	n/a	left
19	250.023	0.323	correct	0.323	grate	n/a	n/a	n/a	n/a	n/a	n/a	21	1	n/a	n/a	n/a	n/a	n/a	left
19	250.856	0.345	correct	0.345	grate	n/a	n/a	n/a	n/a	n/a	n/a	21	1	n/a	n/a	n/a	n/a	n/a	left
19	251.723	0.358	correct	0.358	grate	n/a	n/a	n/a	n/a	n/a	n/a	21	1	n/a	n/a	n/a	n/a	n/a	left
19	252.589	0.100	incorrect	0.100	grate	n/a	n/a	n/a	n/a	n/a	n/a	21	1	n/a	n/a	n/a	n/a	n/a	left
19	254.022	3.000	forget	0.727	retrieval	restudy	scene	face	object	competitor	face	22	1	32	104	256	32	254.0	n/a
19	259.056	0.353	correct	0.353	grate	n/a	n/a	n/a	n/a	n/a	n/a	22	1	n/a	n/a	n/a	n/a	n/a	left
19	259.922	0.455	incorrect	0.455	grate	n/a	n/a	n/a	n/a	n/a	n/a	22	1	n/a	n/a	n/a	n/a	n/a	right
19	260.889	0.448	incorrect	0.448	grate	n/a	n/a	n/a	n/a	n/a	n/a	22	1	n/a	n/a	n/a	n/a	n/a	left
19	261.855	0.490	correct	0.490	grate	n/a	n/a	n/a	n/a	n/a	n/a	22	1	n/a	n/a	n/a	n/a	n/a	left
19	262.855	0.474	correct	0.474	grate	n/a	n/a	n/a	n/a	n/a	n/a	22	1	n/a	n/a	n/a	n/a	n/a	right
19	263.838	0.387	correct	0.387	grate	n/a	n/a	n/a	n/a	n/a	n/a	22	1	n/a	n/a	n/a	n/a	n/a	right
19	264.738	0.100	incorrect	0.100	grate	n/a	n/a	n/a	n/a	n/a	n/a	22	1	n/a	n/a	n/a	n/a	n/a	right
19	266.021	3.000	don't know	1.000	retrieval	retprac	object	face	scene	don't know	don't know	23	1	5	53	153	5	266.0	n/a
19	271.055	0.426	correct	0.426	grate	n/a	n/a	n/a	n/a	n/a	n/a	23	1	n/a	n/a	n/a	n/a	n/a	left
19	271.987	0.357	correct	0.357	grate	n/a	n/a	n/a	n/a	n/a	n/a	23	1	n/a	n/a	n/a	n/a	n/a	right
19	272.854	0.378	correct	0.378	grate	n/a	n/a	n/a	n/a	n/a	n/a	23	1	n/a	n/a	n/a	n/a	n/a	right
19	273.754	0.366	correct	0.366	grate	n/a	n/a	n/a	n/a	n/a	n/a	23	1	n/a	n/a	n/a	n/a	n/a	right
19	274.637	0.404	correct	0.404	grate	n/a	n/a	n/a	n/a	n/a	n/a	23	1	n/a	n/a	n/a	n/a	n/a	right
19	275.554	0.471	correct	0.471	grate	n/a	n/a	n/a	n/a	n/a	n/a	23	1	n/a	n/a	n/a	n/a	n/a	left
19	276.537	0.100	incorrect	0.100	grate	n/a	n/a	n/a	n/a	n/a	n/a	23	1	n/a	n/a	n/a	n/a	n/a	left
19	278.019	3.000	forget	0.449	retrieval	restudy	face	object	scene	other	scene	24	1	54	6	54	106	278.0	n/a
19	283.053	0.363	correct	0.363	grate	n/a	n/a	n/a	n/a	n/a	n/a	24	1	n/a	n/a	n/a	n/a	n/a	left
19	283.936	0.415	correct	0.415	grate	n/a	n/a	n/a	n/a	n/a	n/a	24	1	n/a	n/a	n/a	n/a	n/a	left
19	284.870	0.450	correct	0.450	grate	n/a	n/a	n/a	n/a	n/a	n/a	24	1	n/a	n/a	n/a	n/a	n/a	right
19	285.836	0.316	correct	0.316	grate	n/a	n/a	n/a	n/a	n/a	n/a	24	1	n/a	n/a	n/a	n/a	n/a	right
19	286.669	0.467	correct	0.467	grate	n/a	n/a	n/a	n/a	n/a	n/a	24	1	n/a	n/a	n/a	n/a	n/a	left
19	287.653	0.315	correct	0.315	grate	n/a	n/a	n/a	n/a	n/a	n/a	24	1	n/a	n/a	n/a	n/a	n/a	right
19	288.486	0.033	incorrect	0.033	grate	n/a	n/a	n/a	n/a	n/a	n/a	24	1	n/a	n/a	n/a	n/a	n/a	left
19	290.018	3.000	forget	0.601	retrieval	restudy	face	scene	object	other	object	25	1	102	30	78	206	290.0	n/a
19	295.052	0.459	correct	0.459	grate	n/a	n/a	n/a	n/a	n/a	n/a	25	1	n/a	n/a	n/a	n/a	n/a	left
19	296.035	0.452	correct	0.452	grate	n/a	n/a	n/a	n/a	n/a	n/a	25	1	n/a	n/a	n/a	n/a	n/a	left
19	297.002	0.446	correct	0.446	grate	n/a	n/a	n/a	n/a	n/a	n/a	25	1	n/a	n/a	n/a	n/a	n/a	right
19	297.968	0.311	correct	0.311	grate	n/a	n/a	n/a	n/a	n/a	n/a	25	1	n/a	n/a	n/a	n/a	n/a	right
19	298.802	0.374	correct	0.374	grate	n/a	n/a	n/a	n/a	n/a	n/a	25	1	n/a	n/a	n/a	n/a	n/a	right
19	299.685	0.355	correct	0.355	grate	n/a	n/a	n/a	n/a	n/a	n/a	25	1	n/a	n/a	n/a	n/a	n/a	right
19	300.551	0.100	incorrect	0.100	grate	n/a	n/a	n/a	n/a	n/a	n/a	25	1	n/a	n/a	n/a	n/a	n/a	right
19	302.017	3.000	forget	0.650	retrieval	retprac	scene	object	face	other	face	26	1	73	121	273	125	302.0	n/a
19	307.051	0.484	correct	0.484	grate	n/a	n/a	n/a	n/a	n/a	n/a	26	1	n/a	n/a	n/a	n/a	n/a	right
19	308.051	0.429	correct	0.429	grate	n/a	n/a	n/a	n/a	n/a	n/a	26	1	n/a	n/a	n/a	n/a	n/a	right
19	309.001	0.462	correct	0.462	grate	n/a	n/a	n/a	n/a	n/a	n/a	26	1	n/a	n/a	n/a	n/a	n/a	left
19	309.984	0.343	correct	0.343	grate	n/a	n/a	n/a	n/a	n/a	n/a	26	1	n/a	n/a	n/a	n/a	n/a	left
19	310.850	0.421	correct	0.421	grate	n/a	n/a	n/a	n/a	n/a	n/a	26	1	n/a	n/a	n/a	n/a	n/a	right
19	311.784	0.319	correct	0.319	grate	n/a	n/a	n/a	n/a	n/a	n/a	26	1	n/a	n/a	n/a	n/a	n/a	right
19	312.617	0.100	incorrect	0.100	grate	n/a	n/a	n/a	n/a	n/a	n/a	26	1	n/a	n/a	n/a	n/a	n/a	left
19	314.016	3.000	forget	0.500	retrieval	restudy	object	scene	face	other	face	27	1	128	80	180	232	314.0	n/a
19	319.050	0.564	correct	0.564	grate	n/a	n/a	n/a	n/a	n/a	n/a	27	1	n/a	n/a	n/a	n/a	n/a	left
19	320.133	0.394	correct	0.394	grate	n/a	n/a	n/a	n/a	n/a	n/a	27	1	n/a	n/a	n/a	n/a	n/a	right
19	321.049	0.373	correct	0.373	grate	n/a	n/a	n/a	n/a	n/a	n/a	27	1	n/a	n/a	n/a	n/a	n/a	right
19	321.932	0.331	correct	0.331	grate	n/a	n/a	n/a	n/a	n/a	n/a	27	1	n/a	n/a	n/a	n/a	n/a	right
19	322.782	0.320	correct	0.320	grate	n/a	n/a	n/a	n/a	n/a	n/a	27	1	n/a	n/a	n/a	n/a	n/a	right
19	323.616	0.455	correct	0.455	grate	n/a	n/a	n/a	n/a	n/a	n/a	27	1	n/a	n/a	n/a	n/a	n/a	left
19	324.582	0.100	incorrect	0.100	grate	n/a	n/a	n/a	n/a	n/a	n/a	27	1	n/a	n/a	n/a	n/a	n/a	right
19	326.015	3.000	forget	0.875	retrieval	retprac	face	scene	object	other	object	28	1	101	29	77	205	326.0	n/a
19	331.049	0.357	correct	0.357	grate	n/a	n/a	n/a	n/a	n/a	n/a	28	1	n/a	n/a	n/a	n/a	n/a	left
19	331.915	0.371	correct	0.371	grate	n/a	n/a	n/a	n/a	n/a	n/a	28	1	n/a	n/a	n/a	n/a	n/a	right
19	332.798	0.328	correct	0.328	grate	n/a	n/a	n/a	n/a	n/a	n/a	28	1	n/a	n/a	n/a	n/a	n/a	left
19	333.648	0.334	correct	0.334	grate	n/a	n/a	n/a	n/a	n/a	n/a	28	1	n/a	n/a	n/a	n/a	n/a	right
19	334.498	0.484	correct	0.484	grate	n/a	n/a	n/a	n/a	n/a	n/a	28	1	n/a	n/a	n/a	n/a	n/a	left
19	335.498	0.300	correct	0.300	grate	n/a	n/a	n/a	n/a	n/a	n/a	28	1	n/a	n/a	n/a	n/a	n/a	right
19	336.314	0.200	incorrect	0.200	grate	n/a	n/a	n/a	n/a	n/a	n/a	28	1	n/a	n/a	n/a	n/a	n/a	right
19	338.013	3.000	forget	0.548	retrieval	restudy	scene	face	object	competitor	face	29	1	28	100	252	28	338.0	n/a
19	343.048	0.407	correct	0.407	grate	n/a	n/a	n/a	n/a	n/a	n/a	29	1	n/a	n/a	n/a	n/a	n/a	right
19	343.964	0.338	correct	0.338	grate	n/a	n/a	n/a	n/a	n/a	n/a	29	1	n/a	n/a	n/a	n/a	n/a	right
19	344.814	0.400	correct	0.400	grate	n/a	n/a	n/a	n/a	n/a	n/a	29	1	n/a	n/a	n/a	n/a	n/a	right
19	345.730	0.539	correct	0.539	grate	n/a	n/a	n/a	n/a	n/a	n/a	29	1	n/a	n/a	n/a	n/a	n/a	left
19	346.780	0.401	correct	0.401	grate	n/a	n/a	n/a	n/a	n/a	n/a	29	1	n/a	n/a	n/a	n/a	n/a	right
19	347.697	0.373	correct	0.373	grate	n/a	n/a	n/a	n/a	n/a	n/a	29	1	n/a	n/a	n/a	n/a	n/a	right
19	348.580	0.100	incorrect	0.100	grate	n/a	n/a	n/a	n/a	n/a	n/a	29	1	n/a	n/a	n/a	n/a	n/a	left
19	350.012	3.000	forget	0.645	retrieval	restudy	scene	object	face	competitor	object	30	1	74	122	274	126	350.0	n/a
19	355.047	0.391	correct	0.391	grate	n/a	n/a	n/a	n/a	n/a	n/a	30	1	n/a	n/a	n/a	n/a	n/a	right
19	355.946	0.363	correct	0.363	grate	n/a	n/a	n/a	n/a	n/a	n/a	30	1	n/a	n/a	n/a	n/a	n/a	right
19	356.829	0.369	correct	0.369	grate	n/a	n/a	n/a	n/a	n/a	n/a	30	1	n/a	n/a	n/a	n/a	n/a	left
19	357.712	0.349	correct	0.349	grate	n/a	n/a	n/a	n/a	n/a	n/a	30	1	n/a	n/a	n/a	n/a	n/a	left
19	358.579	0.346	correct	0.346	grate	n/a	n/a	n/a	n/a	n/a	n/a	30	1	n/a	n/a	n/a	n/a	n/a	left
19	359.445	0.335	correct	0.335	grate	n/a	n/a	n/a	n/a	n/a	n/a	30	1	n/a	n/a	n/a	n/a	n/a	left
19	360.295	0.217	incorrect	0.217	grate	n/a	n/a	n/a	n/a	n/a	n/a	30	1	n/a	n/a	n/a	n/a	n/a	right
19	362.011	3.000	remember	0.470	retrieval	restudy	face	object	scene	target	face	31	1	50	2	50	102	362.0	n/a
19	367.045	0.375	correct	0.375	grate	n/a	n/a	n/a	n/a	n/a	n/a	31	1	n/a	n/a	n/a	n/a	n/a	left
19	367.928	0.357	correct	0.357	grate	n/a	n/a	n/a	n/a	n/a	n/a	31	1	n/a	n/a	n/a	n/a	n/a	right
19	368.794	0.651	correct	0.651	grate	n/a	n/a	n/a	n/a	n/a	n/a	31	1	n/a	n/a	n/a	n/a	n/a	left
19	369.961	0.308	correct	0.308	grate	n/a	n/a	n/a	n/a	n/a	n/a	31	1	n/a	n/a	n/a	n/a	n/a	right
19	370.778	0.460	correct	0.460	grate	n/a	n/a	n/a	n/a	n/a	n/a	31	1	n/a	n/a	n/a	n/a	n/a	right
19	371.761	0.331	correct	0.331	grate	n/a	n/a	n/a	n/a	n/a	n/a	31	1	n/a	n/a	n/a	n/a	n/a	right
19	372.611	0.100	incorrect	0.100	grate	n/a	n/a	n/a	n/a	n/a	n/a	31	1	n/a	n/a	n/a	n/a	n/a	left
19	374.010	3.000	remember	0.678	retrieval	restudy	object	scene	face	target	object	32	1	122	74	174	226	374.0	n/a
19	379.044	0.392	correct	0.392	grate	n/a	n/a	n/a	n/a	n/a	n/a	32	1	n/a	n/a	n/a	n/a	n/a	right
19	379.943	0.429	correct	0.429	grate	n/a	n/a	n/a	n/a	n/a	n/a	32	1	n/a	n/a	n/a	n/a	n/a	left
19	380.893	0.431	correct	0.431	grate	n/a	n/a	n/a	n/a	n/a	n/a	32	1	n/a	n/a	n/a	n/a	n/a	right
19	381.843	0.417	correct	0.417	grate	n/a	n/a	n/a	n/a	n/a	n/a	32	1	n/a	n/a	n/a	n/a	n/a	left
19	382.776	0.379	correct	0.379	grate	n/a	n/a	n/a	n/a	n/a	n/a	32	1	n/a	n/a	n/a	n/a	n/a	left
19	383.676	0.360	correct	0.360	grate	n/a	n/a	n/a	n/a	n/a	n/a	32	1	n/a	n/a	n/a	n/a	n/a	left
19	384.543	0.100	incorrect	0.100	grate	n/a	n/a	n/a	n/a	n/a	n/a	32	1	n/a	n/a	n/a	n/a	n/a	right
19	386.025	3.000	remember	0.454	retrieval	retprac	object	scene	face	target	object	33	1	125	77	177	229	386.0	n/a
19	391.060	0.440	correct	0.440	grate	n/a	n/a	n/a	n/a	n/a	n/a	33	1	n/a	n/a	n/a	n/a	n/a	left
19	392.009	0.371	correct	0.371	grate	n/a	n/a	n/a	n/a	n/a	n/a	33	1	n/a	n/a	n/a	n/a	n/a	left
19	392.892	0.391	correct	0.391	grate	n/a	n/a	n/a	n/a	n/a	n/a	33	1	n/a	n/a	n/a	n/a	n/a	right
19	393.792	0.412	correct	0.412	grate	n/a	n/a	n/a	n/a	n/a	n/a	33	1	n/a	n/a	n/a	n/a	n/a	left
19	394.725	0.422	correct	0.422	grate	n/a	n/a	n/a	n/a	n/a	n/a	33	1	n/a	n/a	n/a	n/a	n/a	right
19	395.675	0.384	correct	0.384	grate	n/a	n/a	n/a	n/a	n/a	n/a	33	1	n/a	n/a	n/a	n/a	n/a	right
19	396.575	0.100	incorrect	0.100	grate	n/a	n/a	n/a	n/a	n/a	n/a	33	1	n/a	n/a	n/a	n/a	n/a	right
19	398.007	3.000	forget	0.576	retrieval	retprac	scene	face	object	competitor	face	34	1	29	101	253	29	398.0	n/a
19	403.042	0.338	correct	0.338	grate	n/a	n/a	n/a	n/a	n/a	n/a	34	1	n/a	n/a	n/a	n/a	n/a	left
19	403.891	0.384	incorrect	0.384	grate	n/a	n/a	n/a	n/a	n/a	n/a	34	1	n/a	n/a	n/a	n/a	n/a	right
19	404.791	0.461	correct	0.461	grate	n/a	n/a	n/a	n/a	n/a	n/a	34	1	n/a	n/a	n/a	n/a	n/a	left
19	405.774	0.382	correct	0.382	grate	n/a	n/a	n/a	n/a	n/a	n/a	34	1	n/a	n/a	n/a	n/a	n/a	left
19	406.674	0.425	correct	0.425	grate	n/a	n/a	n/a	n/a	n/a	n/a	34	1	n/a	n/a	n/a	n/a	n/a	right
19	407.607	0.388	correct	0.388	grate	n/a	n/a	n/a	n/a	n/a	n/a	34	1	n/a	n/a	n/a	n/a	n/a	right
19	408.507	0.000	incorrect	0.000	grate	n/a	n/a	n/a	n/a	n/a	n/a	34	1	n/a	n/a	n/a	n/a	n/a	right
19	410.006	3.000	forget	0.416	retrieval	restudy	object	face	scene	other	scene	35	1	2	50	150	2	410.0	n/a
19	415.040	0.483	correct	0.483	grate	n/a	n/a	n/a	n/a	n/a	n/a	35	1	n/a	n/a	n/a	n/a	n/a	right
19	416.040	0.387	correct	0.387	grate	n/a	n/a	n/a	n/a	n/a	n/a	35	1	n/a	n/a	n/a	n/a	n/a	left
19	416.940	0.391	correct	0.391	grate	n/a	n/a	n/a	n/a	n/a	n/a	35	1	n/a	n/a	n/a	n/a	n/a	left
19	417.839	0.379	correct	0.379	grate	n/a	n/a	n/a	n/a	n/a	n/a	35	1	n/a	n/a	n/a	n/a	n/a	right
19	418.739	0.351	correct	0.351	grate	n/a	n/a	n/a	n/a	n/a	n/a	35	1	n/a	n/a	n/a	n/a	n/a	right
19	419.606	0.412	correct	0.412	grate	n/a	n/a	n/a	n/a	n/a	n/a	35	1	n/a	n/a	n/a	n/a	n/a	left
19	420.539	0.100	incorrect	0.100	grate	n/a	n/a	n/a	n/a	n/a	n/a	35	1	n/a	n/a	n/a	n/a	n/a	left
19	422.021	3.000	forget	0.665	retrieval	retprac	scene	object	face	competitor	object	36	1	75	123	275	127	422.0	n/a
19	427.056	0.410	correct	0.410	grate	n/a	n/a	n/a	n/a	n/a	n/a	36	1	n/a	n/a	n/a	n/a	n/a	right
19	427.988	0.342	correct	0.342	grate	n/a	n/a	n/a	n/a	n/a	n/a	36	1	n/a	n/a	n/a	n/a	n/a	right
19	428.838	0.605	correct	0.605	grate	n/a	n/a	n/a	n/a	n/a	n/a	36	1	n/a	n/a	n/a	n/a	n/a	left
19	429.955	0.687	correct	0.687	grate	n/a	n/a	n/a	n/a	n/a	n/a	36	1	n/a	n/a	n/a	n/a	n/a	right
19	431.155	0.375	correct	0.375	grate	n/a	n/a	n/a	n/a	n/a	n/a	36	1	n/a	n/a	n/a	n/a	n/a	right
19	432.038	0.364	correct	0.364	grate	n/a	n/a	n/a	n/a	n/a	n/a	36	1	n/a	n/a	n/a	n/a	n/a	right
19	432.921	0.100	incorrect	0.100	grate	n/a	n/a	n/a	n/a	n/a	n/a	36	1	n/a	n/a	n/a	n/a	n/a	left
19	434.020	3.000	forget	0.617	retrieval	restudy	scene	object	face	other	face	37	1	80	128	280	132	434.0	n/a
19	439.055	0.363	correct	0.363	grate	n/a	n/a	n/a	n/a	n/a	n/a	37	1	n/a	n/a	n/a	n/a	n/a	left
19	439.937	0.416	correct	0.416	grate	n/a	n/a	n/a	n/a	n/a	n/a	37	1	n/a	n/a	n/a	n/a	n/a	left
19	440.870	0.515	correct	0.515	grate	n/a	n/a	n/a	n/a	n/a	n/a	37	1	n/a	n/a	n/a	n/a	n/a	right
19	441.904	0.314	correct	0.314	grate	n/a	n/a	n/a	n/a	n/a	n/a	37	1	n/a	n/a	n/a	n/a	n/a	right
19	442.737	0.449	correct	0.449	grate	n/a	n/a	n/a	n/a	n/a	n/a	37	1	n/a	n/a	n/a	n/a	n/a	left
19	443.703	0.475	correct	0.475	grate	n/a	n/a	n/a	n/a	n/a	n/a	37	1	n/a	n/a	n/a	n/a	n/a	left
19	444.687	0.100	incorrect	0.100	grate	n/a	n/a	n/a	n/a	n/a	n/a	37	1	n/a	n/a	n/a	n/a	n/a	right
19	446.019	3.000	remember	0.554	retrieval	retprac	face	scene	object	target	face	38	1	103	31	79	207	446.0	n/a
19	451.053	0.388	correct	0.388	grate	n/a	n/a	n/a	n/a	n/a	n/a	38	1	n/a	n/a	n/a	n/a	n/a	left
19	451.953	0.408	correct	0.408	grate	n/a	n/a	n/a	n/a	n/a	n/a	38	1	n/a	n/a	n/a	n/a	n/a	left
19	452.869	0.404	correct	0.404	grate	n/a	n/a	n/a	n/a	n/a	n/a	38	1	n/a	n/a	n/a	n/a	n/a	right
19	453.786	0.447	correct	0.447	grate	n/a	n/a	n/a	n/a	n/a	n/a	38	1	n/a	n/a	n/a	n/a	n/a	left
19	454.752	0.392	correct	0.392	grate	n/a	n/a	n/a	n/a	n/a	n/a	38	1	n/a	n/a	n/a	n/a	n/a	left
19	455.669	0.396	correct	0.396	grate	n/a	n/a	n/a	n/a	n/a	n/a	38	1	n/a	n/a	n/a	n/a	n/a	left
19	456.586	0.100	incorrect	0.100	grate	n/a	n/a	n/a	n/a	n/a	n/a	38	1	n/a	n/a	n/a	n/a	n/a	left
19	458.018	3.000	remember	0.467	retrieval	restudy	object	scene	face	target	object	39	1	126	78	178	230	458.0	n/a
19	463.052	0.388	correct	0.388	grate	n/a	n/a	n/a	n/a	n/a	n/a	39	1	n/a	n/a	n/a	n/a	n/a	left
19	463.951	0.313	correct	0.313	grate	n/a	n/a	n/a	n/a	n/a	n/a	39	1	n/a	n/a	n/a	n/a	n/a	right
19	464.785	0.448	correct	0.448	grate	n/a	n/a	n/a	n/a	n/a	n/a	39	1	n/a	n/a	n/a	n/a	n/a	right
19	465.751	0.377	correct	0.377	grate	n/a	n/a	n/a	n/a	n/a	n/a	39	1	n/a	n/a	n/a	n/a	n/a	left
19	466.651	0.365	correct	0.365	grate	n/a	n/a	n/a	n/a	n/a	n/a	39	1	n/a	n/a	n/a	n/a	n/a	right
19	467.534	0.410	correct	0.410	grate	n/a	n/a	n/a	n/a	n/a	n/a	39	1	n/a	n/a	n/a	n/a	n/a	left
19	468.468	0.050	incorrect	0.050	grate	n/a	n/a	n/a	n/a	n/a	n/a	39	1	n/a	n/a	n/a	n/a	n/a	right
19	470.017	3.000	don't know	0.435	retrieval	restudy	object	face	scene	don't know	don't know	40	1	6	54	154	6	470.0	n/a
19	475.051	0.413	correct	0.413	grate	n/a	n/a	n/a	n/a	n/a	n/a	40	1	n/a	n/a	n/a	n/a	n/a	left
19	475.984	0.672	correct	0.672	grate	n/a	n/a	n/a	n/a	n/a	n/a	40	1	n/a	n/a	n/a	n/a	n/a	right
19	477.183	0.464	correct	0.464	grate	n/a	n/a	n/a	n/a	n/a	n/a	40	1	n/a	n/a	n/a	n/a	n/a	left
19	478.167	0.401	correct	0.401	grate	n/a	n/a	n/a	n/a	n/a	n/a	40	1	n/a	n/a	n/a	n/a	n/a	left
19	479.083	0.421	correct	0.421	grate	n/a	n/a	n/a	n/a	n/a	n/a	40	1	n/a	n/a	n/a	n/a	n/a	left
19	480.016	0.328	correct	0.328	grate	n/a	n/a	n/a	n/a	n/a	n/a	40	1	n/a	n/a	n/a	n/a	n/a	right
19	480.866	0.100	incorrect	0.100	grate	n/a	n/a	n/a	n/a	n/a	n/a	40	1	n/a	n/a	n/a	n/a	n/a	right
19	482.015	3.000	forget	0.652	retrieval	retprac	scene	face	object	other	object	41	1	27	99	251	27	482.0	n/a
19	487.050	0.462	correct	0.462	grate	n/a	n/a	n/a	n/a	n/a	n/a	41	1	n/a	n/a	n/a	n/a	n/a	left
19	488.032	0.399	incorrect	0.399	grate	n/a	n/a	n/a	n/a	n/a	n/a	41	1	n/a	n/a	n/a	n/a	n/a	right
19	488.949	0.466	correct	0.466	grate	n/a	n/a	n/a	n/a	n/a	n/a	41	1	n/a	n/a	n/a	n/a	n/a	left
19	489.932	0.300	correct	0.300	grate	n/a	n/a	n/a	n/a	n/a	n/a	41	1	n/a	n/a	n/a	n/a	n/a	right
19	490.748	0.331	correct	0.331	grate	n/a	n/a	n/a	n/a	n/a	n/a	41	1	n/a	n/a	n/a	n/a	n/a	left
19	491.598	0.409	correct	0.409	grate	n/a	n/a	n/a	n/a	n/a	n/a	41	1	n/a	n/a	n/a	n/a	n/a	left
19	492.532	0.100	incorrect	0.100	grate	n/a	n/a	n/a	n/a	n/a	n/a	41	1	n/a	n/a	n/a	n/a	n/a	right
19	494.014	3.000	forget	0.414	retrieval	restudy	scene	object	face	other	face	42	1	76	124	276	128	494.0	n/a
19	499.048	0.359	correct	0.359	grate	n/a	n/a	n/a	n/a	n/a	n/a	42	1	n/a	n/a	n/a	n/a	n/a	left
19	499.914	0.366	incorrect	0.366	grate	n/a	n/a	n/a	n/a	n/a	n/a	42	1	n/a	n/a	n/a	n/a	n/a	right
19	500.798	0.433	correct	0.433	grate	n/a	n/a	n/a	n/a	n/a	n/a	42	1	n/a	n/a	n/a	n/a	n/a	right
19	501.747	0.419	correct	0.419	grate	n/a	n/a	n/a	n/a	n/a	n/a	42	1	n/a	n/a	n/a	n/a	n/a	left
19	502.681	0.358	correct	0.358	grate	n/a	n/a	n/a	n/a	n/a	n/a	42	1	n/a	n/a	n/a	n/a	n/a	right
19	503.547	0.395	incorrect	0.395	grate	n/a	n/a	n/a	n/a	n/a	n/a	42	1	n/a	n/a	n/a	n/a	n/a	left
19	504.464	0.050	incorrect	0.050	grate	n/a	n/a	n/a	n/a	n/a	n/a	42	1	n/a	n/a	n/a	n/a	n/a	left
19	506.013	3.000	forget	0.431	retrieval	retprac	object	face	scene	competitor	face	43	1	7	55	155	7	506.0	n/a
19	511.047	0.415	correct	0.415	grate	n/a	n/a	n/a	n/a	n/a	n/a	43	1	n/a	n/a	n/a	n/a	n/a	left
19	511.980	0.379	correct	0.379	grate	n/a	n/a	n/a	n/a	n/a	n/a	43	1	n/a	n/a	n/a	n/a	n/a	left
19	512.880	0.407	correct	0.407	grate	n/a	n/a	n/a	n/a	n/a	n/a	43	1	n/a	n/a	n/a	n/a	n/a	left
19	513.796	0.347	correct	0.347	grate	n/a	n/a	n/a	n/a	n/a	n/a	43	1	n/a	n/a	n/a	n/a	n/a	left
19	514.663	0.376	correct	0.376	grate	n/a	n/a	n/a	n/a	n/a	n/a	43	1	n/a	n/a	n/a	n/a	n/a	right
19	515.546	0.388	correct	0.388	grate	n/a	n/a	n/a	n/a	n/a	n/a	43	1	n/a	n/a	n/a	n/a	n/a	left
19	516.446	0.067	incorrect	0.067	grate	n/a	n/a	n/a	n/a	n/a	n/a	43	1	n/a	n/a	n/a	n/a	n/a	left
19	518.012	3.000	remember	0.534	retrieval	restudy	face	scene	object	target	face	44	1	100	28	76	204	518.0	n/a
19	523.046	0.440	correct	0.440	grate	n/a	n/a	n/a	n/a	n/a	n/a	44	1	n/a	n/a	n/a	n/a	n/a	left
19	523.995	0.523	correct	0.523	grate	n/a	n/a	n/a	n/a	n/a	n/a	44	1	n/a	n/a	n/a	n/a	n/a	left
19	525.028	0.378	correct	0.378	grate	n/a	n/a	n/a	n/a	n/a	n/a	44	1	n/a	n/a	n/a	n/a	n/a	left
19	525.928	0.398	correct	0.398	grate	n/a	n/a	n/a	n/a	n/a	n/a	44	1	n/a	n/a	n/a	n/a	n/a	right
19	526.845	0.433	correct	0.433	grate	n/a	n/a	n/a	n/a	n/a	n/a	44	1	n/a	n/a	n/a	n/a	n/a	left
19	527.795	0.411	correct	0.411	grate	n/a	n/a	n/a	n/a	n/a	n/a	44	1	n/a	n/a	n/a	n/a	n/a	right
19	528.728	0.100	incorrect	0.100	grate	n/a	n/a	n/a	n/a	n/a	n/a	44	1	n/a	n/a	n/a	n/a	n/a	left
19	530.010	3.000	remember	0.399	retrieval	retprac	face	scene	object	target	face	45	1	97	25	73	201	530.0	n/a
19	535.045	0.426	correct	0.426	grate	n/a	n/a	n/a	n/a	n/a	n/a	45	1	n/a	n/a	n/a	n/a	n/a	left
19	535.994	0.348	correct	0.348	grate	n/a	n/a	n/a	n/a	n/a	n/a	45	1	n/a	n/a	n/a	n/a	n/a	right
19	536.861	0.321	correct	0.321	grate	n/a	n/a	n/a	n/a	n/a	n/a	45	1	n/a	n/a	n/a	n/a	n/a	left
19	537.694	0.319	correct	0.319	grate	n/a	n/a	n/a	n/a	n/a	n/a	45	1	n/a	n/a	n/a	n/a	n/a	right
19	538.527	0.310	correct	0.310	grate	n/a	n/a	n/a	n/a	n/a	n/a	45	1	n/a	n/a	n/a	n/a	n/a	left
19	539.360	0.621	correct	0.621	grate	n/a	n/a	n/a	n/a	n/a	n/a	45	1	n/a	n/a	n/a	n/a	n/a	left
19	540.494	0.017	incorrect	0.017	grate	n/a	n/a	n/a	n/a	n/a	n/a	45	1	n/a	n/a	n/a	n/a	n/a	left
19	542.009	3.000	forget	0.488	retrieval	retprac	face	scene	object	other	object	46	1	99	27	75	203	542.0	n/a
19	547.043	0.402	correct	0.402	grate	n/a	n/a	n/a	n/a	n/a	n/a	46	1	n/a	n/a	n/a	n/a	n/a	right
19	547.960	0.381	correct	0.381	grate	n/a	n/a	n/a	n/a	n/a	n/a	46	1	n/a	n/a	n/a	n/a	n/a	left
19	548.859	0.379	correct	0.379	grate	n/a	n/a	n/a	n/a	n/a	n/a	46	1	n/a	n/a	n/a	n/a	n/a	right
19	549.759	0.349	correct	0.349	grate	n/a	n/a	n/a	n/a	n/a	n/a	46	1	n/a	n/a	n/a	n/a	n/a	left
19	550.626	0.363	correct	0.363	grate	n/a	n/a	n/a	n/a	n/a	n/a	46	1	n/a	n/a	n/a	n/a	n/a	right
19	551.509	0.505	correct	0.505	grate	n/a	n/a	n/a	n/a	n/a	n/a	46	1	n/a	n/a	n/a	n/a	n/a	right
19	552.526	0.100	incorrect	0.100	grate	n/a	n/a	n/a	n/a	n/a	n/a	46	1	n/a	n/a	n/a	n/a	n/a	right
19	554.008	3.000	forget	0.472	retrieval	restudy	face	object	scene	other	scene	47	1	52	4	52	104	554.0	n/a
19	559.042	0.698	correct	0.698	grate	n/a	n/a	n/a	n/a	n/a	n/a	47	1	n/a	n/a	n/a	n/a	n/a	right
19	560.258	0.370	correct	0.370	grate	n/a	n/a	n/a	n/a	n/a	n/a	47	1	n/a	n/a	n/a	n/a	n/a	right
19	561.142	0.415	correct	0.415	grate	n/a	n/a	n/a	n/a	n/a	n/a	47	1	n/a	n/a	n/a	n/a	n/a	right
19	562.075	0.498	correct	0.498	grate	n/a	n/a	n/a	n/a	n/a	n/a	47	1	n/a	n/a	n/a	n/a	n/a	left
19	563.091	0.425	correct	0.425	grate	n/a	n/a	n/a	n/a	n/a	n/a	47	1	n/a	n/a	n/a	n/a	n/a	left
19	564.025	0.396	correct	0.396	grate	n/a	n/a	n/a	n/a	n/a	n/a	47	1	n/a	n/a	n/a	n/a	n/a	left
19	564.941	0.100	incorrect	0.100	grate	n/a	n/a	n/a	n/a	n/a	n/a	47	1	n/a	n/a	n/a	n/a	n/a	right
19	566.007	3.000	forget	0.721	retrieval	retprac	object	scene	face	other	face	48	1	121	73	173	225	566.0	n/a
19	571.041	0.539	correct	0.539	grate	n/a	n/a	n/a	n/a	n/a	n/a	48	1	n/a	n/a	n/a	n/a	n/a	right
19	572.090	0.459	correct	0.459	grate	n/a	n/a	n/a	n/a	n/a	n/a	48	1	n/a	n/a	n/a	n/a	n/a	left
19	573.057	0.379	correct	0.379	grate	n/a	n/a	n/a	n/a	n/a	n/a	48	1	n/a	n/a	n/a	n/a	n/a	left
19	573.957	0.431	correct	0.431	grate	n/a	n/a	n/a	n/a	n/a	n/a	48	1	n/a	n/a	n/a	n/a	n/a	left
19	574.907	0.361	correct	0.361	grate	n/a	n/a	n/a	n/a	n/a	n/a	48	1	n/a	n/a	n/a	n/a	n/a	left
19	575.790	0.342	correct	0.342	grate	n/a	n/a	n/a	n/a	n/a	n/a	48	1	n/a	n/a	n/a	n/a	n/a	left
19	576.640	0.100	incorrect	0.100	grate	n/a	n/a	n/a	n/a	n/a	n/a	48	1	n/a	n/a	n/a	n/a	n/a	left
19	2.019	3.000	forget	0.725	retrieval	retprac	scene	object	face	other	face	1	2	81	129	281	133	2.0	n/a
19	7.053	0.734	correct	0.734	grate	n/a	n/a	n/a	n/a	n/a	n/a	1	2	n/a	n/a	n/a	n/a	n/a	right
19	8.303	0.325	correct	0.325	grate	n/a	n/a	n/a	n/a	n/a	n/a	1	2	n/a	n/a	n/a	n/a	n/a	right
19	9.136	0.396	correct	0.396	grate	n/a	n/a	n/a	n/a	n/a	n/a	1	2	n/a	n/a	n/a	n/a	n/a	left
19	10.052	0.375	correct	0.375	grate	n/a	n/a	n/a	n/a	n/a	n/a	1	2	n/a	n/a	n/a	n/a	n/a	right
19	10.935	0.356	correct	0.356	grate	n/a	n/a	n/a	n/a	n/a	n/a	1	2	n/a	n/a	n/a	n/a	n/a	right
19	11.802	0.473	correct	0.473	grate	n/a	n/a	n/a	n/a	n/a	n/a	1	2	n/a	n/a	n/a	n/a	n/a	left
19	12.786	0.100	incorrect	0.100	grate	n/a	n/a	n/a	n/a	n/a	n/a	1	2	n/a	n/a	n/a	n/a	n/a	left
19	14.018	3.000	forget	0.821	retrieval	restudy	scene	face	object	competitor	face	2	2	34	106	258	34	14.0	n/a
19	19.052	0.367	correct	0.367	grate	n/a	n/a	n/a	n/a	n/a	n/a	2	2	n/a	n/a	n/a	n/a	n/a	right
19	19.935	0.325	correct	0.325	grate	n/a	n/a	n/a	n/a	n/a	n/a	2	2	n/a	n/a	n/a	n/a	n/a	left
19	20.768	0.339	incorrect	0.339	grate	n/a	n/a	n/a	n/a	n/a	n/a	2	2	n/a	n/a	n/a	n/a	n/a	left
19	21.618	0.409	correct	0.409	grate	n/a	n/a	n/a	n/a	n/a	n/a	2	2	n/a	n/a	n/a	n/a	n/a	left
19	22.535	0.364	correct	0.364	grate	n/a	n/a	n/a	n/a	n/a	n/a	2	2	n/a	n/a	n/a	n/a	n/a	left
19	23.418	0.386	correct	0.386	grate	n/a	n/a	n/a	n/a	n/a	n/a	2	2	n/a	n/a	n/a	n/a	n/a	right
19	24.318	0.200	incorrect	0.200	grate	n/a	n/a	n/a	n/a	n/a	n/a	2	2	n/a	n/a	n/a	n/a	n/a	left
19	26.016	3.000	forget	0.606	retrieval	restudy	object	scene	face	other	face	3	2	132	84	184	236	26.0	n/a
19	31.051	0.392	correct	0.392	grate	n/a	n/a	n/a	n/a	n/a	n/a	3	2	n/a	n/a	n/a	n/a	n/a	left
19	31.950	0.412	correct	0.412	grate	n/a	n/a	n/a	n/a	n/a	n/a	3	2	n/a	n/a	n/a	n/a	n/a	right
19	32.883	0.367	correct	0.367	grate	n/a	n/a	n/a	n/a	n/a	n/a	3	2	n/a	n/a	n/a	n/a	n/a	right
19	33.767	0.372	correct	0.372	grate	n/a	n/a	n/a	n/a	n/a	n/a	3	2	n/a	n/a	n/a	n/a	n/a	right
19	34.650	0.344	correct	0.344	grate	n/a	n/a	n/a	n/a	n/a	n/a	3	2	n/a	n/a	n/a	n/a	n/a	right
19	35.517	0.302	incorrect	0.302	grate	n/a	n/a	n/a	n/a	n/a	n/a	3	2	n/a	n/a	n/a	n/a	n/a	left
19	36.333	0.183	incorrect	0.183	grate	n/a	n/a	n/a	n/a	n/a	n/a	3	2	n/a	n/a	n/a	n/a	n/a	left
19	38.015	3.000	forget	0.438	retrieval	retprac	face	object	scene	competitor	object	4	2	57	9	57	109	38.0	n/a
19	43.049	0.593	correct	0.593	grate	n/a	n/a	n/a	n/a	n/a	n/a	4	2	n/a	n/a	n/a	n/a	n/a	left
19	44.149	0.398	correct	0.398	grate	n/a	n/a	n/a	n/a	n/a	n/a	4	2	n/a	n/a	n/a	n/a	n/a	left
19	45.066	0.360	correct	0.360	grate	n/a	n/a	n/a	n/a	n/a	n/a	4	2	n/a	n/a	n/a	n/a	n/a	left
19	45.949	0.293	correct	0.293	grate	n/a	n/a	n/a	n/a	n/a	n/a	4	2	n/a	n/a	n/a	n/a	n/a	left
19	46.765	0.428	correct	0.428	grate	n/a	n/a	n/a	n/a	n/a	n/a	4	2	n/a	n/a	n/a	n/a	n/a	right
19	47.715	0.350	correct	0.350	grate	n/a	n/a	n/a	n/a	n/a	n/a	4	2	n/a	n/a	n/a	n/a	n/a	right
19	48.582	0.100	incorrect	0.100	grate	n/a	n/a	n/a	n/a	n/a	n/a	4	2	n/a	n/a	n/a	n/a	n/a	left
19	50.014	3.000	remember	0.503	retrieval	retprac	object	face	scene	target	object	5	2	11	59	159	11	50.0	n/a
19	55.048	0.449	correct	0.449	grate	n/a	n/a	n/a	n/a	n/a	n/a	5	2	n/a	n/a	n/a	n/a	n/a	left
19	56.014	0.315	correct	0.315	grate	n/a	n/a	n/a	n/a	n/a	n/a	5	2	n/a	n/a	n/a	n/a	n/a	right
19	56.848	0.362	incorrect	0.362	grate	n/a	n/a	n/a	n/a	n/a	n/a	5	2	n/a	n/a	n/a	n/a	n/a	right
19	57.731	0.342	correct	0.342	grate	n/a	n/a	n/a	n/a	n/a	n/a	5	2	n/a	n/a	n/a	n/a	n/a	right
19	58.581	0.397	correct	0.397	grate	n/a	n/a	n/a	n/a	n/a	n/a	5	2	n/a	n/a	n/a	n/a	n/a	left
19	59.497	0.384	correct	0.384	grate	n/a	n/a	n/a	n/a	n/a	n/a	5	2	n/a	n/a	n/a	n/a	n/a	right
19	60.397	0.117	incorrect	0.117	grate	n/a	n/a	n/a	n/a	n/a	n/a	5	2	n/a	n/a	n/a	n/a	n/a	right
19	62.013	3.000	forget	0.416	retrieval	restudy	object	face	scene	competitor	face	6	2	14	62	162	14	62.0	n/a
19	67.047	0.474	correct	0.474	grate	n/a	n/a	n/a	n/a	n/a	n/a	6	2	n/a	n/a	n/a	n/a	n/a	right
19	68.030	0.419	correct	0.419	grate	n/a	n/a	n/a	n/a	n/a	n/a	6	2	n/a	n/a	n/a	n/a	n/a	right
19	68.963	0.333	correct	0.333	grate	n/a	n/a	n/a	n/a	n/a	n/a	6	2	n/a	n/a	n/a	n/a	n/a	right
19	69.813	0.388	correct	0.388	grate	n/a	n/a	n/a	n/a	n/a	n/a	6	2	n/a	n/a	n/a	n/a	n/a	left
19	70.713	0.392	correct	0.392	grate	n/a	n/a	n/a	n/a	n/a	n/a	6	2	n/a	n/a	n/a	n/a	n/a	right
19	71.613	0.412	correct	0.412	grate	n/a	n/a	n/a	n/a	n/a	n/a	6	2	n/a	n/a	n/a	n/a	n/a	left
19	72.546	0.100	incorrect	0.100	grate	n/a	n/a	n/a	n/a	n/a	n/a	6	2	n/a	n/a	n/a	n/a	n/a	left
19	74.012	3.000	forget	0.424	retrieval	retprac	face	scene	object	other	object	7	2	109	37	85	213	74.0	n/a
19	79.046	0.451	correct	0.451	grate	n/a	n/a	n/a	n/a	n/a	n/a	7	2	n/a	n/a	n/a	n/a	n/a	right
19	80.012	0.356	correct	0.356	grate	n/a	n/a	n/a	n/a	n/a	n/a	7	2	n/a	n/a	n/a	n/a	n/a	right
19	80.879	0.410	correct	0.410	grate	n/a	n/a	n/a	n/a	n/a	n/a	7	2	n/a	n/a	n/a	n/a	n/a	left
19	81.795	0.397	correct	0.397	grate	n/a	n/a	n/a	n/a	n/a	n/a	7	2	n/a	n/a	n/a	n/a	n/a	right
19	82.712	0.360	correct	0.360	grate	n/a	n/a	n/a	n/a	n/a	n/a	7	2	n/a	n/a	n/a	n/a	n/a	right
19	83.595	0.493	correct	0.493	grate	n/a	n/a	n/a	n/a	n/a	n/a	7	2	n/a	n/a	n/a	n/a	n/a	left
19	84.595	0.100	incorrect	0.100	grate	n/a	n/a	n/a	n/a	n/a	n/a	7	2	n/a	n/a	n/a	n/a	n/a	left
19	86.010	3.000	forget	0.337	retrieval	retprac	scene	face	object	competitor	face	8	2	35	107	259	35	86.0	n/a
19	91.044	0.419	correct	0.419	grate	n/a	n/a	n/a	n/a	n/a	n/a	8	2	n/a	n/a	n/a	n/a	n/a	right
19	91.977	0.374	correct	0.374	grate	n/a	n/a	n/a	n/a	n/a	n/a	8	2	n/a	n/a	n/a	n/a	n/a	left
19	92.861	0.355	correct	0.355	grate	n/a	n/a	n/a	n/a	n/a	n/a	8	2	n/a	n/a	n/a	n/a	n/a	right
19	93.727	0.376	correct	0.376	grate	n/a	n/a	n/a	n/a	n/a	n/a	8	2	n/a	n/a	n/a	n/a	n/a	left
19	94.627	0.357	correct	0.357	grate	n/a	n/a	n/a	n/a	n/a	n/a	8	2	n/a	n/a	n/a	n/a	n/a	left
19	95.494	0.402	correct	0.402	grate	n/a	n/a	n/a	n/a	n/a	n/a	8	2	n/a	n/a	n/a	n/a	n/a	left
19	96.410	0.100	incorrect	0.100	grate	n/a	n/a	n/a	n/a	n/a	n/a	8	2	n/a	n/a	n/a	n/a	n/a	right
19	98.009	3.000	forget	0.698	retrieval	retprac	object	scene	face	competitor	scene	9	2	131	83	183	235	98.0	n/a
19	103.043	0.612	correct	0.612	grate	n/a	n/a	n/a	n/a	n/a	n/a	9	2	n/a	n/a	n/a	n/a	n/a	left
19	104.176	0.399	correct	0.399	grate	n/a	n/a	n/a	n/a	n/a	n/a	9	2	n/a	n/a	n/a	n/a	n/a	right
19	105.093	0.436	correct	0.436	grate	n/a	n/a	n/a	n/a	n/a	n/a	9	2	n/a	n/a	n/a	n/a	n/a	left
19	106.043	0.301	correct	0.301	grate	n/a	n/a	n/a	n/a	n/a	n/a	9	2	n/a	n/a	n/a	n/a	n/a	right
19	106.859	0.404	correct	0.404	grate	n/a	n/a	n/a	n/a	n/a	n/a	9	2	n/a	n/a	n/a	n/a	n/a	left
19	107.776	0.431	correct	0.431	grate	n/a	n/a	n/a	n/a	n/a	n/a	9	2	n/a	n/a	n/a	n/a	n/a	left
19	108.726	0.100	incorrect	0.100	grate	n/a	n/a	n/a	n/a	n/a	n/a	9	2	n/a	n/a	n/a	n/a	n/a	left
19	110.008	3.000	forget	0.290	retrieval	restudy	face	scene	object	other	object	10	2	108	36	84	212	110.0	n/a
19	115.042	0.421	correct	0.421	grate	n/a	n/a	n/a	n/a	n/a	n/a	10	2	n/a	n/a	n/a	n/a	n/a	right
19	115.975	0.328	incorrect	0.328	grate	n/a	n/a	n/a	n/a	n/a	n/a	10	2	n/a	n/a	n/a	n/a	n/a	right
19	116.825	0.374	correct	0.374	grate	n/a	n/a	n/a	n/a	n/a	n/a	10	2	n/a	n/a	n/a	n/a	n/a	left
19	117.708	0.290	correct	0.290	grate	n/a	n/a	n/a	n/a	n/a	n/a	10	2	n/a	n/a	n/a	n/a	n/a	left
19	118.508	0.017	correct	0.017	grate	n/a	n/a	n/a	n/a	n/a	n/a	10	2	n/a	n/a	n/a	n/a	n/a	left
19	119.059	0.387	correct	0.387	grate	n/a	n/a	n/a	n/a	n/a	n/a	10	2	n/a	n/a	n/a	n/a	n/a	right
19	119.958	0.361	correct	0.361	grate	n/a	n/a	n/a	n/a	n/a	n/a	10	2	n/a	n/a	n/a	n/a	n/a	right
19	120.841	0.100	incorrect	0.100	grate	n/a	n/a	n/a	n/a	n/a	n/a	10	2	n/a	n/a	n/a	n/a	n/a	right
19	122.023	3.000	forget	0.306	retrieval	restudy	scene	object	face	other	face	11	2	88	136	288	140	122.0	n/a
19	127.057	0.541	correct	0.541	grate	n/a	n/a	n/a	n/a	n/a	n/a	11	2	n/a	n/a	n/a	n/a	n/a	right
19	128.107	0.443	correct	0.443	grate	n/a	n/a	n/a	n/a	n/a	n/a	11	2	n/a	n/a	n/a	n/a	n/a	right
19	129.057	0.957	correct	0.957	grate	n/a	n/a	n/a	n/a	n/a	n/a	11	2	n/a	n/a	n/a	n/a	n/a	left
19	130.524	0.363	correct	0.363	grate	n/a	n/a	n/a	n/a	n/a	n/a	11	2	n/a	n/a	n/a	n/a	n/a	left
19	131.407	0.479	correct	0.479	grate	n/a	n/a	n/a	n/a	n/a	n/a	11	2	n/a	n/a	n/a	n/a	n/a	right
19	132.407	0.117	incorrect	0.117	grate	n/a	n/a	n/a	n/a	n/a	n/a	11	2	n/a	n/a	n/a	n/a	n/a	left
19	134.022	3.000	remember	0.435	retrieval	retprac	face	scene	object	target	face	12	2	107	35	83	211	134.0	n/a
19	139.056	0.518	correct	0.518	grate	n/a	n/a	n/a	n/a	n/a	n/a	12	2	n/a	n/a	n/a	n/a	n/a	right
19	140.089	0.396	correct	0.396	grate	n/a	n/a	n/a	n/a	n/a	n/a	12	2	n/a	n/a	n/a	n/a	n/a	left
19	141.006	0.360	correct	0.360	grate	n/a	n/a	n/a	n/a	n/a	n/a	12	2	n/a	n/a	n/a	n/a	n/a	right
19	141.889	0.405	correct	0.405	grate	n/a	n/a	n/a	n/a	n/a	n/a	12	2	n/a	n/a	n/a	n/a	n/a	right
19	142.806	0.345	correct	0.345	grate	n/a	n/a	n/a	n/a	n/a	n/a	12	2	n/a	n/a	n/a	n/a	n/a	right
19	143.672	0.398	correct	0.398	grate	n/a	n/a	n/a	n/a	n/a	n/a	12	2	n/a	n/a	n/a	n/a	n/a	left
19	144.589	0.100	incorrect	0.100	grate	n/a	n/a	n/a	n/a	n/a	n/a	12	2	n/a	n/a	n/a	n/a	n/a	left
19	146.021	3.000	forget	0.292	retrieval	restudy	scene	face	object	competitor	face	13	2	38	110	262	38	146.0	n/a
19	151.055	0.382	incorrect	0.382	grate	n/a	n/a	n/a	n/a	n/a	n/a	13	2	n/a	n/a	n/a	n/a	n/a	right
19	151.955	0.434	correct	0.434	grate	n/a	n/a	n/a	n/a	n/a	n/a	13	2	n/a	n/a	n/a	n/a	n/a	left
19	152.904	0.477	incorrect	0.477	grate	n/a	n/a	n/a	n/a	n/a	n/a	13	2	n/a	n/a	n/a	n/a	n/a	left
19	153.888	0.390	correct	0.390	grate	n/a	n/a	n/a	n/a	n/a	n/a	13	2	n/a	n/a	n/a	n/a	n/a	right
19	154.788	0.410	correct	0.410	grate	n/a	n/a	n/a	n/a	n/a	n/a	13	2	n/a	n/a	n/a	n/a	n/a	left
19	155.704	0.817	incorrect	0.817	grate	n/a	n/a	n/a	n/a	n/a	n/a	13	2	n/a	n/a	n/a	n/a	n/a	left
19	158.020	3.000	forget	0.357	retrieval	restudy	object	scene	face	other	face	14	2	136	88	188	240	158.0	n/a
19	163.054	0.423	correct	0.423	grate	n/a	n/a	n/a	n/a	n/a	n/a	14	2	n/a	n/a	n/a	n/a	n/a	right
19	163.987	0.346	correct	0.346	grate	n/a	n/a	n/a	n/a	n/a	n/a	14	2	n/a	n/a	n/a	n/a	n/a	right
19	164.853	0.335	correct	0.335	grate	n/a	n/a	n/a	n/a	n/a	n/a	14	2	n/a	n/a	n/a	n/a	n/a	right
19	165.703	0.373	correct	0.373	grate	n/a	n/a	n/a	n/a	n/a	n/a	14	2	n/a	n/a	n/a	n/a	n/a	left
19	166.587	0.442	correct	0.442	grate	n/a	n/a	n/a	n/a	n/a	n/a	14	2	n/a	n/a	n/a	n/a	n/a	right
19	167.536	0.348	correct	0.348	grate	n/a	n/a	n/a	n/a	n/a	n/a	14	2	n/a	n/a	n/a	n/a	n/a	right
19	168.403	0.117	incorrect	0.117	grate	n/a	n/a	n/a	n/a	n/a	n/a	14	2	n/a	n/a	n/a	n/a	n/a	left
19	170.019	3.000	remember	0.430	retrieval	retprac	scene	object	face	target	scene	15	2	83	131	283	135	170.0	n/a
19	175.052	0.336	correct	0.336	grate	n/a	n/a	n/a	n/a	n/a	n/a	15	2	n/a	n/a	n/a	n/a	n/a	left
19	175.902	0.358	correct	0.358	grate	n/a	n/a	n/a	n/a	n/a	n/a	15	2	n/a	n/a	n/a	n/a	n/a	right
19	176.769	0.372	correct	0.372	grate	n/a	n/a	n/a	n/a	n/a	n/a	15	2	n/a	n/a	n/a	n/a	n/a	right
19	177.652	0.352	correct	0.352	grate	n/a	n/a	n/a	n/a	n/a	n/a	15	2	n/a	n/a	n/a	n/a	n/a	left
19	178.518	0.414	correct	0.414	grate	n/a	n/a	n/a	n/a	n/a	n/a	15	2	n/a	n/a	n/a	n/a	n/a	right
19	179.452	0.336	correct	0.336	grate	n/a	n/a	n/a	n/a	n/a	n/a	15	2	n/a	n/a	n/a	n/a	n/a	right
19	180.302	0.217	incorrect	0.217	grate	n/a	n/a	n/a	n/a	n/a	n/a	15	2	n/a	n/a	n/a	n/a	n/a	right
19	182.017	3.000	remember	0.438	retrieval	restudy	face	scene	object	target	face	16	2	110	38	86	214	182.0	n/a
19	187.051	0.345	correct	0.345	grate	n/a	n/a	n/a	n/a	n/a	n/a	16	2	n/a	n/a	n/a	n/a	n/a	left
19	187.918	0.366	correct	0.366	grate	n/a	n/a	n/a	n/a	n/a	n/a	16	2	n/a	n/a	n/a	n/a	n/a	right
19	188.801	0.331	correct	0.331	grate	n/a	n/a	n/a	n/a	n/a	n/a	16	2	n/a	n/a	n/a	n/a	n/a	right
19	189.651	0.361	correct	0.361	grate	n/a	n/a	n/a	n/a	n/a	n/a	16	2	n/a	n/a	n/a	n/a	n/a	right
19	190.534	0.293	correct	0.293	grate	n/a	n/a	n/a	n/a	n/a	n/a	16	2	n/a	n/a	n/a	n/a	n/a	right
19	191.351	0.381	correct	0.381	grate	n/a	n/a	n/a	n/a	n/a	n/a	16	2	n/a	n/a	n/a	n/a	n/a	left
19	192.251	0.267	incorrect	0.267	grate	n/a	n/a	n/a	n/a	n/a	n/a	16	2	n/a	n/a	n/a	n/a	n/a	left
19	194.016	3.000	remember	0.543	retrieval	retprac	face	object	scene	target	face	17	2	63	15	63	115	194.0	n/a
19	199.050	0.362	correct	0.362	grate	n/a	n/a	n/a	n/a	n/a	n/a	17	2	n/a	n/a	n/a	n/a	n/a	right
19	199.933	0.382	correct	0.382	grate	n/a	n/a	n/a	n/a	n/a	n/a	17	2	n/a	n/a	n/a	n/a	n/a	left
19	200.833	0.346	correct	0.346	grate	n/a	n/a	n/a	n/a	n/a	n/a	17	2	n/a	n/a	n/a	n/a	n/a	left
19	201.700	0.319	correct	0.319	grate	n/a	n/a	n/a	n/a	n/a	n/a	17	2	n/a	n/a	n/a	n/a	n/a	right
19	202.533	0.414	correct	0.414	grate	n/a	n/a	n/a	n/a	n/a	n/a	17	2	n/a	n/a	n/a	n/a	n/a	right
19	203.466	0.361	correct	0.361	grate	n/a	n/a	n/a	n/a	n/a	n/a	17	2	n/a	n/a	n/a	n/a	n/a	right
19	204.349	0.167	incorrect	0.167	grate	n/a	n/a	n/a	n/a	n/a	n/a	17	2	n/a	n/a	n/a	n/a	n/a	left
19	206.015	3.000	forget	0.400	retrieval	restudy	object	face	scene	competitor	face	18	2	16	64	164	16	206.0	n/a
19	211.049	0.466	correct	0.466	grate	n/a	n/a	n/a	n/a	n/a	n/a	18	2	n/a	n/a	n/a	n/a	n/a	right
19	212.032	0.339	correct	0.339	grate	n/a	n/a	n/a	n/a	n/a	n/a	18	2	n/a	n/a	n/a	n/a	n/a	right
19	212.882	0.393	correct	0.393	grate	n/a	n/a	n/a	n/a	n/a	n/a	18	2	n/a	n/a	n/a	n/a	n/a	left
19	213.798	0.325	correct	0.325	grate	n/a	n/a	n/a	n/a	n/a	n/a	18	2	n/a	n/a	n/a	n/a	n/a	left
19	214.632	0.387	correct	0.387	grate	n/a	n/a	n/a	n/a	n/a	n/a	18	2	n/a	n/a	n/a	n/a	n/a	right
19	215.531	0.320	correct	0.320	grate	n/a	n/a	n/a	n/a	n/a	n/a	18	2	n/a	n/a	n/a	n/a	n/a	right
19	216.365	0.150	incorrect	0.150	grate	n/a	n/a	n/a	n/a	n/a	n/a	18	2	n/a	n/a	n/a	n/a	n/a	right
19	218.014	3.000	forget	0.785	retrieval	retprac	scene	face	object	other	object	19	2	37	109	261	37	218.0	n/a
19	223.047	0.475	correct	0.475	grate	n/a	n/a	n/a	n/a	n/a	n/a	19	2	n/a	n/a	n/a	n/a	n/a	left
19	224.031	0.308	correct	0.308	grate	n/a	n/a	n/a	n/a	n/a	n/a	19	2	n/a	n/a	n/a	n/a	n/a	left
19	224.847	0.347	correct	0.347	grate	n/a	n/a	n/a	n/a	n/a	n/a	19	2	n/a	n/a	n/a	n/a	n/a	left
19	225.714	0.408	correct	0.408	grate	n/a	n/a	n/a	n/a	n/a	n/a	19	2	n/a	n/a	n/a	n/a	n/a	right
19	226.630	0.460	correct	0.460	grate	n/a	n/a	n/a	n/a	n/a	n/a	19	2	n/a	n/a	n/a	n/a	n/a	left
19	227.614	0.357	correct	0.357	grate	n/a	n/a	n/a	n/a	n/a	n/a	19	2	n/a	n/a	n/a	n/a	n/a	left
19	228.480	0.033	incorrect	0.033	grate	n/a	n/a	n/a	n/a	n/a	n/a	19	2	n/a	n/a	n/a	n/a	n/a	right
19	230.012	3.000	forget	0.641	retrieval	restudy	object	face	scene	competitor	face	20	2	12	60	160	12	230.0	n/a
19	235.046	0.644	correct	0.644	grate	n/a	n/a	n/a	n/a	n/a	n/a	20	2	n/a	n/a	n/a	n/a	n/a	left
19	236.213	0.318	correct	0.318	grate	n/a	n/a	n/a	n/a	n/a	n/a	20	2	n/a	n/a	n/a	n/a	n/a	right
19	237.046	0.333	correct	0.333	grate	n/a	n/a	n/a	n/a	n/a	n/a	20	2	n/a	n/a	n/a	n/a	n/a	right
19	237.896	0.338	correct	0.338	grate	n/a	n/a	n/a	n/a	n/a	n/a	20	2	n/a	n/a	n/a	n/a	n/a	right
19	238.746	0.336	incorrect	0.336	grate	n/a	n/a	n/a	n/a	n/a	n/a	20	2	n/a	n/a	n/a	n/a	n/a	left
19	239.596	0.350	incorrect	0.350	grate	n/a	n/a	n/a	n/a	n/a	n/a	20	2	n/a	n/a	n/a	n/a	n/a	left
19	240.462	0.050	incorrect	0.050	grate	n/a	n/a	n/a	n/a	n/a	n/a	20	2	n/a	n/a	n/a	n/a	n/a	left
19	242.011	3.000	remember	0.586	retrieval	restudy	object	scene	face	target	object	21	2	134	86	186	238	242.0	n/a
19	247.045	0.420	correct	0.420	grate	n/a	n/a	n/a	n/a	n/a	n/a	21	2	n/a	n/a	n/a	n/a	n/a	right
19	247.978	0.455	correct	0.455	grate	n/a	n/a	n/a	n/a	n/a	n/a	21	2	n/a	n/a	n/a	n/a	n/a	left
19	248.945	0.441	correct	0.441	grate	n/a	n/a	n/a	n/a	n/a	n/a	21	2	n/a	n/a	n/a	n/a	n/a	left
19	249.895	0.355	correct	0.355	grate	n/a	n/a	n/a	n/a	n/a	n/a	21	2	n/a	n/a	n/a	n/a	n/a	right
19	250.761	0.328	correct	0.328	grate	n/a	n/a	n/a	n/a	n/a	n/a	21	2	n/a	n/a	n/a	n/a	n/a	right
19	251.611	0.558	correct	0.558	grate	n/a	n/a	n/a	n/a	n/a	n/a	21	2	n/a	n/a	n/a	n/a	n/a	left
19	252.678	0.100	incorrect	0.100	grate	n/a	n/a	n/a	n/a	n/a	n/a	21	2	n/a	n/a	n/a	n/a	n/a	right
19	254.010	3.000	forget	0.530	retrieval	restudy	face	object	scene	competitor	object	22	2	64	16	64	116	254.0	n/a
19	259.044	0.341	correct	0.341	grate	n/a	n/a	n/a	n/a	n/a	n/a	22	2	n/a	n/a	n/a	n/a	n/a	right
19	259.894	0.403	incorrect	0.403	grate	n/a	n/a	n/a	n/a	n/a	n/a	22	2	n/a	n/a	n/a	n/a	n/a	right
19	260.810	0.359	correct	0.359	grate	n/a	n/a	n/a	n/a	n/a	n/a	22	2	n/a	n/a	n/a	n/a	n/a	right
19	261.677	0.388	correct	0.388	grate	n/a	n/a	n/a	n/a	n/a	n/a	22	2	n/a	n/a	n/a	n/a	n/a	right
19	262.577	0.352	correct	0.352	grate	n/a	n/a	n/a	n/a	n/a	n/a	22	2	n/a	n/a	n/a	n/a	n/a	right
19	263.443	0.493	correct	0.493	grate	n/a	n/a	n/a	n/a	n/a	n/a	22	2	n/a	n/a	n/a	n/a	n/a	right
19	264.460	0.050	incorrect	0.050	grate	n/a	n/a	n/a	n/a	n/a	n/a	22	2	n/a	n/a	n/a	n/a	n/a	right
19	266.009	3.000	forget	0.603	retrieval	retprac	scene	object	face	competitor	object	23	2	85	133	285	137	266.0	n/a
19	271.043	0.462	correct	0.462	grate	n/a	n/a	n/a	n/a	n/a	n/a	23	2	n/a	n/a	n/a	n/a	n/a	left
19	272.026	0.375	correct	0.375	grate	n/a	n/a	n/a	n/a	n/a	n/a	23	2	n/a	n/a	n/a	n/a	n/a	left
19	272.909	0.411	correct	0.411	grate	n/a	n/a	n/a	n/a	n/a	n/a	23	2	n/a	n/a	n/a	n/a	n/a	right
19	273.842	0.374	correct	0.374	grate	n/a	n/a	n/a	n/a	n/a	n/a	23	2	n/a	n/a	n/a	n/a	n/a	left
19	274.726	0.347	correct	0.347	grate	n/a	n/a	n/a	n/a	n/a	n/a	23	2	n/a	n/a	n/a	n/a	n/a	right
19	275.592	0.368	correct	0.368	grate	n/a	n/a	n/a	n/a	n/a	n/a	23	2	n/a	n/a	n/a	n/a	n/a	right
19	276.475	0.033	incorrect	0.033	grate	n/a	n/a	n/a	n/a	n/a	n/a	23	2	n/a	n/a	n/a	n/a	n/a	right
19	278.008	3.000	remember	0.556	retrieval	retprac	face	scene	object	target	face	24	2	105	33	81	209	278.0	n/a
19	283.042	0.446	correct	0.446	grate	n/a	n/a	n/a	n/a	n/a	n/a	24	2	n/a	n/a	n/a	n/a	n/a	right
19	284.008	0.368	correct	0.368	grate	n/a	n/a	n/a	n/a	n/a	n/a	24	2	n/a	n/a	n/a	n/a	n/a	left
19	284.891	0.445	correct	0.445	grate	n/a	n/a	n/a	n/a	n/a	n/a	24	2	n/a	n/a	n/a	n/a	n/a	left
19	285.858	0.415	correct	0.415	grate	n/a	n/a	n/a	n/a	n/a	n/a	24	2	n/a	n/a	n/a	n/a	n/a	right
19	286.791	0.386	correct	0.386	grate	n/a	n/a	n/a	n/a	n/a	n/a	24	2	n/a	n/a	n/a	n/a	n/a	right
19	287.691	0.341	incorrect	0.341	grate	n/a	n/a	n/a	n/a	n/a	n/a	24	2	n/a	n/a	n/a	n/a	n/a	left
19	288.541	0.100	incorrect	0.100	grate	n/a	n/a	n/a	n/a	n/a	n/a	24	2	n/a	n/a	n/a	n/a	n/a	left
19	290.006	3.000	remember	0.453	retrieval	restudy	face	object	scene	target	face	25	2	62	14	62	114	290.0	n/a
19	295.040	0.391	correct	0.391	grate	n/a	n/a	n/a	n/a	n/a	n/a	25	2	n/a	n/a	n/a	n/a	n/a	right
19	295.940	0.419	correct	0.419	grate	n/a	n/a	n/a	n/a	n/a	n/a	25	2	n/a	n/a	n/a	n/a	n/a	left
19	296.873	0.342	correct	0.342	grate	n/a	n/a	n/a	n/a	n/a	n/a	25	2	n/a	n/a	n/a	n/a	n/a	left
19	297.740	0.363	correct	0.363	grate	n/a	n/a	n/a	n/a	n/a	n/a	25	2	n/a	n/a	n/a	n/a	n/a	right
19	298.623	0.321	correct	0.321	grate	n/a	n/a	n/a	n/a	n/a	n/a	25	2	n/a	n/a	n/a	n/a	n/a	right
19	299.456	0.407	correct	0.407	grate	n/a	n/a	n/a	n/a	n/a	n/a	25	2	n/a	n/a	n/a	n/a	n/a	left
19	300.373	0.133	incorrect	0.133	grate	n/a	n/a	n/a	n/a	n/a	n/a	25	2	n/a	n/a	n/a	n/a	n/a	left
19	302.022	3.000	forget	0.565	retrieval	restudy	object	face	scene	competitor	face	26	2	10	58	158	10	302.0	n/a
19	307.056	0.351	correct	0.351	grate	n/a	n/a	n/a	n/a	n/a	n/a	26	2	n/a	n/a	n/a	n/a	n/a	left
19	307.922	0.357	correct	0.357	grate	n/a	n/a	n/a	n/a	n/a	n/a	26	2	n/a	n/a	n/a	n/a	n/a	left
19	308.789	0.290	correct	0.290	grate	n/a	n/a	n/a	n/a	n/a	n/a	26	2	n/a	n/a	n/a	n/a	n/a	left
19	309.589	0.322	correct	0.322	grate	n/a	n/a	n/a	n/a	n/a	n/a	26	2	n/a	n/a	n/a	n/a	n/a	left
19	310.422	0.361	correct	0.361	grate	n/a	n/a	n/a	n/a	n/a	n/a	26	2	n/a	n/a	n/a	n/a	n/a	right
19	311.305	0.326	correct	0.326	grate	n/a	n/a	n/a	n/a	n/a	n/a	26	2	n/a	n/a	n/a	n/a	n/a	right
19	312.138	0.308	incorrect	0.308	grate	n/a	n/a	n/a	n/a	n/a	n/a	26	2	n/a	n/a	n/a	n/a	n/a	left
19	312.955	0.100	incorrect	0.100	grate	n/a	n/a	n/a	n/a	n/a	n/a	26	2	n/a	n/a	n/a	n/a	n/a	left
19	314.021	3.000	forget	0.398	retrieval	retprac	object	face	scene	other	scene	27	2	15	63	163	15	314.0	n/a
19	319.055	0.376	correct	0.376	grate	n/a	n/a	n/a	n/a	n/a	n/a	27	2	n/a	n/a	n/a	n/a	n/a	right
19	319.954	0.341	correct	0.341	grate	n/a	n/a	n/a	n/a	n/a	n/a	27	2	n/a	n/a	n/a	n/a	n/a	right
19	320.804	0.426	correct	0.426	grate	n/a	n/a	n/a	n/a	n/a	n/a	27	2	n/a	n/a	n/a	n/a	n/a	left
19	321.754	0.324	correct	0.324	grate	n/a	n/a	n/a	n/a	n/a	n/a	27	2	n/a	n/a	n/a	n/a	n/a	left
19	322.587	0.371	correct	0.371	grate	n/a	n/a	n/a	n/a	n/a	n/a	27	2	n/a	n/a	n/a	n/a	n/a	left
19	323.471	0.312	correct	0.312	grate	n/a	n/a	n/a	n/a	n/a	n/a	27	2	n/a	n/a	n/a	n/a	n/a	left
19	324.304	0.217	incorrect	0.217	grate	n/a	n/a	n/a	n/a	n/a	n/a	27	2	n/a	n/a	n/a	n/a	n/a	right
19	326.019	3.000	forget	0.494	retrieval	retprac	object	face	scene	other	scene	28	2	9	57	157	9	326.0	n/a
19	331.053	0.409	correct	0.409	grate	n/a	n/a	n/a	n/a	n/a	n/a	28	2	n/a	n/a	n/a	n/a	n/a	left
19	331.986	0.371	correct	0.371	grate	n/a	n/a	n/a	n/a	n/a	n/a	28	2	n/a	n/a	n/a	n/a	n/a	right
19	332.870	0.416	correct	0.416	grate	n/a	n/a	n/a	n/a	n/a	n/a	28	2	n/a	n/a	n/a	n/a	n/a	right
19	333.803	0.411	correct	0.411	grate	n/a	n/a	n/a	n/a	n/a	n/a	28	2	n/a	n/a	n/a	n/a	n/a	left
19	334.736	0.382	correct	0.382	grate	n/a	n/a	n/a	n/a	n/a	n/a	28	2	n/a	n/a	n/a	n/a	n/a	right
19	335.636	0.395	correct	0.395	grate	n/a	n/a	n/a	n/a	n/a	n/a	28	2	n/a	n/a	n/a	n/a	n/a	left
19	336.553	0.100	incorrect	0.100	grate	n/a	n/a	n/a	n/a	n/a	n/a	28	2	n/a	n/a	n/a	n/a	n/a	left
19	338.018	3.000	forget	0.320	retrieval	retprac	object	scene	face	other	face	29	2	129	81	181	233	338.0	n/a
19	343.052	0.505	correct	0.505	grate	n/a	n/a	n/a	n/a	n/a	n/a	29	2	n/a	n/a	n/a	n/a	n/a	left
19	344.068	0.377	incorrect	0.377	grate	n/a	n/a	n/a	n/a	n/a	n/a	29	2	n/a	n/a	n/a	n/a	n/a	right
19	344.968	0.405	incorrect	0.405	grate	n/a	n/a	n/a	n/a	n/a	n/a	29	2	n/a	n/a	n/a	n/a	n/a	right
19	345.885	0.457	correct	0.457	grate	n/a	n/a	n/a	n/a	n/a	n/a	29	2	n/a	n/a	n/a	n/a	n/a	left
19	346.852	0.402	correct	0.402	grate	n/a	n/a	n/a	n/a	n/a	n/a	29	2	n/a	n/a	n/a	n/a	n/a	left
19	347.768	0.453	correct	0.453	grate	n/a	n/a	n/a	n/a	n/a	n/a	29	2	n/a	n/a	n/a	n/a	n/a	left
19	348.735	0.100	incorrect	0.100	grate	n/a	n/a	n/a	n/a	n/a	n/a	29	2	n/a	n/a	n/a	n/a	n/a	right
19	350.017	3.000	forget	0.480	retrieval	restudy	scene	face	object	competitor	face	30	2	40	112	264	40	350.0	n/a
19	355.051	0.378	correct	0.378	grate	n/a	n/a	n/a	n/a	n/a	n/a	30	2	n/a	n/a	n/a	n/a	n/a	right
19	355.951	0.374	correct	0.374	grate	n/a	n/a	n/a	n/a	n/a	n/a	30	2	n/a	n/a	n/a	n/a	n/a	right
19	356.834	0.355	correct	0.355	grate	n/a	n/a	n/a	n/a	n/a	n/a	30	2	n/a	n/a	n/a	n/a	n/a	right
19	357.700	0.416	correct	0.416	grate	n/a	n/a	n/a	n/a	n/a	n/a	30	2	n/a	n/a	n/a	n/a	n/a	left
19	358.633	0.435	correct	0.435	grate	n/a	n/a	n/a	n/a	n/a	n/a	30	2	n/a	n/a	n/a	n/a	n/a	left
19	359.584	0.373	incorrect	0.373	grate	n/a	n/a	n/a	n/a	n/a	n/a	30	2	n/a	n/a	n/a	n/a	n/a	right
19	360.467	0.050	incorrect	0.050	grate	n/a	n/a	n/a	n/a	n/a	n/a	30	2	n/a	n/a	n/a	n/a	n/a	left
19	362.016	3.000	forget	0.353	retrieval	retprac	object	scene	face	other	face	31	2	133	85	185	237	362.0	n/a
19	367.050	0.419	correct	0.419	grate	n/a	n/a	n/a	n/a	n/a	n/a	31	2	n/a	n/a	n/a	n/a	n/a	left
19	367.983	0.391	correct	0.391	grate	n/a	n/a	n/a	n/a	n/a	n/a	31	2	n/a	n/a	n/a	n/a	n/a	left
19	368.883	0.354	correct	0.354	grate	n/a	n/a	n/a	n/a	n/a	n/a	31	2	n/a	n/a	n/a	n/a	n/a	left
19	369.749	0.376	correct	0.376	grate	n/a	n/a	n/a	n/a	n/a	n/a	31	2	n/a	n/a	n/a	n/a	n/a	right
19	370.649	0.499	correct	0.499	grate	n/a	n/a	n/a	n/a	n/a	n/a	31	2	n/a	n/a	n/a	n/a	n/a	left
19	371.666	0.427	correct	0.427	grate	n/a	n/a	n/a	n/a	n/a	n/a	31	2	n/a	n/a	n/a	n/a	n/a	right
19	372.616	0.100	incorrect	0.100	grate	n/a	n/a	n/a	n/a	n/a	n/a	31	2	n/a	n/a	n/a	n/a	n/a	right
19	374.015	3.000	forget	0.713	retrieval	restudy	scene	object	face	other	face	32	2	84	132	284	136	374.0	n/a
19	379.048	0.411	correct	0.411	grate	n/a	n/a	n/a	n/a	n/a	n/a	32	2	n/a	n/a	n/a	n/a	n/a	right
19	379.982	0.382	correct	0.382	grate	n/a	n/a	n/a	n/a	n/a	n/a	32	2	n/a	n/a	n/a	n/a	n/a	right
19	380.881	0.379	correct	0.379	grate	n/a	n/a	n/a	n/a	n/a	n/a	32	2	n/a	n/a	n/a	n/a	n/a	left
19	381.781	0.366	correct	0.366	grate	n/a	n/a	n/a	n/a	n/a	n/a	32	2	n/a	n/a	n/a	n/a	n/a	left
19	382.665	0.427	correct	0.427	grate	n/a	n/a	n/a	n/a	n/a	n/a	32	2	n/a	n/a	n/a	n/a	n/a	right
19	383.614	0.629	correct	0.629	grate	n/a	n/a	n/a	n/a	n/a	n/a	32	2	n/a	n/a	n/a	n/a	n/a	left
19	384.764	0.100	incorrect	0.100	grate	n/a	n/a	n/a	n/a	n/a	n/a	32	2	n/a	n/a	n/a	n/a	n/a	left
19	386.013	3.000	remember	0.802	retrieval	restudy	object	scene	face	target	object	33	2	130	82	182	234	386.0	n/a
19	391.047	0.452	correct	0.452	grate	n/a	n/a	n/a	n/a	n/a	n/a	33	2	n/a	n/a	n/a	n/a	n/a	right
19	392.014	0.286	correct	0.286	grate	n/a	n/a	n/a	n/a	n/a	n/a	33	2	n/a	n/a	n/a	n/a	n/a	right
19	392.814	0.430	correct	0.430	grate	n/a	n/a	n/a	n/a	n/a	n/a	33	2	n/a	n/a	n/a	n/a	n/a	right
19	393.763	0.336	correct	0.336	grate	n/a	n/a	n/a	n/a	n/a	n/a	33	2	n/a	n/a	n/a	n/a	n/a	right
19	394.613	0.414	correct	0.414	grate	n/a	n/a	n/a	n/a	n/a	n/a	33	2	n/a	n/a	n/a	n/a	n/a	left
19	395.547	0.417	correct	0.417	grate	n/a	n/a	n/a	n/a	n/a	n/a	33	2	n/a	n/a	n/a	n/a	n/a	right
19	396.480	0.034	incorrect	0.034	grate	n/a	n/a	n/a	n/a	n/a	n/a	33	2	n/a	n/a	n/a	n/a	n/a	left
19	398.012	3.000	remember	0.466	retrieval	retprac	scene	object	face	target	scene	34	2	87	135	287	139	398.0	n/a
19	403.046	0.333	correct	0.333	grate	n/a	n/a	n/a	n/a	n/a	n/a	34	2	n/a	n/a	n/a	n/a	n/a	left
19	403.896	0.387	correct	0.387	grate	n/a	n/a	n/a	n/a	n/a	n/a	34	2	n/a	n/a	n/a	n/a	n/a	left
19	404.796	0.343	correct	0.343	grate	n/a	n/a	n/a	n/a	n/a	n/a	34	2	n/a	n/a	n/a	n/a	n/a	left
19	405.662	0.324	correct	0.324	grate	n/a	n/a	n/a	n/a	n/a	n/a	34	2	n/a	n/a	n/a	n/a	n/a	left
19	406.495	0.347	correct	0.347	grate	n/a	n/a	n/a	n/a	n/a	n/a	34	2	n/a	n/a	n/a	n/a	n/a	left
19	407.362	0.417	correct	0.417	grate	n/a	n/a	n/a	n/a	n/a	n/a	34	2	n/a	n/a	n/a	n/a	n/a	right
19	408.295	0.217	incorrect	0.217	grate	n/a	n/a	n/a	n/a	n/a	n/a	34	2	n/a	n/a	n/a	n/a	n/a	right
19	410.011	3.000	remember	0.451	retrieval	restudy	face	scene	object	target	face	35	2	106	34	82	210	410.0	n/a
19	415.045	0.462	correct	0.462	grate	n/a	n/a	n/a	n/a	n/a	n/a	35	2	n/a	n/a	n/a	n/a	n/a	left
19	416.028	0.391	correct	0.391	grate	n/a	n/a	n/a	n/a	n/a	n/a	35	2	n/a	n/a	n/a	n/a	n/a	right
19	416.928	0.347	correct	0.347	grate	n/a	n/a	n/a	n/a	n/a	n/a	35	2	n/a	n/a	n/a	n/a	n/a	right
19	417.794	0.336	correct	0.336	grate	n/a	n/a	n/a	n/a	n/a	n/a	35	2	n/a	n/a	n/a	n/a	n/a	right
19	418.644	0.430	correct	0.430	grate	n/a	n/a	n/a	n/a	n/a	n/a	35	2	n/a	n/a	n/a	n/a	n/a	left
19	419.594	0.400	correct	0.400	grate	n/a	n/a	n/a	n/a	n/a	n/a	35	2	n/a	n/a	n/a	n/a	n/a	left
19	420.511	0.000	incorrect	0.000	grate	n/a	n/a	n/a	n/a	n/a	n/a	35	2	n/a	n/a	n/a	n/a	n/a	left
19	422.010	3.000	remember	0.517	retrieval	retprac	face	object	scene	target	face	36	2	61	13	61	113	422.0	n/a
19	427.043	0.382	correct	0.382	grate	n/a	n/a	n/a	n/a	n/a	n/a	36	2	n/a	n/a	n/a	n/a	n/a	left
19	427.943	0.403	correct	0.403	grate	n/a	n/a	n/a	n/a	n/a	n/a	36	2	n/a	n/a	n/a	n/a	n/a	right
19	428.860	0.334	correct	0.334	grate	n/a	n/a	n/a	n/a	n/a	n/a	36	2	n/a	n/a	n/a	n/a	n/a	right
19	429.710	0.420	correct	0.420	grate	n/a	n/a	n/a	n/a	n/a	n/a	36	2	n/a	n/a	n/a	n/a	n/a	right
19	430.643	0.367	correct	0.367	grate	n/a	n/a	n/a	n/a	n/a	n/a	36	2	n/a	n/a	n/a	n/a	n/a	right
19	431.526	0.395	correct	0.395	grate	n/a	n/a	n/a	n/a	n/a	n/a	36	2	n/a	n/a	n/a	n/a	n/a	left
19	432.443	0.067	incorrect	0.067	grate	n/a	n/a	n/a	n/a	n/a	n/a	36	2	n/a	n/a	n/a	n/a	n/a	left
19	434.008	3.000	remember	0.342	retrieval	restudy	scene	face	object	target	scene	37	2	36	108	260	36	434.0	n/a
19	439.042	0.407	correct	0.407	grate	n/a	n/a	n/a	n/a	n/a	n/a	37	2	n/a	n/a	n/a	n/a	n/a	right
19	439.959	0.395	correct	0.395	grate	n/a	n/a	n/a	n/a	n/a	n/a	37	2	n/a	n/a	n/a	n/a	n/a	left
19	440.875	0.422	correct	0.422	grate	n/a	n/a	n/a	n/a	n/a	n/a	37	2	n/a	n/a	n/a	n/a	n/a	right
19	441.808	0.425	correct	0.425	grate	n/a	n/a	n/a	n/a	n/a	n/a	37	2	n/a	n/a	n/a	n/a	n/a	left
19	442.742	0.340	correct	0.340	grate	n/a	n/a	n/a	n/a	n/a	n/a	37	2	n/a	n/a	n/a	n/a	n/a	right
19	443.592	0.433	correct	0.433	grate	n/a	n/a	n/a	n/a	n/a	n/a	37	2	n/a	n/a	n/a	n/a	n/a	right
19	444.541	0.100	incorrect	0.100	grate	n/a	n/a	n/a	n/a	n/a	n/a	37	2	n/a	n/a	n/a	n/a	n/a	left
19	446.007	3.000	remember	0.558	retrieval	restudy	scene	object	face	target	scene	38	2	82	130	282	134	446.0	n/a
19	451.041	0.432	correct	0.432	grate	n/a	n/a	n/a	n/a	n/a	n/a	38	2	n/a	n/a	n/a	n/a	n/a	right
19	451.991	0.418	correct	0.418	grate	n/a	n/a	n/a	n/a	n/a	n/a	38	2	n/a	n/a	n/a	n/a	n/a	right
19	452.924	0.445	correct	0.445	grate	n/a	n/a	n/a	n/a	n/a	n/a	38	2	n/a	n/a	n/a	n/a	n/a	right
19	453.891	0.342	correct	0.342	grate	n/a	n/a	n/a	n/a	n/a	n/a	38	2	n/a	n/a	n/a	n/a	n/a	right
19	454.741	0.340	correct	0.340	grate	n/a	n/a	n/a	n/a	n/a	n/a	38	2	n/a	n/a	n/a	n/a	n/a	right
19	455.607	0.401	incorrect	0.401	grate	n/a	n/a	n/a	n/a	n/a	n/a	38	2	n/a	n/a	n/a	n/a	n/a	left
19	456.524	0.100	incorrect	0.100	grate	n/a	n/a	n/a	n/a	n/a	n/a	38	2	n/a	n/a	n/a	n/a	n/a	right
19	458.006	3.000	forget	0.334	retrieval	retprac	face	scene	object	other	object	39	2	111	39	87	215	458.0	n/a
19	463.040	0.344	correct	0.344	grate	n/a	n/a	n/a	n/a	n/a	n/a	39	2	n/a	n/a	n/a	n/a	n/a	right
19	463.906	0.342	correct	0.342	grate	n/a	n/a	n/a	n/a	n/a	n/a	39	2	n/a	n/a	n/a	n/a	n/a	right
19	464.756	0.364	correct	0.364	grate	n/a	n/a	n/a	n/a	n/a	n/a	39	2	n/a	n/a	n/a	n/a	n/a	right
19	465.639	0.409	correct	0.409	grate	n/a	n/a	n/a	n/a	n/a	n/a	39	2	n/a	n/a	n/a	n/a	n/a	left
19	466.556	0.372	correct	0.372	grate	n/a	n/a	n/a	n/a	n/a	n/a	39	2	n/a	n/a	n/a	n/a	n/a	left
19	467.439	0.409	correct	0.409	grate	n/a	n/a	n/a	n/a	n/a	n/a	39	2	n/a	n/a	n/a	n/a	n/a	left
19	468.356	0.150	incorrect	0.150	grate	n/a	n/a	n/a	n/a	n/a	n/a	39	2	n/a	n/a	n/a	n/a	n/a	left
19	470.021	3.000	remember	0.366	retrieval	retprac	face	object	scene	target	face	40	2	59	11	59	111	470.0	n/a
19	475.055	0.393	correct	0.393	grate	n/a	n/a	n/a	n/a	n/a	n/a	40	2	n/a	n/a	n/a	n/a	n/a	right
19	475.955	0.349	correct	0.349	grate	n/a	n/a	n/a	n/a	n/a	n/a	40	2	n/a	n/a	n/a	n/a	n/a	right
19	476.822	0.362	correct	0.362	grate	n/a	n/a	n/a	n/a	n/a	n/a	40	2	n/a	n/a	n/a	n/a	n/a	left
19	477.705	0.335	correct	0.335	grate	n/a	n/a	n/a	n/a	n/a	n/a	40	2	n/a	n/a	n/a	n/a	n/a	left
19	478.555	0.437	correct	0.437	grate	n/a	n/a	n/a	n/a	n/a	n/a	40	2	n/a	n/a	n/a	n/a	n/a	right
19	479.505	0.335	correct	0.335	grate	n/a	n/a	n/a	n/a	n/a	n/a	40	2	n/a	n/a	n/a	n/a	n/a	right
19	480.355	0.167	incorrect	0.167	grate	n/a	n/a	n/a	n/a	n/a	n/a	40	2	n/a	n/a	n/a	n/a	n/a	right
19	482.020	3.000	forget	0.295	retrieval	retprac	scene	face	object	competitor	face	41	2	39	111	263	39	482.0	n/a
19	487.054	0.353	correct	0.353	grate	n/a	n/a	n/a	n/a	n/a	n/a	41	2	n/a	n/a	n/a	n/a	n/a	right
19	487.921	0.391	correct	0.391	grate	n/a	n/a	n/a	n/a	n/a	n/a	41	2	n/a	n/a	n/a	n/a	n/a	left
19	488.820	0.443	correct	0.443	grate	n/a	n/a	n/a	n/a	n/a	n/a	41	2	n/a	n/a	n/a	n/a	n/a	left
19	489.787	0.356	correct	0.356	grate	n/a	n/a	n/a	n/a	n/a	n/a	41	2	n/a	n/a	n/a	n/a	n/a	right
19	490.654	0.362	incorrect	0.362	grate	n/a	n/a	n/a	n/a	n/a	n/a	41	2	n/a	n/a	n/a	n/a	n/a	left
19	491.537	0.630	correct	0.630	grate	n/a	n/a	n/a	n/a	n/a	n/a	41	2	n/a	n/a	n/a	n/a	n/a	right
19	492.687	0.100	incorrect	0.100	grate	n/a	n/a	n/a	n/a	n/a	n/a	41	2	n/a	n/a	n/a	n/a	n/a	left
19	494.019	3.000	forget	0.489	retrieval	retprac	object	scene	face	other	face	42	2	135	87	187	239	494.0	n/a
19	499.053	0.418	incorrect	0.418	grate	n/a	n/a	n/a	n/a	n/a	n/a	42	2	n/a	n/a	n/a	n/a	n/a	left
19	499.986	0.325	correct	0.325	grate	n/a	n/a	n/a	n/a	n/a	n/a	42	2	n/a	n/a	n/a	n/a	n/a	right
19	500.819	0.356	correct	0.356	grate	n/a	n/a	n/a	n/a	n/a	n/a	42	2	n/a	n/a	n/a	n/a	n/a	left
19	501.686	0.417	correct	0.417	grate	n/a	n/a	n/a	n/a	n/a	n/a	42	2	n/a	n/a	n/a	n/a	n/a	left
19	502.619	0.380	correct	0.380	grate	n/a	n/a	n/a	n/a	n/a	n/a	42	2	n/a	n/a	n/a	n/a	n/a	left
19	503.519	0.344	correct	0.344	grate	n/a	n/a	n/a	n/a	n/a	n/a	42	2	n/a	n/a	n/a	n/a	n/a	left
19	504.386	0.133	incorrect	0.133	grate	n/a	n/a	n/a	n/a	n/a	n/a	42	2	n/a	n/a	n/a	n/a	n/a	left
19	506.018	3.000	remember	0.504	retrieval	retprac	object	face	scene	target	object	43	2	13	61	161	13	506.0	n/a
19	511.052	0.507	correct	0.507	grate	n/a	n/a	n/a	n/a	n/a	n/a	43	2	n/a	n/a	n/a	n/a	n/a	left
19	512.068	0.362	correct	0.362	grate	n/a	n/a	n/a	n/a	n/a	n/a	43	2	n/a	n/a	n/a	n/a	n/a	right
19	512.951	0.367	correct	0.367	grate	n/a	n/a	n/a	n/a	n/a	n/a	43	2	n/a	n/a	n/a	n/a	n/a	right
19	513.835	0.356	correct	0.356	grate	n/a	n/a	n/a	n/a	n/a	n/a	43	2	n/a	n/a	n/a	n/a	n/a	right
19	514.701	0.354	correct	0.354	grate	n/a	n/a	n/a	n/a	n/a	n/a	43	2	n/a	n/a	n/a	n/a	n/a	right
19	515.568	0.374	correct	0.374	grate	n/a	n/a	n/a	n/a	n/a	n/a	43	2	n/a	n/a	n/a	n/a	n/a	left
19	516.451	0.067	incorrect	0.067	grate	n/a	n/a	n/a	n/a	n/a	n/a	43	2	n/a	n/a	n/a	n/a	n/a	left
19	518.016	3.000	remember	0.441	retrieval	restudy	face	scene	object	target	face	44	2	112	40	88	216	518.0	n/a
19	523.051	0.348	correct	0.348	grate	n/a	n/a	n/a	n/a	n/a	n/a	44	2	n/a	n/a	n/a	n/a	n/a	left
19	523.917	0.337	correct	0.337	grate	n/a	n/a	n/a	n/a	n/a	n/a	44	2	n/a	n/a	n/a	n/a	n/a	right
19	524.767	0.327	correct	0.327	grate	n/a	n/a	n/a	n/a	n/a	n/a	44	2	n/a	n/a	n/a	n/a	n/a	left
19	525.617	0.381	correct	0.381	grate	n/a	n/a	n/a	n/a	n/a	n/a	44	2	n/a	n/a	n/a	n/a	n/a	left
19	526.517	0.441	correct	0.441	grate	n/a	n/a	n/a	n/a	n/a	n/a	44	2	n/a	n/a	n/a	n/a	n/a	right
19	527.466	0.323	correct	0.323	grate	n/a	n/a	n/a	n/a	n/a	n/a	44	2	n/a	n/a	n/a	n/a	n/a	right
19	528.300	0.217	incorrect	0.217	grate	n/a	n/a	n/a	n/a	n/a	n/a	44	2	n/a	n/a	n/a	n/a	n/a	left
19	530.015	3.000	forget	0.482	retrieval	restudy	face	object	scene	other	scene	45	2	58	10	58	110	530.0	n/a
19	535.049	0.357	correct	0.357	grate	n/a	n/a	n/a	n/a	n/a	n/a	45	2	n/a	n/a	n/a	n/a	n/a	left
19	535.916	0.387	correct	0.387	grate	n/a	n/a	n/a	n/a	n/a	n/a	45	2	n/a	n/a	n/a	n/a	n/a	right
19	536.816	0.414	incorrect	0.414	grate	n/a	n/a	n/a	n/a	n/a	n/a	45	2	n/a	n/a	n/a	n/a	n/a	right
19	537.749	0.472	correct	0.472	grate	n/a	n/a	n/a	n/a	n/a	n/a	45	2	n/a	n/a	n/a	n/a	n/a	left
19	538.732	0.385	correct	0.385	grate	n/a	n/a	n/a	n/a	n/a	n/a	45	2	n/a	n/a	n/a	n/a	n/a	right
19	539.632	0.405	correct	0.405	grate	n/a	n/a	n/a	n/a	n/a	n/a	45	2	n/a	n/a	n/a	n/a	n/a	right
19	540.549	0.100	incorrect	0.100	grate	n/a	n/a	n/a	n/a	n/a	n/a	45	2	n/a	n/a	n/a	n/a	n/a	left
19	542.014	3.000	remember	0.747	retrieval	restudy	face	object	scene	target	face	46	2	60	12	60	112	542.0	n/a
19	547.048	0.582	correct	0.582	grate	n/a	n/a	n/a	n/a	n/a	n/a	46	2	n/a	n/a	n/a	n/a	n/a	left
19	548.148	0.433	correct	0.433	grate	n/a	n/a	n/a	n/a	n/a	n/a	46	2	n/a	n/a	n/a	n/a	n/a	left
19	549.098	0.499	correct	0.499	grate	n/a	n/a	n/a	n/a	n/a	n/a	46	2	n/a	n/a	n/a	n/a	n/a	right
19	550.114	0.563	correct	0.563	grate	n/a	n/a	n/a	n/a	n/a	n/a	46	2	n/a	n/a	n/a	n/a	n/a	left
19	551.197	0.455	correct	0.455	grate	n/a	n/a	n/a	n/a	n/a	n/a	46	2	n/a	n/a	n/a	n/a	n/a	right
19	552.164	0.350	incorrect	0.350	grate	n/a	n/a	n/a	n/a	n/a	n/a	46	2	n/a	n/a	n/a	n/a	n/a	right
19	554.013	3.000	forget	0.620	retrieval	retprac	scene	face	object	other	object	47	2	33	105	257	33	554.0	n/a
19	559.047	0.742	correct	0.742	grate	n/a	n/a	n/a	n/a	n/a	n/a	47	2	n/a	n/a	n/a	n/a	n/a	right
19	560.297	0.340	correct	0.340	grate	n/a	n/a	n/a	n/a	n/a	n/a	47	2	n/a	n/a	n/a	n/a	n/a	right
19	561.146	0.338	correct	0.338	grate	n/a	n/a	n/a	n/a	n/a	n/a	47	2	n/a	n/a	n/a	n/a	n/a	right
19	561.996	0.336	correct	0.336	grate	n/a	n/a	n/a	n/a	n/a	n/a	47	2	n/a	n/a	n/a	n/a	n/a	right
19	562.846	0.398	correct	0.398	grate	n/a	n/a	n/a	n/a	n/a	n/a	47	2	n/a	n/a	n/a	n/a	n/a	left
19	563.763	0.386	correct	0.386	grate	n/a	n/a	n/a	n/a	n/a	n/a	47	2	n/a	n/a	n/a	n/a	n/a	right
19	564.663	0.100	incorrect	0.100	grate	n/a	n/a	n/a	n/a	n/a	n/a	47	2	n/a	n/a	n/a	n/a	n/a	left
19	566.012	3.000	forget	0.692	retrieval	restudy	scene	object	face	other	face	48	2	86	134	286	138	566.0	n/a
19	571.045	0.791	correct	0.791	grate	n/a	n/a	n/a	n/a	n/a	n/a	48	2	n/a	n/a	n/a	n/a	n/a	right
19	572.345	0.370	correct	0.370	grate	n/a	n/a	n/a	n/a	n/a	n/a	48	2	n/a	n/a	n/a	n/a	n/a	right
19	573.229	0.375	correct	0.375	grate	n/a	n/a	n/a	n/a	n/a	n/a	48	2	n/a	n/a	n/a	n/a	n/a	left
19	574.128	0.587	correct	0.587	grate	n/a	n/a	n/a	n/a	n/a	n/a	48	2	n/a	n/a	n/a	n/a	n/a	right
19	575.228	0.464	correct	0.464	grate	n/a	n/a	n/a	n/a	n/a	n/a	48	2	n/a	n/a	n/a	n/a	n/a	left
19	576.212	0.300	incorrect	0.300	grate	n/a	n/a	n/a	n/a	n/a	n/a	48	2	n/a	n/a	n/a	n/a	n/a	left
19	2.022	3.000	remember	0.489	retrieval	restudy	face	object	scene	target	face	1	3	66	18	66	118	2.0	n/a
19	7.056	0.403	correct	0.403	grate	n/a	n/a	n/a	n/a	n/a	n/a	1	3	n/a	n/a	n/a	n/a	n/a	left
19	7.972	0.510	correct	0.510	grate	n/a	n/a	n/a	n/a	n/a	n/a	1	3	n/a	n/a	n/a	n/a	n/a	right
19	9.005	0.413	correct	0.413	grate	n/a	n/a	n/a	n/a	n/a	n/a	1	3	n/a	n/a	n/a	n/a	n/a	right
19	9.938	0.328	correct	0.328	grate	n/a	n/a	n/a	n/a	n/a	n/a	1	3	n/a	n/a	n/a	n/a	n/a	right
19	10.788	0.382	correct	0.382	grate	n/a	n/a	n/a	n/a	n/a	n/a	1	3	n/a	n/a	n/a	n/a	n/a	left
19	11.688	0.394	correct	0.394	grate	n/a	n/a	n/a	n/a	n/a	n/a	1	3	n/a	n/a	n/a	n/a	n/a	left
19	12.605	0.100	incorrect	0.100	grate	n/a	n/a	n/a	n/a	n/a	n/a	1	3	n/a	n/a	n/a	n/a	n/a	left
19	14.020	3.000	remember	0.577	retrieval	retprac	object	scene	face	target	object	2	3	137	89	189	241	14.0	n/a
19	19.055	0.371	correct	0.371	grate	n/a	n/a	n/a	n/a	n/a	n/a	2	3	n/a	n/a	n/a	n/a	n/a	right
19	19.937	0.352	correct	0.352	grate	n/a	n/a	n/a	n/a	n/a	n/a	2	3	n/a	n/a	n/a	n/a	n/a	right
19	20.804	0.406	correct	0.406	grate	n/a	n/a	n/a	n/a	n/a	n/a	2	3	n/a	n/a	n/a	n/a	n/a	left
19	21.721	0.322	correct	0.322	grate	n/a	n/a	n/a	n/a	n/a	n/a	2	3	n/a	n/a	n/a	n/a	n/a	left
19	22.554	0.408	correct	0.408	grate	n/a	n/a	n/a	n/a	n/a	n/a	2	3	n/a	n/a	n/a	n/a	n/a	right
19	23.470	0.339	correct	0.339	grate	n/a	n/a	n/a	n/a	n/a	n/a	2	3	n/a	n/a	n/a	n/a	n/a	right
19	24.320	0.200	incorrect	0.200	grate	n/a	n/a	n/a	n/a	n/a	n/a	2	3	n/a	n/a	n/a	n/a	n/a	left
19	26.019	3.000	forget	0.826	retrieval	retprac	object	face	scene	competitor	face	3	3	19	67	167	19	26.0	n/a
19	31.053	0.365	correct	0.365	grate	n/a	n/a	n/a	n/a	n/a	n/a	3	3	n/a	n/a	n/a	n/a	n/a	right
19	31.936	0.322	correct	0.322	grate	n/a	n/a	n/a	n/a	n/a	n/a	3	3	n/a	n/a	n/a	n/a	n/a	right
19	32.770	0.504	correct	0.504	grate	n/a	n/a	n/a	n/a	n/a	n/a	3	3	n/a	n/a	n/a	n/a	n/a	left
19	33.786	0.351	correct	0.351	grate	n/a	n/a	n/a	n/a	n/a	n/a	3	3	n/a	n/a	n/a	n/a	n/a	left
19	34.653	0.413	correct	0.413	grate	n/a	n/a	n/a	n/a	n/a	n/a	3	3	n/a	n/a	n/a	n/a	n/a	right
19	35.586	0.423	correct	0.423	grate	n/a	n/a	n/a	n/a	n/a	n/a	3	3	n/a	n/a	n/a	n/a	n/a	left
19	36.519	0.000	incorrect	0.000	grate	n/a	n/a	n/a	n/a	n/a	n/a	3	3	n/a	n/a	n/a	n/a	n/a	right
19	38.018	3.000	remember	0.708	retrieval	retprac	scene	object	face	target	scene	4	3	89	137	289	141	38.0	n/a
19	43.052	0.398	correct	0.398	grate	n/a	n/a	n/a	n/a	n/a	n/a	4	3	n/a	n/a	n/a	n/a	n/a	right
19	43.968	0.441	correct	0.441	grate	n/a	n/a	n/a	n/a	n/a	n/a	4	3	n/a	n/a	n/a	n/a	n/a	right
19	44.918	0.452	correct	0.452	grate	n/a	n/a	n/a	n/a	n/a	n/a	4	3	n/a	n/a	n/a	n/a	n/a	left
19	45.885	0.356	correct	0.356	grate	n/a	n/a	n/a	n/a	n/a	n/a	4	3	n/a	n/a	n/a	n/a	n/a	left
19	46.751	0.369	correct	0.369	grate	n/a	n/a	n/a	n/a	n/a	n/a	4	3	n/a	n/a	n/a	n/a	n/a	right
19	47.635	0.430	correct	0.430	grate	n/a	n/a	n/a	n/a	n/a	n/a	4	3	n/a	n/a	n/a	n/a	n/a	left
19	48.585	0.100	incorrect	0.100	grate	n/a	n/a	n/a	n/a	n/a	n/a	4	3	n/a	n/a	n/a	n/a	n/a	left
19	50.017	3.000	forget	0.436	retrieval	retprac	scene	face	object	competitor	face	5	3	47	119	271	47	50.0	n/a
19	55.051	0.486	correct	0.486	grate	n/a	n/a	n/a	n/a	n/a	n/a	5	3	n/a	n/a	n/a	n/a	n/a	right
19	56.050	0.382	correct	0.382	grate	n/a	n/a	n/a	n/a	n/a	n/a	5	3	n/a	n/a	n/a	n/a	n/a	left
19	56.950	0.362	incorrect	0.362	grate	n/a	n/a	n/a	n/a	n/a	n/a	5	3	n/a	n/a	n/a	n/a	n/a	left
19	57.834	0.391	correct	0.391	grate	n/a	n/a	n/a	n/a	n/a	n/a	5	3	n/a	n/a	n/a	n/a	n/a	left
19	58.734	0.379	correct	0.379	grate	n/a	n/a	n/a	n/a	n/a	n/a	5	3	n/a	n/a	n/a	n/a	n/a	right
19	59.633	0.360	correct	0.360	grate	n/a	n/a	n/a	n/a	n/a	n/a	5	3	n/a	n/a	n/a	n/a	n/a	right
19	60.517	0.000	incorrect	0.000	grate	n/a	n/a	n/a	n/a	n/a	n/a	5	3	n/a	n/a	n/a	n/a	n/a	right
19	62.016	3.000	remember	0.404	retrieval	restudy	face	object	scene	target	face	6	3	68	20	68	120	62.0	n/a
19	67.049	0.407	correct	0.407	grate	n/a	n/a	n/a	n/a	n/a	n/a	6	3	n/a	n/a	n/a	n/a	n/a	left
19	67.966	0.370	correct	0.370	grate	n/a	n/a	n/a	n/a	n/a	n/a	6	3	n/a	n/a	n/a	n/a	n/a	right
19	68.849	0.375	correct	0.375	grate	n/a	n/a	n/a	n/a	n/a	n/a	6	3	n/a	n/a	n/a	n/a	n/a	left
19	69.732	0.355	correct	0.355	grate	n/a	n/a	n/a	n/a	n/a	n/a	6	3	n/a	n/a	n/a	n/a	n/a	right
19	70.599	0.529	correct	0.529	grate	n/a	n/a	n/a	n/a	n/a	n/a	6	3	n/a	n/a	n/a	n/a	n/a	right
19	71.649	0.343	correct	0.343	grate	n/a	n/a	n/a	n/a	n/a	n/a	6	3	n/a	n/a	n/a	n/a	n/a	right
19	72.499	0.017	incorrect	0.017	grate	n/a	n/a	n/a	n/a	n/a	n/a	6	3	n/a	n/a	n/a	n/a	n/a	right
19	74.014	3.000	forget	0.414	retrieval	retprac	face	scene	object	other	object	7	3	113	41	89	217	74.0	n/a
19	79.048	0.495	correct	0.495	grate	n/a	n/a	n/a	n/a	n/a	n/a	7	3	n/a	n/a	n/a	n/a	n/a	left
19	80.065	0.311	correct	0.311	grate	n/a	n/a	n/a	n/a	n/a	n/a	7	3	n/a	n/a	n/a	n/a	n/a	right
19	80.898	0.413	correct	0.413	grate	n/a	n/a	n/a	n/a	n/a	n/a	7	3	n/a	n/a	n/a	n/a	n/a	left
19	81.831	0.352	correct	0.352	grate	n/a	n/a	n/a	n/a	n/a	n/a	7	3	n/a	n/a	n/a	n/a	n/a	right
19	82.698	0.453	correct	0.453	grate	n/a	n/a	n/a	n/a	n/a	n/a	7	3	n/a	n/a	n/a	n/a	n/a	left
19	83.664	0.319	correct	0.319	grate	n/a	n/a	n/a	n/a	n/a	n/a	7	3	n/a	n/a	n/a	n/a	n/a	right
19	84.498	0.017	incorrect	0.017	grate	n/a	n/a	n/a	n/a	n/a	n/a	7	3	n/a	n/a	n/a	n/a	n/a	right
19	86.013	3.000	remember	0.773	retrieval	retprac	face	object	scene	target	face	8	3	67	19	67	119	86.0	n/a
19	91.047	0.376	correct	0.376	grate	n/a	n/a	n/a	n/a	n/a	n/a	8	3	n/a	n/a	n/a	n/a	n/a	right
19	91.947	0.380	correct	0.380	grate	n/a	n/a	n/a	n/a	n/a	n/a	8	3	n/a	n/a	n/a	n/a	n/a	left
19	92.847	0.352	correct	0.352	grate	n/a	n/a	n/a	n/a	n/a	n/a	8	3	n/a	n/a	n/a	n/a	n/a	right
19	93.713	0.359	correct	0.359	grate	n/a	n/a	n/a	n/a	n/a	n/a	8	3	n/a	n/a	n/a	n/a	n/a	right
19	94.580	0.387	correct	0.387	grate	n/a	n/a	n/a	n/a	n/a	n/a	8	3	n/a	n/a	n/a	n/a	n/a	left
19	95.480	0.303	correct	0.303	grate	n/a	n/a	n/a	n/a	n/a	n/a	8	3	n/a	n/a	n/a	n/a	n/a	right
19	96.296	0.217	incorrect	0.217	grate	n/a	n/a	n/a	n/a	n/a	n/a	8	3	n/a	n/a	n/a	n/a	n/a	left
19	98.012	3.000	remember	0.390	retrieval	retprac	face	scene	object	target	face	9	3	115	43	91	219	98.0	n/a
19	103.046	0.376	correct	0.376	grate	n/a	n/a	n/a	n/a	n/a	n/a	9	3	n/a	n/a	n/a	n/a	n/a	right
19	103.946	0.341	correct	0.341	grate	n/a	n/a	n/a	n/a	n/a	n/a	9	3	n/a	n/a	n/a	n/a	n/a	right
19	104.796	0.387	correct	0.387	grate	n/a	n/a	n/a	n/a	n/a	n/a	9	3	n/a	n/a	n/a	n/a	n/a	left
19	105.695	0.391	correct	0.391	grate	n/a	n/a	n/a	n/a	n/a	n/a	9	3	n/a	n/a	n/a	n/a	n/a	right
19	106.595	0.339	correct	0.339	grate	n/a	n/a	n/a	n/a	n/a	n/a	9	3	n/a	n/a	n/a	n/a	n/a	right
19	107.445	0.417	correct	0.417	grate	n/a	n/a	n/a	n/a	n/a	n/a	9	3	n/a	n/a	n/a	n/a	n/a	left
19	108.379	0.133	incorrect	0.133	grate	n/a	n/a	n/a	n/a	n/a	n/a	9	3	n/a	n/a	n/a	n/a	n/a	left
19	110.011	3.000	remember	0.639	retrieval	restudy	object	face	scene	target	object	10	3	20	68	168	20	110.0	n/a
19	115.045	0.530	correct	0.530	grate	n/a	n/a	n/a	n/a	n/a	n/a	10	3	n/a	n/a	n/a	n/a	n/a	right
19	116.094	0.279	incorrect	0.279	grate	n/a	n/a	n/a	n/a	n/a	n/a	10	3	n/a	n/a	n/a	n/a	n/a	right
19	116.894	0.360	correct	0.360	grate	n/a	n/a	n/a	n/a	n/a	n/a	10	3	n/a	n/a	n/a	n/a	n/a	left
19	117.777	0.348	correct	0.348	grate	n/a	n/a	n/a	n/a	n/a	n/a	10	3	n/a	n/a	n/a	n/a	n/a	left
19	118.644	0.377	correct	0.377	grate	n/a	n/a	n/a	n/a	n/a	n/a	10	3	n/a	n/a	n/a	n/a	n/a	right
19	119.544	0.374	correct	0.374	grate	n/a	n/a	n/a	n/a	n/a	n/a	10	3	n/a	n/a	n/a	n/a	n/a	right
19	120.427	0.083	incorrect	0.083	grate	n/a	n/a	n/a	n/a	n/a	n/a	10	3	n/a	n/a	n/a	n/a	n/a	right
19	122.009	3.000	forget	0.416	retrieval	restudy	face	scene	object	competitor	scene	11	3	116	44	92	220	122.0	n/a
19	127.043	0.490	correct	0.490	grate	n/a	n/a	n/a	n/a	n/a	n/a	11	3	n/a	n/a	n/a	n/a	n/a	right
19	128.043	0.466	correct	0.466	grate	n/a	n/a	n/a	n/a	n/a	n/a	11	3	n/a	n/a	n/a	n/a	n/a	right
19	129.026	0.555	correct	0.555	grate	n/a	n/a	n/a	n/a	n/a	n/a	11	3	n/a	n/a	n/a	n/a	n/a	left
19	130.093	0.416	correct	0.416	grate	n/a	n/a	n/a	n/a	n/a	n/a	11	3	n/a	n/a	n/a	n/a	n/a	left
19	131.026	0.396	correct	0.396	grate	n/a	n/a	n/a	n/a	n/a	n/a	11	3	n/a	n/a	n/a	n/a	n/a	right
19	131.943	0.319	correct	0.319	grate	n/a	n/a	n/a	n/a	n/a	n/a	11	3	n/a	n/a	n/a	n/a	n/a	left
19	132.776	0.100	incorrect	0.100	grate	n/a	n/a	n/a	n/a	n/a	n/a	11	3	n/a	n/a	n/a	n/a	n/a	right
19	134.008	3.000	forget	0.672	retrieval	restudy	scene	object	face	other	face	12	3	90	138	290	142	134.0	n/a
19	139.042	0.627	correct	0.627	grate	n/a	n/a	n/a	n/a	n/a	n/a	12	3	n/a	n/a	n/a	n/a	n/a	left
19	140.192	0.381	correct	0.381	grate	n/a	n/a	n/a	n/a	n/a	n/a	12	3	n/a	n/a	n/a	n/a	n/a	right
19	141.092	0.649	correct	0.649	grate	n/a	n/a	n/a	n/a	n/a	n/a	12	3	n/a	n/a	n/a	n/a	n/a	right
19	142.258	0.346	correct	0.346	grate	n/a	n/a	n/a	n/a	n/a	n/a	12	3	n/a	n/a	n/a	n/a	n/a	right
19	143.125	0.440	correct	0.440	grate	n/a	n/a	n/a	n/a	n/a	n/a	12	3	n/a	n/a	n/a	n/a	n/a	left
19	144.075	0.402	correct	0.402	grate	n/a	n/a	n/a	n/a	n/a	n/a	12	3	n/a	n/a	n/a	n/a	n/a	left
19	144.991	0.100	incorrect	0.100	grate	n/a	n/a	n/a	n/a	n/a	n/a	12	3	n/a	n/a	n/a	n/a	n/a	left
19	146.007	3.000	remember	0.553	retrieval	restudy	object	scene	face	target	object	13	3	138	90	190	242	146.0	n/a
19	151.041	0.315	correct	0.315	grate	n/a	n/a	n/a	n/a	n/a	n/a	13	3	n/a	n/a	n/a	n/a	n/a	left
19	151.874	0.346	correct	0.346	grate	n/a	n/a	n/a	n/a	n/a	n/a	13	3	n/a	n/a	n/a	n/a	n/a	right
19	152.740	0.448	correct	0.448	grate	n/a	n/a	n/a	n/a	n/a	n/a	13	3	n/a	n/a	n/a	n/a	n/a	right
19	153.707	0.354	correct	0.354	grate	n/a	n/a	n/a	n/a	n/a	n/a	13	3	n/a	n/a	n/a	n/a	n/a	right
19	154.574	0.454	correct	0.454	grate	n/a	n/a	n/a	n/a	n/a	n/a	13	3	n/a	n/a	n/a	n/a	n/a	right
19	155.540	0.488	correct	0.488	grate	n/a	n/a	n/a	n/a	n/a	n/a	13	3	n/a	n/a	n/a	n/a	n/a	right
19	156.540	0.100	incorrect	0.100	grate	n/a	n/a	n/a	n/a	n/a	n/a	13	3	n/a	n/a	n/a	n/a	n/a	right
19	158.006	3.000	forget	0.922	retrieval	restudy	scene	object	face	other	face	14	3	92	140	292	144	158.0	n/a
19	163.040	0.396	correct	0.396	grate	n/a	n/a	n/a	n/a	n/a	n/a	14	3	n/a	n/a	n/a	n/a	n/a	left
19	163.956	0.336	correct	0.336	grate	n/a	n/a	n/a	n/a	n/a	n/a	14	3	n/a	n/a	n/a	n/a	n/a	right
19	164.806	0.334	correct	0.334	grate	n/a	n/a	n/a	n/a	n/a	n/a	14	3	n/a	n/a	n/a	n/a	n/a	left
19	165.656	0.508	correct	0.508	grate	n/a	n/a	n/a	n/a	n/a	n/a	14	3	n/a	n/a	n/a	n/a	n/a	right
19	166.673	0.403	correct	0.403	grate	n/a	n/a	n/a	n/a	n/a	n/a	14	3	n/a	n/a	n/a	n/a	n/a	right
19	167.589	0.462	correct	0.462	grate	n/a	n/a	n/a	n/a	n/a	n/a	14	3	n/a	n/a	n/a	n/a	n/a	right
19	168.572	0.100	incorrect	0.100	grate	n/a	n/a	n/a	n/a	n/a	n/a	14	3	n/a	n/a	n/a	n/a	n/a	left
19	170.021	3.000	remember	0.370	retrieval	restudy	object	face	scene	target	object	15	3	24	72	172	24	170.0	n/a
19	175.055	0.468	correct	0.468	grate	n/a	n/a	n/a	n/a	n/a	n/a	15	3	n/a	n/a	n/a	n/a	n/a	right
19	176.038	0.421	correct	0.421	grate	n/a	n/a	n/a	n/a	n/a	n/a	15	3	n/a	n/a	n/a	n/a	n/a	left
19	176.972	0.504	correct	0.504	grate	n/a	n/a	n/a	n/a	n/a	n/a	15	3	n/a	n/a	n/a	n/a	n/a	right
19	177.988	0.335	correct	0.335	grate	n/a	n/a	n/a	n/a	n/a	n/a	15	3	n/a	n/a	n/a	n/a	n/a	left
19	178.838	0.589	correct	0.589	grate	n/a	n/a	n/a	n/a	n/a	n/a	15	3	n/a	n/a	n/a	n/a	n/a	left
19	179.938	0.465	correct	0.465	grate	n/a	n/a	n/a	n/a	n/a	n/a	15	3	n/a	n/a	n/a	n/a	n/a	left
19	180.921	0.100	incorrect	0.100	grate	n/a	n/a	n/a	n/a	n/a	n/a	15	3	n/a	n/a	n/a	n/a	n/a	right
19	182.020	3.000	remember	0.675	retrieval	retprac	scene	face	object	target	scene	16	3	45	117	269	45	182.0	n/a
19	187.054	0.446	correct	0.446	grate	n/a	n/a	n/a	n/a	n/a	n/a	16	3	n/a	n/a	n/a	n/a	n/a	left
19	188.020	0.343	correct	0.343	grate	n/a	n/a	n/a	n/a	n/a	n/a	16	3	n/a	n/a	n/a	n/a	n/a	right
19	188.887	0.324	correct	0.324	grate	n/a	n/a	n/a	n/a	n/a	n/a	16	3	n/a	n/a	n/a	n/a	n/a	right
19	189.720	0.371	correct	0.371	grate	n/a	n/a	n/a	n/a	n/a	n/a	16	3	n/a	n/a	n/a	n/a	n/a	left
19	190.603	0.503	correct	0.503	grate	n/a	n/a	n/a	n/a	n/a	n/a	16	3	n/a	n/a	n/a	n/a	n/a	left
19	191.620	0.415	correct	0.415	grate	n/a	n/a	n/a	n/a	n/a	n/a	16	3	n/a	n/a	n/a	n/a	n/a	left
19	192.553	0.100	incorrect	0.100	grate	n/a	n/a	n/a	n/a	n/a	n/a	16	3	n/a	n/a	n/a	n/a	n/a	left
19	194.019	3.000	forget	0.659	retrieval	restudy	scene	object	face	other	face	17	3	96	144	296	148	194.0	n/a
19	199.053	0.958	correct	0.958	grate	n/a	n/a	n/a	n/a	n/a	n/a	17	3	n/a	n/a	n/a	n/a	n/a	right
19	200.519	0.436	correct	0.436	grate	n/a	n/a	n/a	n/a	n/a	n/a	17	3	n/a	n/a	n/a	n/a	n/a	left
19	201.469	0.430	correct	0.430	grate	n/a	n/a	n/a	n/a	n/a	n/a	17	3	n/a	n/a	n/a	n/a	n/a	right
19	202.419	0.399	correct	0.399	grate	n/a	n/a	n/a	n/a	n/a	n/a	17	3	n/a	n/a	n/a	n/a	n/a	left
19	203.336	0.411	correct	0.411	grate	n/a	n/a	n/a	n/a	n/a	n/a	17	3	n/a	n/a	n/a	n/a	n/a	left
19	204.269	0.250	incorrect	0.250	grate	n/a	n/a	n/a	n/a	n/a	n/a	17	3	n/a	n/a	n/a	n/a	n/a	right
19	206.018	3.000	remember	0.412	retrieval	retprac	scene	face	object	target	scene	18	3	43	115	267	43	206.0	n/a
19	211.052	0.462	correct	0.462	grate	n/a	n/a	n/a	n/a	n/a	n/a	18	3	n/a	n/a	n/a	n/a	n/a	left
19	212.035	0.383	correct	0.383	grate	n/a	n/a	n/a	n/a	n/a	n/a	18	3	n/a	n/a	n/a	n/a	n/a	right
19	212.935	0.411	correct	0.411	grate	n/a	n/a	n/a	n/a	n/a	n/a	18	3	n/a	n/a	n/a	n/a	n/a	left
19	213.868	0.494	correct	0.494	grate	n/a	n/a	n/a	n/a	n/a	n/a	18	3	n/a	n/a	n/a	n/a	n/a	right
19	214.884	0.565	correct	0.565	grate	n/a	n/a	n/a	n/a	n/a	n/a	18	3	n/a	n/a	n/a	n/a	n/a	left
19	215.968	0.371	correct	0.371	grate	n/a	n/a	n/a	n/a	n/a	n/a	18	3	n/a	n/a	n/a	n/a	n/a	left
19	216.851	0.100	incorrect	0.100	grate	n/a	n/a	n/a	n/a	n/a	n/a	18	3	n/a	n/a	n/a	n/a	n/a	left
19	218.016	3.000	remember	0.549	retrieval	restudy	face	object	scene	target	face	19	3	72	24	72	124	218.0	n/a
19	223.050	0.384	correct	0.384	grate	n/a	n/a	n/a	n/a	n/a	n/a	19	3	n/a	n/a	n/a	n/a	n/a	right
19	223.950	0.331	correct	0.331	grate	n/a	n/a	n/a	n/a	n/a	n/a	19	3	n/a	n/a	n/a	n/a	n/a	right
19	224.800	0.377	correct	0.377	grate	n/a	n/a	n/a	n/a	n/a	n/a	19	3	n/a	n/a	n/a	n/a	n/a	left
19	225.700	0.311	correct	0.311	grate	n/a	n/a	n/a	n/a	n/a	n/a	19	3	n/a	n/a	n/a	n/a	n/a	left
19	226.533	0.524	correct	0.524	grate	n/a	n/a	n/a	n/a	n/a	n/a	19	3	n/a	n/a	n/a	n/a	n/a	left
19	227.566	0.364	correct	0.364	grate	n/a	n/a	n/a	n/a	n/a	n/a	19	3	n/a	n/a	n/a	n/a	n/a	right
19	228.450	0.067	incorrect	0.067	grate	n/a	n/a	n/a	n/a	n/a	n/a	19	3	n/a	n/a	n/a	n/a	n/a	left
19	230.015	3.000	remember	0.733	retrieval	restudy	object	scene	face	target	object	20	3	144	96	196	248	230.0	n/a
19	235.049	0.416	correct	0.416	grate	n/a	n/a	n/a	n/a	n/a	n/a	20	3	n/a	n/a	n/a	n/a	n/a	right
19	235.982	0.363	correct	0.363	grate	n/a	n/a	n/a	n/a	n/a	n/a	20	3	n/a	n/a	n/a	n/a	n/a	right
19	236.865	0.383	correct	0.383	grate	n/a	n/a	n/a	n/a	n/a	n/a	20	3	n/a	n/a	n/a	n/a	n/a	left
19	237.765	0.372	correct	0.372	grate	n/a	n/a	n/a	n/a	n/a	n/a	20	3	n/a	n/a	n/a	n/a	n/a	right
19	238.648	0.360	correct	0.360	grate	n/a	n/a	n/a	n/a	n/a	n/a	20	3	n/a	n/a	n/a	n/a	n/a	left
19	239.532	0.333	correct	0.333	grate	n/a	n/a	n/a	n/a	n/a	n/a	20	3	n/a	n/a	n/a	n/a	n/a	right
19	240.382	0.133	incorrect	0.133	grate	n/a	n/a	n/a	n/a	n/a	n/a	20	3	n/a	n/a	n/a	n/a	n/a	left
19	242.014	3.000	remember	0.638	retrieval	retprac	face	scene	object	target	face	21	3	117	45	93	221	242.0	n/a
19	247.048	0.328	correct	0.328	grate	n/a	n/a	n/a	n/a	n/a	n/a	21	3	n/a	n/a	n/a	n/a	n/a	left
19	247.898	0.567	correct	0.567	grate	n/a	n/a	n/a	n/a	n/a	n/a	21	3	n/a	n/a	n/a	n/a	n/a	left
19	248.981	0.483	correct	0.483	grate	n/a	n/a	n/a	n/a	n/a	n/a	21	3	n/a	n/a	n/a	n/a	n/a	right
19	249.981	0.436	correct	0.436	grate	n/a	n/a	n/a	n/a	n/a	n/a	21	3	n/a	n/a	n/a	n/a	n/a	left
19	250.931	0.407	correct	0.407	grate	n/a	n/a	n/a	n/a	n/a	n/a	21	3	n/a	n/a	n/a	n/a	n/a	right
19	251.847	0.409	correct	0.409	grate	n/a	n/a	n/a	n/a	n/a	n/a	21	3	n/a	n/a	n/a	n/a	n/a	left
19	252.764	0.100	incorrect	0.100	grate	n/a	n/a	n/a	n/a	n/a	n/a	21	3	n/a	n/a	n/a	n/a	n/a	right
19	254.013	3.000	don't know	0.687	retrieval	restudy	face	object	scene	don't know	don't know	22	3	70	22	70	122	254.0	n/a
19	259.047	0.601	correct	0.601	grate	n/a	n/a	n/a	n/a	n/a	n/a	22	3	n/a	n/a	n/a	n/a	n/a	left
19	260.163	0.541	correct	0.541	grate	n/a	n/a	n/a	n/a	n/a	n/a	22	3	n/a	n/a	n/a	n/a	n/a	right
19	261.213	0.387	correct	0.387	grate	n/a	n/a	n/a	n/a	n/a	n/a	22	3	n/a	n/a	n/a	n/a	n/a	left
19	262.113	0.367	correct	0.367	grate	n/a	n/a	n/a	n/a	n/a	n/a	22	3	n/a	n/a	n/a	n/a	n/a	left
19	262.996	0.396	correct	0.396	grate	n/a	n/a	n/a	n/a	n/a	n/a	22	3	n/a	n/a	n/a	n/a	n/a	right
19	263.913	0.423	correct	0.423	grate	n/a	n/a	n/a	n/a	n/a	n/a	22	3	n/a	n/a	n/a	n/a	n/a	right
19	264.846	0.100	incorrect	0.100	grate	n/a	n/a	n/a	n/a	n/a	n/a	22	3	n/a	n/a	n/a	n/a	n/a	right
19	266.012	3.000	forget	0.432	retrieval	retprac	scene	face	object	competitor	face	23	3	41	113	265	41	266.0	n/a
19	271.045	0.450	correct	0.450	grate	n/a	n/a	n/a	n/a	n/a	n/a	23	3	n/a	n/a	n/a	n/a	n/a	right
19	272.012	0.443	correct	0.443	grate	n/a	n/a	n/a	n/a	n/a	n/a	23	3	n/a	n/a	n/a	n/a	n/a	left
19	272.978	0.422	correct	0.422	grate	n/a	n/a	n/a	n/a	n/a	n/a	23	3	n/a	n/a	n/a	n/a	n/a	left
19	273.912	0.352	correct	0.352	grate	n/a	n/a	n/a	n/a	n/a	n/a	23	3	n/a	n/a	n/a	n/a	n/a	left
19	274.778	0.453	correct	0.453	grate	n/a	n/a	n/a	n/a	n/a	n/a	23	3	n/a	n/a	n/a	n/a	n/a	right
19	275.745	0.487	correct	0.487	grate	n/a	n/a	n/a	n/a	n/a	n/a	23	3	n/a	n/a	n/a	n/a	n/a	left
19	276.745	0.100	incorrect	0.100	grate	n/a	n/a	n/a	n/a	n/a	n/a	23	3	n/a	n/a	n/a	n/a	n/a	right
19	278.010	3.000	remember	0.624	retrieval	restudy	object	scene	face	target	object	24	3	142	94	194	246	278.0	n/a
19	283.044	0.371	correct	0.371	grate	n/a	n/a	n/a	n/a	n/a	n/a	24	3	n/a	n/a	n/a	n/a	n/a	left
19	283.927	0.368	correct	0.368	grate	n/a	n/a	n/a	n/a	n/a	n/a	24	3	n/a	n/a	n/a	n/a	n/a	left
19	284.811	0.364	correct	0.364	grate	n/a	n/a	n/a	n/a	n/a	n/a	24	3	n/a	n/a	n/a	n/a	n/a	right
19	285.694	0.370	correct	0.370	grate	n/a	n/a	n/a	n/a	n/a	n/a	24	3	n/a	n/a	n/a	n/a	n/a	left
19	286.577	0.454	correct	0.454	grate	n/a	n/a	n/a	n/a	n/a	n/a	24	3	n/a	n/a	n/a	n/a	n/a	right
19	287.543	0.368	correct	0.368	grate	n/a	n/a	n/a	n/a	n/a	n/a	24	3	n/a	n/a	n/a	n/a	n/a	left
19	288.427	0.083	incorrect	0.083	grate	n/a	n/a	n/a	n/a	n/a	n/a	24	3	n/a	n/a	n/a	n/a	n/a	left
19	290.009	3.000	forget	0.593	retrieval	restudy	object	face	scene	competitor	face	25	3	18	66	166	18	290.0	n/a
19	295.043	0.940	correct	0.940	grate	n/a	n/a	n/a	n/a	n/a	n/a	25	3	n/a	n/a	n/a	n/a	n/a	right
19	296.493	0.314	correct	0.314	grate	n/a	n/a	n/a	n/a	n/a	n/a	25	3	n/a	n/a	n/a	n/a	n/a	left
19	297.326	0.360	correct	0.360	grate	n/a	n/a	n/a	n/a	n/a	n/a	25	3	n/a	n/a	n/a	n/a	n/a	left
19	298.209	0.301	correct	0.301	grate	n/a	n/a	n/a	n/a	n/a	n/a	25	3	n/a	n/a	n/a	n/a	n/a	left
19	299.026	0.420	correct	0.420	grate	n/a	n/a	n/a	n/a	n/a	n/a	25	3	n/a	n/a	n/a	n/a	n/a	right
19	299.959	0.423	correct	0.423	grate	n/a	n/a	n/a	n/a	n/a	n/a	25	3	n/a	n/a	n/a	n/a	n/a	left
19	300.892	0.100	incorrect	0.100	grate	n/a	n/a	n/a	n/a	n/a	n/a	25	3	n/a	n/a	n/a	n/a	n/a	left
19	302.008	3.000	forget	0.538	retrieval	retprac	object	scene	face	other	face	26	3	143	95	195	247	302.0	n/a
19	307.042	0.364	correct	0.364	grate	n/a	n/a	n/a	n/a	n/a	n/a	26	3	n/a	n/a	n/a	n/a	n/a	left
19	307.925	0.449	correct	0.449	grate	n/a	n/a	n/a	n/a	n/a	n/a	26	3	n/a	n/a	n/a	n/a	n/a	left
19	308.891	0.650	correct	0.650	grate	n/a	n/a	n/a	n/a	n/a	n/a	26	3	n/a	n/a	n/a	n/a	n/a	right
19	310.058	0.436	correct	0.436	grate	n/a	n/a	n/a	n/a	n/a	n/a	26	3	n/a	n/a	n/a	n/a	n/a	left
19	311.008	0.438	correct	0.438	grate	n/a	n/a	n/a	n/a	n/a	n/a	26	3	n/a	n/a	n/a	n/a	n/a	right
19	311.958	0.449	correct	0.449	grate	n/a	n/a	n/a	n/a	n/a	n/a	26	3	n/a	n/a	n/a	n/a	n/a	right
19	312.924	0.100	incorrect	0.100	grate	n/a	n/a	n/a	n/a	n/a	n/a	26	3	n/a	n/a	n/a	n/a	n/a	right
19	314.007	3.000	remember	0.466	retrieval	restudy	face	scene	object	target	face	27	3	114	42	90	218	314.0	n/a
19	319.041	0.381	correct	0.381	grate	n/a	n/a	n/a	n/a	n/a	n/a	27	3	n/a	n/a	n/a	n/a	n/a	right
19	319.940	0.425	correct	0.425	grate	n/a	n/a	n/a	n/a	n/a	n/a	27	3	n/a	n/a	n/a	n/a	n/a	left
19	320.873	0.484	correct	0.484	grate	n/a	n/a	n/a	n/a	n/a	n/a	27	3	n/a	n/a	n/a	n/a	n/a	right
19	321.874	0.317	correct	0.317	grate	n/a	n/a	n/a	n/a	n/a	n/a	27	3	n/a	n/a	n/a	n/a	n/a	left
19	322.707	0.339	correct	0.339	grate	n/a	n/a	n/a	n/a	n/a	n/a	27	3	n/a	n/a	n/a	n/a	n/a	right
19	323.557	0.464	correct	0.464	grate	n/a	n/a	n/a	n/a	n/a	n/a	27	3	n/a	n/a	n/a	n/a	n/a	right
19	324.540	0.100	incorrect	0.100	grate	n/a	n/a	n/a	n/a	n/a	n/a	27	3	n/a	n/a	n/a	n/a	n/a	left
19	326.022	3.000	remember	0.443	retrieval	retprac	scene	object	face	target	scene	28	3	91	139	291	143	326.0	n/a
19	331.056	1.141	correct	1.141	grate	n/a	n/a	n/a	n/a	n/a	n/a	28	3	n/a	n/a	n/a	n/a	n/a	left
19	332.706	0.363	correct	0.363	grate	n/a	n/a	n/a	n/a	n/a	n/a	28	3	n/a	n/a	n/a	n/a	n/a	right
19	333.589	0.360	correct	0.360	grate	n/a	n/a	n/a	n/a	n/a	n/a	28	3	n/a	n/a	n/a	n/a	n/a	right
19	334.455	0.357	correct	0.357	grate	n/a	n/a	n/a	n/a	n/a	n/a	28	3	n/a	n/a	n/a	n/a	n/a	right
19	335.322	0.395	correct	0.395	grate	n/a	n/a	n/a	n/a	n/a	n/a	28	3	n/a	n/a	n/a	n/a	n/a	left
19	336.239	0.283	incorrect	0.283	grate	n/a	n/a	n/a	n/a	n/a	n/a	28	3	n/a	n/a	n/a	n/a	n/a	left
19	338.021	3.000	forget	0.644	retrieval	restudy	scene	face	object	competitor	face	29	3	48	120	272	48	338.0	n/a
19	343.055	0.494	correct	0.494	grate	n/a	n/a	n/a	n/a	n/a	n/a	29	3	n/a	n/a	n/a	n/a	n/a	right
19	344.071	0.381	correct	0.381	grate	n/a	n/a	n/a	n/a	n/a	n/a	29	3	n/a	n/a	n/a	n/a	n/a	left
19	344.971	0.402	correct	0.402	grate	n/a	n/a	n/a	n/a	n/a	n/a	29	3	n/a	n/a	n/a	n/a	n/a	left
19	345.888	0.333	correct	0.333	grate	n/a	n/a	n/a	n/a	n/a	n/a	29	3	n/a	n/a	n/a	n/a	n/a	left
19	346.738	0.403	correct	0.403	grate	n/a	n/a	n/a	n/a	n/a	n/a	29	3	n/a	n/a	n/a	n/a	n/a	right
19	347.654	0.334	correct	0.334	grate	n/a	n/a	n/a	n/a	n/a	n/a	29	3	n/a	n/a	n/a	n/a	n/a	left
19	348.504	0.017	incorrect	0.017	grate	n/a	n/a	n/a	n/a	n/a	n/a	29	3	n/a	n/a	n/a	n/a	n/a	left
19	350.020	3.000	remember	0.372	retrieval	retprac	face	scene	object	target	face	30	3	119	47	95	223	350.0	n/a
19	355.054	0.462	correct	0.462	grate	n/a	n/a	n/a	n/a	n/a	n/a	30	3	n/a	n/a	n/a	n/a	n/a	right
19	356.037	0.399	correct	0.399	grate	n/a	n/a	n/a	n/a	n/a	n/a	30	3	n/a	n/a	n/a	n/a	n/a	left
19	356.953	0.443	correct	0.443	grate	n/a	n/a	n/a	n/a	n/a	n/a	30	3	n/a	n/a	n/a	n/a	n/a	left
19	357.903	0.477	correct	0.477	grate	n/a	n/a	n/a	n/a	n/a	n/a	30	3	n/a	n/a	n/a	n/a	n/a	left
19	358.903	0.885	correct	0.885	grate	n/a	n/a	n/a	n/a	n/a	n/a	30	3	n/a	n/a	n/a	n/a	n/a	right
19	360.303	0.217	incorrect	0.217	grate	n/a	n/a	n/a	n/a	n/a	n/a	30	3	n/a	n/a	n/a	n/a	n/a	left
19	362.018	3.000	forget	0.765	retrieval	restudy	scene	face	object	other	object	31	3	44	116	268	44	362.0	n/a
19	367.052	0.472	correct	0.472	grate	n/a	n/a	n/a	n/a	n/a	n/a	31	3	n/a	n/a	n/a	n/a	n/a	right
19	368.035	0.472	correct	0.472	grate	n/a	n/a	n/a	n/a	n/a	n/a	31	3	n/a	n/a	n/a	n/a	n/a	right
19	369.019	0.473	incorrect	0.473	grate	n/a	n/a	n/a	n/a	n/a	n/a	31	3	n/a	n/a	n/a	n/a	n/a	left
19	370.002	0.506	correct	0.506	grate	n/a	n/a	n/a	n/a	n/a	n/a	31	3	n/a	n/a	n/a	n/a	n/a	right
19	371.018	0.553	correct	0.553	grate	n/a	n/a	n/a	n/a	n/a	n/a	31	3	n/a	n/a	n/a	n/a	n/a	left
19	372.085	0.433	incorrect	0.433	grate	n/a	n/a	n/a	n/a	n/a	n/a	31	3	n/a	n/a	n/a	n/a	n/a	right
19	374.017	3.000	forget	0.733	retrieval	retprac	object	face	scene	competitor	face	32	3	23	71	171	23	374.0	n/a
19	379.051	0.440	correct	0.440	grate	n/a	n/a	n/a	n/a	n/a	n/a	32	3	n/a	n/a	n/a	n/a	n/a	left
19	380.001	0.386	correct	0.386	grate	n/a	n/a	n/a	n/a	n/a	n/a	32	3	n/a	n/a	n/a	n/a	n/a	left
19	380.901	0.311	correct	0.311	grate	n/a	n/a	n/a	n/a	n/a	n/a	32	3	n/a	n/a	n/a	n/a	n/a	left
19	381.734	0.365	correct	0.365	grate	n/a	n/a	n/a	n/a	n/a	n/a	32	3	n/a	n/a	n/a	n/a	n/a	right
19	382.617	0.313	correct	0.313	grate	n/a	n/a	n/a	n/a	n/a	n/a	32	3	n/a	n/a	n/a	n/a	n/a	right
19	383.451	0.360	correct	0.360	grate	n/a	n/a	n/a	n/a	n/a	n/a	32	3	n/a	n/a	n/a	n/a	n/a	left
19	384.334	0.183	incorrect	0.183	grate	n/a	n/a	n/a	n/a	n/a	n/a	32	3	n/a	n/a	n/a	n/a	n/a	left
19	386.016	3.000	forget	0.614	retrieval	retprac	object	scene	face	competitor	scene	33	3	139	91	191	243	386.0	n/a
19	391.050	0.369	correct	0.369	grate	n/a	n/a	n/a	n/a	n/a	n/a	33	3	n/a	n/a	n/a	n/a	n/a	left
19	391.933	0.373	correct	0.373	grate	n/a	n/a	n/a	n/a	n/a	n/a	33	3	n/a	n/a	n/a	n/a	n/a	left
19	392.816	0.394	correct	0.394	grate	n/a	n/a	n/a	n/a	n/a	n/a	33	3	n/a	n/a	n/a	n/a	n/a	right
19	393.733	0.510	correct	0.510	grate	n/a	n/a	n/a	n/a	n/a	n/a	33	3	n/a	n/a	n/a	n/a	n/a	left
19	394.766	0.396	correct	0.396	grate	n/a	n/a	n/a	n/a	n/a	n/a	33	3	n/a	n/a	n/a	n/a	n/a	right
19	395.683	0.399	correct	0.399	grate	n/a	n/a	n/a	n/a	n/a	n/a	33	3	n/a	n/a	n/a	n/a	n/a	right
19	396.600	0.100	incorrect	0.100	grate	n/a	n/a	n/a	n/a	n/a	n/a	33	3	n/a	n/a	n/a	n/a	n/a	left
19	398.015	3.000	remember	0.960	retrieval	retprac	face	object	scene	target	face	34	3	71	23	71	123	398.0	n/a
19	403.049	0.833	correct	0.833	grate	n/a	n/a	n/a	n/a	n/a	n/a	34	3	n/a	n/a	n/a	n/a	n/a	right
19	404.398	0.323	correct	0.323	grate	n/a	n/a	n/a	n/a	n/a	n/a	34	3	n/a	n/a	n/a	n/a	n/a	left
19	405.232	0.370	correct	0.370	grate	n/a	n/a	n/a	n/a	n/a	n/a	34	3	n/a	n/a	n/a	n/a	n/a	left
19	406.115	0.327	correct	0.327	grate	n/a	n/a	n/a	n/a	n/a	n/a	34	3	n/a	n/a	n/a	n/a	n/a	right
19	406.965	0.373	correct	0.373	grate	n/a	n/a	n/a	n/a	n/a	n/a	34	3	n/a	n/a	n/a	n/a	n/a	right
19	407.848	0.450	correct	0.450	grate	n/a	n/a	n/a	n/a	n/a	n/a	34	3	n/a	n/a	n/a	n/a	n/a	right
19	408.815	0.100	incorrect	0.100	grate	n/a	n/a	n/a	n/a	n/a	n/a	34	3	n/a	n/a	n/a	n/a	n/a	right
19	410.014	3.000	remember	0.848	retrieval	retprac	object	scene	face	target	object	35	3	141	93	193	245	410.0	n/a
19	415.047	0.418	correct	0.418	grate	n/a	n/a	n/a	n/a	n/a	n/a	35	3	n/a	n/a	n/a	n/a	n/a	right
19	415.981	0.366	correct	0.366	grate	n/a	n/a	n/a	n/a	n/a	n/a	35	3	n/a	n/a	n/a	n/a	n/a	right
19	416.864	0.433	correct	0.433	grate	n/a	n/a	n/a	n/a	n/a	n/a	35	3	n/a	n/a	n/a	n/a	n/a	left
19	417.814	0.364	incorrect	0.364	grate	n/a	n/a	n/a	n/a	n/a	n/a	35	3	n/a	n/a	n/a	n/a	n/a	right
19	418.697	0.432	correct	0.432	grate	n/a	n/a	n/a	n/a	n/a	n/a	35	3	n/a	n/a	n/a	n/a	n/a	left
19	419.647	0.394	correct	0.394	grate	n/a	n/a	n/a	n/a	n/a	n/a	35	3	n/a	n/a	n/a	n/a	n/a	left
19	420.563	0.100	incorrect	0.100	grate	n/a	n/a	n/a	n/a	n/a	n/a	35	3	n/a	n/a	n/a	n/a	n/a	left
19	422.012	3.000	forget	0.345	retrieval	restudy	scene	face	object	other	object	36	3	46	118	270	46	422.0	n/a
19	427.046	1.819	correct	1.819	grate	n/a	n/a	n/a	n/a	n/a	n/a	36	3	n/a	n/a	n/a	n/a	n/a	right
19	429.379	0.342	correct	0.342	grate	n/a	n/a	n/a	n/a	n/a	n/a	36	3	n/a	n/a	n/a	n/a	n/a	right
19	430.229	0.380	correct	0.380	grate	n/a	n/a	n/a	n/a	n/a	n/a	36	3	n/a	n/a	n/a	n/a	n/a	left
19	431.129	0.416	correct	0.416	grate	n/a	n/a	n/a	n/a	n/a	n/a	36	3	n/a	n/a	n/a	n/a	n/a	left
19	432.062	0.340	correct	0.340	grate	n/a	n/a	n/a	n/a	n/a	n/a	36	3	n/a	n/a	n/a	n/a	n/a	left
19	432.912	0.100	incorrect	0.100	grate	n/a	n/a	n/a	n/a	n/a	n/a	36	3	n/a	n/a	n/a	n/a	n/a	left
19	434.011	3.000	remember	0.417	retrieval	retprac	face	object	scene	target	face	37	3	69	21	69	121	434.0	n/a
19	439.045	0.491	correct	0.491	grate	n/a	n/a	n/a	n/a	n/a	n/a	37	3	n/a	n/a	n/a	n/a	n/a	left
19	440.045	0.348	correct	0.348	grate	n/a	n/a	n/a	n/a	n/a	n/a	37	3	n/a	n/a	n/a	n/a	n/a	right
19	440.911	0.489	correct	0.489	grate	n/a	n/a	n/a	n/a	n/a	n/a	37	3	n/a	n/a	n/a	n/a	n/a	right
19	441.911	0.329	correct	0.329	grate	n/a	n/a	n/a	n/a	n/a	n/a	37	3	n/a	n/a	n/a	n/a	n/a	right
19	442.761	0.439	correct	0.439	grate	n/a	n/a	n/a	n/a	n/a	n/a	37	3	n/a	n/a	n/a	n/a	n/a	right
19	443.711	0.569	incorrect	0.569	grate	n/a	n/a	n/a	n/a	n/a	n/a	37	3	n/a	n/a	n/a	n/a	n/a	left
19	444.794	0.100	incorrect	0.100	grate	n/a	n/a	n/a	n/a	n/a	n/a	37	3	n/a	n/a	n/a	n/a	n/a	right
19	446.010	3.000	forget	0.546	retrieval	retprac	object	face	scene	other	scene	38	3	17	65	165	17	446.0	n/a
19	451.044	0.428	correct	0.428	grate	n/a	n/a	n/a	n/a	n/a	n/a	38	3	n/a	n/a	n/a	n/a	n/a	left
19	451.994	0.654	correct	0.654	grate	n/a	n/a	n/a	n/a	n/a	n/a	38	3	n/a	n/a	n/a	n/a	n/a	right
19	453.160	0.473	correct	0.473	grate	n/a	n/a	n/a	n/a	n/a	n/a	38	3	n/a	n/a	n/a	n/a	n/a	right
19	454.143	0.544	correct	0.544	grate	n/a	n/a	n/a	n/a	n/a	n/a	38	3	n/a	n/a	n/a	n/a	n/a	right
19	455.210	0.846	correct	0.846	grate	n/a	n/a	n/a	n/a	n/a	n/a	38	3	n/a	n/a	n/a	n/a	n/a	right
19	456.576	0.100	incorrect	0.100	grate	n/a	n/a	n/a	n/a	n/a	n/a	38	3	n/a	n/a	n/a	n/a	n/a	right
19	458.009	3.000	forget	0.507	retrieval	retprac	scene	object	face	competitor	object	39	3	93	141	293	145	458.0	n/a
19	463.043	0.445	incorrect	0.445	grate	n/a	n/a	n/a	n/a	n/a	n/a	39	3	n/a	n/a	n/a	n/a	n/a	right
19	464.009	0.415	correct	0.415	grate	n/a	n/a	n/a	n/a	n/a	n/a	39	3	n/a	n/a	n/a	n/a	n/a	left
19	464.942	0.417	correct	0.417	grate	n/a	n/a	n/a	n/a	n/a	n/a	39	3	n/a	n/a	n/a	n/a	n/a	right
19	465.876	0.428	correct	0.428	grate	n/a	n/a	n/a	n/a	n/a	n/a	39	3	n/a	n/a	n/a	n/a	n/a	right
19	466.825	0.511	correct	0.511	grate	n/a	n/a	n/a	n/a	n/a	n/a	39	3	n/a	n/a	n/a	n/a	n/a	left
19	467.859	0.422	correct	0.422	grate	n/a	n/a	n/a	n/a	n/a	n/a	39	3	n/a	n/a	n/a	n/a	n/a	left
19	468.792	0.100	incorrect	0.100	grate	n/a	n/a	n/a	n/a	n/a	n/a	39	3	n/a	n/a	n/a	n/a	n/a	left
19	470.007	3.000	remember	0.556	retrieval	restudy	face	scene	object	target	face	40	3	120	48	96	224	470.0	n/a
19	475.041	0.374	incorrect	0.374	grate	n/a	n/a	n/a	n/a	n/a	n/a	40	3	n/a	n/a	n/a	n/a	n/a	right
19	475.924	0.475	correct	0.475	grate	n/a	n/a	n/a	n/a	n/a	n/a	40	3	n/a	n/a	n/a	n/a	n/a	right
19	476.924	0.395	correct	0.395	grate	n/a	n/a	n/a	n/a	n/a	n/a	40	3	n/a	n/a	n/a	n/a	n/a	left
19	477.841	0.406	correct	0.406	grate	n/a	n/a	n/a	n/a	n/a	n/a	40	3	n/a	n/a	n/a	n/a	n/a	left
19	478.758	0.433	correct	0.433	grate	n/a	n/a	n/a	n/a	n/a	n/a	40	3	n/a	n/a	n/a	n/a	n/a	right
19	479.707	0.427	correct	0.427	grate	n/a	n/a	n/a	n/a	n/a	n/a	40	3	n/a	n/a	n/a	n/a	n/a	left
19	480.657	0.100	incorrect	0.100	grate	n/a	n/a	n/a	n/a	n/a	n/a	40	3	n/a	n/a	n/a	n/a	n/a	right
19	482.006	3.000	remember	0.540	retrieval	retprac	face	object	scene	target	face	41	3	65	17	65	117	482.0	n/a
19	487.040	0.406	correct	0.406	grate	n/a	n/a	n/a	n/a	n/a	n/a	41	3	n/a	n/a	n/a	n/a	n/a	right
19	487.957	0.418	correct	0.418	grate	n/a	n/a	n/a	n/a	n/a	n/a	41	3	n/a	n/a	n/a	n/a	n/a	left
19	488.890	0.333	correct	0.333	grate	n/a	n/a	n/a	n/a	n/a	n/a	41	3	n/a	n/a	n/a	n/a	n/a	left
19	489.740	0.419	incorrect	0.419	grate	n/a	n/a	n/a	n/a	n/a	n/a	41	3	n/a	n/a	n/a	n/a	n/a	left
19	490.673	0.421	correct	0.421	grate	n/a	n/a	n/a	n/a	n/a	n/a	41	3	n/a	n/a	n/a	n/a	n/a	left
19	491.606	0.384	correct	0.384	grate	n/a	n/a	n/a	n/a	n/a	n/a	41	3	n/a	n/a	n/a	n/a	n/a	left
19	492.506	0.000	incorrect	0.000	grate	n/a	n/a	n/a	n/a	n/a	n/a	41	3	n/a	n/a	n/a	n/a	n/a	left
19	494.022	3.000	remember	0.652	retrieval	retprac	object	face	scene	target	object	42	3	21	69	169	21	494.0	n/a
19	499.056	0.382	correct	0.382	grate	n/a	n/a	n/a	n/a	n/a	n/a	42	3	n/a	n/a	n/a	n/a	n/a	right
19	499.955	0.355	correct	0.355	grate	n/a	n/a	n/a	n/a	n/a	n/a	42	3	n/a	n/a	n/a	n/a	n/a	left
19	500.822	0.400	correct	0.400	grate	n/a	n/a	n/a	n/a	n/a	n/a	42	3	n/a	n/a	n/a	n/a	n/a	left
19	501.739	0.371	correct	0.371	grate	n/a	n/a	n/a	n/a	n/a	n/a	42	3	n/a	n/a	n/a	n/a	n/a	right
19	502.622	0.369	correct	0.369	grate	n/a	n/a	n/a	n/a	n/a	n/a	42	3	n/a	n/a	n/a	n/a	n/a	right
19	503.505	0.389	correct	0.389	grate	n/a	n/a	n/a	n/a	n/a	n/a	42	3	n/a	n/a	n/a	n/a	n/a	left
19	504.405	0.117	incorrect	0.117	grate	n/a	n/a	n/a	n/a	n/a	n/a	42	3	n/a	n/a	n/a	n/a	n/a	left
19	506.020	3.000	forget	0.573	retrieval	restudy	scene	face	object	competitor	face	43	3	42	114	266	42	506.0	n/a
19	511.054	0.391	correct	0.391	grate	n/a	n/a	n/a	n/a	n/a	n/a	43	3	n/a	n/a	n/a	n/a	n/a	left
19	511.954	0.363	correct	0.363	grate	n/a	n/a	n/a	n/a	n/a	n/a	43	3	n/a	n/a	n/a	n/a	n/a	right
19	512.837	0.440	correct	0.440	grate	n/a	n/a	n/a	n/a	n/a	n/a	43	3	n/a	n/a	n/a	n/a	n/a	left
19	513.787	0.466	correct	0.466	grate	n/a	n/a	n/a	n/a	n/a	n/a	43	3	n/a	n/a	n/a	n/a	n/a	left
19	514.770	0.387	correct	0.387	grate	n/a	n/a	n/a	n/a	n/a	n/a	43	3	n/a	n/a	n/a	n/a	n/a	right
19	515.670	0.367	correct	0.367	grate	n/a	n/a	n/a	n/a	n/a	n/a	43	3	n/a	n/a	n/a	n/a	n/a	right
19	516.554	0.100	incorrect	0.100	grate	n/a	n/a	n/a	n/a	n/a	n/a	43	3	n/a	n/a	n/a	n/a	n/a	left
19	518.019	3.000	forget	0.461	retrieval	restudy	object	scene	face	other	face	44	3	140	92	192	244	518.0	n/a
19	523.053	0.361	correct	0.361	grate	n/a	n/a	n/a	n/a	n/a	n/a	44	3	n/a	n/a	n/a	n/a	n/a	left
19	523.936	0.373	correct	0.373	grate	n/a	n/a	n/a	n/a	n/a	n/a	44	3	n/a	n/a	n/a	n/a	n/a	left
19	524.819	0.377	correct	0.377	grate	n/a	n/a	n/a	n/a	n/a	n/a	44	3	n/a	n/a	n/a	n/a	n/a	right
19	525.719	0.341	correct	0.341	grate	n/a	n/a	n/a	n/a	n/a	n/a	44	3	n/a	n/a	n/a	n/a	n/a	right
19	526.569	0.403	correct	0.403	grate	n/a	n/a	n/a	n/a	n/a	n/a	44	3	n/a	n/a	n/a	n/a	n/a	left
19	527.486	0.391	correct	0.391	grate	n/a	n/a	n/a	n/a	n/a	n/a	44	3	n/a	n/a	n/a	n/a	n/a	left
19	528.386	0.133	incorrect	0.133	grate	n/a	n/a	n/a	n/a	n/a	n/a	44	3	n/a	n/a	n/a	n/a	n/a	left
19	530.018	3.000	forget	0.942	retrieval	restudy	scene	object	face	other	face	45	3	94	142	294	146	530.0	n/a
19	535.052	0.393	correct	0.393	grate	n/a	n/a	n/a	n/a	n/a	n/a	45	3	n/a	n/a	n/a	n/a	n/a	left
19	535.952	0.413	correct	0.413	grate	n/a	n/a	n/a	n/a	n/a	n/a	45	3	n/a	n/a	n/a	n/a	n/a	right
19	536.885	0.375	correct	0.375	grate	n/a	n/a	n/a	n/a	n/a	n/a	45	3	n/a	n/a	n/a	n/a	n/a	left
19	537.768	0.373	correct	0.373	grate	n/a	n/a	n/a	n/a	n/a	n/a	45	3	n/a	n/a	n/a	n/a	n/a	left
19	538.651	0.433	correct	0.433	grate	n/a	n/a	n/a	n/a	n/a	n/a	45	3	n/a	n/a	n/a	n/a	n/a	right
19	539.601	0.363	correct	0.363	grate	n/a	n/a	n/a	n/a	n/a	n/a	45	3	n/a	n/a	n/a	n/a	n/a	right
19	540.485	0.033	incorrect	0.033	grate	n/a	n/a	n/a	n/a	n/a	n/a	45	3	n/a	n/a	n/a	n/a	n/a	left
19	542.017	3.000	forget	0.431	retrieval	restudy	object	face	scene	other	scene	46	3	22	70	170	22	542.0	n/a
19	547.051	0.369	correct	0.369	grate	n/a	n/a	n/a	n/a	n/a	n/a	46	3	n/a	n/a	n/a	n/a	n/a	right
19	547.934	0.454	correct	0.454	grate	n/a	n/a	n/a	n/a	n/a	n/a	46	3	n/a	n/a	n/a	n/a	n/a	left
19	548.900	0.495	correct	0.495	grate	n/a	n/a	n/a	n/a	n/a	n/a	46	3	n/a	n/a	n/a	n/a	n/a	right
19	549.917	0.431	correct	0.431	grate	n/a	n/a	n/a	n/a	n/a	n/a	46	3	n/a	n/a	n/a	n/a	n/a	right
19	550.867	0.457	correct	0.457	grate	n/a	n/a	n/a	n/a	n/a	n/a	46	3	n/a	n/a	n/a	n/a	n/a	left
19	551.833	0.490	incorrect	0.490	grate	n/a	n/a	n/a	n/a	n/a	n/a	46	3	n/a	n/a	n/a	n/a	n/a	left
19	552.833	0.100	incorrect	0.100	grate	n/a	n/a	n/a	n/a	n/a	n/a	46	3	n/a	n/a	n/a	n/a	n/a	right
19	554.016	3.000	remember	0.408	retrieval	restudy	face	scene	object	target	face	47	3	118	46	94	222	554.0	n/a
19	559.049	0.555	correct	0.555	grate	n/a	n/a	n/a	n/a	n/a	n/a	47	3	n/a	n/a	n/a	n/a	n/a	right
19	560.116	0.400	correct	0.400	grate	n/a	n/a	n/a	n/a	n/a	n/a	47	3	n/a	n/a	n/a	n/a	n/a	left
19	561.032	0.380	correct	0.380	grate	n/a	n/a	n/a	n/a	n/a	n/a	47	3	n/a	n/a	n/a	n/a	n/a	left
19	561.932	0.375	correct	0.375	grate	n/a	n/a	n/a	n/a	n/a	n/a	47	3	n/a	n/a	n/a	n/a	n/a	left
19	562.816	0.380	correct	0.380	grate	n/a	n/a	n/a	n/a	n/a	n/a	47	3	n/a	n/a	n/a	n/a	n/a	left
19	563.715	0.360	correct	0.360	grate	n/a	n/a	n/a	n/a	n/a	n/a	47	3	n/a	n/a	n/a	n/a	n/a	left
19	564.599	0.100	incorrect	0.100	grate	n/a	n/a	n/a	n/a	n/a	n/a	47	3	n/a	n/a	n/a	n/a	n/a	right
19	566.014	3.000	remember	0.392	retrieval	retprac	scene	object	face	target	scene	48	3	95	143	295	147	566.0	n/a
19	571.048	0.395	correct	0.395	grate	n/a	n/a	n/a	n/a	n/a	n/a	48	3	n/a	n/a	n/a	n/a	n/a	right
19	571.965	0.334	correct	0.334	grate	n/a	n/a	n/a	n/a	n/a	n/a	48	3	n/a	n/a	n/a	n/a	n/a	right
19	572.814	0.333	correct	0.333	grate	n/a	n/a	n/a	n/a	n/a	n/a	48	3	n/a	n/a	n/a	n/a	n/a	right
19	573.665	0.514	correct	0.514	grate	n/a	n/a	n/a	n/a	n/a	n/a	48	3	n/a	n/a	n/a	n/a	n/a	left
19	574.698	0.369	correct	0.369	grate	n/a	n/a	n/a	n/a	n/a	n/a	48	3	n/a	n/a	n/a	n/a	n/a	left
19	575.581	0.294	correct	0.294	grate	n/a	n/a	n/a	n/a	n/a	n/a	48	3	n/a	n/a	n/a	n/a	n/a	left
19	576.398	0.117	incorrect	0.117	grate	n/a	n/a	n/a	n/a	n/a	n/a	48	3	n/a	n/a	n/a	n/a	n/a	right
