sub_id	onset	duration	trial_type	response_time	task_type	update_cond	cate_c	cate_b	cate_o	response_type	response	trial_id	run_id	word_id	img_id	stim_c	stim_b	design_onset	grate_orientation
15	2.009	3.000	forget	0.630	retrieval	restudy	face	object	scene	other	scene	1	1	49	1	49	101	2.0	n/a
15	7.043	0.976	correct	0.976	grate	n/a	n/a	n/a	n/a	n/a	n/a	1	1	n/a	n/a	n/a	n/a	n/a	right
15	8.526	0.741	correct	0.741	grate	n/a	n/a	n/a	n/a	n/a	n/a	1	1	n/a	n/a	n/a	n/a	n/a	left
15	9.776	0.548	incorrect	0.548	grate	n/a	n/a	n/a	n/a	n/a	n/a	1	1	n/a	n/a	n/a	n/a	n/a	left
15	10.843	0.896	correct	0.896	grate	n/a	n/a	n/a	n/a	n/a	n/a	1	1	n/a	n/a	n/a	n/a	n/a	left
15	12.259	0.250	incorrect	0.250	grate	n/a	n/a	n/a	n/a	n/a	n/a	1	1	n/a	n/a	n/a	n/a	n/a	left
15	14.008	3.000	forget	0.615	retrieval	restudy	object	scene	face	other	face	2	1	125	77	177	229	14.0	n/a
15	19.042	1.073	correct	1.073	grate	n/a	n/a	n/a	n/a	n/a	n/a	2	1	n/a	n/a	n/a	n/a	n/a	left
15	20.642	0.425	correct	0.425	grate	n/a	n/a	n/a	n/a	n/a	n/a	2	1	n/a	n/a	n/a	n/a	n/a	right
15	21.575	0.436	correct	0.436	grate	n/a	n/a	n/a	n/a	n/a	n/a	2	1	n/a	n/a	n/a	n/a	n/a	left
15	22.525	0.431	correct	0.431	grate	n/a	n/a	n/a	n/a	n/a	n/a	2	1	n/a	n/a	n/a	n/a	n/a	right
15	23.475	0.425	correct	0.425	grate	n/a	n/a	n/a	n/a	n/a	n/a	2	1	n/a	n/a	n/a	n/a	n/a	left
15	24.408	0.100	incorrect	0.100	grate	n/a	n/a	n/a	n/a	n/a	n/a	2	1	n/a	n/a	n/a	n/a	n/a	left
15	26.007	3.000	don't know	0.768	retrieval	restudy	scene	face	object	don't know	don't know	3	1	25	97	249	25	26.0	n/a
15	31.041	0.562	correct	0.562	grate	n/a	n/a	n/a	n/a	n/a	n/a	3	1	n/a	n/a	n/a	n/a	n/a	left
15	32.124	0.462	correct	0.462	grate	n/a	n/a	n/a	n/a	n/a	n/a	3	1	n/a	n/a	n/a	n/a	n/a	left
15	33.107	0.375	correct	0.375	grate	n/a	n/a	n/a	n/a	n/a	n/a	3	1	n/a	n/a	n/a	n/a	n/a	right
15	33.990	0.364	correct	0.364	grate	n/a	n/a	n/a	n/a	n/a	n/a	3	1	n/a	n/a	n/a	n/a	n/a	left
15	34.874	0.385	correct	0.385	grate	n/a	n/a	n/a	n/a	n/a	n/a	3	1	n/a	n/a	n/a	n/a	n/a	left
15	35.774	0.413	correct	0.413	grate	n/a	n/a	n/a	n/a	n/a	n/a	3	1	n/a	n/a	n/a	n/a	n/a	left
15	36.707	0.100	incorrect	0.100	grate	n/a	n/a	n/a	n/a	n/a	n/a	3	1	n/a	n/a	n/a	n/a	n/a	right
15	38.006	3.000	remember	0.664	retrieval	retprac	face	scene	object	target	face	4	1	104	32	80	208	38.0	n/a
15	43.040	0.626	correct	0.626	grate	n/a	n/a	n/a	n/a	n/a	n/a	4	1	n/a	n/a	n/a	n/a	n/a	right
15	44.189	0.533	correct	0.533	grate	n/a	n/a	n/a	n/a	n/a	n/a	4	1	n/a	n/a	n/a	n/a	n/a	right
15	45.239	0.443	correct	0.443	grate	n/a	n/a	n/a	n/a	n/a	n/a	4	1	n/a	n/a	n/a	n/a	n/a	left
15	46.189	0.446	correct	0.446	grate	n/a	n/a	n/a	n/a	n/a	n/a	4	1	n/a	n/a	n/a	n/a	n/a	left
15	47.156	0.406	correct	0.406	grate	n/a	n/a	n/a	n/a	n/a	n/a	4	1	n/a	n/a	n/a	n/a	n/a	left
15	48.089	0.401	correct	0.401	grate	n/a	n/a	n/a	n/a	n/a	n/a	4	1	n/a	n/a	n/a	n/a	n/a	left
15	49.006	0.100	incorrect	0.100	grate	n/a	n/a	n/a	n/a	n/a	n/a	4	1	n/a	n/a	n/a	n/a	n/a	right
15	50.021	3.000	no response	n/a	retrieval	restudy	scene	face	object	no response	no response	5	1	31	103	255	31	50.0	n/a
15	55.055	0.634	correct	0.634	grate	n/a	n/a	n/a	n/a	n/a	n/a	5	1	n/a	n/a	n/a	n/a	n/a	right
15	56.205	0.476	correct	0.476	grate	n/a	n/a	n/a	n/a	n/a	n/a	5	1	n/a	n/a	n/a	n/a	n/a	right
15	57.205	0.573	incorrect	0.573	grate	n/a	n/a	n/a	n/a	n/a	n/a	5	1	n/a	n/a	n/a	n/a	n/a	left
15	58.288	0.561	correct	0.561	grate	n/a	n/a	n/a	n/a	n/a	n/a	5	1	n/a	n/a	n/a	n/a	n/a	right
15	59.371	0.622	correct	0.622	grate	n/a	n/a	n/a	n/a	n/a	n/a	5	1	n/a	n/a	n/a	n/a	n/a	left
15	60.504	0.017	incorrect	0.017	grate	n/a	n/a	n/a	n/a	n/a	n/a	5	1	n/a	n/a	n/a	n/a	n/a	left
15	62.020	3.000	no response	n/a	retrieval	retprac	scene	face	object	no response	no response	6	1	26	98	250	26	62.0	n/a
15	67.054	0.435	correct	0.435	grate	n/a	n/a	n/a	n/a	n/a	n/a	6	1	n/a	n/a	n/a	n/a	n/a	right
15	68.004	0.533	correct	0.533	grate	n/a	n/a	n/a	n/a	n/a	n/a	6	1	n/a	n/a	n/a	n/a	n/a	left
15	69.054	0.387	correct	0.387	grate	n/a	n/a	n/a	n/a	n/a	n/a	6	1	n/a	n/a	n/a	n/a	n/a	left
15	69.953	0.648	correct	0.648	grate	n/a	n/a	n/a	n/a	n/a	n/a	6	1	n/a	n/a	n/a	n/a	n/a	left
15	71.120	0.369	correct	0.369	grate	n/a	n/a	n/a	n/a	n/a	n/a	6	1	n/a	n/a	n/a	n/a	n/a	left
15	72.003	0.454	correct	0.454	grate	n/a	n/a	n/a	n/a	n/a	n/a	6	1	n/a	n/a	n/a	n/a	n/a	right
15	72.970	0.100	incorrect	0.100	grate	n/a	n/a	n/a	n/a	n/a	n/a	6	1	n/a	n/a	n/a	n/a	n/a	left
15	74.019	3.000	remember	0.897	retrieval	retprac	scene	face	object	target	scene	7	1	32	104	256	32	74.0	n/a
15	79.053	0.460	correct	0.460	grate	n/a	n/a	n/a	n/a	n/a	n/a	7	1	n/a	n/a	n/a	n/a	n/a	right
15	80.036	0.405	correct	0.405	grate	n/a	n/a	n/a	n/a	n/a	n/a	7	1	n/a	n/a	n/a	n/a	n/a	left
15	80.952	0.376	correct	0.376	grate	n/a	n/a	n/a	n/a	n/a	n/a	7	1	n/a	n/a	n/a	n/a	n/a	left
15	81.836	0.357	correct	0.357	grate	n/a	n/a	n/a	n/a	n/a	n/a	7	1	n/a	n/a	n/a	n/a	n/a	right
15	82.702	0.402	correct	0.402	grate	n/a	n/a	n/a	n/a	n/a	n/a	7	1	n/a	n/a	n/a	n/a	n/a	left
15	83.619	0.447	correct	0.447	grate	n/a	n/a	n/a	n/a	n/a	n/a	7	1	n/a	n/a	n/a	n/a	n/a	left
15	84.585	0.100	incorrect	0.100	grate	n/a	n/a	n/a	n/a	n/a	n/a	7	1	n/a	n/a	n/a	n/a	n/a	right
15	86.018	3.000	remember	0.395	retrieval	retprac	face	object	scene	target	face	8	1	50	2	50	102	86.0	n/a
15	91.051	0.373	correct	0.373	grate	n/a	n/a	n/a	n/a	n/a	n/a	8	1	n/a	n/a	n/a	n/a	n/a	right
15	91.935	0.514	correct	0.514	grate	n/a	n/a	n/a	n/a	n/a	n/a	8	1	n/a	n/a	n/a	n/a	n/a	right
15	92.968	0.424	correct	0.424	grate	n/a	n/a	n/a	n/a	n/a	n/a	8	1	n/a	n/a	n/a	n/a	n/a	left
15	93.901	0.756	correct	0.756	grate	n/a	n/a	n/a	n/a	n/a	n/a	8	1	n/a	n/a	n/a	n/a	n/a	left
15	95.168	0.392	correct	0.392	grate	n/a	n/a	n/a	n/a	n/a	n/a	8	1	n/a	n/a	n/a	n/a	n/a	left
15	96.084	0.397	correct	0.397	grate	n/a	n/a	n/a	n/a	n/a	n/a	8	1	n/a	n/a	n/a	n/a	n/a	left
15	97.001	0.100	incorrect	0.100	grate	n/a	n/a	n/a	n/a	n/a	n/a	8	1	n/a	n/a	n/a	n/a	n/a	left
15	98.016	3.000	don't know	0.819	retrieval	restudy	object	face	scene	don't know	don't know	9	1	3	51	151	3	98.0	n/a
15	103.050	0.461	correct	0.461	grate	n/a	n/a	n/a	n/a	n/a	n/a	9	1	n/a	n/a	n/a	n/a	n/a	right
15	104.033	0.478	correct	0.478	grate	n/a	n/a	n/a	n/a	n/a	n/a	9	1	n/a	n/a	n/a	n/a	n/a	right
15	105.033	0.382	correct	0.382	grate	n/a	n/a	n/a	n/a	n/a	n/a	9	1	n/a	n/a	n/a	n/a	n/a	left
15	105.933	0.426	correct	0.426	grate	n/a	n/a	n/a	n/a	n/a	n/a	9	1	n/a	n/a	n/a	n/a	n/a	left
15	106.883	0.428	correct	0.428	grate	n/a	n/a	n/a	n/a	n/a	n/a	9	1	n/a	n/a	n/a	n/a	n/a	right
15	107.833	0.479	correct	0.479	grate	n/a	n/a	n/a	n/a	n/a	n/a	9	1	n/a	n/a	n/a	n/a	n/a	right
15	108.833	0.100	incorrect	0.100	grate	n/a	n/a	n/a	n/a	n/a	n/a	9	1	n/a	n/a	n/a	n/a	n/a	left
15	110.015	3.000	remember	0.396	retrieval	retprac	face	object	scene	target	face	10	1	56	8	56	108	110.0	n/a
15	115.049	0.438	correct	0.438	grate	n/a	n/a	n/a	n/a	n/a	n/a	10	1	n/a	n/a	n/a	n/a	n/a	left
15	115.999	0.400	correct	0.400	grate	n/a	n/a	n/a	n/a	n/a	n/a	10	1	n/a	n/a	n/a	n/a	n/a	left
15	116.915	0.412	correct	0.412	grate	n/a	n/a	n/a	n/a	n/a	n/a	10	1	n/a	n/a	n/a	n/a	n/a	right
15	117.849	0.374	correct	0.374	grate	n/a	n/a	n/a	n/a	n/a	n/a	10	1	n/a	n/a	n/a	n/a	n/a	right
15	118.732	0.387	correct	0.387	grate	n/a	n/a	n/a	n/a	n/a	n/a	10	1	n/a	n/a	n/a	n/a	n/a	right
15	119.632	0.399	correct	0.399	grate	n/a	n/a	n/a	n/a	n/a	n/a	10	1	n/a	n/a	n/a	n/a	n/a	right
15	120.548	0.100	incorrect	0.100	grate	n/a	n/a	n/a	n/a	n/a	n/a	10	1	n/a	n/a	n/a	n/a	n/a	right
15	122.014	3.000	no response	n/a	retrieval	restudy	face	object	scene	no response	no response	11	1	55	7	55	107	122.0	n/a
15	127.048	0.671	correct	0.671	grate	n/a	n/a	n/a	n/a	n/a	n/a	11	1	n/a	n/a	n/a	n/a	n/a	left
15	128.231	0.400	correct	0.400	grate	n/a	n/a	n/a	n/a	n/a	n/a	11	1	n/a	n/a	n/a	n/a	n/a	left
15	129.147	0.404	correct	0.404	grate	n/a	n/a	n/a	n/a	n/a	n/a	11	1	n/a	n/a	n/a	n/a	n/a	left
15	130.064	0.358	correct	0.358	grate	n/a	n/a	n/a	n/a	n/a	n/a	11	1	n/a	n/a	n/a	n/a	n/a	right
15	130.930	0.556	correct	0.556	grate	n/a	n/a	n/a	n/a	n/a	n/a	11	1	n/a	n/a	n/a	n/a	n/a	right
15	131.997	0.465	correct	0.465	grate	n/a	n/a	n/a	n/a	n/a	n/a	11	1	n/a	n/a	n/a	n/a	n/a	left
15	132.980	0.100	incorrect	0.100	grate	n/a	n/a	n/a	n/a	n/a	n/a	11	1	n/a	n/a	n/a	n/a	n/a	right
15	134.013	3.000	forget	0.341	retrieval	restudy	face	scene	object	other	object	12	1	103	31	79	207	134.0	n/a
15	139.047	0.400	correct	0.400	grate	n/a	n/a	n/a	n/a	n/a	n/a	12	1	n/a	n/a	n/a	n/a	n/a	left
15	139.963	0.411	correct	0.411	grate	n/a	n/a	n/a	n/a	n/a	n/a	12	1	n/a	n/a	n/a	n/a	n/a	right
15	140.896	0.351	correct	0.351	grate	n/a	n/a	n/a	n/a	n/a	n/a	12	1	n/a	n/a	n/a	n/a	n/a	left
15	141.763	0.379	correct	0.379	grate	n/a	n/a	n/a	n/a	n/a	n/a	12	1	n/a	n/a	n/a	n/a	n/a	right
15	142.663	0.495	correct	0.495	grate	n/a	n/a	n/a	n/a	n/a	n/a	12	1	n/a	n/a	n/a	n/a	n/a	right
15	143.679	0.343	correct	0.343	grate	n/a	n/a	n/a	n/a	n/a	n/a	12	1	n/a	n/a	n/a	n/a	n/a	left
15	144.529	0.100	incorrect	0.100	grate	n/a	n/a	n/a	n/a	n/a	n/a	12	1	n/a	n/a	n/a	n/a	n/a	left
15	146.011	3.000	remember	0.270	retrieval	retprac	object	scene	face	target	object	13	1	122	74	174	226	146.0	n/a
15	151.045	0.528	correct	0.528	grate	n/a	n/a	n/a	n/a	n/a	n/a	13	1	n/a	n/a	n/a	n/a	n/a	left
15	152.095	0.350	correct	0.350	grate	n/a	n/a	n/a	n/a	n/a	n/a	13	1	n/a	n/a	n/a	n/a	n/a	left
15	152.962	0.372	correct	0.372	grate	n/a	n/a	n/a	n/a	n/a	n/a	13	1	n/a	n/a	n/a	n/a	n/a	left
15	153.845	0.473	correct	0.473	grate	n/a	n/a	n/a	n/a	n/a	n/a	13	1	n/a	n/a	n/a	n/a	n/a	left
15	154.828	0.473	correct	0.473	grate	n/a	n/a	n/a	n/a	n/a	n/a	13	1	n/a	n/a	n/a	n/a	n/a	left
15	155.811	0.442	correct	0.442	grate	n/a	n/a	n/a	n/a	n/a	n/a	13	1	n/a	n/a	n/a	n/a	n/a	right
15	156.778	0.100	incorrect	0.100	grate	n/a	n/a	n/a	n/a	n/a	n/a	13	1	n/a	n/a	n/a	n/a	n/a	right
15	158.010	3.000	forget	0.703	retrieval	retprac	object	scene	face	competitor	scene	14	1	128	80	180	232	158.0	n/a
15	163.044	0.425	correct	0.425	grate	n/a	n/a	n/a	n/a	n/a	n/a	14	1	n/a	n/a	n/a	n/a	n/a	right
15	163.977	0.468	correct	0.468	grate	n/a	n/a	n/a	n/a	n/a	n/a	14	1	n/a	n/a	n/a	n/a	n/a	left
15	164.960	0.557	correct	0.557	grate	n/a	n/a	n/a	n/a	n/a	n/a	14	1	n/a	n/a	n/a	n/a	n/a	right
15	166.027	0.435	correct	0.435	grate	n/a	n/a	n/a	n/a	n/a	n/a	14	1	n/a	n/a	n/a	n/a	n/a	right
15	166.977	0.428	correct	0.428	grate	n/a	n/a	n/a	n/a	n/a	n/a	14	1	n/a	n/a	n/a	n/a	n/a	right
15	167.927	0.414	correct	0.414	grate	n/a	n/a	n/a	n/a	n/a	n/a	14	1	n/a	n/a	n/a	n/a	n/a	left
15	168.860	0.100	incorrect	0.100	grate	n/a	n/a	n/a	n/a	n/a	n/a	14	1	n/a	n/a	n/a	n/a	n/a	right
15	170.009	3.000	forget	0.751	retrieval	retprac	scene	object	face	other	face	15	1	74	122	274	126	170.0	n/a
15	175.043	0.466	correct	0.466	grate	n/a	n/a	n/a	n/a	n/a	n/a	15	1	n/a	n/a	n/a	n/a	n/a	left
15	176.026	0.410	correct	0.410	grate	n/a	n/a	n/a	n/a	n/a	n/a	15	1	n/a	n/a	n/a	n/a	n/a	left
15	176.959	0.493	correct	0.493	grate	n/a	n/a	n/a	n/a	n/a	n/a	15	1	n/a	n/a	n/a	n/a	n/a	left
15	177.976	0.501	correct	0.501	grate	n/a	n/a	n/a	n/a	n/a	n/a	15	1	n/a	n/a	n/a	n/a	n/a	right
15	178.992	0.412	correct	0.412	grate	n/a	n/a	n/a	n/a	n/a	n/a	15	1	n/a	n/a	n/a	n/a	n/a	left
15	179.926	0.455	correct	0.455	grate	n/a	n/a	n/a	n/a	n/a	n/a	15	1	n/a	n/a	n/a	n/a	n/a	right
15	180.892	0.100	incorrect	0.100	grate	n/a	n/a	n/a	n/a	n/a	n/a	15	1	n/a	n/a	n/a	n/a	n/a	left
15	182.008	3.000	don't know	0.537	retrieval	retprac	object	face	scene	don't know	don't know	16	1	2	50	150	2	182.0	n/a
15	187.042	0.539	correct	0.539	grate	n/a	n/a	n/a	n/a	n/a	n/a	16	1	n/a	n/a	n/a	n/a	n/a	left
15	188.091	0.376	correct	0.376	grate	n/a	n/a	n/a	n/a	n/a	n/a	16	1	n/a	n/a	n/a	n/a	n/a	right
15	188.991	0.460	correct	0.460	grate	n/a	n/a	n/a	n/a	n/a	n/a	16	1	n/a	n/a	n/a	n/a	n/a	right
15	189.975	0.429	correct	0.429	grate	n/a	n/a	n/a	n/a	n/a	n/a	16	1	n/a	n/a	n/a	n/a	n/a	right
15	190.925	0.455	correct	0.455	grate	n/a	n/a	n/a	n/a	n/a	n/a	16	1	n/a	n/a	n/a	n/a	n/a	left
15	191.891	0.394	correct	0.394	grate	n/a	n/a	n/a	n/a	n/a	n/a	16	1	n/a	n/a	n/a	n/a	n/a	right
15	192.808	0.100	incorrect	0.100	grate	n/a	n/a	n/a	n/a	n/a	n/a	16	1	n/a	n/a	n/a	n/a	n/a	right
15	194.007	3.000	forget	0.865	retrieval	restudy	object	scene	face	competitor	scene	17	1	123	75	175	227	194.0	n/a
15	199.041	0.531	correct	0.531	grate	n/a	n/a	n/a	n/a	n/a	n/a	17	1	n/a	n/a	n/a	n/a	n/a	right
15	200.090	0.385	correct	0.385	grate	n/a	n/a	n/a	n/a	n/a	n/a	17	1	n/a	n/a	n/a	n/a	n/a	left
15	200.990	0.422	correct	0.422	grate	n/a	n/a	n/a	n/a	n/a	n/a	17	1	n/a	n/a	n/a	n/a	n/a	left
15	201.923	0.456	correct	0.456	grate	n/a	n/a	n/a	n/a	n/a	n/a	17	1	n/a	n/a	n/a	n/a	n/a	left
15	202.890	0.458	correct	0.458	grate	n/a	n/a	n/a	n/a	n/a	n/a	17	1	n/a	n/a	n/a	n/a	n/a	right
15	203.857	0.386	correct	0.386	grate	n/a	n/a	n/a	n/a	n/a	n/a	17	1	n/a	n/a	n/a	n/a	n/a	left
15	204.756	0.100	incorrect	0.100	grate	n/a	n/a	n/a	n/a	n/a	n/a	17	1	n/a	n/a	n/a	n/a	n/a	right
15	206.022	3.000	remember	0.626	retrieval	retprac	scene	object	face	target	scene	18	1	78	126	278	130	206.0	n/a
15	211.056	0.411	correct	0.411	grate	n/a	n/a	n/a	n/a	n/a	n/a	18	1	n/a	n/a	n/a	n/a	n/a	left
15	211.989	0.366	correct	0.366	grate	n/a	n/a	n/a	n/a	n/a	n/a	18	1	n/a	n/a	n/a	n/a	n/a	right
15	212.872	0.331	correct	0.331	grate	n/a	n/a	n/a	n/a	n/a	n/a	18	1	n/a	n/a	n/a	n/a	n/a	left
15	213.722	0.385	correct	0.385	grate	n/a	n/a	n/a	n/a	n/a	n/a	18	1	n/a	n/a	n/a	n/a	n/a	left
15	214.622	0.349	correct	0.349	grate	n/a	n/a	n/a	n/a	n/a	n/a	18	1	n/a	n/a	n/a	n/a	n/a	right
15	215.489	0.450	correct	0.450	grate	n/a	n/a	n/a	n/a	n/a	n/a	18	1	n/a	n/a	n/a	n/a	n/a	right
15	216.455	0.067	incorrect	0.067	grate	n/a	n/a	n/a	n/a	n/a	n/a	18	1	n/a	n/a	n/a	n/a	n/a	right
15	218.021	3.000	remember	0.522	retrieval	retprac	scene	face	object	target	scene	19	1	30	102	254	30	218.0	n/a
15	223.055	0.420	correct	0.420	grate	n/a	n/a	n/a	n/a	n/a	n/a	19	1	n/a	n/a	n/a	n/a	n/a	left
15	223.988	0.375	correct	0.375	grate	n/a	n/a	n/a	n/a	n/a	n/a	19	1	n/a	n/a	n/a	n/a	n/a	right
15	224.871	0.387	correct	0.387	grate	n/a	n/a	n/a	n/a	n/a	n/a	19	1	n/a	n/a	n/a	n/a	n/a	left
15	225.771	0.359	correct	0.359	grate	n/a	n/a	n/a	n/a	n/a	n/a	19	1	n/a	n/a	n/a	n/a	n/a	right
15	226.637	0.445	correct	0.445	grate	n/a	n/a	n/a	n/a	n/a	n/a	19	1	n/a	n/a	n/a	n/a	n/a	right
15	227.604	0.335	correct	0.335	grate	n/a	n/a	n/a	n/a	n/a	n/a	19	1	n/a	n/a	n/a	n/a	n/a	left
15	228.454	0.067	incorrect	0.067	grate	n/a	n/a	n/a	n/a	n/a	n/a	19	1	n/a	n/a	n/a	n/a	n/a	right
15	230.019	3.000	remember	0.778	retrieval	retprac	object	face	scene	target	object	20	1	4	52	152	4	230.0	n/a
15	235.054	0.428	correct	0.428	grate	n/a	n/a	n/a	n/a	n/a	n/a	20	1	n/a	n/a	n/a	n/a	n/a	right
15	236.003	0.383	correct	0.383	grate	n/a	n/a	n/a	n/a	n/a	n/a	20	1	n/a	n/a	n/a	n/a	n/a	right
15	236.903	0.403	correct	0.403	grate	n/a	n/a	n/a	n/a	n/a	n/a	20	1	n/a	n/a	n/a	n/a	n/a	right
15	237.820	0.406	correct	0.406	grate	n/a	n/a	n/a	n/a	n/a	n/a	20	1	n/a	n/a	n/a	n/a	n/a	right
15	238.753	0.393	correct	0.393	grate	n/a	n/a	n/a	n/a	n/a	n/a	20	1	n/a	n/a	n/a	n/a	n/a	right
15	239.653	0.405	correct	0.405	grate	n/a	n/a	n/a	n/a	n/a	n/a	20	1	n/a	n/a	n/a	n/a	n/a	right
15	240.569	0.100	incorrect	0.100	grate	n/a	n/a	n/a	n/a	n/a	n/a	20	1	n/a	n/a	n/a	n/a	n/a	left
15	242.018	3.000	remember	0.331	retrieval	restudy	face	scene	object	target	face	21	1	97	25	73	201	242.0	n/a
15	247.053	0.477	correct	0.477	grate	n/a	n/a	n/a	n/a	n/a	n/a	21	1	n/a	n/a	n/a	n/a	n/a	left
15	248.052	0.397	correct	0.397	grate	n/a	n/a	n/a	n/a	n/a	n/a	21	1	n/a	n/a	n/a	n/a	n/a	right
15	248.969	0.337	correct	0.337	grate	n/a	n/a	n/a	n/a	n/a	n/a	21	1	n/a	n/a	n/a	n/a	n/a	left
15	249.818	0.383	correct	0.383	grate	n/a	n/a	n/a	n/a	n/a	n/a	21	1	n/a	n/a	n/a	n/a	n/a	right
15	250.718	0.403	correct	0.403	grate	n/a	n/a	n/a	n/a	n/a	n/a	21	1	n/a	n/a	n/a	n/a	n/a	right
15	251.635	0.334	correct	0.334	grate	n/a	n/a	n/a	n/a	n/a	n/a	21	1	n/a	n/a	n/a	n/a	n/a	left
15	252.485	0.033	incorrect	0.033	grate	n/a	n/a	n/a	n/a	n/a	n/a	21	1	n/a	n/a	n/a	n/a	n/a	left
15	254.017	3.000	don't know	0.364	retrieval	restudy	object	face	scene	don't know	don't know	22	1	5	53	153	5	254.0	n/a
15	259.052	0.454	correct	0.454	grate	n/a	n/a	n/a	n/a	n/a	n/a	22	1	n/a	n/a	n/a	n/a	n/a	right
15	260.017	0.359	correct	0.359	grate	n/a	n/a	n/a	n/a	n/a	n/a	22	1	n/a	n/a	n/a	n/a	n/a	left
15	260.901	0.492	correct	0.492	grate	n/a	n/a	n/a	n/a	n/a	n/a	22	1	n/a	n/a	n/a	n/a	n/a	left
15	261.917	0.364	correct	0.364	grate	n/a	n/a	n/a	n/a	n/a	n/a	22	1	n/a	n/a	n/a	n/a	n/a	right
15	262.801	0.424	correct	0.424	grate	n/a	n/a	n/a	n/a	n/a	n/a	22	1	n/a	n/a	n/a	n/a	n/a	right
15	263.734	0.364	correct	0.364	grate	n/a	n/a	n/a	n/a	n/a	n/a	22	1	n/a	n/a	n/a	n/a	n/a	left
15	264.617	0.100	incorrect	0.100	grate	n/a	n/a	n/a	n/a	n/a	n/a	22	1	n/a	n/a	n/a	n/a	n/a	right
15	266.016	3.000	remember	0.541	retrieval	retprac	face	scene	object	target	face	23	1	100	28	76	204	266.0	n/a
15	271.050	0.431	correct	0.431	grate	n/a	n/a	n/a	n/a	n/a	n/a	23	1	n/a	n/a	n/a	n/a	n/a	left
15	272.000	0.369	correct	0.369	grate	n/a	n/a	n/a	n/a	n/a	n/a	23	1	n/a	n/a	n/a	n/a	n/a	right
15	272.883	0.414	correct	0.414	grate	n/a	n/a	n/a	n/a	n/a	n/a	23	1	n/a	n/a	n/a	n/a	n/a	right
15	273.816	0.368	correct	0.368	grate	n/a	n/a	n/a	n/a	n/a	n/a	23	1	n/a	n/a	n/a	n/a	n/a	left
15	274.699	0.349	correct	0.349	grate	n/a	n/a	n/a	n/a	n/a	n/a	23	1	n/a	n/a	n/a	n/a	n/a	right
15	275.566	0.355	correct	0.355	grate	n/a	n/a	n/a	n/a	n/a	n/a	23	1	n/a	n/a	n/a	n/a	n/a	left
15	276.432	0.083	incorrect	0.083	grate	n/a	n/a	n/a	n/a	n/a	n/a	23	1	n/a	n/a	n/a	n/a	n/a	right
15	278.015	3.000	forget	0.333	retrieval	restudy	scene	object	face	competitor	object	24	1	73	121	273	125	278.0	n/a
15	283.049	0.415	correct	0.415	grate	n/a	n/a	n/a	n/a	n/a	n/a	24	1	n/a	n/a	n/a	n/a	n/a	left
15	283.982	0.411	correct	0.411	grate	n/a	n/a	n/a	n/a	n/a	n/a	24	1	n/a	n/a	n/a	n/a	n/a	left
15	284.915	0.365	correct	0.365	grate	n/a	n/a	n/a	n/a	n/a	n/a	24	1	n/a	n/a	n/a	n/a	n/a	left
15	285.798	0.370	correct	0.370	grate	n/a	n/a	n/a	n/a	n/a	n/a	24	1	n/a	n/a	n/a	n/a	n/a	right
15	286.681	0.390	correct	0.390	grate	n/a	n/a	n/a	n/a	n/a	n/a	24	1	n/a	n/a	n/a	n/a	n/a	right
15	287.581	0.371	correct	0.371	grate	n/a	n/a	n/a	n/a	n/a	n/a	24	1	n/a	n/a	n/a	n/a	n/a	right
15	288.465	0.050	incorrect	0.050	grate	n/a	n/a	n/a	n/a	n/a	n/a	24	1	n/a	n/a	n/a	n/a	n/a	left
15	290.013	3.000	forget	0.630	retrieval	restudy	face	scene	object	competitor	scene	25	1	101	29	77	205	290.0	n/a
15	295.047	0.433	correct	0.433	grate	n/a	n/a	n/a	n/a	n/a	n/a	25	1	n/a	n/a	n/a	n/a	n/a	left
15	295.997	0.380	correct	0.380	grate	n/a	n/a	n/a	n/a	n/a	n/a	25	1	n/a	n/a	n/a	n/a	n/a	left
15	296.897	0.406	correct	0.406	grate	n/a	n/a	n/a	n/a	n/a	n/a	25	1	n/a	n/a	n/a	n/a	n/a	right
15	297.814	0.354	correct	0.354	grate	n/a	n/a	n/a	n/a	n/a	n/a	25	1	n/a	n/a	n/a	n/a	n/a	right
15	298.680	0.312	correct	0.312	grate	n/a	n/a	n/a	n/a	n/a	n/a	25	1	n/a	n/a	n/a	n/a	n/a	left
15	299.513	0.318	correct	0.318	grate	n/a	n/a	n/a	n/a	n/a	n/a	25	1	n/a	n/a	n/a	n/a	n/a	right
15	300.347	0.167	incorrect	0.167	grate	n/a	n/a	n/a	n/a	n/a	n/a	25	1	n/a	n/a	n/a	n/a	n/a	left
15	302.012	3.000	don't know	0.375	retrieval	retprac	face	scene	object	don't know	don't know	26	1	102	30	78	206	302.0	n/a
15	307.047	0.456	correct	0.456	grate	n/a	n/a	n/a	n/a	n/a	n/a	26	1	n/a	n/a	n/a	n/a	n/a	right
15	308.013	0.387	correct	0.387	grate	n/a	n/a	n/a	n/a	n/a	n/a	26	1	n/a	n/a	n/a	n/a	n/a	right
15	308.912	0.366	correct	0.366	grate	n/a	n/a	n/a	n/a	n/a	n/a	26	1	n/a	n/a	n/a	n/a	n/a	right
15	309.796	0.371	correct	0.371	grate	n/a	n/a	n/a	n/a	n/a	n/a	26	1	n/a	n/a	n/a	n/a	n/a	right
15	310.679	0.336	correct	0.336	grate	n/a	n/a	n/a	n/a	n/a	n/a	26	1	n/a	n/a	n/a	n/a	n/a	right
15	311.529	0.406	correct	0.406	grate	n/a	n/a	n/a	n/a	n/a	n/a	26	1	n/a	n/a	n/a	n/a	n/a	left
15	312.445	0.067	incorrect	0.067	grate	n/a	n/a	n/a	n/a	n/a	n/a	26	1	n/a	n/a	n/a	n/a	n/a	right
15	314.011	3.000	forget	0.448	retrieval	restudy	scene	object	face	competitor	object	27	1	75	123	275	127	314.0	n/a
15	319.045	0.498	correct	0.498	grate	n/a	n/a	n/a	n/a	n/a	n/a	27	1	n/a	n/a	n/a	n/a	n/a	left
15	320.061	0.353	correct	0.353	grate	n/a	n/a	n/a	n/a	n/a	n/a	27	1	n/a	n/a	n/a	n/a	n/a	left
15	320.928	0.336	correct	0.336	grate	n/a	n/a	n/a	n/a	n/a	n/a	27	1	n/a	n/a	n/a	n/a	n/a	left
15	321.778	0.381	correct	0.381	grate	n/a	n/a	n/a	n/a	n/a	n/a	27	1	n/a	n/a	n/a	n/a	n/a	left
15	322.678	0.345	correct	0.345	grate	n/a	n/a	n/a	n/a	n/a	n/a	27	1	n/a	n/a	n/a	n/a	n/a	right
15	323.544	0.302	correct	0.302	grate	n/a	n/a	n/a	n/a	n/a	n/a	27	1	n/a	n/a	n/a	n/a	n/a	left
15	324.361	0.150	incorrect	0.150	grate	n/a	n/a	n/a	n/a	n/a	n/a	27	1	n/a	n/a	n/a	n/a	n/a	left
15	326.010	3.000	forget	0.320	retrieval	retprac	object	scene	face	competitor	scene	28	1	124	76	176	228	326.0	n/a
15	331.044	0.362	correct	0.362	grate	n/a	n/a	n/a	n/a	n/a	n/a	28	1	n/a	n/a	n/a	n/a	n/a	right
15	331.927	0.391	correct	0.391	grate	n/a	n/a	n/a	n/a	n/a	n/a	28	1	n/a	n/a	n/a	n/a	n/a	right
15	332.827	0.420	correct	0.420	grate	n/a	n/a	n/a	n/a	n/a	n/a	28	1	n/a	n/a	n/a	n/a	n/a	left
15	333.760	0.463	correct	0.463	grate	n/a	n/a	n/a	n/a	n/a	n/a	28	1	n/a	n/a	n/a	n/a	n/a	left
15	334.743	0.415	correct	0.415	grate	n/a	n/a	n/a	n/a	n/a	n/a	28	1	n/a	n/a	n/a	n/a	n/a	left
15	335.676	0.417	correct	0.417	grate	n/a	n/a	n/a	n/a	n/a	n/a	28	1	n/a	n/a	n/a	n/a	n/a	left
15	336.610	0.100	incorrect	0.100	grate	n/a	n/a	n/a	n/a	n/a	n/a	28	1	n/a	n/a	n/a	n/a	n/a	right
15	338.008	3.000	forget	0.553	retrieval	restudy	scene	face	object	competitor	face	29	1	27	99	251	27	338.0	n/a
15	343.042	0.356	correct	0.356	grate	n/a	n/a	n/a	n/a	n/a	n/a	29	1	n/a	n/a	n/a	n/a	n/a	left
15	343.909	0.417	correct	0.417	grate	n/a	n/a	n/a	n/a	n/a	n/a	29	1	n/a	n/a	n/a	n/a	n/a	right
15	344.842	0.307	correct	0.307	grate	n/a	n/a	n/a	n/a	n/a	n/a	29	1	n/a	n/a	n/a	n/a	n/a	left
15	345.659	0.347	correct	0.347	grate	n/a	n/a	n/a	n/a	n/a	n/a	29	1	n/a	n/a	n/a	n/a	n/a	right
15	346.525	0.304	incorrect	0.304	grate	n/a	n/a	n/a	n/a	n/a	n/a	29	1	n/a	n/a	n/a	n/a	n/a	right
15	347.342	0.368	correct	0.368	grate	n/a	n/a	n/a	n/a	n/a	n/a	29	1	n/a	n/a	n/a	n/a	n/a	left
15	348.225	0.283	incorrect	0.283	grate	n/a	n/a	n/a	n/a	n/a	n/a	29	1	n/a	n/a	n/a	n/a	n/a	right
15	350.007	3.000	remember	0.329	retrieval	restudy	face	object	scene	target	face	30	1	51	3	51	103	350.0	n/a
15	355.041	0.316	correct	0.316	grate	n/a	n/a	n/a	n/a	n/a	n/a	30	1	n/a	n/a	n/a	n/a	n/a	right
15	355.874	0.459	correct	0.459	grate	n/a	n/a	n/a	n/a	n/a	n/a	30	1	n/a	n/a	n/a	n/a	n/a	right
15	356.858	0.388	correct	0.388	grate	n/a	n/a	n/a	n/a	n/a	n/a	30	1	n/a	n/a	n/a	n/a	n/a	right
15	357.758	0.343	correct	0.343	grate	n/a	n/a	n/a	n/a	n/a	n/a	30	1	n/a	n/a	n/a	n/a	n/a	left
15	358.624	0.397	correct	0.397	grate	n/a	n/a	n/a	n/a	n/a	n/a	30	1	n/a	n/a	n/a	n/a	n/a	left
15	359.540	0.377	correct	0.377	grate	n/a	n/a	n/a	n/a	n/a	n/a	30	1	n/a	n/a	n/a	n/a	n/a	right
15	360.441	0.067	incorrect	0.067	grate	n/a	n/a	n/a	n/a	n/a	n/a	30	1	n/a	n/a	n/a	n/a	n/a	left
15	362.006	3.000	remember	0.530	retrieval	restudy	scene	object	face	target	scene	31	1	77	125	277	129	362.0	n/a
15	367.040	0.373	correct	0.373	grate	n/a	n/a	n/a	n/a	n/a	n/a	31	1	n/a	n/a	n/a	n/a	n/a	right
15	367.923	0.505	correct	0.505	grate	n/a	n/a	n/a	n/a	n/a	n/a	31	1	n/a	n/a	n/a	n/a	n/a	right
15	368.940	0.425	correct	0.425	grate	n/a	n/a	n/a	n/a	n/a	n/a	31	1	n/a	n/a	n/a	n/a	n/a	left
15	369.873	0.411	correct	0.411	grate	n/a	n/a	n/a	n/a	n/a	n/a	31	1	n/a	n/a	n/a	n/a	n/a	right
15	370.806	0.455	correct	0.455	grate	n/a	n/a	n/a	n/a	n/a	n/a	31	1	n/a	n/a	n/a	n/a	n/a	right
15	371.773	0.431	correct	0.431	grate	n/a	n/a	n/a	n/a	n/a	n/a	31	1	n/a	n/a	n/a	n/a	n/a	left
15	372.723	0.100	incorrect	0.100	grate	n/a	n/a	n/a	n/a	n/a	n/a	31	1	n/a	n/a	n/a	n/a	n/a	left
15	374.022	3.000	forget	0.651	retrieval	restudy	scene	face	object	competitor	face	32	1	29	101	253	29	374.0	n/a
15	379.055	0.493	correct	0.493	grate	n/a	n/a	n/a	n/a	n/a	n/a	32	1	n/a	n/a	n/a	n/a	n/a	left
15	380.055	0.605	correct	0.605	grate	n/a	n/a	n/a	n/a	n/a	n/a	32	1	n/a	n/a	n/a	n/a	n/a	right
15	381.172	0.312	correct	0.312	grate	n/a	n/a	n/a	n/a	n/a	n/a	32	1	n/a	n/a	n/a	n/a	n/a	left
15	382.005	0.343	correct	0.343	grate	n/a	n/a	n/a	n/a	n/a	n/a	32	1	n/a	n/a	n/a	n/a	n/a	right
15	382.872	0.292	correct	0.292	grate	n/a	n/a	n/a	n/a	n/a	n/a	32	1	n/a	n/a	n/a	n/a	n/a	left
15	383.672	0.308	correct	0.308	grate	n/a	n/a	n/a	n/a	n/a	n/a	32	1	n/a	n/a	n/a	n/a	n/a	right
15	384.488	0.033	incorrect	0.033	grate	n/a	n/a	n/a	n/a	n/a	n/a	32	1	n/a	n/a	n/a	n/a	n/a	left
15	386.020	3.000	don't know	0.427	retrieval	retprac	object	scene	face	don't know	don't know	33	1	126	78	178	230	386.0	n/a
15	391.054	0.373	correct	0.373	grate	n/a	n/a	n/a	n/a	n/a	n/a	33	1	n/a	n/a	n/a	n/a	n/a	right
15	391.937	0.354	correct	0.354	grate	n/a	n/a	n/a	n/a	n/a	n/a	33	1	n/a	n/a	n/a	n/a	n/a	left
15	392.804	0.424	correct	0.424	grate	n/a	n/a	n/a	n/a	n/a	n/a	33	1	n/a	n/a	n/a	n/a	n/a	left
15	393.737	0.338	correct	0.338	grate	n/a	n/a	n/a	n/a	n/a	n/a	33	1	n/a	n/a	n/a	n/a	n/a	right
15	394.587	0.320	correct	0.320	grate	n/a	n/a	n/a	n/a	n/a	n/a	33	1	n/a	n/a	n/a	n/a	n/a	left
15	395.420	0.287	correct	0.287	grate	n/a	n/a	n/a	n/a	n/a	n/a	33	1	n/a	n/a	n/a	n/a	n/a	right
15	396.220	0.300	incorrect	0.300	grate	n/a	n/a	n/a	n/a	n/a	n/a	33	1	n/a	n/a	n/a	n/a	n/a	left
15	398.019	3.000	forget	0.324	retrieval	retprac	scene	object	face	other	face	34	1	80	128	280	132	398.0	n/a
15	403.053	0.326	correct	0.326	grate	n/a	n/a	n/a	n/a	n/a	n/a	34	1	n/a	n/a	n/a	n/a	n/a	right
15	403.886	0.461	correct	0.461	grate	n/a	n/a	n/a	n/a	n/a	n/a	34	1	n/a	n/a	n/a	n/a	n/a	right
15	404.869	0.389	correct	0.389	grate	n/a	n/a	n/a	n/a	n/a	n/a	34	1	n/a	n/a	n/a	n/a	n/a	left
15	405.769	0.330	correct	0.330	grate	n/a	n/a	n/a	n/a	n/a	n/a	34	1	n/a	n/a	n/a	n/a	n/a	right
15	406.619	0.361	correct	0.361	grate	n/a	n/a	n/a	n/a	n/a	n/a	34	1	n/a	n/a	n/a	n/a	n/a	left
15	407.502	0.293	correct	0.293	grate	n/a	n/a	n/a	n/a	n/a	n/a	34	1	n/a	n/a	n/a	n/a	n/a	right
15	408.302	0.217	incorrect	0.217	grate	n/a	n/a	n/a	n/a	n/a	n/a	34	1	n/a	n/a	n/a	n/a	n/a	right
15	410.018	3.000	forget	0.332	retrieval	restudy	face	object	scene	competitor	object	35	1	53	5	53	105	410.0	n/a
15	415.052	0.376	correct	0.376	grate	n/a	n/a	n/a	n/a	n/a	n/a	35	1	n/a	n/a	n/a	n/a	n/a	right
15	415.935	0.428	correct	0.428	grate	n/a	n/a	n/a	n/a	n/a	n/a	35	1	n/a	n/a	n/a	n/a	n/a	left
15	416.885	0.422	correct	0.422	grate	n/a	n/a	n/a	n/a	n/a	n/a	35	1	n/a	n/a	n/a	n/a	n/a	right
15	417.818	0.289	correct	0.289	grate	n/a	n/a	n/a	n/a	n/a	n/a	35	1	n/a	n/a	n/a	n/a	n/a	left
15	418.618	0.408	correct	0.408	grate	n/a	n/a	n/a	n/a	n/a	n/a	35	1	n/a	n/a	n/a	n/a	n/a	left
15	419.551	0.323	correct	0.323	grate	n/a	n/a	n/a	n/a	n/a	n/a	35	1	n/a	n/a	n/a	n/a	n/a	right
15	420.384	0.134	incorrect	0.134	grate	n/a	n/a	n/a	n/a	n/a	n/a	35	1	n/a	n/a	n/a	n/a	n/a	left
15	422.017	3.000	forget	0.389	retrieval	retprac	scene	object	face	other	face	36	1	76	124	276	128	422.0	n/a
15	427.050	0.384	correct	0.384	grate	n/a	n/a	n/a	n/a	n/a	n/a	36	1	n/a	n/a	n/a	n/a	n/a	left
15	427.950	0.404	correct	0.404	grate	n/a	n/a	n/a	n/a	n/a	n/a	36	1	n/a	n/a	n/a	n/a	n/a	left
15	428.867	0.335	correct	0.335	grate	n/a	n/a	n/a	n/a	n/a	n/a	36	1	n/a	n/a	n/a	n/a	n/a	right
15	429.717	0.398	correct	0.398	grate	n/a	n/a	n/a	n/a	n/a	n/a	36	1	n/a	n/a	n/a	n/a	n/a	right
15	430.633	0.368	correct	0.368	grate	n/a	n/a	n/a	n/a	n/a	n/a	36	1	n/a	n/a	n/a	n/a	n/a	right
15	431.517	0.357	correct	0.357	grate	n/a	n/a	n/a	n/a	n/a	n/a	36	1	n/a	n/a	n/a	n/a	n/a	left
15	432.383	0.133	incorrect	0.133	grate	n/a	n/a	n/a	n/a	n/a	n/a	36	1	n/a	n/a	n/a	n/a	n/a	left
15	434.015	3.000	forget	0.510	retrieval	restudy	object	face	scene	competitor	face	37	1	7	55	155	7	434.0	n/a
15	439.049	0.384	correct	0.384	grate	n/a	n/a	n/a	n/a	n/a	n/a	37	1	n/a	n/a	n/a	n/a	n/a	right
15	439.949	0.364	correct	0.364	grate	n/a	n/a	n/a	n/a	n/a	n/a	37	1	n/a	n/a	n/a	n/a	n/a	left
15	440.832	0.321	correct	0.321	grate	n/a	n/a	n/a	n/a	n/a	n/a	37	1	n/a	n/a	n/a	n/a	n/a	right
15	441.666	0.320	correct	0.320	grate	n/a	n/a	n/a	n/a	n/a	n/a	37	1	n/a	n/a	n/a	n/a	n/a	left
15	442.499	0.295	correct	0.295	grate	n/a	n/a	n/a	n/a	n/a	n/a	37	1	n/a	n/a	n/a	n/a	n/a	right
15	443.315	0.414	correct	0.414	grate	n/a	n/a	n/a	n/a	n/a	n/a	37	1	n/a	n/a	n/a	n/a	n/a	right
15	444.249	0.267	incorrect	0.267	grate	n/a	n/a	n/a	n/a	n/a	n/a	37	1	n/a	n/a	n/a	n/a	n/a	left
15	446.014	3.000	forget	0.463	retrieval	retprac	object	face	scene	competitor	face	38	1	8	56	156	8	446.0	n/a
15	451.048	0.386	correct	0.386	grate	n/a	n/a	n/a	n/a	n/a	n/a	38	1	n/a	n/a	n/a	n/a	n/a	left
15	451.948	0.389	correct	0.389	grate	n/a	n/a	n/a	n/a	n/a	n/a	38	1	n/a	n/a	n/a	n/a	n/a	left
15	452.848	0.345	correct	0.345	grate	n/a	n/a	n/a	n/a	n/a	n/a	38	1	n/a	n/a	n/a	n/a	n/a	left
15	453.714	0.375	correct	0.375	grate	n/a	n/a	n/a	n/a	n/a	n/a	38	1	n/a	n/a	n/a	n/a	n/a	left
15	454.598	0.403	correct	0.403	grate	n/a	n/a	n/a	n/a	n/a	n/a	38	1	n/a	n/a	n/a	n/a	n/a	left
15	455.514	0.287	correct	0.287	grate	n/a	n/a	n/a	n/a	n/a	n/a	38	1	n/a	n/a	n/a	n/a	n/a	left
15	456.314	0.200	incorrect	0.200	grate	n/a	n/a	n/a	n/a	n/a	n/a	38	1	n/a	n/a	n/a	n/a	n/a	left
15	458.013	3.000	remember	0.431	retrieval	restudy	face	scene	object	target	face	39	1	99	27	75	203	458.0	n/a
15	463.047	0.370	correct	0.370	grate	n/a	n/a	n/a	n/a	n/a	n/a	39	1	n/a	n/a	n/a	n/a	n/a	left
15	463.930	0.382	correct	0.382	grate	n/a	n/a	n/a	n/a	n/a	n/a	39	1	n/a	n/a	n/a	n/a	n/a	left
15	464.830	0.363	correct	0.363	grate	n/a	n/a	n/a	n/a	n/a	n/a	39	1	n/a	n/a	n/a	n/a	n/a	left
15	465.713	0.384	correct	0.384	grate	n/a	n/a	n/a	n/a	n/a	n/a	39	1	n/a	n/a	n/a	n/a	n/a	left
15	466.613	0.403	correct	0.403	grate	n/a	n/a	n/a	n/a	n/a	n/a	39	1	n/a	n/a	n/a	n/a	n/a	right
15	467.530	0.359	correct	0.359	grate	n/a	n/a	n/a	n/a	n/a	n/a	39	1	n/a	n/a	n/a	n/a	n/a	right
15	468.396	0.117	incorrect	0.117	grate	n/a	n/a	n/a	n/a	n/a	n/a	39	1	n/a	n/a	n/a	n/a	n/a	left
15	470.012	3.000	remember	0.424	retrieval	restudy	object	scene	face	target	object	40	1	127	79	179	231	470.0	n/a
15	475.045	0.275	correct	0.275	grate	n/a	n/a	n/a	n/a	n/a	n/a	40	1	n/a	n/a	n/a	n/a	n/a	left
15	475.829	0.315	correct	0.315	grate	n/a	n/a	n/a	n/a	n/a	n/a	40	1	n/a	n/a	n/a	n/a	n/a	right
15	476.662	0.282	incorrect	0.282	grate	n/a	n/a	n/a	n/a	n/a	n/a	40	1	n/a	n/a	n/a	n/a	n/a	right
15	477.462	0.314	correct	0.314	grate	n/a	n/a	n/a	n/a	n/a	n/a	40	1	n/a	n/a	n/a	n/a	n/a	left
15	478.295	0.377	correct	0.377	grate	n/a	n/a	n/a	n/a	n/a	n/a	40	1	n/a	n/a	n/a	n/a	n/a	left
15	479.195	0.325	correct	0.325	grate	n/a	n/a	n/a	n/a	n/a	n/a	40	1	n/a	n/a	n/a	n/a	n/a	left
15	480.028	0.419	correct	0.419	grate	n/a	n/a	n/a	n/a	n/a	n/a	40	1	n/a	n/a	n/a	n/a	n/a	right
15	480.962	0.100	incorrect	0.100	grate	n/a	n/a	n/a	n/a	n/a	n/a	40	1	n/a	n/a	n/a	n/a	n/a	left
15	482.011	3.000	forget	0.305	retrieval	retprac	face	scene	object	competitor	scene	41	1	98	26	74	202	482.0	n/a
15	487.044	0.316	correct	0.316	grate	n/a	n/a	n/a	n/a	n/a	n/a	41	1	n/a	n/a	n/a	n/a	n/a	left
15	487.878	0.370	correct	0.370	grate	n/a	n/a	n/a	n/a	n/a	n/a	41	1	n/a	n/a	n/a	n/a	n/a	left
15	488.761	0.351	correct	0.351	grate	n/a	n/a	n/a	n/a	n/a	n/a	41	1	n/a	n/a	n/a	n/a	n/a	left
15	489.627	0.300	correct	0.300	grate	n/a	n/a	n/a	n/a	n/a	n/a	41	1	n/a	n/a	n/a	n/a	n/a	left
15	490.444	0.307	correct	0.307	grate	n/a	n/a	n/a	n/a	n/a	n/a	41	1	n/a	n/a	n/a	n/a	n/a	left
15	491.261	0.307	incorrect	0.307	grate	n/a	n/a	n/a	n/a	n/a	n/a	41	1	n/a	n/a	n/a	n/a	n/a	right
15	492.077	0.410	correct	0.410	grate	n/a	n/a	n/a	n/a	n/a	n/a	41	1	n/a	n/a	n/a	n/a	n/a	left
15	493.010	0.100	incorrect	0.100	grate	n/a	n/a	n/a	n/a	n/a	n/a	41	1	n/a	n/a	n/a	n/a	n/a	right
15	494.009	3.000	forget	0.329	retrieval	restudy	object	face	scene	competitor	face	42	1	1	49	149	1	494.0	n/a
15	499.043	0.396	correct	0.396	grate	n/a	n/a	n/a	n/a	n/a	n/a	42	1	n/a	n/a	n/a	n/a	n/a	right
15	499.960	0.375	correct	0.375	grate	n/a	n/a	n/a	n/a	n/a	n/a	42	1	n/a	n/a	n/a	n/a	n/a	right
15	500.843	0.333	correct	0.333	grate	n/a	n/a	n/a	n/a	n/a	n/a	42	1	n/a	n/a	n/a	n/a	n/a	left
15	501.693	0.346	correct	0.346	grate	n/a	n/a	n/a	n/a	n/a	n/a	42	1	n/a	n/a	n/a	n/a	n/a	right
15	502.559	0.311	correct	0.311	grate	n/a	n/a	n/a	n/a	n/a	n/a	42	1	n/a	n/a	n/a	n/a	n/a	left
15	503.393	0.318	correct	0.318	grate	n/a	n/a	n/a	n/a	n/a	n/a	42	1	n/a	n/a	n/a	n/a	n/a	right
15	504.226	0.283	incorrect	0.283	grate	n/a	n/a	n/a	n/a	n/a	n/a	42	1	n/a	n/a	n/a	n/a	n/a	right
15	506.008	3.000	don't know	0.290	retrieval	retprac	scene	face	object	don't know	don't know	43	1	28	100	252	28	506.0	n/a
15	511.042	0.421	correct	0.421	grate	n/a	n/a	n/a	n/a	n/a	n/a	43	1	n/a	n/a	n/a	n/a	n/a	right
15	511.975	0.383	correct	0.383	grate	n/a	n/a	n/a	n/a	n/a	n/a	43	1	n/a	n/a	n/a	n/a	n/a	left
15	512.875	0.404	correct	0.404	grate	n/a	n/a	n/a	n/a	n/a	n/a	43	1	n/a	n/a	n/a	n/a	n/a	left
15	513.792	1.079	correct	1.079	grate	n/a	n/a	n/a	n/a	n/a	n/a	43	1	n/a	n/a	n/a	n/a	n/a	left
15	515.391	0.399	correct	0.399	grate	n/a	n/a	n/a	n/a	n/a	n/a	43	1	n/a	n/a	n/a	n/a	n/a	left
15	516.308	0.200	incorrect	0.200	grate	n/a	n/a	n/a	n/a	n/a	n/a	43	1	n/a	n/a	n/a	n/a	n/a	left
15	518.007	3.000	no response	n/a	retrieval	restudy	object	scene	face	no response	no response	44	1	121	73	173	225	518.0	n/a
15	523.041	0.367	correct	0.367	grate	n/a	n/a	n/a	n/a	n/a	n/a	44	1	n/a	n/a	n/a	n/a	n/a	left
15	523.924	0.306	correct	0.306	grate	n/a	n/a	n/a	n/a	n/a	n/a	44	1	n/a	n/a	n/a	n/a	n/a	left
15	524.740	0.321	correct	0.321	grate	n/a	n/a	n/a	n/a	n/a	n/a	44	1	n/a	n/a	n/a	n/a	n/a	left
15	525.574	0.352	correct	0.352	grate	n/a	n/a	n/a	n/a	n/a	n/a	44	1	n/a	n/a	n/a	n/a	n/a	right
15	526.440	0.359	correct	0.359	grate	n/a	n/a	n/a	n/a	n/a	n/a	44	1	n/a	n/a	n/a	n/a	n/a	right
15	527.307	0.356	correct	0.356	grate	n/a	n/a	n/a	n/a	n/a	n/a	44	1	n/a	n/a	n/a	n/a	n/a	left
15	528.174	0.333	incorrect	0.333	grate	n/a	n/a	n/a	n/a	n/a	n/a	44	1	n/a	n/a	n/a	n/a	n/a	left
15	530.006	3.000	remember	0.316	retrieval	retprac	face	object	scene	target	face	45	1	52	4	52	104	530.0	n/a
15	535.039	0.398	correct	0.398	grate	n/a	n/a	n/a	n/a	n/a	n/a	45	1	n/a	n/a	n/a	n/a	n/a	left
15	535.956	0.315	correct	0.315	grate	n/a	n/a	n/a	n/a	n/a	n/a	45	1	n/a	n/a	n/a	n/a	n/a	right
15	536.789	0.312	correct	0.312	grate	n/a	n/a	n/a	n/a	n/a	n/a	45	1	n/a	n/a	n/a	n/a	n/a	left
15	537.622	0.391	correct	0.391	grate	n/a	n/a	n/a	n/a	n/a	n/a	45	1	n/a	n/a	n/a	n/a	n/a	left
15	538.522	0.331	correct	0.331	grate	n/a	n/a	n/a	n/a	n/a	n/a	45	1	n/a	n/a	n/a	n/a	n/a	left
15	539.372	0.337	correct	0.337	grate	n/a	n/a	n/a	n/a	n/a	n/a	45	1	n/a	n/a	n/a	n/a	n/a	left
15	540.222	0.283	incorrect	0.283	grate	n/a	n/a	n/a	n/a	n/a	n/a	45	1	n/a	n/a	n/a	n/a	n/a	left
15	542.021	3.000	don't know	0.652	retrieval	retprac	face	object	scene	don't know	don't know	46	1	54	6	54	106	542.0	n/a
15	547.055	0.302	correct	0.302	grate	n/a	n/a	n/a	n/a	n/a	n/a	46	1	n/a	n/a	n/a	n/a	n/a	left
15	547.872	0.389	correct	0.389	grate	n/a	n/a	n/a	n/a	n/a	n/a	46	1	n/a	n/a	n/a	n/a	n/a	right
15	548.771	0.257	incorrect	0.257	grate	n/a	n/a	n/a	n/a	n/a	n/a	46	1	n/a	n/a	n/a	n/a	n/a	right
15	549.538	0.315	correct	0.315	grate	n/a	n/a	n/a	n/a	n/a	n/a	46	1	n/a	n/a	n/a	n/a	n/a	left
15	550.371	0.338	correct	0.338	grate	n/a	n/a	n/a	n/a	n/a	n/a	46	1	n/a	n/a	n/a	n/a	n/a	right
15	551.221	0.304	incorrect	0.304	grate	n/a	n/a	n/a	n/a	n/a	n/a	46	1	n/a	n/a	n/a	n/a	n/a	right
15	552.038	0.471	correct	0.471	grate	n/a	n/a	n/a	n/a	n/a	n/a	46	1	n/a	n/a	n/a	n/a	n/a	right
15	553.021	0.100	incorrect	0.100	grate	n/a	n/a	n/a	n/a	n/a	n/a	46	1	n/a	n/a	n/a	n/a	n/a	left
15	554.020	3.000	forget	0.468	retrieval	restudy	scene	object	face	other	face	47	1	79	127	279	131	554.0	n/a
15	559.054	0.311	correct	0.311	grate	n/a	n/a	n/a	n/a	n/a	n/a	47	1	n/a	n/a	n/a	n/a	n/a	right
15	559.887	0.358	correct	0.358	grate	n/a	n/a	n/a	n/a	n/a	n/a	47	1	n/a	n/a	n/a	n/a	n/a	right
15	560.754	0.339	correct	0.339	grate	n/a	n/a	n/a	n/a	n/a	n/a	47	1	n/a	n/a	n/a	n/a	n/a	right
15	561.603	0.393	correct	0.393	grate	n/a	n/a	n/a	n/a	n/a	n/a	47	1	n/a	n/a	n/a	n/a	n/a	left
15	562.520	0.365	correct	0.365	grate	n/a	n/a	n/a	n/a	n/a	n/a	47	1	n/a	n/a	n/a	n/a	n/a	right
15	563.403	0.345	correct	0.345	grate	n/a	n/a	n/a	n/a	n/a	n/a	47	1	n/a	n/a	n/a	n/a	n/a	left
15	564.270	0.250	incorrect	0.250	grate	n/a	n/a	n/a	n/a	n/a	n/a	47	1	n/a	n/a	n/a	n/a	n/a	left
15	566.019	3.000	forget	0.391	retrieval	retprac	object	face	scene	competitor	face	48	1	6	54	154	6	566.0	n/a
15	571.052	0.343	correct	0.343	grate	n/a	n/a	n/a	n/a	n/a	n/a	48	1	n/a	n/a	n/a	n/a	n/a	left
15	571.919	0.309	correct	0.309	grate	n/a	n/a	n/a	n/a	n/a	n/a	48	1	n/a	n/a	n/a	n/a	n/a	left
15	572.736	0.340	correct	0.340	grate	n/a	n/a	n/a	n/a	n/a	n/a	48	1	n/a	n/a	n/a	n/a	n/a	left
15	573.586	0.362	correct	0.362	grate	n/a	n/a	n/a	n/a	n/a	n/a	48	1	n/a	n/a	n/a	n/a	n/a	right
15	574.469	0.351	correct	0.351	grate	n/a	n/a	n/a	n/a	n/a	n/a	48	1	n/a	n/a	n/a	n/a	n/a	right
15	575.335	0.286	correct	0.286	grate	n/a	n/a	n/a	n/a	n/a	n/a	48	1	n/a	n/a	n/a	n/a	n/a	left
15	576.135	0.383	incorrect	0.383	grate	n/a	n/a	n/a	n/a	n/a	n/a	48	1	n/a	n/a	n/a	n/a	n/a	left
15	2.015	3.000	forget	0.336	retrieval	retprac	object	scene	face	competitor	scene	1	2	130	82	182	234	2.0	n/a
15	7.049	0.355	correct	0.355	grate	n/a	n/a	n/a	n/a	n/a	n/a	1	2	n/a	n/a	n/a	n/a	n/a	right
15	7.916	0.337	correct	0.337	grate	n/a	n/a	n/a	n/a	n/a	n/a	1	2	n/a	n/a	n/a	n/a	n/a	left
15	8.766	0.342	correct	0.342	grate	n/a	n/a	n/a	n/a	n/a	n/a	1	2	n/a	n/a	n/a	n/a	n/a	right
15	9.616	0.300	correct	0.300	grate	n/a	n/a	n/a	n/a	n/a	n/a	1	2	n/a	n/a	n/a	n/a	n/a	left
15	10.432	0.307	correct	0.307	grate	n/a	n/a	n/a	n/a	n/a	n/a	1	2	n/a	n/a	n/a	n/a	n/a	right
15	11.249	0.419	correct	0.419	grate	n/a	n/a	n/a	n/a	n/a	n/a	1	2	n/a	n/a	n/a	n/a	n/a	right
15	12.182	0.333	incorrect	0.333	grate	n/a	n/a	n/a	n/a	n/a	n/a	1	2	n/a	n/a	n/a	n/a	n/a	right
15	14.014	3.000	no response	n/a	retrieval	restudy	face	object	scene	no response	no response	2	2	59	11	59	111	14.0	n/a
15	19.048	0.379	correct	0.379	grate	n/a	n/a	n/a	n/a	n/a	n/a	2	2	n/a	n/a	n/a	n/a	n/a	left
15	19.948	0.359	correct	0.359	grate	n/a	n/a	n/a	n/a	n/a	n/a	2	2	n/a	n/a	n/a	n/a	n/a	left
15	20.814	0.308	correct	0.308	grate	n/a	n/a	n/a	n/a	n/a	n/a	2	2	n/a	n/a	n/a	n/a	n/a	right
15	21.631	0.284	correct	0.284	grate	n/a	n/a	n/a	n/a	n/a	n/a	2	2	n/a	n/a	n/a	n/a	n/a	left
15	22.431	0.388	correct	0.388	grate	n/a	n/a	n/a	n/a	n/a	n/a	2	2	n/a	n/a	n/a	n/a	n/a	left
15	23.331	0.376	correct	0.376	grate	n/a	n/a	n/a	n/a	n/a	n/a	2	2	n/a	n/a	n/a	n/a	n/a	right
15	24.231	0.283	incorrect	0.283	grate	n/a	n/a	n/a	n/a	n/a	n/a	2	2	n/a	n/a	n/a	n/a	n/a	left
15	26.013	3.000	forget	0.305	retrieval	restudy	scene	face	object	competitor	face	3	2	39	111	263	39	26.0	n/a
15	31.047	0.379	correct	0.379	grate	n/a	n/a	n/a	n/a	n/a	n/a	3	2	n/a	n/a	n/a	n/a	n/a	left
15	31.946	0.384	correct	0.384	grate	n/a	n/a	n/a	n/a	n/a	n/a	3	2	n/a	n/a	n/a	n/a	n/a	right
15	32.847	0.308	correct	0.308	grate	n/a	n/a	n/a	n/a	n/a	n/a	3	2	n/a	n/a	n/a	n/a	n/a	left
15	33.663	0.387	correct	0.387	grate	n/a	n/a	n/a	n/a	n/a	n/a	3	2	n/a	n/a	n/a	n/a	n/a	left
15	34.563	0.375	correct	0.375	grate	n/a	n/a	n/a	n/a	n/a	n/a	3	2	n/a	n/a	n/a	n/a	n/a	left
15	35.446	0.364	correct	0.364	grate	n/a	n/a	n/a	n/a	n/a	n/a	3	2	n/a	n/a	n/a	n/a	n/a	right
15	36.330	0.183	incorrect	0.183	grate	n/a	n/a	n/a	n/a	n/a	n/a	3	2	n/a	n/a	n/a	n/a	n/a	right
15	38.012	3.000	don't know	0.290	retrieval	retprac	scene	object	face	don't know	don't know	4	2	88	136	288	140	38.0	n/a
15	43.046	0.548	correct	0.548	grate	n/a	n/a	n/a	n/a	n/a	n/a	4	2	n/a	n/a	n/a	n/a	n/a	right
15	44.112	0.306	correct	0.306	grate	n/a	n/a	n/a	n/a	n/a	n/a	4	2	n/a	n/a	n/a	n/a	n/a	left
15	44.929	0.313	correct	0.313	grate	n/a	n/a	n/a	n/a	n/a	n/a	4	2	n/a	n/a	n/a	n/a	n/a	right
15	45.762	0.328	correct	0.328	grate	n/a	n/a	n/a	n/a	n/a	n/a	4	2	n/a	n/a	n/a	n/a	n/a	left
15	46.612	0.334	correct	0.334	grate	n/a	n/a	n/a	n/a	n/a	n/a	4	2	n/a	n/a	n/a	n/a	n/a	right
15	47.462	0.436	correct	0.436	grate	n/a	n/a	n/a	n/a	n/a	n/a	4	2	n/a	n/a	n/a	n/a	n/a	right
15	48.412	0.100	incorrect	0.100	grate	n/a	n/a	n/a	n/a	n/a	n/a	4	2	n/a	n/a	n/a	n/a	n/a	right
15	50.011	3.000	remember	0.651	retrieval	retprac	scene	object	face	target	scene	5	2	86	134	286	138	50.0	n/a
15	55.044	0.373	correct	0.373	grate	n/a	n/a	n/a	n/a	n/a	n/a	5	2	n/a	n/a	n/a	n/a	n/a	right
15	55.928	0.378	correct	0.378	grate	n/a	n/a	n/a	n/a	n/a	n/a	5	2	n/a	n/a	n/a	n/a	n/a	right
15	56.827	0.399	correct	0.399	grate	n/a	n/a	n/a	n/a	n/a	n/a	5	2	n/a	n/a	n/a	n/a	n/a	right
15	57.744	0.370	correct	0.370	grate	n/a	n/a	n/a	n/a	n/a	n/a	5	2	n/a	n/a	n/a	n/a	n/a	right
15	58.627	0.422	correct	0.422	grate	n/a	n/a	n/a	n/a	n/a	n/a	5	2	n/a	n/a	n/a	n/a	n/a	left
15	59.560	0.321	correct	0.321	grate	n/a	n/a	n/a	n/a	n/a	n/a	5	2	n/a	n/a	n/a	n/a	n/a	left
15	60.394	0.117	incorrect	0.117	grate	n/a	n/a	n/a	n/a	n/a	n/a	5	2	n/a	n/a	n/a	n/a	n/a	right
15	62.009	3.000	remember	0.787	retrieval	restudy	scene	object	face	target	scene	6	2	83	131	283	135	62.0	n/a
15	67.043	0.439	correct	0.439	grate	n/a	n/a	n/a	n/a	n/a	n/a	6	2	n/a	n/a	n/a	n/a	n/a	left
15	67.993	0.320	correct	0.320	grate	n/a	n/a	n/a	n/a	n/a	n/a	6	2	n/a	n/a	n/a	n/a	n/a	left
15	68.826	0.398	correct	0.398	grate	n/a	n/a	n/a	n/a	n/a	n/a	6	2	n/a	n/a	n/a	n/a	n/a	right
15	69.743	0.426	correct	0.426	grate	n/a	n/a	n/a	n/a	n/a	n/a	6	2	n/a	n/a	n/a	n/a	n/a	right
15	70.676	0.389	correct	0.389	grate	n/a	n/a	n/a	n/a	n/a	n/a	6	2	n/a	n/a	n/a	n/a	n/a	right
15	71.576	0.417	correct	0.417	grate	n/a	n/a	n/a	n/a	n/a	n/a	6	2	n/a	n/a	n/a	n/a	n/a	left
15	72.509	0.000	incorrect	0.000	grate	n/a	n/a	n/a	n/a	n/a	n/a	6	2	n/a	n/a	n/a	n/a	n/a	right
15	74.008	3.000	don't know	0.452	retrieval	retprac	face	scene	object	don't know	don't know	7	2	106	34	82	210	74.0	n/a
15	79.042	0.382	correct	0.382	grate	n/a	n/a	n/a	n/a	n/a	n/a	7	2	n/a	n/a	n/a	n/a	n/a	left
15	79.942	0.348	correct	0.348	grate	n/a	n/a	n/a	n/a	n/a	n/a	7	2	n/a	n/a	n/a	n/a	n/a	left
15	80.808	0.378	correct	0.378	grate	n/a	n/a	n/a	n/a	n/a	n/a	7	2	n/a	n/a	n/a	n/a	n/a	right
15	81.708	0.316	correct	0.316	grate	n/a	n/a	n/a	n/a	n/a	n/a	7	2	n/a	n/a	n/a	n/a	n/a	left
15	82.541	0.355	correct	0.355	grate	n/a	n/a	n/a	n/a	n/a	n/a	7	2	n/a	n/a	n/a	n/a	n/a	left
15	83.408	0.355	correct	0.355	grate	n/a	n/a	n/a	n/a	n/a	n/a	7	2	n/a	n/a	n/a	n/a	n/a	right
15	84.275	0.233	incorrect	0.233	grate	n/a	n/a	n/a	n/a	n/a	n/a	7	2	n/a	n/a	n/a	n/a	n/a	right
15	86.007	3.000	forget	0.342	retrieval	retprac	object	face	scene	competitor	face	8	2	16	64	164	16	86.0	n/a
15	91.041	0.383	correct	0.383	grate	n/a	n/a	n/a	n/a	n/a	n/a	8	2	n/a	n/a	n/a	n/a	n/a	left
15	91.941	0.371	correct	0.371	grate	n/a	n/a	n/a	n/a	n/a	n/a	8	2	n/a	n/a	n/a	n/a	n/a	right
15	92.824	0.401	correct	0.401	grate	n/a	n/a	n/a	n/a	n/a	n/a	8	2	n/a	n/a	n/a	n/a	n/a	right
15	93.740	0.299	correct	0.299	grate	n/a	n/a	n/a	n/a	n/a	n/a	8	2	n/a	n/a	n/a	n/a	n/a	left
15	94.557	0.323	correct	0.323	grate	n/a	n/a	n/a	n/a	n/a	n/a	8	2	n/a	n/a	n/a	n/a	n/a	right
15	95.407	0.401	correct	0.401	grate	n/a	n/a	n/a	n/a	n/a	n/a	8	2	n/a	n/a	n/a	n/a	n/a	right
15	96.323	0.183	incorrect	0.183	grate	n/a	n/a	n/a	n/a	n/a	n/a	8	2	n/a	n/a	n/a	n/a	n/a	left
15	98.022	3.000	remember	0.493	retrieval	retprac	object	scene	face	target	object	9	2	136	88	188	240	98.0	n/a
15	103.056	0.447	correct	0.447	grate	n/a	n/a	n/a	n/a	n/a	n/a	9	2	n/a	n/a	n/a	n/a	n/a	right
15	104.023	0.384	correct	0.384	grate	n/a	n/a	n/a	n/a	n/a	n/a	9	2	n/a	n/a	n/a	n/a	n/a	left
15	104.923	0.301	correct	0.301	grate	n/a	n/a	n/a	n/a	n/a	n/a	9	2	n/a	n/a	n/a	n/a	n/a	right
15	105.739	0.316	correct	0.316	grate	n/a	n/a	n/a	n/a	n/a	n/a	9	2	n/a	n/a	n/a	n/a	n/a	left
15	106.572	0.331	correct	0.331	grate	n/a	n/a	n/a	n/a	n/a	n/a	9	2	n/a	n/a	n/a	n/a	n/a	right
15	107.422	0.490	correct	0.490	grate	n/a	n/a	n/a	n/a	n/a	n/a	9	2	n/a	n/a	n/a	n/a	n/a	right
15	108.422	0.100	incorrect	0.100	grate	n/a	n/a	n/a	n/a	n/a	n/a	9	2	n/a	n/a	n/a	n/a	n/a	right
15	110.021	3.000	forget	0.550	retrieval	restudy	face	object	scene	competitor	object	10	2	61	13	61	113	110.0	n/a
15	115.055	0.352	correct	0.352	grate	n/a	n/a	n/a	n/a	n/a	n/a	10	2	n/a	n/a	n/a	n/a	n/a	right
15	115.921	0.358	correct	0.358	grate	n/a	n/a	n/a	n/a	n/a	n/a	10	2	n/a	n/a	n/a	n/a	n/a	left
15	116.788	0.307	correct	0.307	grate	n/a	n/a	n/a	n/a	n/a	n/a	10	2	n/a	n/a	n/a	n/a	n/a	right
15	117.605	0.410	correct	0.410	grate	n/a	n/a	n/a	n/a	n/a	n/a	10	2	n/a	n/a	n/a	n/a	n/a	right
15	118.538	0.325	correct	0.325	grate	n/a	n/a	n/a	n/a	n/a	n/a	10	2	n/a	n/a	n/a	n/a	n/a	left
15	119.371	0.323	correct	0.323	grate	n/a	n/a	n/a	n/a	n/a	n/a	10	2	n/a	n/a	n/a	n/a	n/a	right
15	120.204	0.317	incorrect	0.317	grate	n/a	n/a	n/a	n/a	n/a	n/a	10	2	n/a	n/a	n/a	n/a	n/a	left
15	122.020	3.000	remember	0.271	retrieval	restudy	face	scene	object	target	face	11	2	109	37	85	213	122.0	n/a
15	127.054	0.417	correct	0.417	grate	n/a	n/a	n/a	n/a	n/a	n/a	11	2	n/a	n/a	n/a	n/a	n/a	left
15	127.987	0.347	correct	0.347	grate	n/a	n/a	n/a	n/a	n/a	n/a	11	2	n/a	n/a	n/a	n/a	n/a	right
15	128.853	0.417	correct	0.417	grate	n/a	n/a	n/a	n/a	n/a	n/a	11	2	n/a	n/a	n/a	n/a	n/a	right
15	129.787	0.340	correct	0.340	grate	n/a	n/a	n/a	n/a	n/a	n/a	11	2	n/a	n/a	n/a	n/a	n/a	left
15	130.637	0.322	correct	0.322	grate	n/a	n/a	n/a	n/a	n/a	n/a	11	2	n/a	n/a	n/a	n/a	n/a	right
15	131.470	0.320	correct	0.320	grate	n/a	n/a	n/a	n/a	n/a	n/a	11	2	n/a	n/a	n/a	n/a	n/a	left
15	132.303	0.217	incorrect	0.217	grate	n/a	n/a	n/a	n/a	n/a	n/a	11	2	n/a	n/a	n/a	n/a	n/a	left
15	134.019	3.000	remember	0.335	retrieval	retprac	face	object	scene	target	face	12	2	64	16	64	116	134.0	n/a
15	139.053	0.394	correct	0.394	grate	n/a	n/a	n/a	n/a	n/a	n/a	12	2	n/a	n/a	n/a	n/a	n/a	left
15	139.969	0.309	correct	0.309	grate	n/a	n/a	n/a	n/a	n/a	n/a	12	2	n/a	n/a	n/a	n/a	n/a	right
15	140.785	0.436	correct	0.436	grate	n/a	n/a	n/a	n/a	n/a	n/a	12	2	n/a	n/a	n/a	n/a	n/a	right
15	141.735	0.382	correct	0.382	grate	n/a	n/a	n/a	n/a	n/a	n/a	12	2	n/a	n/a	n/a	n/a	n/a	right
15	142.635	0.339	correct	0.339	grate	n/a	n/a	n/a	n/a	n/a	n/a	12	2	n/a	n/a	n/a	n/a	n/a	left
15	143.485	0.456	correct	0.456	grate	n/a	n/a	n/a	n/a	n/a	n/a	12	2	n/a	n/a	n/a	n/a	n/a	left
15	144.452	0.067	incorrect	0.067	grate	n/a	n/a	n/a	n/a	n/a	n/a	12	2	n/a	n/a	n/a	n/a	n/a	left
15	146.017	3.000	forget	0.336	retrieval	restudy	object	face	scene	competitor	face	13	2	11	59	159	11	146.0	n/a
15	151.051	0.378	correct	0.378	grate	n/a	n/a	n/a	n/a	n/a	n/a	13	2	n/a	n/a	n/a	n/a	n/a	right
15	151.951	0.414	correct	0.414	grate	n/a	n/a	n/a	n/a	n/a	n/a	13	2	n/a	n/a	n/a	n/a	n/a	right
15	152.884	0.401	correct	0.401	grate	n/a	n/a	n/a	n/a	n/a	n/a	13	2	n/a	n/a	n/a	n/a	n/a	right
15	153.801	0.388	correct	0.388	grate	n/a	n/a	n/a	n/a	n/a	n/a	13	2	n/a	n/a	n/a	n/a	n/a	left
15	154.701	0.360	correct	0.360	grate	n/a	n/a	n/a	n/a	n/a	n/a	13	2	n/a	n/a	n/a	n/a	n/a	left
15	155.584	0.350	correct	0.350	grate	n/a	n/a	n/a	n/a	n/a	n/a	13	2	n/a	n/a	n/a	n/a	n/a	right
15	156.451	0.067	incorrect	0.067	grate	n/a	n/a	n/a	n/a	n/a	n/a	13	2	n/a	n/a	n/a	n/a	n/a	right
15	158.016	3.000	remember	0.608	retrieval	restudy	scene	object	face	target	scene	14	2	81	129	281	133	158.0	n/a
15	163.050	0.331	correct	0.331	grate	n/a	n/a	n/a	n/a	n/a	n/a	14	2	n/a	n/a	n/a	n/a	n/a	right
15	163.900	0.393	correct	0.393	grate	n/a	n/a	n/a	n/a	n/a	n/a	14	2	n/a	n/a	n/a	n/a	n/a	right
15	164.800	0.405	correct	0.405	grate	n/a	n/a	n/a	n/a	n/a	n/a	14	2	n/a	n/a	n/a	n/a	n/a	right
15	165.716	0.409	correct	0.409	grate	n/a	n/a	n/a	n/a	n/a	n/a	14	2	n/a	n/a	n/a	n/a	n/a	right
15	166.633	0.372	correct	0.372	grate	n/a	n/a	n/a	n/a	n/a	n/a	14	2	n/a	n/a	n/a	n/a	n/a	left
15	167.516	0.384	correct	0.384	grate	n/a	n/a	n/a	n/a	n/a	n/a	14	2	n/a	n/a	n/a	n/a	n/a	left
15	168.416	0.100	incorrect	0.100	grate	n/a	n/a	n/a	n/a	n/a	n/a	14	2	n/a	n/a	n/a	n/a	n/a	right
15	170.015	3.000	forget	0.401	retrieval	retprac	scene	face	object	competitor	face	15	2	38	110	262	38	170.0	n/a
15	175.049	0.475	correct	0.475	grate	n/a	n/a	n/a	n/a	n/a	n/a	15	2	n/a	n/a	n/a	n/a	n/a	right
15	176.049	0.395	correct	0.395	grate	n/a	n/a	n/a	n/a	n/a	n/a	15	2	n/a	n/a	n/a	n/a	n/a	left
15	176.965	0.407	correct	0.407	grate	n/a	n/a	n/a	n/a	n/a	n/a	15	2	n/a	n/a	n/a	n/a	n/a	left
15	177.882	0.362	correct	0.362	grate	n/a	n/a	n/a	n/a	n/a	n/a	15	2	n/a	n/a	n/a	n/a	n/a	right
15	178.765	0.391	correct	0.391	grate	n/a	n/a	n/a	n/a	n/a	n/a	15	2	n/a	n/a	n/a	n/a	n/a	right
15	179.665	0.331	correct	0.331	grate	n/a	n/a	n/a	n/a	n/a	n/a	15	2	n/a	n/a	n/a	n/a	n/a	left
15	180.515	0.000	incorrect	0.000	grate	n/a	n/a	n/a	n/a	n/a	n/a	15	2	n/a	n/a	n/a	n/a	n/a	left
15	182.014	3.000	don't know	0.554	retrieval	restudy	object	scene	face	don't know	don't know	16	2	131	83	183	235	182.0	n/a
15	187.048	0.380	correct	0.380	grate	n/a	n/a	n/a	n/a	n/a	n/a	16	2	n/a	n/a	n/a	n/a	n/a	left
15	187.947	0.304	correct	0.304	grate	n/a	n/a	n/a	n/a	n/a	n/a	16	2	n/a	n/a	n/a	n/a	n/a	left
15	188.764	0.296	correct	0.296	grate	n/a	n/a	n/a	n/a	n/a	n/a	16	2	n/a	n/a	n/a	n/a	n/a	left
15	189.581	0.335	correct	0.335	grate	n/a	n/a	n/a	n/a	n/a	n/a	16	2	n/a	n/a	n/a	n/a	n/a	left
15	190.431	0.285	correct	0.285	grate	n/a	n/a	n/a	n/a	n/a	n/a	16	2	n/a	n/a	n/a	n/a	n/a	left
15	191.230	0.294	correct	0.294	grate	n/a	n/a	n/a	n/a	n/a	n/a	16	2	n/a	n/a	n/a	n/a	n/a	left
15	192.047	0.333	correct	0.333	grate	n/a	n/a	n/a	n/a	n/a	n/a	16	2	n/a	n/a	n/a	n/a	n/a	left
15	192.897	0.100	incorrect	0.100	grate	n/a	n/a	n/a	n/a	n/a	n/a	16	2	n/a	n/a	n/a	n/a	n/a	right
15	194.013	3.000	remember	0.315	retrieval	retprac	object	face	scene	target	object	17	2	14	62	162	14	194.0	n/a
15	199.046	0.357	correct	0.357	grate	n/a	n/a	n/a	n/a	n/a	n/a	17	2	n/a	n/a	n/a	n/a	n/a	right
15	199.930	0.370	correct	0.370	grate	n/a	n/a	n/a	n/a	n/a	n/a	17	2	n/a	n/a	n/a	n/a	n/a	right
15	200.813	0.399	correct	0.399	grate	n/a	n/a	n/a	n/a	n/a	n/a	17	2	n/a	n/a	n/a	n/a	n/a	left
15	201.729	0.386	correct	0.386	grate	n/a	n/a	n/a	n/a	n/a	n/a	17	2	n/a	n/a	n/a	n/a	n/a	left
15	202.629	0.358	correct	0.358	grate	n/a	n/a	n/a	n/a	n/a	n/a	17	2	n/a	n/a	n/a	n/a	n/a	right
15	203.496	0.307	correct	0.307	grate	n/a	n/a	n/a	n/a	n/a	n/a	17	2	n/a	n/a	n/a	n/a	n/a	left
15	204.312	0.200	incorrect	0.200	grate	n/a	n/a	n/a	n/a	n/a	n/a	17	2	n/a	n/a	n/a	n/a	n/a	left
15	206.011	3.000	forget	0.692	retrieval	restudy	scene	object	face	other	face	18	2	85	133	285	137	206.0	n/a
15	211.045	0.382	correct	0.382	grate	n/a	n/a	n/a	n/a	n/a	n/a	18	2	n/a	n/a	n/a	n/a	n/a	left
15	211.945	0.362	correct	0.362	grate	n/a	n/a	n/a	n/a	n/a	n/a	18	2	n/a	n/a	n/a	n/a	n/a	left
15	212.828	0.311	correct	0.311	grate	n/a	n/a	n/a	n/a	n/a	n/a	18	2	n/a	n/a	n/a	n/a	n/a	left
15	213.661	0.365	correct	0.365	grate	n/a	n/a	n/a	n/a	n/a	n/a	18	2	n/a	n/a	n/a	n/a	n/a	right
15	214.545	0.338	correct	0.338	grate	n/a	n/a	n/a	n/a	n/a	n/a	18	2	n/a	n/a	n/a	n/a	n/a	left
15	215.395	0.368	correct	0.368	grate	n/a	n/a	n/a	n/a	n/a	n/a	18	2	n/a	n/a	n/a	n/a	n/a	left
15	216.278	0.233	incorrect	0.233	grate	n/a	n/a	n/a	n/a	n/a	n/a	18	2	n/a	n/a	n/a	n/a	n/a	right
15	218.010	3.000	don't know	0.548	retrieval	retprac	scene	object	face	don't know	don't know	19	2	84	132	284	136	218.0	n/a
15	223.044	0.351	correct	0.351	grate	n/a	n/a	n/a	n/a	n/a	n/a	19	2	n/a	n/a	n/a	n/a	n/a	right
15	223.910	0.300	correct	0.300	grate	n/a	n/a	n/a	n/a	n/a	n/a	19	2	n/a	n/a	n/a	n/a	n/a	left
15	224.727	0.395	correct	0.395	grate	n/a	n/a	n/a	n/a	n/a	n/a	19	2	n/a	n/a	n/a	n/a	n/a	left
15	225.644	0.383	correct	0.383	grate	n/a	n/a	n/a	n/a	n/a	n/a	19	2	n/a	n/a	n/a	n/a	n/a	left
15	226.544	0.299	correct	0.299	grate	n/a	n/a	n/a	n/a	n/a	n/a	19	2	n/a	n/a	n/a	n/a	n/a	left
15	227.360	0.347	correct	0.347	grate	n/a	n/a	n/a	n/a	n/a	n/a	19	2	n/a	n/a	n/a	n/a	n/a	left
15	228.227	0.283	incorrect	0.283	grate	n/a	n/a	n/a	n/a	n/a	n/a	19	2	n/a	n/a	n/a	n/a	n/a	right
15	230.009	3.000	don't know	0.309	retrieval	restudy	scene	face	object	don't know	don't know	20	2	37	109	261	37	230.0	n/a
15	235.043	0.295	correct	0.295	grate	n/a	n/a	n/a	n/a	n/a	n/a	20	2	n/a	n/a	n/a	n/a	n/a	left
15	235.859	0.375	correct	0.375	grate	n/a	n/a	n/a	n/a	n/a	n/a	20	2	n/a	n/a	n/a	n/a	n/a	right
15	236.742	0.363	correct	0.363	grate	n/a	n/a	n/a	n/a	n/a	n/a	20	2	n/a	n/a	n/a	n/a	n/a	right
15	237.626	0.280	correct	0.280	grate	n/a	n/a	n/a	n/a	n/a	n/a	20	2	n/a	n/a	n/a	n/a	n/a	left
15	238.426	0.304	correct	0.304	grate	n/a	n/a	n/a	n/a	n/a	n/a	20	2	n/a	n/a	n/a	n/a	n/a	right
15	239.242	0.288	correct	0.288	grate	n/a	n/a	n/a	n/a	n/a	n/a	20	2	n/a	n/a	n/a	n/a	n/a	left
15	240.042	0.320	correct	0.320	grate	n/a	n/a	n/a	n/a	n/a	n/a	20	2	n/a	n/a	n/a	n/a	n/a	right
15	240.875	0.100	incorrect	0.100	grate	n/a	n/a	n/a	n/a	n/a	n/a	20	2	n/a	n/a	n/a	n/a	n/a	left
15	242.024	3.000	forget	0.245	retrieval	restudy	face	scene	object	competitor	scene	21	2	105	33	81	209	242.0	n/a
15	247.058	0.399	correct	0.399	grate	n/a	n/a	n/a	n/a	n/a	n/a	21	2	n/a	n/a	n/a	n/a	n/a	right
15	247.975	0.347	correct	0.347	grate	n/a	n/a	n/a	n/a	n/a	n/a	21	2	n/a	n/a	n/a	n/a	n/a	left
15	248.841	0.312	correct	0.312	grate	n/a	n/a	n/a	n/a	n/a	n/a	21	2	n/a	n/a	n/a	n/a	n/a	right
15	249.674	0.367	correct	0.367	grate	n/a	n/a	n/a	n/a	n/a	n/a	21	2	n/a	n/a	n/a	n/a	n/a	right
15	250.558	0.308	correct	0.308	grate	n/a	n/a	n/a	n/a	n/a	n/a	21	2	n/a	n/a	n/a	n/a	n/a	left
15	251.374	0.307	correct	0.307	grate	n/a	n/a	n/a	n/a	n/a	n/a	21	2	n/a	n/a	n/a	n/a	n/a	right
15	252.191	0.333	incorrect	0.333	grate	n/a	n/a	n/a	n/a	n/a	n/a	21	2	n/a	n/a	n/a	n/a	n/a	right
15	254.006	3.000	forget	0.278	retrieval	restudy	object	face	scene	competitor	face	22	2	13	61	161	13	254.0	n/a
15	259.040	0.945	correct	0.945	grate	n/a	n/a	n/a	n/a	n/a	n/a	22	2	n/a	n/a	n/a	n/a	n/a	left
15	260.507	0.318	correct	0.318	grate	n/a	n/a	n/a	n/a	n/a	n/a	22	2	n/a	n/a	n/a	n/a	n/a	right
15	261.340	0.365	correct	0.365	grate	n/a	n/a	n/a	n/a	n/a	n/a	22	2	n/a	n/a	n/a	n/a	n/a	right
15	262.223	0.298	correct	0.298	grate	n/a	n/a	n/a	n/a	n/a	n/a	22	2	n/a	n/a	n/a	n/a	n/a	left
15	263.040	0.329	correct	0.329	grate	n/a	n/a	n/a	n/a	n/a	n/a	22	2	n/a	n/a	n/a	n/a	n/a	right
15	263.890	0.303	incorrect	0.303	grate	n/a	n/a	n/a	n/a	n/a	n/a	22	2	n/a	n/a	n/a	n/a	n/a	right
15	264.706	0.100	incorrect	0.100	grate	n/a	n/a	n/a	n/a	n/a	n/a	22	2	n/a	n/a	n/a	n/a	n/a	right
15	266.022	3.000	don't know	0.375	retrieval	retprac	object	face	scene	don't know	don't know	23	2	10	58	158	10	266.0	n/a
15	271.056	0.449	correct	0.449	grate	n/a	n/a	n/a	n/a	n/a	n/a	23	2	n/a	n/a	n/a	n/a	n/a	right
15	272.022	0.426	correct	0.426	grate	n/a	n/a	n/a	n/a	n/a	n/a	23	2	n/a	n/a	n/a	n/a	n/a	left
15	272.955	0.453	correct	0.453	grate	n/a	n/a	n/a	n/a	n/a	n/a	23	2	n/a	n/a	n/a	n/a	n/a	left
15	273.922	0.399	correct	0.399	grate	n/a	n/a	n/a	n/a	n/a	n/a	23	2	n/a	n/a	n/a	n/a	n/a	left
15	274.839	0.339	correct	0.339	grate	n/a	n/a	n/a	n/a	n/a	n/a	23	2	n/a	n/a	n/a	n/a	n/a	left
15	275.688	0.400	correct	0.400	grate	n/a	n/a	n/a	n/a	n/a	n/a	23	2	n/a	n/a	n/a	n/a	n/a	right
15	276.605	0.100	incorrect	0.100	grate	n/a	n/a	n/a	n/a	n/a	n/a	23	2	n/a	n/a	n/a	n/a	n/a	right
15	278.021	3.000	forget	0.423	retrieval	retprac	object	face	scene	competitor	face	24	2	12	60	160	12	278.0	n/a
15	283.054	0.345	correct	0.345	grate	n/a	n/a	n/a	n/a	n/a	n/a	24	2	n/a	n/a	n/a	n/a	n/a	right
15	283.921	0.464	correct	0.464	grate	n/a	n/a	n/a	n/a	n/a	n/a	24	2	n/a	n/a	n/a	n/a	n/a	left
15	284.904	0.423	correct	0.423	grate	n/a	n/a	n/a	n/a	n/a	n/a	24	2	n/a	n/a	n/a	n/a	n/a	left
15	285.837	0.322	correct	0.322	grate	n/a	n/a	n/a	n/a	n/a	n/a	24	2	n/a	n/a	n/a	n/a	n/a	left
15	286.671	0.329	correct	0.329	grate	n/a	n/a	n/a	n/a	n/a	n/a	24	2	n/a	n/a	n/a	n/a	n/a	right
15	287.521	0.384	correct	0.384	grate	n/a	n/a	n/a	n/a	n/a	n/a	24	2	n/a	n/a	n/a	n/a	n/a	right
15	288.421	0.100	incorrect	0.100	grate	n/a	n/a	n/a	n/a	n/a	n/a	24	2	n/a	n/a	n/a	n/a	n/a	right
15	290.019	3.000	forget	0.272	retrieval	restudy	scene	object	face	competitor	object	25	2	87	135	287	139	290.0	n/a
15	295.053	0.370	correct	0.370	grate	n/a	n/a	n/a	n/a	n/a	n/a	25	2	n/a	n/a	n/a	n/a	n/a	left
15	295.936	0.392	correct	0.392	grate	n/a	n/a	n/a	n/a	n/a	n/a	25	2	n/a	n/a	n/a	n/a	n/a	left
15	296.836	0.331	correct	0.331	grate	n/a	n/a	n/a	n/a	n/a	n/a	25	2	n/a	n/a	n/a	n/a	n/a	left
15	297.686	0.329	correct	0.329	grate	n/a	n/a	n/a	n/a	n/a	n/a	25	2	n/a	n/a	n/a	n/a	n/a	left
15	298.536	0.367	correct	0.367	grate	n/a	n/a	n/a	n/a	n/a	n/a	25	2	n/a	n/a	n/a	n/a	n/a	left
15	299.419	0.324	correct	0.324	grate	n/a	n/a	n/a	n/a	n/a	n/a	25	2	n/a	n/a	n/a	n/a	n/a	left
15	300.253	0.267	incorrect	0.267	grate	n/a	n/a	n/a	n/a	n/a	n/a	25	2	n/a	n/a	n/a	n/a	n/a	right
15	302.018	3.000	forget	0.290	retrieval	restudy	object	scene	face	competitor	scene	26	2	135	87	187	239	302.0	n/a
15	307.052	0.331	correct	0.331	grate	n/a	n/a	n/a	n/a	n/a	n/a	26	2	n/a	n/a	n/a	n/a	n/a	left
15	307.902	0.345	correct	0.345	grate	n/a	n/a	n/a	n/a	n/a	n/a	26	2	n/a	n/a	n/a	n/a	n/a	left
15	308.768	0.294	correct	0.294	grate	n/a	n/a	n/a	n/a	n/a	n/a	26	2	n/a	n/a	n/a	n/a	n/a	left
15	309.585	0.350	correct	0.350	grate	n/a	n/a	n/a	n/a	n/a	n/a	26	2	n/a	n/a	n/a	n/a	n/a	left
15	310.452	0.411	correct	0.411	grate	n/a	n/a	n/a	n/a	n/a	n/a	26	2	n/a	n/a	n/a	n/a	n/a	right
15	311.385	0.326	correct	0.326	grate	n/a	n/a	n/a	n/a	n/a	n/a	26	2	n/a	n/a	n/a	n/a	n/a	left
15	312.235	0.283	incorrect	0.283	grate	n/a	n/a	n/a	n/a	n/a	n/a	26	2	n/a	n/a	n/a	n/a	n/a	left
15	314.017	3.000	remember	0.281	retrieval	retprac	scene	face	object	target	scene	27	2	36	108	260	36	314.0	n/a
15	319.051	0.307	correct	0.307	grate	n/a	n/a	n/a	n/a	n/a	n/a	27	2	n/a	n/a	n/a	n/a	n/a	left
15	319.867	0.403	correct	0.403	grate	n/a	n/a	n/a	n/a	n/a	n/a	27	2	n/a	n/a	n/a	n/a	n/a	right
15	320.784	0.326	correct	0.326	grate	n/a	n/a	n/a	n/a	n/a	n/a	27	2	n/a	n/a	n/a	n/a	n/a	left
15	321.634	0.311	correct	0.311	grate	n/a	n/a	n/a	n/a	n/a	n/a	27	2	n/a	n/a	n/a	n/a	n/a	right
15	322.467	0.284	correct	0.284	grate	n/a	n/a	n/a	n/a	n/a	n/a	27	2	n/a	n/a	n/a	n/a	n/a	left
15	323.267	0.291	incorrect	0.291	grate	n/a	n/a	n/a	n/a	n/a	n/a	27	2	n/a	n/a	n/a	n/a	n/a	left
15	324.083	0.379	correct	0.379	grate	n/a	n/a	n/a	n/a	n/a	n/a	27	2	n/a	n/a	n/a	n/a	n/a	left
15	324.983	0.100	incorrect	0.100	grate	n/a	n/a	n/a	n/a	n/a	n/a	27	2	n/a	n/a	n/a	n/a	n/a	left
15	326.016	3.000	don't know	0.850	retrieval	retprac	object	scene	face	don't know	don't know	28	2	132	84	184	236	326.0	n/a
15	331.050	0.444	correct	0.444	grate	n/a	n/a	n/a	n/a	n/a	n/a	28	2	n/a	n/a	n/a	n/a	n/a	right
15	332.016	0.319	incorrect	0.319	grate	n/a	n/a	n/a	n/a	n/a	n/a	28	2	n/a	n/a	n/a	n/a	n/a	right
15	332.849	0.348	correct	0.348	grate	n/a	n/a	n/a	n/a	n/a	n/a	28	2	n/a	n/a	n/a	n/a	n/a	right
15	333.716	0.402	correct	0.402	grate	n/a	n/a	n/a	n/a	n/a	n/a	28	2	n/a	n/a	n/a	n/a	n/a	left
15	334.633	0.349	correct	0.349	grate	n/a	n/a	n/a	n/a	n/a	n/a	28	2	n/a	n/a	n/a	n/a	n/a	right
15	335.499	0.442	correct	0.442	grate	n/a	n/a	n/a	n/a	n/a	n/a	28	2	n/a	n/a	n/a	n/a	n/a	right
15	336.449	0.067	incorrect	0.067	grate	n/a	n/a	n/a	n/a	n/a	n/a	28	2	n/a	n/a	n/a	n/a	n/a	left
15	338.015	3.000	remember	0.324	retrieval	retprac	face	scene	object	target	face	29	2	110	38	86	214	338.0	n/a
15	343.048	0.397	correct	0.397	grate	n/a	n/a	n/a	n/a	n/a	n/a	29	2	n/a	n/a	n/a	n/a	n/a	left
15	343.965	0.392	correct	0.392	grate	n/a	n/a	n/a	n/a	n/a	n/a	29	2	n/a	n/a	n/a	n/a	n/a	right
15	344.865	0.390	correct	0.390	grate	n/a	n/a	n/a	n/a	n/a	n/a	29	2	n/a	n/a	n/a	n/a	n/a	left
15	345.765	0.312	correct	0.312	grate	n/a	n/a	n/a	n/a	n/a	n/a	29	2	n/a	n/a	n/a	n/a	n/a	right
15	346.598	0.432	correct	0.432	grate	n/a	n/a	n/a	n/a	n/a	n/a	29	2	n/a	n/a	n/a	n/a	n/a	right
15	347.548	0.345	correct	0.345	grate	n/a	n/a	n/a	n/a	n/a	n/a	29	2	n/a	n/a	n/a	n/a	n/a	left
15	348.414	0.100	incorrect	0.100	grate	n/a	n/a	n/a	n/a	n/a	n/a	29	2	n/a	n/a	n/a	n/a	n/a	right
15	350.013	3.000	don't know	0.291	retrieval	restudy	object	face	scene	don't know	don't know	30	2	15	63	163	15	350.0	n/a
15	355.047	0.366	correct	0.366	grate	n/a	n/a	n/a	n/a	n/a	n/a	30	2	n/a	n/a	n/a	n/a	n/a	left
15	355.930	0.322	correct	0.322	grate	n/a	n/a	n/a	n/a	n/a	n/a	30	2	n/a	n/a	n/a	n/a	n/a	left
15	356.763	0.354	correct	0.354	grate	n/a	n/a	n/a	n/a	n/a	n/a	30	2	n/a	n/a	n/a	n/a	n/a	right
15	357.630	0.287	correct	0.287	grate	n/a	n/a	n/a	n/a	n/a	n/a	30	2	n/a	n/a	n/a	n/a	n/a	left
15	358.430	0.350	correct	0.350	grate	n/a	n/a	n/a	n/a	n/a	n/a	30	2	n/a	n/a	n/a	n/a	n/a	left
15	359.296	0.356	correct	0.356	grate	n/a	n/a	n/a	n/a	n/a	n/a	30	2	n/a	n/a	n/a	n/a	n/a	left
15	360.163	0.350	incorrect	0.350	grate	n/a	n/a	n/a	n/a	n/a	n/a	30	2	n/a	n/a	n/a	n/a	n/a	left
15	362.012	3.000	remember	0.316	retrieval	retprac	face	scene	object	target	face	31	2	112	40	88	216	362.0	n/a
15	367.046	0.343	correct	0.343	grate	n/a	n/a	n/a	n/a	n/a	n/a	31	2	n/a	n/a	n/a	n/a	n/a	left
15	367.912	0.388	incorrect	0.388	grate	n/a	n/a	n/a	n/a	n/a	n/a	31	2	n/a	n/a	n/a	n/a	n/a	left
15	368.812	0.424	correct	0.424	grate	n/a	n/a	n/a	n/a	n/a	n/a	31	2	n/a	n/a	n/a	n/a	n/a	right
15	369.762	0.378	correct	0.378	grate	n/a	n/a	n/a	n/a	n/a	n/a	31	2	n/a	n/a	n/a	n/a	n/a	left
15	370.662	0.374	correct	0.374	grate	n/a	n/a	n/a	n/a	n/a	n/a	31	2	n/a	n/a	n/a	n/a	n/a	left
15	371.545	0.435	correct	0.435	grate	n/a	n/a	n/a	n/a	n/a	n/a	31	2	n/a	n/a	n/a	n/a	n/a	left
15	372.495	0.017	incorrect	0.017	grate	n/a	n/a	n/a	n/a	n/a	n/a	31	2	n/a	n/a	n/a	n/a	n/a	left
15	374.011	3.000	remember	0.661	retrieval	restudy	face	scene	object	target	face	32	2	111	39	87	215	374.0	n/a
15	379.045	0.344	correct	0.344	grate	n/a	n/a	n/a	n/a	n/a	n/a	32	2	n/a	n/a	n/a	n/a	n/a	right
15	379.911	0.332	correct	0.332	grate	n/a	n/a	n/a	n/a	n/a	n/a	32	2	n/a	n/a	n/a	n/a	n/a	left
15	380.761	0.339	correct	0.339	grate	n/a	n/a	n/a	n/a	n/a	n/a	32	2	n/a	n/a	n/a	n/a	n/a	left
15	381.611	0.433	correct	0.433	grate	n/a	n/a	n/a	n/a	n/a	n/a	32	2	n/a	n/a	n/a	n/a	n/a	left
15	382.561	0.379	correct	0.379	grate	n/a	n/a	n/a	n/a	n/a	n/a	32	2	n/a	n/a	n/a	n/a	n/a	left
15	383.461	0.407	correct	0.407	grate	n/a	n/a	n/a	n/a	n/a	n/a	32	2	n/a	n/a	n/a	n/a	n/a	left
15	384.377	0.133	incorrect	0.133	grate	n/a	n/a	n/a	n/a	n/a	n/a	32	2	n/a	n/a	n/a	n/a	n/a	left
15	386.010	3.000	remember	0.270	retrieval	restudy	scene	face	object	target	scene	33	2	35	107	259	35	386.0	n/a
15	391.043	0.432	correct	0.432	grate	n/a	n/a	n/a	n/a	n/a	n/a	33	2	n/a	n/a	n/a	n/a	n/a	right
15	391.993	0.378	correct	0.378	grate	n/a	n/a	n/a	n/a	n/a	n/a	33	2	n/a	n/a	n/a	n/a	n/a	left
15	392.893	0.375	correct	0.375	grate	n/a	n/a	n/a	n/a	n/a	n/a	33	2	n/a	n/a	n/a	n/a	n/a	right
15	393.776	0.435	correct	0.435	grate	n/a	n/a	n/a	n/a	n/a	n/a	33	2	n/a	n/a	n/a	n/a	n/a	right
15	394.726	0.318	correct	0.318	grate	n/a	n/a	n/a	n/a	n/a	n/a	33	2	n/a	n/a	n/a	n/a	n/a	left
15	395.560	0.452	correct	0.452	grate	n/a	n/a	n/a	n/a	n/a	n/a	33	2	n/a	n/a	n/a	n/a	n/a	left
15	396.526	0.100	incorrect	0.100	grate	n/a	n/a	n/a	n/a	n/a	n/a	33	2	n/a	n/a	n/a	n/a	n/a	left
15	398.008	3.000	forget	0.350	retrieval	retprac	face	object	scene	competitor	object	34	2	60	12	60	112	398.0	n/a
15	403.042	0.353	correct	0.353	grate	n/a	n/a	n/a	n/a	n/a	n/a	34	2	n/a	n/a	n/a	n/a	n/a	left
15	403.909	0.350	correct	0.350	grate	n/a	n/a	n/a	n/a	n/a	n/a	34	2	n/a	n/a	n/a	n/a	n/a	left
15	404.775	0.403	correct	0.403	grate	n/a	n/a	n/a	n/a	n/a	n/a	34	2	n/a	n/a	n/a	n/a	n/a	right
15	405.692	0.455	correct	0.455	grate	n/a	n/a	n/a	n/a	n/a	n/a	34	2	n/a	n/a	n/a	n/a	n/a	right
15	406.659	0.424	correct	0.424	grate	n/a	n/a	n/a	n/a	n/a	n/a	34	2	n/a	n/a	n/a	n/a	n/a	left
15	407.592	0.355	correct	0.355	grate	n/a	n/a	n/a	n/a	n/a	n/a	34	2	n/a	n/a	n/a	n/a	n/a	left
15	408.458	0.050	incorrect	0.050	grate	n/a	n/a	n/a	n/a	n/a	n/a	34	2	n/a	n/a	n/a	n/a	n/a	right
15	410.007	3.000	don't know	0.496	retrieval	restudy	object	scene	face	don't know	don't know	35	2	133	85	185	237	410.0	n/a
15	415.041	0.425	correct	0.425	grate	n/a	n/a	n/a	n/a	n/a	n/a	35	2	n/a	n/a	n/a	n/a	n/a	right
15	415.974	0.324	correct	0.324	grate	n/a	n/a	n/a	n/a	n/a	n/a	35	2	n/a	n/a	n/a	n/a	n/a	left
15	416.807	0.395	correct	0.395	grate	n/a	n/a	n/a	n/a	n/a	n/a	35	2	n/a	n/a	n/a	n/a	n/a	left
15	417.724	0.350	correct	0.350	grate	n/a	n/a	n/a	n/a	n/a	n/a	35	2	n/a	n/a	n/a	n/a	n/a	left
15	418.591	0.372	correct	0.372	grate	n/a	n/a	n/a	n/a	n/a	n/a	35	2	n/a	n/a	n/a	n/a	n/a	right
15	419.474	0.272	correct	0.272	grate	n/a	n/a	n/a	n/a	n/a	n/a	35	2	n/a	n/a	n/a	n/a	n/a	left
15	420.257	0.250	incorrect	0.250	grate	n/a	n/a	n/a	n/a	n/a	n/a	35	2	n/a	n/a	n/a	n/a	n/a	right
15	422.023	3.000	forget	0.367	retrieval	retprac	object	scene	face	competitor	scene	36	2	134	86	186	238	422.0	n/a
15	427.057	0.378	correct	0.378	grate	n/a	n/a	n/a	n/a	n/a	n/a	36	2	n/a	n/a	n/a	n/a	n/a	right
15	427.956	0.334	correct	0.334	grate	n/a	n/a	n/a	n/a	n/a	n/a	36	2	n/a	n/a	n/a	n/a	n/a	left
15	428.806	0.371	correct	0.371	grate	n/a	n/a	n/a	n/a	n/a	n/a	36	2	n/a	n/a	n/a	n/a	n/a	right
15	429.690	0.320	correct	0.320	grate	n/a	n/a	n/a	n/a	n/a	n/a	36	2	n/a	n/a	n/a	n/a	n/a	left
15	430.523	0.375	correct	0.375	grate	n/a	n/a	n/a	n/a	n/a	n/a	36	2	n/a	n/a	n/a	n/a	n/a	left
15	431.422	0.291	correct	0.291	grate	n/a	n/a	n/a	n/a	n/a	n/a	36	2	n/a	n/a	n/a	n/a	n/a	right
15	432.223	0.300	incorrect	0.300	grate	n/a	n/a	n/a	n/a	n/a	n/a	36	2	n/a	n/a	n/a	n/a	n/a	right
15	434.021	3.000	remember	0.376	retrieval	restudy	object	scene	face	target	object	37	2	129	81	181	233	434.0	n/a
15	439.055	0.370	correct	0.370	grate	n/a	n/a	n/a	n/a	n/a	n/a	37	2	n/a	n/a	n/a	n/a	n/a	left
15	439.938	0.399	correct	0.399	grate	n/a	n/a	n/a	n/a	n/a	n/a	37	2	n/a	n/a	n/a	n/a	n/a	right
15	440.855	0.298	correct	0.298	grate	n/a	n/a	n/a	n/a	n/a	n/a	37	2	n/a	n/a	n/a	n/a	n/a	left
15	441.672	0.354	correct	0.354	grate	n/a	n/a	n/a	n/a	n/a	n/a	37	2	n/a	n/a	n/a	n/a	n/a	left
15	442.538	0.359	correct	0.359	grate	n/a	n/a	n/a	n/a	n/a	n/a	37	2	n/a	n/a	n/a	n/a	n/a	right
15	443.421	0.420	correct	0.420	grate	n/a	n/a	n/a	n/a	n/a	n/a	37	2	n/a	n/a	n/a	n/a	n/a	right
15	444.355	0.167	incorrect	0.167	grate	n/a	n/a	n/a	n/a	n/a	n/a	37	2	n/a	n/a	n/a	n/a	n/a	left
15	446.020	3.000	remember	0.440	retrieval	restudy	face	object	scene	target	face	38	2	63	15	63	115	446.0	n/a
15	451.054	0.339	correct	0.339	grate	n/a	n/a	n/a	n/a	n/a	n/a	38	2	n/a	n/a	n/a	n/a	n/a	left
15	451.904	0.321	correct	0.321	grate	n/a	n/a	n/a	n/a	n/a	n/a	38	2	n/a	n/a	n/a	n/a	n/a	left
15	452.737	0.368	correct	0.368	grate	n/a	n/a	n/a	n/a	n/a	n/a	38	2	n/a	n/a	n/a	n/a	n/a	left
15	453.620	0.301	correct	0.301	grate	n/a	n/a	n/a	n/a	n/a	n/a	38	2	n/a	n/a	n/a	n/a	n/a	left
15	454.437	0.372	correct	0.372	grate	n/a	n/a	n/a	n/a	n/a	n/a	38	2	n/a	n/a	n/a	n/a	n/a	right
15	455.320	0.322	correct	0.322	grate	n/a	n/a	n/a	n/a	n/a	n/a	38	2	n/a	n/a	n/a	n/a	n/a	left
15	456.153	0.360	correct	0.360	grate	n/a	n/a	n/a	n/a	n/a	n/a	38	2	n/a	n/a	n/a	n/a	n/a	left
15	458.019	3.000	forget	0.273	retrieval	retprac	scene	object	face	competitor	object	39	2	82	130	282	134	458.0	n/a
15	463.053	0.371	correct	0.371	grate	n/a	n/a	n/a	n/a	n/a	n/a	39	2	n/a	n/a	n/a	n/a	n/a	right
15	463.936	0.424	correct	0.424	grate	n/a	n/a	n/a	n/a	n/a	n/a	39	2	n/a	n/a	n/a	n/a	n/a	right
15	464.869	0.379	correct	0.379	grate	n/a	n/a	n/a	n/a	n/a	n/a	39	2	n/a	n/a	n/a	n/a	n/a	right
15	465.769	0.408	correct	0.408	grate	n/a	n/a	n/a	n/a	n/a	n/a	39	2	n/a	n/a	n/a	n/a	n/a	left
15	466.686	0.371	correct	0.371	grate	n/a	n/a	n/a	n/a	n/a	n/a	39	2	n/a	n/a	n/a	n/a	n/a	left
15	467.569	0.367	correct	0.367	grate	n/a	n/a	n/a	n/a	n/a	n/a	39	2	n/a	n/a	n/a	n/a	n/a	right
15	468.452	0.067	incorrect	0.067	grate	n/a	n/a	n/a	n/a	n/a	n/a	39	2	n/a	n/a	n/a	n/a	n/a	left
15	470.018	3.000	don't know	0.578	retrieval	retprac	scene	face	object	don't know	don't know	40	2	40	112	264	40	470.0	n/a
15	475.052	0.364	correct	0.364	grate	n/a	n/a	n/a	n/a	n/a	n/a	40	2	n/a	n/a	n/a	n/a	n/a	right
15	475.935	0.297	correct	0.297	grate	n/a	n/a	n/a	n/a	n/a	n/a	40	2	n/a	n/a	n/a	n/a	n/a	left
15	476.751	0.336	correct	0.336	grate	n/a	n/a	n/a	n/a	n/a	n/a	40	2	n/a	n/a	n/a	n/a	n/a	right
15	477.601	0.286	correct	0.286	grate	n/a	n/a	n/a	n/a	n/a	n/a	40	2	n/a	n/a	n/a	n/a	n/a	left
15	478.401	0.278	correct	0.278	grate	n/a	n/a	n/a	n/a	n/a	n/a	40	2	n/a	n/a	n/a	n/a	n/a	right
15	479.201	0.407	correct	0.407	grate	n/a	n/a	n/a	n/a	n/a	n/a	40	2	n/a	n/a	n/a	n/a	n/a	left
15	480.118	0.400	incorrect	0.400	grate	n/a	n/a	n/a	n/a	n/a	n/a	40	2	n/a	n/a	n/a	n/a	n/a	left
15	482.017	3.000	remember	0.307	retrieval	retprac	face	object	scene	target	face	41	2	58	10	58	110	482.0	n/a
15	487.050	0.365	correct	0.365	grate	n/a	n/a	n/a	n/a	n/a	n/a	41	2	n/a	n/a	n/a	n/a	n/a	right
15	487.934	0.418	correct	0.418	grate	n/a	n/a	n/a	n/a	n/a	n/a	41	2	n/a	n/a	n/a	n/a	n/a	right
15	488.867	0.381	correct	0.381	grate	n/a	n/a	n/a	n/a	n/a	n/a	41	2	n/a	n/a	n/a	n/a	n/a	right
15	489.767	0.368	correct	0.368	grate	n/a	n/a	n/a	n/a	n/a	n/a	41	2	n/a	n/a	n/a	n/a	n/a	right
15	490.650	0.349	correct	0.349	grate	n/a	n/a	n/a	n/a	n/a	n/a	41	2	n/a	n/a	n/a	n/a	n/a	right
15	491.517	0.835	correct	0.835	grate	n/a	n/a	n/a	n/a	n/a	n/a	41	2	n/a	n/a	n/a	n/a	n/a	right
15	492.866	0.100	incorrect	0.100	grate	n/a	n/a	n/a	n/a	n/a	n/a	41	2	n/a	n/a	n/a	n/a	n/a	right
15	494.015	3.000	forget	0.667	retrieval	retprac	face	scene	object	competitor	scene	42	2	108	36	84	212	494.0	n/a
15	499.049	0.421	correct	0.421	grate	n/a	n/a	n/a	n/a	n/a	n/a	42	2	n/a	n/a	n/a	n/a	n/a	right
15	499.982	0.361	correct	0.361	grate	n/a	n/a	n/a	n/a	n/a	n/a	42	2	n/a	n/a	n/a	n/a	n/a	left
15	500.866	0.333	correct	0.333	grate	n/a	n/a	n/a	n/a	n/a	n/a	42	2	n/a	n/a	n/a	n/a	n/a	right
15	501.715	0.364	correct	0.364	grate	n/a	n/a	n/a	n/a	n/a	n/a	42	2	n/a	n/a	n/a	n/a	n/a	right
15	502.599	0.352	correct	0.352	grate	n/a	n/a	n/a	n/a	n/a	n/a	42	2	n/a	n/a	n/a	n/a	n/a	right
15	503.465	0.397	correct	0.397	grate	n/a	n/a	n/a	n/a	n/a	n/a	42	2	n/a	n/a	n/a	n/a	n/a	left
15	504.382	0.134	incorrect	0.134	grate	n/a	n/a	n/a	n/a	n/a	n/a	42	2	n/a	n/a	n/a	n/a	n/a	right
15	506.014	3.000	don't know	0.292	retrieval	retprac	scene	face	object	don't know	don't know	43	2	34	106	258	34	506.0	n/a
15	511.048	0.998	correct	0.998	grate	n/a	n/a	n/a	n/a	n/a	n/a	43	2	n/a	n/a	n/a	n/a	n/a	left
15	512.564	0.418	correct	0.418	grate	n/a	n/a	n/a	n/a	n/a	n/a	43	2	n/a	n/a	n/a	n/a	n/a	right
15	513.498	0.389	correct	0.389	grate	n/a	n/a	n/a	n/a	n/a	n/a	43	2	n/a	n/a	n/a	n/a	n/a	right
15	514.398	0.369	correct	0.369	grate	n/a	n/a	n/a	n/a	n/a	n/a	43	2	n/a	n/a	n/a	n/a	n/a	left
15	515.281	0.381	correct	0.381	grate	n/a	n/a	n/a	n/a	n/a	n/a	43	2	n/a	n/a	n/a	n/a	n/a	left
15	516.180	0.334	incorrect	0.334	grate	n/a	n/a	n/a	n/a	n/a	n/a	43	2	n/a	n/a	n/a	n/a	n/a	left
15	518.013	3.000	forget	0.709	retrieval	restudy	face	scene	object	other	object	44	2	107	35	83	211	518.0	n/a
15	523.047	0.343	correct	0.343	grate	n/a	n/a	n/a	n/a	n/a	n/a	44	2	n/a	n/a	n/a	n/a	n/a	left
15	523.913	0.406	correct	0.406	grate	n/a	n/a	n/a	n/a	n/a	n/a	44	2	n/a	n/a	n/a	n/a	n/a	right
15	524.830	0.288	correct	0.288	grate	n/a	n/a	n/a	n/a	n/a	n/a	44	2	n/a	n/a	n/a	n/a	n/a	left
15	525.630	0.312	correct	0.312	grate	n/a	n/a	n/a	n/a	n/a	n/a	44	2	n/a	n/a	n/a	n/a	n/a	right
15	526.463	0.439	correct	0.439	grate	n/a	n/a	n/a	n/a	n/a	n/a	44	2	n/a	n/a	n/a	n/a	n/a	right
15	527.413	0.353	correct	0.353	grate	n/a	n/a	n/a	n/a	n/a	n/a	44	2	n/a	n/a	n/a	n/a	n/a	left
15	528.279	0.233	incorrect	0.233	grate	n/a	n/a	n/a	n/a	n/a	n/a	44	2	n/a	n/a	n/a	n/a	n/a	left
15	530.012	3.000	forget	0.213	retrieval	restudy	object	face	scene	other	scene	45	2	9	57	157	9	530.0	n/a
15	535.046	0.352	correct	0.352	grate	n/a	n/a	n/a	n/a	n/a	n/a	45	2	n/a	n/a	n/a	n/a	n/a	left
15	535.912	0.366	correct	0.366	grate	n/a	n/a	n/a	n/a	n/a	n/a	45	2	n/a	n/a	n/a	n/a	n/a	right
15	536.795	0.402	correct	0.402	grate	n/a	n/a	n/a	n/a	n/a	n/a	45	2	n/a	n/a	n/a	n/a	n/a	right
15	537.712	0.366	correct	0.366	grate	n/a	n/a	n/a	n/a	n/a	n/a	45	2	n/a	n/a	n/a	n/a	n/a	right
15	538.595	0.394	correct	0.394	grate	n/a	n/a	n/a	n/a	n/a	n/a	45	2	n/a	n/a	n/a	n/a	n/a	right
15	539.512	0.341	incorrect	0.341	grate	n/a	n/a	n/a	n/a	n/a	n/a	45	2	n/a	n/a	n/a	n/a	n/a	left
15	540.378	0.133	incorrect	0.133	grate	n/a	n/a	n/a	n/a	n/a	n/a	45	2	n/a	n/a	n/a	n/a	n/a	left
15	542.010	3.000	don't know	0.550	retrieval	restudy	face	object	scene	don't know	don't know	46	2	57	9	57	109	542.0	n/a
15	547.044	0.394	correct	0.394	grate	n/a	n/a	n/a	n/a	n/a	n/a	46	2	n/a	n/a	n/a	n/a	n/a	right
15	547.961	0.437	correct	0.437	grate	n/a	n/a	n/a	n/a	n/a	n/a	46	2	n/a	n/a	n/a	n/a	n/a	right
15	548.911	0.302	correct	0.302	grate	n/a	n/a	n/a	n/a	n/a	n/a	46	2	n/a	n/a	n/a	n/a	n/a	left
15	549.727	0.374	correct	0.374	grate	n/a	n/a	n/a	n/a	n/a	n/a	46	2	n/a	n/a	n/a	n/a	n/a	left
15	550.611	0.378	correct	0.378	grate	n/a	n/a	n/a	n/a	n/a	n/a	46	2	n/a	n/a	n/a	n/a	n/a	left
15	551.510	0.414	correct	0.414	grate	n/a	n/a	n/a	n/a	n/a	n/a	46	2	n/a	n/a	n/a	n/a	n/a	right
15	552.444	0.067	incorrect	0.067	grate	n/a	n/a	n/a	n/a	n/a	n/a	46	2	n/a	n/a	n/a	n/a	n/a	left
15	554.009	3.000	remember	0.495	retrieval	retprac	face	object	scene	target	face	47	2	62	14	62	114	554.0	n/a
15	559.043	0.361	correct	0.361	grate	n/a	n/a	n/a	n/a	n/a	n/a	47	2	n/a	n/a	n/a	n/a	n/a	right
15	559.926	0.334	correct	0.334	grate	n/a	n/a	n/a	n/a	n/a	n/a	47	2	n/a	n/a	n/a	n/a	n/a	left
15	560.776	0.372	correct	0.372	grate	n/a	n/a	n/a	n/a	n/a	n/a	47	2	n/a	n/a	n/a	n/a	n/a	left
15	561.659	0.361	correct	0.361	grate	n/a	n/a	n/a	n/a	n/a	n/a	47	2	n/a	n/a	n/a	n/a	n/a	left
15	562.543	0.382	correct	0.382	grate	n/a	n/a	n/a	n/a	n/a	n/a	47	2	n/a	n/a	n/a	n/a	n/a	left
15	563.443	0.386	correct	0.386	grate	n/a	n/a	n/a	n/a	n/a	n/a	47	2	n/a	n/a	n/a	n/a	n/a	right
15	564.342	0.167	incorrect	0.167	grate	n/a	n/a	n/a	n/a	n/a	n/a	47	2	n/a	n/a	n/a	n/a	n/a	right
15	566.008	3.000	remember	0.345	retrieval	restudy	scene	face	object	target	scene	48	2	33	105	257	33	566.0	n/a
15	571.042	0.346	correct	0.346	grate	n/a	n/a	n/a	n/a	n/a	n/a	48	2	n/a	n/a	n/a	n/a	n/a	left
15	571.908	0.352	correct	0.352	grate	n/a	n/a	n/a	n/a	n/a	n/a	48	2	n/a	n/a	n/a	n/a	n/a	left
15	572.775	0.349	correct	0.349	grate	n/a	n/a	n/a	n/a	n/a	n/a	48	2	n/a	n/a	n/a	n/a	n/a	left
15	573.641	0.379	correct	0.379	grate	n/a	n/a	n/a	n/a	n/a	n/a	48	2	n/a	n/a	n/a	n/a	n/a	right
15	574.541	0.366	correct	0.366	grate	n/a	n/a	n/a	n/a	n/a	n/a	48	2	n/a	n/a	n/a	n/a	n/a	right
15	575.425	0.363	correct	0.363	grate	n/a	n/a	n/a	n/a	n/a	n/a	48	2	n/a	n/a	n/a	n/a	n/a	right
15	576.308	0.200	incorrect	0.200	grate	n/a	n/a	n/a	n/a	n/a	n/a	48	2	n/a	n/a	n/a	n/a	n/a	left
15	2.009	3.000	no response	n/a	retrieval	restudy	face	object	scene	no response	no response	1	3	71	23	71	123	2.0	n/a
15	7.043	0.664	correct	0.664	grate	n/a	n/a	n/a	n/a	n/a	n/a	1	3	n/a	n/a	n/a	n/a	n/a	right
15	8.226	0.290	correct	0.290	grate	n/a	n/a	n/a	n/a	n/a	n/a	1	3	n/a	n/a	n/a	n/a	n/a	left
15	9.026	0.369	correct	0.369	grate	n/a	n/a	n/a	n/a	n/a	n/a	1	3	n/a	n/a	n/a	n/a	n/a	left
15	9.909	0.357	correct	0.357	grate	n/a	n/a	n/a	n/a	n/a	n/a	1	3	n/a	n/a	n/a	n/a	n/a	left
15	10.776	0.355	correct	0.355	grate	n/a	n/a	n/a	n/a	n/a	n/a	1	3	n/a	n/a	n/a	n/a	n/a	right
15	11.642	0.352	correct	0.352	grate	n/a	n/a	n/a	n/a	n/a	n/a	1	3	n/a	n/a	n/a	n/a	n/a	right
15	12.509	0.000	incorrect	0.000	grate	n/a	n/a	n/a	n/a	n/a	n/a	1	3	n/a	n/a	n/a	n/a	n/a	right
15	14.008	3.000	don't know	0.390	retrieval	retprac	scene	face	object	don't know	don't know	2	3	48	120	272	48	14.0	n/a
15	19.042	0.328	correct	0.328	grate	n/a	n/a	n/a	n/a	n/a	n/a	2	3	n/a	n/a	n/a	n/a	n/a	right
15	19.892	0.375	correct	0.375	grate	n/a	n/a	n/a	n/a	n/a	n/a	2	3	n/a	n/a	n/a	n/a	n/a	right
15	20.775	0.347	correct	0.347	grate	n/a	n/a	n/a	n/a	n/a	n/a	2	3	n/a	n/a	n/a	n/a	n/a	left
15	21.642	0.385	correct	0.385	grate	n/a	n/a	n/a	n/a	n/a	n/a	2	3	n/a	n/a	n/a	n/a	n/a	right
15	22.542	0.373	correct	0.373	grate	n/a	n/a	n/a	n/a	n/a	n/a	2	3	n/a	n/a	n/a	n/a	n/a	right
15	23.425	0.330	correct	0.330	grate	n/a	n/a	n/a	n/a	n/a	n/a	2	3	n/a	n/a	n/a	n/a	n/a	left
15	24.275	0.233	incorrect	0.233	grate	n/a	n/a	n/a	n/a	n/a	n/a	2	3	n/a	n/a	n/a	n/a	n/a	right
15	26.024	3.000	forget	0.414	retrieval	retprac	object	scene	face	competitor	scene	3	3	142	94	194	246	26.0	n/a
15	31.057	0.313	correct	0.313	grate	n/a	n/a	n/a	n/a	n/a	n/a	3	3	n/a	n/a	n/a	n/a	n/a	right
15	31.891	0.375	correct	0.375	grate	n/a	n/a	n/a	n/a	n/a	n/a	3	3	n/a	n/a	n/a	n/a	n/a	left
15	32.791	0.364	correct	0.364	grate	n/a	n/a	n/a	n/a	n/a	n/a	3	3	n/a	n/a	n/a	n/a	n/a	left
15	33.674	0.361	correct	0.361	grate	n/a	n/a	n/a	n/a	n/a	n/a	3	3	n/a	n/a	n/a	n/a	n/a	right
15	34.557	0.357	correct	0.357	grate	n/a	n/a	n/a	n/a	n/a	n/a	3	3	n/a	n/a	n/a	n/a	n/a	left
15	35.440	0.354	correct	0.354	grate	n/a	n/a	n/a	n/a	n/a	n/a	3	3	n/a	n/a	n/a	n/a	n/a	left
15	36.307	0.217	incorrect	0.217	grate	n/a	n/a	n/a	n/a	n/a	n/a	3	3	n/a	n/a	n/a	n/a	n/a	right
15	38.022	3.000	remember	0.255	retrieval	retprac	object	scene	face	target	object	4	3	144	96	196	248	38.0	n/a
15	43.056	0.401	correct	0.401	grate	n/a	n/a	n/a	n/a	n/a	n/a	4	3	n/a	n/a	n/a	n/a	n/a	left
15	43.973	0.349	correct	0.349	grate	n/a	n/a	n/a	n/a	n/a	n/a	4	3	n/a	n/a	n/a	n/a	n/a	left
15	44.839	0.362	correct	0.362	grate	n/a	n/a	n/a	n/a	n/a	n/a	4	3	n/a	n/a	n/a	n/a	n/a	left
15	45.722	0.359	correct	0.359	grate	n/a	n/a	n/a	n/a	n/a	n/a	4	3	n/a	n/a	n/a	n/a	n/a	right
15	46.606	0.380	correct	0.380	grate	n/a	n/a	n/a	n/a	n/a	n/a	4	3	n/a	n/a	n/a	n/a	n/a	right
15	47.506	0.336	correct	0.336	grate	n/a	n/a	n/a	n/a	n/a	n/a	4	3	n/a	n/a	n/a	n/a	n/a	left
15	48.356	0.167	incorrect	0.167	grate	n/a	n/a	n/a	n/a	n/a	n/a	4	3	n/a	n/a	n/a	n/a	n/a	right
15	50.021	3.000	forget	0.352	retrieval	retprac	scene	object	face	other	face	5	3	94	142	294	146	50.0	n/a
15	55.055	0.322	correct	0.322	grate	n/a	n/a	n/a	n/a	n/a	n/a	5	3	n/a	n/a	n/a	n/a	n/a	right
15	55.888	0.337	correct	0.337	grate	n/a	n/a	n/a	n/a	n/a	n/a	5	3	n/a	n/a	n/a	n/a	n/a	left
15	56.738	0.327	correct	0.327	grate	n/a	n/a	n/a	n/a	n/a	n/a	5	3	n/a	n/a	n/a	n/a	n/a	left
15	57.588	0.318	correct	0.318	grate	n/a	n/a	n/a	n/a	n/a	n/a	5	3	n/a	n/a	n/a	n/a	n/a	left
15	58.421	0.340	correct	0.340	grate	n/a	n/a	n/a	n/a	n/a	n/a	5	3	n/a	n/a	n/a	n/a	n/a	right
15	59.271	0.234	incorrect	0.234	grate	n/a	n/a	n/a	n/a	n/a	n/a	5	3	n/a	n/a	n/a	n/a	n/a	right
15	60.021	0.380	correct	0.380	grate	n/a	n/a	n/a	n/a	n/a	n/a	5	3	n/a	n/a	n/a	n/a	n/a	right
15	60.921	0.100	incorrect	0.100	grate	n/a	n/a	n/a	n/a	n/a	n/a	5	3	n/a	n/a	n/a	n/a	n/a	left
15	62.020	3.000	don't know	0.449	retrieval	restudy	face	object	scene	don't know	don't know	6	3	69	21	69	121	62.0	n/a
15	67.054	0.940	correct	0.940	grate	n/a	n/a	n/a	n/a	n/a	n/a	6	3	n/a	n/a	n/a	n/a	n/a	left
15	68.503	0.337	correct	0.337	grate	n/a	n/a	n/a	n/a	n/a	n/a	6	3	n/a	n/a	n/a	n/a	n/a	left
15	69.353	0.399	correct	0.399	grate	n/a	n/a	n/a	n/a	n/a	n/a	6	3	n/a	n/a	n/a	n/a	n/a	right
15	70.270	0.363	correct	0.363	grate	n/a	n/a	n/a	n/a	n/a	n/a	6	3	n/a	n/a	n/a	n/a	n/a	right
15	71.153	0.375	correct	0.375	grate	n/a	n/a	n/a	n/a	n/a	n/a	6	3	n/a	n/a	n/a	n/a	n/a	right
15	72.037	0.348	correct	0.348	grate	n/a	n/a	n/a	n/a	n/a	n/a	6	3	n/a	n/a	n/a	n/a	n/a	right
15	72.903	0.100	incorrect	0.100	grate	n/a	n/a	n/a	n/a	n/a	n/a	6	3	n/a	n/a	n/a	n/a	n/a	left
15	74.019	3.000	remember	0.393	retrieval	retprac	face	object	scene	target	face	7	3	70	22	70	122	74.0	n/a
15	79.053	0.452	correct	0.452	grate	n/a	n/a	n/a	n/a	n/a	n/a	7	3	n/a	n/a	n/a	n/a	n/a	left
15	80.019	0.389	correct	0.389	grate	n/a	n/a	n/a	n/a	n/a	n/a	7	3	n/a	n/a	n/a	n/a	n/a	right
15	80.919	0.361	correct	0.361	grate	n/a	n/a	n/a	n/a	n/a	n/a	7	3	n/a	n/a	n/a	n/a	n/a	right
15	81.802	0.382	correct	0.382	grate	n/a	n/a	n/a	n/a	n/a	n/a	7	3	n/a	n/a	n/a	n/a	n/a	left
15	82.702	0.354	correct	0.354	grate	n/a	n/a	n/a	n/a	n/a	n/a	7	3	n/a	n/a	n/a	n/a	n/a	left
15	83.569	0.344	correct	0.344	grate	n/a	n/a	n/a	n/a	n/a	n/a	7	3	n/a	n/a	n/a	n/a	n/a	right
15	84.435	0.083	incorrect	0.083	grate	n/a	n/a	n/a	n/a	n/a	n/a	7	3	n/a	n/a	n/a	n/a	n/a	right
15	86.017	3.000	remember	0.306	retrieval	retprac	scene	face	object	target	scene	8	3	44	116	268	44	86.0	n/a
15	91.051	0.388	correct	0.388	grate	n/a	n/a	n/a	n/a	n/a	n/a	8	3	n/a	n/a	n/a	n/a	n/a	right
15	91.951	0.353	correct	0.353	grate	n/a	n/a	n/a	n/a	n/a	n/a	8	3	n/a	n/a	n/a	n/a	n/a	left
15	92.818	0.359	correct	0.359	grate	n/a	n/a	n/a	n/a	n/a	n/a	8	3	n/a	n/a	n/a	n/a	n/a	right
15	93.701	0.331	correct	0.331	grate	n/a	n/a	n/a	n/a	n/a	n/a	8	3	n/a	n/a	n/a	n/a	n/a	left
15	94.551	0.289	incorrect	0.289	grate	n/a	n/a	n/a	n/a	n/a	n/a	8	3	n/a	n/a	n/a	n/a	n/a	left
15	95.351	0.401	correct	0.401	grate	n/a	n/a	n/a	n/a	n/a	n/a	8	3	n/a	n/a	n/a	n/a	n/a	right
15	96.267	0.250	incorrect	0.250	grate	n/a	n/a	n/a	n/a	n/a	n/a	8	3	n/a	n/a	n/a	n/a	n/a	right
15	98.016	3.000	remember	0.347	retrieval	retprac	scene	object	face	target	scene	9	3	90	138	290	142	98.0	n/a
15	103.050	0.389	correct	0.389	grate	n/a	n/a	n/a	n/a	n/a	n/a	9	3	n/a	n/a	n/a	n/a	n/a	left
15	103.950	0.497	correct	0.497	grate	n/a	n/a	n/a	n/a	n/a	n/a	9	3	n/a	n/a	n/a	n/a	n/a	left
15	104.966	0.489	correct	0.489	grate	n/a	n/a	n/a	n/a	n/a	n/a	9	3	n/a	n/a	n/a	n/a	n/a	right
15	105.966	0.401	correct	0.401	grate	n/a	n/a	n/a	n/a	n/a	n/a	9	3	n/a	n/a	n/a	n/a	n/a	right
15	106.883	0.324	correct	0.324	grate	n/a	n/a	n/a	n/a	n/a	n/a	9	3	n/a	n/a	n/a	n/a	n/a	left
15	107.716	0.372	correct	0.372	grate	n/a	n/a	n/a	n/a	n/a	n/a	9	3	n/a	n/a	n/a	n/a	n/a	left
15	108.599	0.100	incorrect	0.100	grate	n/a	n/a	n/a	n/a	n/a	n/a	9	3	n/a	n/a	n/a	n/a	n/a	right
15	110.015	3.000	forget	0.595	retrieval	restudy	object	scene	face	other	face	10	3	139	91	191	243	110.0	n/a
15	115.049	0.390	correct	0.390	grate	n/a	n/a	n/a	n/a	n/a	n/a	10	3	n/a	n/a	n/a	n/a	n/a	left
15	115.949	0.370	correct	0.370	grate	n/a	n/a	n/a	n/a	n/a	n/a	10	3	n/a	n/a	n/a	n/a	n/a	left
15	116.832	0.383	correct	0.383	grate	n/a	n/a	n/a	n/a	n/a	n/a	10	3	n/a	n/a	n/a	n/a	n/a	left
15	117.732	0.403	correct	0.403	grate	n/a	n/a	n/a	n/a	n/a	n/a	10	3	n/a	n/a	n/a	n/a	n/a	right
15	118.648	0.335	correct	0.335	grate	n/a	n/a	n/a	n/a	n/a	n/a	10	3	n/a	n/a	n/a	n/a	n/a	left
15	119.498	0.380	correct	0.380	grate	n/a	n/a	n/a	n/a	n/a	n/a	10	3	n/a	n/a	n/a	n/a	n/a	left
15	120.398	0.117	incorrect	0.117	grate	n/a	n/a	n/a	n/a	n/a	n/a	10	3	n/a	n/a	n/a	n/a	n/a	left
15	122.014	3.000	remember	0.388	retrieval	restudy	scene	face	object	target	scene	11	3	43	115	267	43	122.0	n/a
15	127.048	0.414	correct	0.414	grate	n/a	n/a	n/a	n/a	n/a	n/a	11	3	n/a	n/a	n/a	n/a	n/a	right
15	127.981	0.386	correct	0.386	grate	n/a	n/a	n/a	n/a	n/a	n/a	11	3	n/a	n/a	n/a	n/a	n/a	right
15	128.881	0.350	correct	0.350	grate	n/a	n/a	n/a	n/a	n/a	n/a	11	3	n/a	n/a	n/a	n/a	n/a	left
15	129.747	0.355	correct	0.355	grate	n/a	n/a	n/a	n/a	n/a	n/a	11	3	n/a	n/a	n/a	n/a	n/a	left
15	130.614	0.360	correct	0.360	grate	n/a	n/a	n/a	n/a	n/a	n/a	11	3	n/a	n/a	n/a	n/a	n/a	left
15	131.497	0.405	correct	0.405	grate	n/a	n/a	n/a	n/a	n/a	n/a	11	3	n/a	n/a	n/a	n/a	n/a	left
15	132.414	0.100	incorrect	0.100	grate	n/a	n/a	n/a	n/a	n/a	n/a	11	3	n/a	n/a	n/a	n/a	n/a	right
15	134.013	3.000	remember	0.885	retrieval	restudy	face	scene	object	target	face	12	3	113	41	89	217	134.0	n/a
15	139.046	0.351	correct	0.351	grate	n/a	n/a	n/a	n/a	n/a	n/a	12	3	n/a	n/a	n/a	n/a	n/a	left
15	139.913	0.389	correct	0.389	grate	n/a	n/a	n/a	n/a	n/a	n/a	12	3	n/a	n/a	n/a	n/a	n/a	left
15	140.813	0.385	correct	0.385	grate	n/a	n/a	n/a	n/a	n/a	n/a	12	3	n/a	n/a	n/a	n/a	n/a	right
15	141.713	0.357	correct	0.357	grate	n/a	n/a	n/a	n/a	n/a	n/a	12	3	n/a	n/a	n/a	n/a	n/a	left
15	142.579	0.394	correct	0.394	grate	n/a	n/a	n/a	n/a	n/a	n/a	12	3	n/a	n/a	n/a	n/a	n/a	right
15	143.496	0.453	correct	0.453	grate	n/a	n/a	n/a	n/a	n/a	n/a	12	3	n/a	n/a	n/a	n/a	n/a	right
15	144.462	0.050	incorrect	0.050	grate	n/a	n/a	n/a	n/a	n/a	n/a	12	3	n/a	n/a	n/a	n/a	n/a	right
15	146.011	3.000	forget	0.301	retrieval	restudy	face	scene	object	other	object	13	3	117	45	93	221	146.0	n/a
15	151.045	0.408	correct	0.408	grate	n/a	n/a	n/a	n/a	n/a	n/a	13	3	n/a	n/a	n/a	n/a	n/a	left
15	151.962	0.363	correct	0.363	grate	n/a	n/a	n/a	n/a	n/a	n/a	13	3	n/a	n/a	n/a	n/a	n/a	left
15	152.845	0.360	correct	0.360	grate	n/a	n/a	n/a	n/a	n/a	n/a	13	3	n/a	n/a	n/a	n/a	n/a	left
15	153.728	0.357	correct	0.357	grate	n/a	n/a	n/a	n/a	n/a	n/a	13	3	n/a	n/a	n/a	n/a	n/a	left
15	154.595	0.306	correct	0.306	grate	n/a	n/a	n/a	n/a	n/a	n/a	13	3	n/a	n/a	n/a	n/a	n/a	left
15	155.411	0.338	correct	0.338	grate	n/a	n/a	n/a	n/a	n/a	n/a	13	3	n/a	n/a	n/a	n/a	n/a	left
15	156.261	0.250	incorrect	0.250	grate	n/a	n/a	n/a	n/a	n/a	n/a	13	3	n/a	n/a	n/a	n/a	n/a	right
15	158.010	3.000	don't know	0.350	retrieval	restudy	object	scene	face	don't know	don't know	14	3	141	93	193	245	158.0	n/a
15	163.044	0.377	correct	0.377	grate	n/a	n/a	n/a	n/a	n/a	n/a	14	3	n/a	n/a	n/a	n/a	n/a	right
15	163.944	0.333	correct	0.333	grate	n/a	n/a	n/a	n/a	n/a	n/a	14	3	n/a	n/a	n/a	n/a	n/a	left
15	164.794	0.420	correct	0.420	grate	n/a	n/a	n/a	n/a	n/a	n/a	14	3	n/a	n/a	n/a	n/a	n/a	left
15	165.727	0.357	correct	0.357	grate	n/a	n/a	n/a	n/a	n/a	n/a	14	3	n/a	n/a	n/a	n/a	n/a	right
15	166.594	0.387	correct	0.387	grate	n/a	n/a	n/a	n/a	n/a	n/a	14	3	n/a	n/a	n/a	n/a	n/a	right
15	167.493	0.383	correct	0.383	grate	n/a	n/a	n/a	n/a	n/a	n/a	14	3	n/a	n/a	n/a	n/a	n/a	right
15	168.393	0.117	incorrect	0.117	grate	n/a	n/a	n/a	n/a	n/a	n/a	14	3	n/a	n/a	n/a	n/a	n/a	left
15	170.009	3.000	no response	n/a	retrieval	restudy	object	scene	face	no response	no response	15	3	143	95	195	247	170.0	n/a
15	175.043	0.361	correct	0.361	grate	n/a	n/a	n/a	n/a	n/a	n/a	15	3	n/a	n/a	n/a	n/a	n/a	left
15	175.926	0.318	correct	0.318	grate	n/a	n/a	n/a	n/a	n/a	n/a	15	3	n/a	n/a	n/a	n/a	n/a	left
15	176.759	0.333	correct	0.333	grate	n/a	n/a	n/a	n/a	n/a	n/a	15	3	n/a	n/a	n/a	n/a	n/a	right
15	177.609	0.315	correct	0.315	grate	n/a	n/a	n/a	n/a	n/a	n/a	15	3	n/a	n/a	n/a	n/a	n/a	left
15	178.442	0.378	correct	0.378	grate	n/a	n/a	n/a	n/a	n/a	n/a	15	3	n/a	n/a	n/a	n/a	n/a	right
15	179.342	0.334	correct	0.334	grate	n/a	n/a	n/a	n/a	n/a	n/a	15	3	n/a	n/a	n/a	n/a	n/a	left
15	180.192	0.317	incorrect	0.317	grate	n/a	n/a	n/a	n/a	n/a	n/a	15	3	n/a	n/a	n/a	n/a	n/a	left
15	182.008	3.000	forget	0.336	retrieval	retprac	object	scene	face	competitor	scene	16	3	140	92	192	244	182.0	n/a
15	187.042	0.346	correct	0.346	grate	n/a	n/a	n/a	n/a	n/a	n/a	16	3	n/a	n/a	n/a	n/a	n/a	left
15	187.908	0.368	correct	0.368	grate	n/a	n/a	n/a	n/a	n/a	n/a	16	3	n/a	n/a	n/a	n/a	n/a	right
15	188.791	0.388	correct	0.388	grate	n/a	n/a	n/a	n/a	n/a	n/a	16	3	n/a	n/a	n/a	n/a	n/a	right
15	189.691	0.384	correct	0.384	grate	n/a	n/a	n/a	n/a	n/a	n/a	16	3	n/a	n/a	n/a	n/a	n/a	right
15	190.591	0.364	correct	0.364	grate	n/a	n/a	n/a	n/a	n/a	n/a	16	3	n/a	n/a	n/a	n/a	n/a	right
15	191.474	0.433	correct	0.433	grate	n/a	n/a	n/a	n/a	n/a	n/a	16	3	n/a	n/a	n/a	n/a	n/a	left
15	192.424	0.083	incorrect	0.083	grate	n/a	n/a	n/a	n/a	n/a	n/a	16	3	n/a	n/a	n/a	n/a	n/a	right
15	194.006	3.000	remember	0.385	retrieval	restudy	face	scene	object	target	face	17	3	119	47	95	223	194.0	n/a
15	199.040	0.419	correct	0.419	grate	n/a	n/a	n/a	n/a	n/a	n/a	17	3	n/a	n/a	n/a	n/a	n/a	right
15	199.973	0.318	correct	0.318	grate	n/a	n/a	n/a	n/a	n/a	n/a	17	3	n/a	n/a	n/a	n/a	n/a	left
15	200.807	0.333	correct	0.333	grate	n/a	n/a	n/a	n/a	n/a	n/a	17	3	n/a	n/a	n/a	n/a	n/a	right
15	201.657	0.362	correct	0.362	grate	n/a	n/a	n/a	n/a	n/a	n/a	17	3	n/a	n/a	n/a	n/a	n/a	right
15	202.540	0.351	correct	0.351	grate	n/a	n/a	n/a	n/a	n/a	n/a	17	3	n/a	n/a	n/a	n/a	n/a	left
15	203.406	0.310	correct	0.310	grate	n/a	n/a	n/a	n/a	n/a	n/a	17	3	n/a	n/a	n/a	n/a	n/a	right
15	204.240	0.267	incorrect	0.267	grate	n/a	n/a	n/a	n/a	n/a	n/a	17	3	n/a	n/a	n/a	n/a	n/a	left
15	206.022	3.000	forget	0.273	retrieval	retprac	face	object	scene	other	scene	18	3	66	18	66	118	206.0	n/a
15	211.056	0.411	correct	0.411	grate	n/a	n/a	n/a	n/a	n/a	n/a	18	3	n/a	n/a	n/a	n/a	n/a	right
15	211.989	0.382	correct	0.382	grate	n/a	n/a	n/a	n/a	n/a	n/a	18	3	n/a	n/a	n/a	n/a	n/a	left
15	212.889	0.394	correct	0.394	grate	n/a	n/a	n/a	n/a	n/a	n/a	18	3	n/a	n/a	n/a	n/a	n/a	left
15	213.805	0.357	correct	0.357	grate	n/a	n/a	n/a	n/a	n/a	n/a	18	3	n/a	n/a	n/a	n/a	n/a	left
15	214.672	0.355	correct	0.355	grate	n/a	n/a	n/a	n/a	n/a	n/a	18	3	n/a	n/a	n/a	n/a	n/a	right
15	215.538	0.369	correct	0.369	grate	n/a	n/a	n/a	n/a	n/a	n/a	18	3	n/a	n/a	n/a	n/a	n/a	left
15	216.422	0.100	incorrect	0.100	grate	n/a	n/a	n/a	n/a	n/a	n/a	18	3	n/a	n/a	n/a	n/a	n/a	left
15	218.021	3.000	don't know	0.345	retrieval	restudy	face	object	scene	don't know	don't know	19	3	67	19	67	119	218.0	n/a
15	223.054	0.452	correct	0.452	grate	n/a	n/a	n/a	n/a	n/a	n/a	19	3	n/a	n/a	n/a	n/a	n/a	right
15	224.021	0.405	correct	0.405	grate	n/a	n/a	n/a	n/a	n/a	n/a	19	3	n/a	n/a	n/a	n/a	n/a	right
15	224.938	0.384	correct	0.384	grate	n/a	n/a	n/a	n/a	n/a	n/a	19	3	n/a	n/a	n/a	n/a	n/a	right
15	225.838	0.388	correct	0.388	grate	n/a	n/a	n/a	n/a	n/a	n/a	19	3	n/a	n/a	n/a	n/a	n/a	right
15	226.737	0.361	correct	0.361	grate	n/a	n/a	n/a	n/a	n/a	n/a	19	3	n/a	n/a	n/a	n/a	n/a	left
15	227.621	0.357	correct	0.357	grate	n/a	n/a	n/a	n/a	n/a	n/a	19	3	n/a	n/a	n/a	n/a	n/a	right
15	228.487	0.033	incorrect	0.033	grate	n/a	n/a	n/a	n/a	n/a	n/a	19	3	n/a	n/a	n/a	n/a	n/a	right
15	230.019	3.000	forget	0.314	retrieval	restudy	scene	face	object	competitor	face	20	3	47	119	271	47	230.0	n/a
15	235.053	0.396	correct	0.396	grate	n/a	n/a	n/a	n/a	n/a	n/a	20	3	n/a	n/a	n/a	n/a	n/a	left
15	235.970	0.408	correct	0.408	grate	n/a	n/a	n/a	n/a	n/a	n/a	20	3	n/a	n/a	n/a	n/a	n/a	right
15	236.886	0.459	correct	0.459	grate	n/a	n/a	n/a	n/a	n/a	n/a	20	3	n/a	n/a	n/a	n/a	n/a	right
15	237.853	0.373	correct	0.373	grate	n/a	n/a	n/a	n/a	n/a	n/a	20	3	n/a	n/a	n/a	n/a	n/a	right
15	238.736	0.433	correct	0.433	grate	n/a	n/a	n/a	n/a	n/a	n/a	20	3	n/a	n/a	n/a	n/a	n/a	right
15	239.686	0.428	correct	0.428	grate	n/a	n/a	n/a	n/a	n/a	n/a	20	3	n/a	n/a	n/a	n/a	n/a	left
15	240.636	0.100	incorrect	0.100	grate	n/a	n/a	n/a	n/a	n/a	n/a	20	3	n/a	n/a	n/a	n/a	n/a	right
15	242.018	3.000	forget	0.666	retrieval	retprac	object	face	scene	other	scene	21	3	18	66	166	18	242.0	n/a
15	247.052	0.373	correct	0.373	grate	n/a	n/a	n/a	n/a	n/a	n/a	21	3	n/a	n/a	n/a	n/a	n/a	right
15	247.935	0.394	correct	0.394	grate	n/a	n/a	n/a	n/a	n/a	n/a	21	3	n/a	n/a	n/a	n/a	n/a	right
15	248.852	0.365	correct	0.365	grate	n/a	n/a	n/a	n/a	n/a	n/a	21	3	n/a	n/a	n/a	n/a	n/a	right
15	249.735	0.386	correct	0.386	grate	n/a	n/a	n/a	n/a	n/a	n/a	21	3	n/a	n/a	n/a	n/a	n/a	left
15	250.635	0.374	correct	0.374	grate	n/a	n/a	n/a	n/a	n/a	n/a	21	3	n/a	n/a	n/a	n/a	n/a	left
15	251.518	0.355	correct	0.355	grate	n/a	n/a	n/a	n/a	n/a	n/a	21	3	n/a	n/a	n/a	n/a	n/a	right
15	252.385	0.133	incorrect	0.133	grate	n/a	n/a	n/a	n/a	n/a	n/a	21	3	n/a	n/a	n/a	n/a	n/a	left
15	254.017	3.000	don't know	0.322	retrieval	restudy	scene	object	face	don't know	don't know	22	3	89	137	289	141	254.0	n/a
15	259.051	0.382	correct	0.382	grate	n/a	n/a	n/a	n/a	n/a	n/a	22	3	n/a	n/a	n/a	n/a	n/a	right
15	259.950	0.474	correct	0.474	grate	n/a	n/a	n/a	n/a	n/a	n/a	22	3	n/a	n/a	n/a	n/a	n/a	left
15	260.934	0.346	correct	0.346	grate	n/a	n/a	n/a	n/a	n/a	n/a	22	3	n/a	n/a	n/a	n/a	n/a	left
15	261.801	0.384	correct	0.384	grate	n/a	n/a	n/a	n/a	n/a	n/a	22	3	n/a	n/a	n/a	n/a	n/a	right
15	262.700	0.364	correct	0.364	grate	n/a	n/a	n/a	n/a	n/a	n/a	22	3	n/a	n/a	n/a	n/a	n/a	left
15	263.583	0.457	correct	0.457	grate	n/a	n/a	n/a	n/a	n/a	n/a	22	3	n/a	n/a	n/a	n/a	n/a	left
15	264.550	0.100	incorrect	0.100	grate	n/a	n/a	n/a	n/a	n/a	n/a	22	3	n/a	n/a	n/a	n/a	n/a	right
15	266.016	3.000	remember	0.292	retrieval	retprac	scene	object	face	target	scene	23	3	96	144	296	148	266.0	n/a
15	271.050	0.392	correct	0.392	grate	n/a	n/a	n/a	n/a	n/a	n/a	23	3	n/a	n/a	n/a	n/a	n/a	right
15	271.949	0.371	correct	0.371	grate	n/a	n/a	n/a	n/a	n/a	n/a	23	3	n/a	n/a	n/a	n/a	n/a	left
15	272.833	0.375	correct	0.375	grate	n/a	n/a	n/a	n/a	n/a	n/a	23	3	n/a	n/a	n/a	n/a	n/a	left
15	273.716	0.420	correct	0.420	grate	n/a	n/a	n/a	n/a	n/a	n/a	23	3	n/a	n/a	n/a	n/a	n/a	right
15	274.649	0.455	correct	0.455	grate	n/a	n/a	n/a	n/a	n/a	n/a	23	3	n/a	n/a	n/a	n/a	n/a	right
15	275.616	0.360	correct	0.360	grate	n/a	n/a	n/a	n/a	n/a	n/a	23	3	n/a	n/a	n/a	n/a	n/a	left
15	276.499	0.017	incorrect	0.017	grate	n/a	n/a	n/a	n/a	n/a	n/a	23	3	n/a	n/a	n/a	n/a	n/a	left
15	278.015	3.000	forget	0.357	retrieval	restudy	scene	object	face	competitor	object	24	3	95	143	295	147	278.0	n/a
15	283.049	0.375	correct	0.375	grate	n/a	n/a	n/a	n/a	n/a	n/a	24	3	n/a	n/a	n/a	n/a	n/a	right
15	283.931	0.396	correct	0.396	grate	n/a	n/a	n/a	n/a	n/a	n/a	24	3	n/a	n/a	n/a	n/a	n/a	right
15	284.848	0.345	correct	0.345	grate	n/a	n/a	n/a	n/a	n/a	n/a	24	3	n/a	n/a	n/a	n/a	n/a	right
15	285.715	0.413	correct	0.413	grate	n/a	n/a	n/a	n/a	n/a	n/a	24	3	n/a	n/a	n/a	n/a	n/a	right
15	286.648	0.360	correct	0.360	grate	n/a	n/a	n/a	n/a	n/a	n/a	24	3	n/a	n/a	n/a	n/a	n/a	right
15	287.514	0.445	correct	0.445	grate	n/a	n/a	n/a	n/a	n/a	n/a	24	3	n/a	n/a	n/a	n/a	n/a	left
15	288.481	0.033	incorrect	0.033	grate	n/a	n/a	n/a	n/a	n/a	n/a	24	3	n/a	n/a	n/a	n/a	n/a	left
15	290.013	3.000	forget	0.325	retrieval	restudy	object	scene	face	competitor	scene	25	3	137	89	189	241	290.0	n/a
15	295.048	0.392	correct	0.392	grate	n/a	n/a	n/a	n/a	n/a	n/a	25	3	n/a	n/a	n/a	n/a	n/a	right
15	295.964	0.388	correct	0.388	grate	n/a	n/a	n/a	n/a	n/a	n/a	25	3	n/a	n/a	n/a	n/a	n/a	left
15	296.864	0.344	correct	0.344	grate	n/a	n/a	n/a	n/a	n/a	n/a	25	3	n/a	n/a	n/a	n/a	n/a	left
15	297.730	0.389	correct	0.389	grate	n/a	n/a	n/a	n/a	n/a	n/a	25	3	n/a	n/a	n/a	n/a	n/a	right
15	298.630	0.299	correct	0.299	grate	n/a	n/a	n/a	n/a	n/a	n/a	25	3	n/a	n/a	n/a	n/a	n/a	left
15	299.447	0.361	correct	0.361	grate	n/a	n/a	n/a	n/a	n/a	n/a	25	3	n/a	n/a	n/a	n/a	n/a	right
15	300.330	0.183	incorrect	0.183	grate	n/a	n/a	n/a	n/a	n/a	n/a	25	3	n/a	n/a	n/a	n/a	n/a	right
15	302.012	3.000	forget	0.558	retrieval	retprac	face	object	scene	other	scene	26	3	68	20	68	120	302.0	n/a
15	307.046	0.353	correct	0.353	grate	n/a	n/a	n/a	n/a	n/a	n/a	26	3	n/a	n/a	n/a	n/a	n/a	right
15	307.913	0.358	correct	0.358	grate	n/a	n/a	n/a	n/a	n/a	n/a	26	3	n/a	n/a	n/a	n/a	n/a	right
15	308.779	0.356	correct	0.356	grate	n/a	n/a	n/a	n/a	n/a	n/a	26	3	n/a	n/a	n/a	n/a	n/a	right
15	309.645	0.449	correct	0.449	grate	n/a	n/a	n/a	n/a	n/a	n/a	26	3	n/a	n/a	n/a	n/a	n/a	left
15	310.612	0.410	correct	0.410	grate	n/a	n/a	n/a	n/a	n/a	n/a	26	3	n/a	n/a	n/a	n/a	n/a	left
15	311.545	0.349	correct	0.349	grate	n/a	n/a	n/a	n/a	n/a	n/a	26	3	n/a	n/a	n/a	n/a	n/a	right
15	312.412	0.100	incorrect	0.100	grate	n/a	n/a	n/a	n/a	n/a	n/a	26	3	n/a	n/a	n/a	n/a	n/a	right
15	314.011	3.000	remember	0.247	retrieval	restudy	object	face	scene	target	object	27	3	19	67	167	19	314.0	n/a
15	319.045	0.425	correct	0.425	grate	n/a	n/a	n/a	n/a	n/a	n/a	27	3	n/a	n/a	n/a	n/a	n/a	right
15	319.978	0.396	correct	0.396	grate	n/a	n/a	n/a	n/a	n/a	n/a	27	3	n/a	n/a	n/a	n/a	n/a	right
15	320.895	0.369	correct	0.369	grate	n/a	n/a	n/a	n/a	n/a	n/a	27	3	n/a	n/a	n/a	n/a	n/a	left
15	321.778	0.372	correct	0.372	grate	n/a	n/a	n/a	n/a	n/a	n/a	27	3	n/a	n/a	n/a	n/a	n/a	left
15	322.661	0.385	correct	0.385	grate	n/a	n/a	n/a	n/a	n/a	n/a	27	3	n/a	n/a	n/a	n/a	n/a	right
15	323.561	0.429	correct	0.429	grate	n/a	n/a	n/a	n/a	n/a	n/a	27	3	n/a	n/a	n/a	n/a	n/a	left
15	324.511	0.000	incorrect	0.000	grate	n/a	n/a	n/a	n/a	n/a	n/a	27	3	n/a	n/a	n/a	n/a	n/a	left
15	326.010	3.000	forget	0.272	retrieval	retprac	face	scene	object	competitor	scene	28	3	120	48	96	224	326.0	n/a
15	331.043	0.362	correct	0.362	grate	n/a	n/a	n/a	n/a	n/a	n/a	28	3	n/a	n/a	n/a	n/a	n/a	left
15	331.927	0.375	correct	0.375	grate	n/a	n/a	n/a	n/a	n/a	n/a	28	3	n/a	n/a	n/a	n/a	n/a	right
15	332.810	0.388	correct	0.388	grate	n/a	n/a	n/a	n/a	n/a	n/a	28	3	n/a	n/a	n/a	n/a	n/a	left
15	333.710	0.432	correct	0.432	grate	n/a	n/a	n/a	n/a	n/a	n/a	28	3	n/a	n/a	n/a	n/a	n/a	left
15	334.660	0.410	correct	0.410	grate	n/a	n/a	n/a	n/a	n/a	n/a	28	3	n/a	n/a	n/a	n/a	n/a	left
15	335.593	0.357	correct	0.357	grate	n/a	n/a	n/a	n/a	n/a	n/a	28	3	n/a	n/a	n/a	n/a	n/a	left
15	336.460	0.050	incorrect	0.050	grate	n/a	n/a	n/a	n/a	n/a	n/a	28	3	n/a	n/a	n/a	n/a	n/a	left
15	338.009	3.000	forget	0.280	retrieval	restudy	scene	face	object	competitor	face	29	3	41	113	265	41	338.0	n/a
15	343.042	0.531	correct	0.531	grate	n/a	n/a	n/a	n/a	n/a	n/a	29	3	n/a	n/a	n/a	n/a	n/a	left
15	344.092	0.353	correct	0.353	grate	n/a	n/a	n/a	n/a	n/a	n/a	29	3	n/a	n/a	n/a	n/a	n/a	left
15	344.959	0.399	correct	0.399	grate	n/a	n/a	n/a	n/a	n/a	n/a	29	3	n/a	n/a	n/a	n/a	n/a	right
15	345.875	0.362	correct	0.362	grate	n/a	n/a	n/a	n/a	n/a	n/a	29	3	n/a	n/a	n/a	n/a	n/a	left
15	346.758	0.399	correct	0.399	grate	n/a	n/a	n/a	n/a	n/a	n/a	29	3	n/a	n/a	n/a	n/a	n/a	right
15	347.675	0.338	correct	0.338	grate	n/a	n/a	n/a	n/a	n/a	n/a	29	3	n/a	n/a	n/a	n/a	n/a	left
15	348.525	0.100	incorrect	0.100	grate	n/a	n/a	n/a	n/a	n/a	n/a	29	3	n/a	n/a	n/a	n/a	n/a	left
15	350.007	3.000	remember	0.306	retrieval	retprac	face	object	scene	target	face	30	3	72	24	72	124	350.0	n/a
15	355.041	0.355	correct	0.355	grate	n/a	n/a	n/a	n/a	n/a	n/a	30	3	n/a	n/a	n/a	n/a	n/a	left
15	355.908	0.361	correct	0.361	grate	n/a	n/a	n/a	n/a	n/a	n/a	30	3	n/a	n/a	n/a	n/a	n/a	left
15	356.791	0.342	correct	0.342	grate	n/a	n/a	n/a	n/a	n/a	n/a	30	3	n/a	n/a	n/a	n/a	n/a	left
15	357.641	0.348	correct	0.348	grate	n/a	n/a	n/a	n/a	n/a	n/a	30	3	n/a	n/a	n/a	n/a	n/a	right
15	358.507	0.425	correct	0.425	grate	n/a	n/a	n/a	n/a	n/a	n/a	30	3	n/a	n/a	n/a	n/a	n/a	right
15	359.457	0.307	correct	0.307	grate	n/a	n/a	n/a	n/a	n/a	n/a	30	3	n/a	n/a	n/a	n/a	n/a	left
15	360.274	0.233	incorrect	0.233	grate	n/a	n/a	n/a	n/a	n/a	n/a	30	3	n/a	n/a	n/a	n/a	n/a	right
15	362.006	3.000	forget	0.410	retrieval	restudy	object	face	scene	competitor	face	31	3	17	65	165	17	362.0	n/a
15	367.040	0.404	correct	0.404	grate	n/a	n/a	n/a	n/a	n/a	n/a	31	3	n/a	n/a	n/a	n/a	n/a	left
15	367.956	0.368	correct	0.368	grate	n/a	n/a	n/a	n/a	n/a	n/a	31	3	n/a	n/a	n/a	n/a	n/a	right
15	368.840	0.333	correct	0.333	grate	n/a	n/a	n/a	n/a	n/a	n/a	31	3	n/a	n/a	n/a	n/a	n/a	left
15	369.690	0.442	correct	0.442	grate	n/a	n/a	n/a	n/a	n/a	n/a	31	3	n/a	n/a	n/a	n/a	n/a	left
15	370.639	0.350	correct	0.350	grate	n/a	n/a	n/a	n/a	n/a	n/a	31	3	n/a	n/a	n/a	n/a	n/a	right
15	371.506	0.314	correct	0.314	grate	n/a	n/a	n/a	n/a	n/a	n/a	31	3	n/a	n/a	n/a	n/a	n/a	left
15	372.339	0.167	incorrect	0.167	grate	n/a	n/a	n/a	n/a	n/a	n/a	31	3	n/a	n/a	n/a	n/a	n/a	left
15	374.022	3.000	remember	0.378	retrieval	retprac	face	scene	object	target	face	32	3	118	46	94	222	374.0	n/a
15	379.055	0.452	correct	0.452	grate	n/a	n/a	n/a	n/a	n/a	n/a	32	3	n/a	n/a	n/a	n/a	n/a	right
15	380.022	0.454	correct	0.454	grate	n/a	n/a	n/a	n/a	n/a	n/a	32	3	n/a	n/a	n/a	n/a	n/a	right
15	380.988	0.351	correct	0.351	grate	n/a	n/a	n/a	n/a	n/a	n/a	32	3	n/a	n/a	n/a	n/a	n/a	left
15	381.855	0.550	correct	0.550	grate	n/a	n/a	n/a	n/a	n/a	n/a	32	3	n/a	n/a	n/a	n/a	n/a	left
15	382.922	0.338	incorrect	0.338	grate	n/a	n/a	n/a	n/a	n/a	n/a	32	3	n/a	n/a	n/a	n/a	n/a	right
15	383.771	0.608	correct	0.608	grate	n/a	n/a	n/a	n/a	n/a	n/a	32	3	n/a	n/a	n/a	n/a	n/a	right
15	384.888	0.100	incorrect	0.100	grate	n/a	n/a	n/a	n/a	n/a	n/a	32	3	n/a	n/a	n/a	n/a	n/a	left
15	386.020	3.000	forget	0.491	retrieval	retprac	object	scene	face	competitor	scene	33	3	138	90	190	242	386.0	n/a
15	391.054	0.389	correct	0.389	grate	n/a	n/a	n/a	n/a	n/a	n/a	33	3	n/a	n/a	n/a	n/a	n/a	right
15	391.954	0.393	correct	0.393	grate	n/a	n/a	n/a	n/a	n/a	n/a	33	3	n/a	n/a	n/a	n/a	n/a	left
15	392.871	0.445	correct	0.445	grate	n/a	n/a	n/a	n/a	n/a	n/a	33	3	n/a	n/a	n/a	n/a	n/a	left
15	393.837	0.486	correct	0.486	grate	n/a	n/a	n/a	n/a	n/a	n/a	33	3	n/a	n/a	n/a	n/a	n/a	left
15	394.837	0.566	correct	0.566	grate	n/a	n/a	n/a	n/a	n/a	n/a	33	3	n/a	n/a	n/a	n/a	n/a	left
15	395.920	0.420	correct	0.420	grate	n/a	n/a	n/a	n/a	n/a	n/a	33	3	n/a	n/a	n/a	n/a	n/a	left
15	396.853	0.100	incorrect	0.100	grate	n/a	n/a	n/a	n/a	n/a	n/a	33	3	n/a	n/a	n/a	n/a	n/a	left
15	398.019	3.000	forget	0.708	retrieval	retprac	face	scene	object	competitor	scene	34	3	116	44	92	220	398.0	n/a
15	403.053	0.366	correct	0.366	grate	n/a	n/a	n/a	n/a	n/a	n/a	34	3	n/a	n/a	n/a	n/a	n/a	left
15	403.936	0.395	correct	0.395	grate	n/a	n/a	n/a	n/a	n/a	n/a	34	3	n/a	n/a	n/a	n/a	n/a	left
15	404.853	0.471	correct	0.471	grate	n/a	n/a	n/a	n/a	n/a	n/a	34	3	n/a	n/a	n/a	n/a	n/a	right
15	405.836	0.407	correct	0.407	grate	n/a	n/a	n/a	n/a	n/a	n/a	34	3	n/a	n/a	n/a	n/a	n/a	right
15	406.752	0.418	correct	0.418	grate	n/a	n/a	n/a	n/a	n/a	n/a	34	3	n/a	n/a	n/a	n/a	n/a	right
15	407.686	0.445	correct	0.445	grate	n/a	n/a	n/a	n/a	n/a	n/a	34	3	n/a	n/a	n/a	n/a	n/a	left
15	408.652	0.100	incorrect	0.100	grate	n/a	n/a	n/a	n/a	n/a	n/a	34	3	n/a	n/a	n/a	n/a	n/a	right
15	410.018	3.000	forget	0.308	retrieval	retprac	scene	object	face	competitor	object	35	3	92	140	292	144	410.0	n/a
15	415.052	0.430	correct	0.430	grate	n/a	n/a	n/a	n/a	n/a	n/a	35	3	n/a	n/a	n/a	n/a	n/a	right
15	416.001	0.394	correct	0.394	grate	n/a	n/a	n/a	n/a	n/a	n/a	35	3	n/a	n/a	n/a	n/a	n/a	right
15	416.918	0.364	correct	0.364	grate	n/a	n/a	n/a	n/a	n/a	n/a	35	3	n/a	n/a	n/a	n/a	n/a	right
15	417.801	0.417	correct	0.417	grate	n/a	n/a	n/a	n/a	n/a	n/a	35	3	n/a	n/a	n/a	n/a	n/a	right
15	418.734	0.388	correct	0.388	grate	n/a	n/a	n/a	n/a	n/a	n/a	35	3	n/a	n/a	n/a	n/a	n/a	right
15	419.634	0.415	correct	0.415	grate	n/a	n/a	n/a	n/a	n/a	n/a	35	3	n/a	n/a	n/a	n/a	n/a	left
15	420.568	0.100	incorrect	0.100	grate	n/a	n/a	n/a	n/a	n/a	n/a	35	3	n/a	n/a	n/a	n/a	n/a	right
15	422.017	3.000	don't know	0.406	retrieval	restudy	face	scene	object	don't know	don't know	36	3	115	43	91	219	422.0	n/a
15	427.051	0.359	correct	0.359	grate	n/a	n/a	n/a	n/a	n/a	n/a	36	3	n/a	n/a	n/a	n/a	n/a	left
15	427.917	0.460	correct	0.460	grate	n/a	n/a	n/a	n/a	n/a	n/a	36	3	n/a	n/a	n/a	n/a	n/a	right
15	428.900	0.309	correct	0.309	grate	n/a	n/a	n/a	n/a	n/a	n/a	36	3	n/a	n/a	n/a	n/a	n/a	left
15	429.717	0.341	correct	0.341	grate	n/a	n/a	n/a	n/a	n/a	n/a	36	3	n/a	n/a	n/a	n/a	n/a	right
15	430.567	0.532	correct	0.532	grate	n/a	n/a	n/a	n/a	n/a	n/a	36	3	n/a	n/a	n/a	n/a	n/a	right
15	431.617	0.409	correct	0.409	grate	n/a	n/a	n/a	n/a	n/a	n/a	36	3	n/a	n/a	n/a	n/a	n/a	right
15	432.533	0.100	incorrect	0.100	grate	n/a	n/a	n/a	n/a	n/a	n/a	36	3	n/a	n/a	n/a	n/a	n/a	left
15	434.015	3.000	don't know	0.550	retrieval	retprac	object	face	scene	don't know	don't know	37	3	24	72	172	24	434.0	n/a
15	439.049	0.360	correct	0.360	grate	n/a	n/a	n/a	n/a	n/a	n/a	37	3	n/a	n/a	n/a	n/a	n/a	left
15	439.932	0.397	correct	0.397	grate	n/a	n/a	n/a	n/a	n/a	n/a	37	3	n/a	n/a	n/a	n/a	n/a	right
15	440.849	0.392	correct	0.392	grate	n/a	n/a	n/a	n/a	n/a	n/a	37	3	n/a	n/a	n/a	n/a	n/a	right
15	441.766	0.429	correct	0.429	grate	n/a	n/a	n/a	n/a	n/a	n/a	37	3	n/a	n/a	n/a	n/a	n/a	left
15	442.715	0.357	correct	0.357	grate	n/a	n/a	n/a	n/a	n/a	n/a	37	3	n/a	n/a	n/a	n/a	n/a	right
15	443.582	0.339	correct	0.339	grate	n/a	n/a	n/a	n/a	n/a	n/a	37	3	n/a	n/a	n/a	n/a	n/a	left
15	444.432	0.084	incorrect	0.084	grate	n/a	n/a	n/a	n/a	n/a	n/a	37	3	n/a	n/a	n/a	n/a	n/a	left
15	446.014	3.000	forget	0.390	retrieval	retprac	scene	face	object	competitor	face	38	3	46	118	270	46	446.0	n/a
15	451.048	0.376	correct	0.376	grate	n/a	n/a	n/a	n/a	n/a	n/a	38	3	n/a	n/a	n/a	n/a	n/a	left
15	451.948	0.358	correct	0.358	grate	n/a	n/a	n/a	n/a	n/a	n/a	38	3	n/a	n/a	n/a	n/a	n/a	right
15	452.814	0.419	correct	0.419	grate	n/a	n/a	n/a	n/a	n/a	n/a	38	3	n/a	n/a	n/a	n/a	n/a	right
15	453.748	0.421	correct	0.421	grate	n/a	n/a	n/a	n/a	n/a	n/a	38	3	n/a	n/a	n/a	n/a	n/a	left
15	454.681	0.634	correct	0.634	grate	n/a	n/a	n/a	n/a	n/a	n/a	38	3	n/a	n/a	n/a	n/a	n/a	left
15	455.831	0.378	correct	0.378	grate	n/a	n/a	n/a	n/a	n/a	n/a	38	3	n/a	n/a	n/a	n/a	n/a	left
15	456.731	0.100	incorrect	0.100	grate	n/a	n/a	n/a	n/a	n/a	n/a	38	3	n/a	n/a	n/a	n/a	n/a	right
15	458.013	3.000	remember	0.384	retrieval	retprac	object	face	scene	target	object	39	3	20	68	168	20	458.0	n/a
15	463.047	0.385	correct	0.385	grate	n/a	n/a	n/a	n/a	n/a	n/a	39	3	n/a	n/a	n/a	n/a	n/a	left
15	463.947	0.349	correct	0.349	grate	n/a	n/a	n/a	n/a	n/a	n/a	39	3	n/a	n/a	n/a	n/a	n/a	left
15	464.813	0.387	correct	0.387	grate	n/a	n/a	n/a	n/a	n/a	n/a	39	3	n/a	n/a	n/a	n/a	n/a	left
15	465.713	0.407	correct	0.407	grate	n/a	n/a	n/a	n/a	n/a	n/a	39	3	n/a	n/a	n/a	n/a	n/a	right
15	466.630	0.386	correct	0.386	grate	n/a	n/a	n/a	n/a	n/a	n/a	39	3	n/a	n/a	n/a	n/a	n/a	right
15	467.530	0.390	correct	0.390	grate	n/a	n/a	n/a	n/a	n/a	n/a	39	3	n/a	n/a	n/a	n/a	n/a	right
15	468.429	0.084	incorrect	0.084	grate	n/a	n/a	n/a	n/a	n/a	n/a	39	3	n/a	n/a	n/a	n/a	n/a	left
15	470.012	3.000	forget	0.376	retrieval	restudy	object	face	scene	other	scene	40	3	23	71	171	23	470.0	n/a
15	475.046	0.426	correct	0.426	grate	n/a	n/a	n/a	n/a	n/a	n/a	40	3	n/a	n/a	n/a	n/a	n/a	right
15	475.979	0.309	correct	0.309	grate	n/a	n/a	n/a	n/a	n/a	n/a	40	3	n/a	n/a	n/a	n/a	n/a	left
15	476.812	0.395	correct	0.395	grate	n/a	n/a	n/a	n/a	n/a	n/a	40	3	n/a	n/a	n/a	n/a	n/a	left
15	477.729	0.343	correct	0.343	grate	n/a	n/a	n/a	n/a	n/a	n/a	40	3	n/a	n/a	n/a	n/a	n/a	left
15	478.578	0.366	correct	0.366	grate	n/a	n/a	n/a	n/a	n/a	n/a	40	3	n/a	n/a	n/a	n/a	n/a	left
15	479.462	0.378	correct	0.378	grate	n/a	n/a	n/a	n/a	n/a	n/a	40	3	n/a	n/a	n/a	n/a	n/a	right
15	480.362	0.150	incorrect	0.150	grate	n/a	n/a	n/a	n/a	n/a	n/a	40	3	n/a	n/a	n/a	n/a	n/a	left
15	482.011	3.000	remember	0.360	retrieval	retprac	object	face	scene	target	object	41	3	22	70	170	22	482.0	n/a
15	487.044	0.427	correct	0.427	grate	n/a	n/a	n/a	n/a	n/a	n/a	41	3	n/a	n/a	n/a	n/a	n/a	right
15	487.994	0.333	correct	0.333	grate	n/a	n/a	n/a	n/a	n/a	n/a	41	3	n/a	n/a	n/a	n/a	n/a	left
15	488.844	0.371	correct	0.371	grate	n/a	n/a	n/a	n/a	n/a	n/a	41	3	n/a	n/a	n/a	n/a	n/a	left
15	489.727	0.448	correct	0.448	grate	n/a	n/a	n/a	n/a	n/a	n/a	41	3	n/a	n/a	n/a	n/a	n/a	left
15	490.694	0.353	correct	0.353	grate	n/a	n/a	n/a	n/a	n/a	n/a	41	3	n/a	n/a	n/a	n/a	n/a	right
15	491.560	0.415	correct	0.415	grate	n/a	n/a	n/a	n/a	n/a	n/a	41	3	n/a	n/a	n/a	n/a	n/a	right
15	492.494	0.017	incorrect	0.017	grate	n/a	n/a	n/a	n/a	n/a	n/a	41	3	n/a	n/a	n/a	n/a	n/a	right
15	494.009	3.000	remember	0.306	retrieval	retprac	face	scene	object	target	face	42	3	114	42	90	218	494.0	n/a
15	499.043	0.508	correct	0.508	grate	n/a	n/a	n/a	n/a	n/a	n/a	42	3	n/a	n/a	n/a	n/a	n/a	left
15	500.060	0.387	correct	0.387	grate	n/a	n/a	n/a	n/a	n/a	n/a	42	3	n/a	n/a	n/a	n/a	n/a	right
15	500.960	0.415	correct	0.415	grate	n/a	n/a	n/a	n/a	n/a	n/a	42	3	n/a	n/a	n/a	n/a	n/a	right
15	501.893	0.394	correct	0.394	grate	n/a	n/a	n/a	n/a	n/a	n/a	42	3	n/a	n/a	n/a	n/a	n/a	left
15	502.809	0.373	correct	0.373	grate	n/a	n/a	n/a	n/a	n/a	n/a	42	3	n/a	n/a	n/a	n/a	n/a	left
15	503.693	0.330	correct	0.330	grate	n/a	n/a	n/a	n/a	n/a	n/a	42	3	n/a	n/a	n/a	n/a	n/a	right
15	504.542	0.100	incorrect	0.100	grate	n/a	n/a	n/a	n/a	n/a	n/a	42	3	n/a	n/a	n/a	n/a	n/a	right
15	506.008	3.000	forget	0.458	retrieval	restudy	scene	object	face	competitor	object	43	3	91	139	291	143	506.0	n/a
15	511.042	0.429	correct	0.429	grate	n/a	n/a	n/a	n/a	n/a	n/a	43	3	n/a	n/a	n/a	n/a	n/a	right
15	511.992	0.398	correct	0.398	grate	n/a	n/a	n/a	n/a	n/a	n/a	43	3	n/a	n/a	n/a	n/a	n/a	right
15	512.908	0.442	correct	0.442	grate	n/a	n/a	n/a	n/a	n/a	n/a	43	3	n/a	n/a	n/a	n/a	n/a	left
15	513.858	0.380	correct	0.380	grate	n/a	n/a	n/a	n/a	n/a	n/a	43	3	n/a	n/a	n/a	n/a	n/a	left
15	514.758	0.449	correct	0.449	grate	n/a	n/a	n/a	n/a	n/a	n/a	43	3	n/a	n/a	n/a	n/a	n/a	left
15	515.725	0.409	correct	0.409	grate	n/a	n/a	n/a	n/a	n/a	n/a	43	3	n/a	n/a	n/a	n/a	n/a	right
15	516.658	0.100	incorrect	0.100	grate	n/a	n/a	n/a	n/a	n/a	n/a	43	3	n/a	n/a	n/a	n/a	n/a	left
15	518.007	3.000	forget	0.283	retrieval	restudy	scene	object	face	competitor	object	44	3	93	141	293	145	518.0	n/a
15	523.041	0.357	correct	0.357	grate	n/a	n/a	n/a	n/a	n/a	n/a	44	3	n/a	n/a	n/a	n/a	n/a	left
15	523.907	0.426	correct	0.426	grate	n/a	n/a	n/a	n/a	n/a	n/a	44	3	n/a	n/a	n/a	n/a	n/a	left
15	524.840	0.381	correct	0.381	grate	n/a	n/a	n/a	n/a	n/a	n/a	44	3	n/a	n/a	n/a	n/a	n/a	left
15	525.740	0.401	correct	0.401	grate	n/a	n/a	n/a	n/a	n/a	n/a	44	3	n/a	n/a	n/a	n/a	n/a	right
15	526.657	0.348	correct	0.348	grate	n/a	n/a	n/a	n/a	n/a	n/a	44	3	n/a	n/a	n/a	n/a	n/a	left
15	527.523	0.410	correct	0.410	grate	n/a	n/a	n/a	n/a	n/a	n/a	44	3	n/a	n/a	n/a	n/a	n/a	right
15	528.457	0.050	incorrect	0.050	grate	n/a	n/a	n/a	n/a	n/a	n/a	44	3	n/a	n/a	n/a	n/a	n/a	left
15	530.022	3.000	forget	0.340	retrieval	restudy	object	face	scene	competitor	face	45	3	21	69	169	21	530.0	n/a
15	535.056	0.373	correct	0.373	grate	n/a	n/a	n/a	n/a	n/a	n/a	45	3	n/a	n/a	n/a	n/a	n/a	left
15	535.939	0.346	correct	0.346	grate	n/a	n/a	n/a	n/a	n/a	n/a	45	3	n/a	n/a	n/a	n/a	n/a	left
15	536.806	0.391	correct	0.391	grate	n/a	n/a	n/a	n/a	n/a	n/a	45	3	n/a	n/a	n/a	n/a	n/a	left
15	537.706	0.492	correct	0.492	grate	n/a	n/a	n/a	n/a	n/a	n/a	45	3	n/a	n/a	n/a	n/a	n/a	left
15	538.706	0.347	correct	0.347	grate	n/a	n/a	n/a	n/a	n/a	n/a	45	3	n/a	n/a	n/a	n/a	n/a	left
15	539.572	0.393	correct	0.393	grate	n/a	n/a	n/a	n/a	n/a	n/a	45	3	n/a	n/a	n/a	n/a	n/a	right
15	540.489	0.033	incorrect	0.033	grate	n/a	n/a	n/a	n/a	n/a	n/a	45	3	n/a	n/a	n/a	n/a	n/a	left
15	542.021	3.000	forget	0.243	retrieval	restudy	face	object	scene	competitor	object	46	3	65	17	65	117	542.0	n/a
15	547.055	0.358	correct	0.358	grate	n/a	n/a	n/a	n/a	n/a	n/a	46	3	n/a	n/a	n/a	n/a	n/a	right
15	547.921	0.387	correct	0.387	grate	n/a	n/a	n/a	n/a	n/a	n/a	46	3	n/a	n/a	n/a	n/a	n/a	left
15	548.821	0.367	correct	0.367	grate	n/a	n/a	n/a	n/a	n/a	n/a	46	3	n/a	n/a	n/a	n/a	n/a	left
15	549.705	0.332	correct	0.332	grate	n/a	n/a	n/a	n/a	n/a	n/a	46	3	n/a	n/a	n/a	n/a	n/a	right
15	550.554	0.306	correct	0.306	grate	n/a	n/a	n/a	n/a	n/a	n/a	46	3	n/a	n/a	n/a	n/a	n/a	left
15	551.371	0.417	correct	0.417	grate	n/a	n/a	n/a	n/a	n/a	n/a	46	3	n/a	n/a	n/a	n/a	n/a	left
15	552.304	0.217	incorrect	0.217	grate	n/a	n/a	n/a	n/a	n/a	n/a	46	3	n/a	n/a	n/a	n/a	n/a	right
15	554.020	3.000	forget	0.820	retrieval	restudy	scene	face	object	other	object	47	3	45	117	269	45	554.0	n/a
15	559.054	0.414	correct	0.414	grate	n/a	n/a	n/a	n/a	n/a	n/a	47	3	n/a	n/a	n/a	n/a	n/a	right
15	559.987	0.369	correct	0.369	grate	n/a	n/a	n/a	n/a	n/a	n/a	47	3	n/a	n/a	n/a	n/a	n/a	right
15	560.870	0.366	correct	0.366	grate	n/a	n/a	n/a	n/a	n/a	n/a	47	3	n/a	n/a	n/a	n/a	n/a	right
15	561.753	0.523	correct	0.523	grate	n/a	n/a	n/a	n/a	n/a	n/a	47	3	n/a	n/a	n/a	n/a	n/a	right
15	562.787	0.401	correct	0.401	grate	n/a	n/a	n/a	n/a	n/a	n/a	47	3	n/a	n/a	n/a	n/a	n/a	left
15	563.703	0.397	correct	0.397	grate	n/a	n/a	n/a	n/a	n/a	n/a	47	3	n/a	n/a	n/a	n/a	n/a	left
15	564.620	0.100	incorrect	0.100	grate	n/a	n/a	n/a	n/a	n/a	n/a	47	3	n/a	n/a	n/a	n/a	n/a	right
15	566.019	3.000	remember	0.382	retrieval	retprac	scene	face	object	target	scene	48	3	42	114	266	42	566.0	n/a
15	571.053	0.367	correct	0.367	grate	n/a	n/a	n/a	n/a	n/a	n/a	48	3	n/a	n/a	n/a	n/a	n/a	right
15	571.935	0.396	correct	0.396	grate	n/a	n/a	n/a	n/a	n/a	n/a	48	3	n/a	n/a	n/a	n/a	n/a	right
15	572.852	0.417	correct	0.417	grate	n/a	n/a	n/a	n/a	n/a	n/a	48	3	n/a	n/a	n/a	n/a	n/a	left
15	573.785	0.387	correct	0.387	grate	n/a	n/a	n/a	n/a	n/a	n/a	48	3	n/a	n/a	n/a	n/a	n/a	left
15	574.685	0.415	correct	0.415	grate	n/a	n/a	n/a	n/a	n/a	n/a	48	3	n/a	n/a	n/a	n/a	n/a	left
15	575.619	0.377	correct	0.377	grate	n/a	n/a	n/a	n/a	n/a	n/a	48	3	n/a	n/a	n/a	n/a	n/a	left
15	576.518	0.000	incorrect	0.000	grate	n/a	n/a	n/a	n/a	n/a	n/a	48	3	n/a	n/a	n/a	n/a	n/a	left
