sub_id	onset	duration	trial_type	response_time	task_type	update_cond	cate_c	cate_b	cate_o	response_type	response	trial_id	run_id	word_id	img_id	stim_c	stim_b	design_onset	grate_orientation
10	2.015	3.000	remember	0.297	retrieval	restudy	object	face	scene	target	object	1	1	7	55	155	7	2.0	n/a
10	7.049	1.419	correct	1.419	grate	n/a	n/a	n/a	n/a	n/a	n/a	1	1	n/a	n/a	n/a	n/a	n/a	left
10	8.982	0.518	incorrect	0.518	grate	n/a	n/a	n/a	n/a	n/a	n/a	1	1	n/a	n/a	n/a	n/a	n/a	left
10	10.015	0.709	correct	0.709	grate	n/a	n/a	n/a	n/a	n/a	n/a	1	1	n/a	n/a	n/a	n/a	n/a	right
10	11.231	0.540	correct	0.540	grate	n/a	n/a	n/a	n/a	n/a	n/a	1	1	n/a	n/a	n/a	n/a	n/a	left
10	12.281	0.233	incorrect	0.233	grate	n/a	n/a	n/a	n/a	n/a	n/a	1	1	n/a	n/a	n/a	n/a	n/a	right
10	14.014	3.000	forget	0.505	retrieval	restudy	scene	face	object	other	object	2	1	25	97	249	25	14.0	n/a
10	19.048	0.788	correct	0.788	grate	n/a	n/a	n/a	n/a	n/a	n/a	2	1	n/a	n/a	n/a	n/a	n/a	right
10	20.348	0.448	correct	0.448	grate	n/a	n/a	n/a	n/a	n/a	n/a	2	1	n/a	n/a	n/a	n/a	n/a	left
10	21.314	0.482	correct	0.482	grate	n/a	n/a	n/a	n/a	n/a	n/a	2	1	n/a	n/a	n/a	n/a	n/a	left
10	22.314	0.419	correct	0.419	grate	n/a	n/a	n/a	n/a	n/a	n/a	2	1	n/a	n/a	n/a	n/a	n/a	right
10	23.247	0.517	correct	0.517	grate	n/a	n/a	n/a	n/a	n/a	n/a	2	1	n/a	n/a	n/a	n/a	n/a	left
10	24.281	0.233	incorrect	0.233	grate	n/a	n/a	n/a	n/a	n/a	n/a	2	1	n/a	n/a	n/a	n/a	n/a	right
10	26.013	3.000	forget	0.547	retrieval	restudy	scene	face	object	competitor	face	3	1	31	103	255	31	26.0	n/a
10	31.047	0.676	correct	0.676	grate	n/a	n/a	n/a	n/a	n/a	n/a	3	1	n/a	n/a	n/a	n/a	n/a	left
10	32.230	0.326	incorrect	0.326	grate	n/a	n/a	n/a	n/a	n/a	n/a	3	1	n/a	n/a	n/a	n/a	n/a	left
10	33.063	0.461	correct	0.461	grate	n/a	n/a	n/a	n/a	n/a	n/a	3	1	n/a	n/a	n/a	n/a	n/a	right
10	34.047	0.453	correct	0.453	grate	n/a	n/a	n/a	n/a	n/a	n/a	3	1	n/a	n/a	n/a	n/a	n/a	right
10	35.013	0.478	correct	0.478	grate	n/a	n/a	n/a	n/a	n/a	n/a	3	1	n/a	n/a	n/a	n/a	n/a	right
10	36.013	0.500	incorrect	0.500	grate	n/a	n/a	n/a	n/a	n/a	n/a	3	1	n/a	n/a	n/a	n/a	n/a	left
10	38.012	3.000	remember	0.747	retrieval	retprac	face	object	scene	target	face	4	1	50	2	50	102	38.0	n/a
10	43.046	0.677	correct	0.677	grate	n/a	n/a	n/a	n/a	n/a	n/a	4	1	n/a	n/a	n/a	n/a	n/a	right
10	44.246	0.462	correct	0.462	grate	n/a	n/a	n/a	n/a	n/a	n/a	4	1	n/a	n/a	n/a	n/a	n/a	left
10	45.229	0.430	correct	0.430	grate	n/a	n/a	n/a	n/a	n/a	n/a	4	1	n/a	n/a	n/a	n/a	n/a	left
10	46.179	0.624	incorrect	0.624	grate	n/a	n/a	n/a	n/a	n/a	n/a	4	1	n/a	n/a	n/a	n/a	n/a	left
10	47.312	0.475	correct	0.475	grate	n/a	n/a	n/a	n/a	n/a	n/a	4	1	n/a	n/a	n/a	n/a	n/a	left
10	48.296	0.217	incorrect	0.217	grate	n/a	n/a	n/a	n/a	n/a	n/a	4	1	n/a	n/a	n/a	n/a	n/a	left
10	50.011	3.000	remember	0.308	retrieval	restudy	face	scene	object	target	face	5	1	97	25	73	201	50.0	n/a
10	55.045	0.614	correct	0.614	grate	n/a	n/a	n/a	n/a	n/a	n/a	5	1	n/a	n/a	n/a	n/a	n/a	right
10	56.178	0.425	correct	0.425	grate	n/a	n/a	n/a	n/a	n/a	n/a	5	1	n/a	n/a	n/a	n/a	n/a	left
10	57.112	0.437	correct	0.437	grate	n/a	n/a	n/a	n/a	n/a	n/a	5	1	n/a	n/a	n/a	n/a	n/a	right
10	58.062	0.438	correct	0.438	grate	n/a	n/a	n/a	n/a	n/a	n/a	5	1	n/a	n/a	n/a	n/a	n/a	right
10	59.011	0.520	correct	0.520	grate	n/a	n/a	n/a	n/a	n/a	n/a	5	1	n/a	n/a	n/a	n/a	n/a	left
10	60.045	0.467	incorrect	0.467	grate	n/a	n/a	n/a	n/a	n/a	n/a	5	1	n/a	n/a	n/a	n/a	n/a	right
10	62.010	3.000	forget	0.405	retrieval	retprac	face	scene	object	other	object	6	1	104	32	80	208	62.0	n/a
10	67.044	0.679	correct	0.679	grate	n/a	n/a	n/a	n/a	n/a	n/a	6	1	n/a	n/a	n/a	n/a	n/a	right
10	68.244	0.383	correct	0.383	grate	n/a	n/a	n/a	n/a	n/a	n/a	6	1	n/a	n/a	n/a	n/a	n/a	right
10	69.144	0.395	correct	0.395	grate	n/a	n/a	n/a	n/a	n/a	n/a	6	1	n/a	n/a	n/a	n/a	n/a	right
10	70.061	0.350	correct	0.350	grate	n/a	n/a	n/a	n/a	n/a	n/a	6	1	n/a	n/a	n/a	n/a	n/a	right
10	70.927	0.372	correct	0.372	grate	n/a	n/a	n/a	n/a	n/a	n/a	6	1	n/a	n/a	n/a	n/a	n/a	right
10	71.811	0.377	correct	0.377	grate	n/a	n/a	n/a	n/a	n/a	n/a	6	1	n/a	n/a	n/a	n/a	n/a	right
10	72.710	0.100	incorrect	0.100	grate	n/a	n/a	n/a	n/a	n/a	n/a	6	1	n/a	n/a	n/a	n/a	n/a	right
10	74.010	3.000	forget	0.605	retrieval	retprac	scene	object	face	other	face	7	1	76	124	276	128	74.0	n/a
10	79.044	0.624	correct	0.624	grate	n/a	n/a	n/a	n/a	n/a	n/a	7	1	n/a	n/a	n/a	n/a	n/a	left
10	80.177	0.411	correct	0.411	grate	n/a	n/a	n/a	n/a	n/a	n/a	7	1	n/a	n/a	n/a	n/a	n/a	right
10	81.110	0.420	correct	0.420	grate	n/a	n/a	n/a	n/a	n/a	n/a	7	1	n/a	n/a	n/a	n/a	n/a	right
10	82.043	0.336	correct	0.336	grate	n/a	n/a	n/a	n/a	n/a	n/a	7	1	n/a	n/a	n/a	n/a	n/a	right
10	82.893	0.350	correct	0.350	grate	n/a	n/a	n/a	n/a	n/a	n/a	7	1	n/a	n/a	n/a	n/a	n/a	right
10	83.760	0.427	correct	0.427	grate	n/a	n/a	n/a	n/a	n/a	n/a	7	1	n/a	n/a	n/a	n/a	n/a	right
10	84.710	0.100	incorrect	0.100	grate	n/a	n/a	n/a	n/a	n/a	n/a	7	1	n/a	n/a	n/a	n/a	n/a	left
10	86.009	3.000	forget	0.510	retrieval	retprac	scene	face	object	other	object	8	1	28	100	252	28	86.0	n/a
10	91.043	0.744	correct	0.744	grate	n/a	n/a	n/a	n/a	n/a	n/a	8	1	n/a	n/a	n/a	n/a	n/a	left
10	92.309	0.430	correct	0.430	grate	n/a	n/a	n/a	n/a	n/a	n/a	8	1	n/a	n/a	n/a	n/a	n/a	right
10	93.259	0.442	correct	0.442	grate	n/a	n/a	n/a	n/a	n/a	n/a	8	1	n/a	n/a	n/a	n/a	n/a	left
10	94.209	0.419	correct	0.419	grate	n/a	n/a	n/a	n/a	n/a	n/a	8	1	n/a	n/a	n/a	n/a	n/a	right
10	95.142	0.381	correct	0.381	grate	n/a	n/a	n/a	n/a	n/a	n/a	8	1	n/a	n/a	n/a	n/a	n/a	right
10	96.042	0.466	incorrect	0.466	grate	n/a	n/a	n/a	n/a	n/a	n/a	8	1	n/a	n/a	n/a	n/a	n/a	left
10	98.008	3.000	forget	0.360	retrieval	restudy	face	object	scene	competitor	object	9	1	53	5	53	105	98.0	n/a
10	103.042	0.521	correct	0.521	grate	n/a	n/a	n/a	n/a	n/a	n/a	9	1	n/a	n/a	n/a	n/a	n/a	left
10	104.075	0.496	correct	0.496	grate	n/a	n/a	n/a	n/a	n/a	n/a	9	1	n/a	n/a	n/a	n/a	n/a	left
10	105.092	0.463	correct	0.463	grate	n/a	n/a	n/a	n/a	n/a	n/a	9	1	n/a	n/a	n/a	n/a	n/a	left
10	106.075	0.456	correct	0.456	grate	n/a	n/a	n/a	n/a	n/a	n/a	9	1	n/a	n/a	n/a	n/a	n/a	right
10	107.041	0.457	correct	0.457	grate	n/a	n/a	n/a	n/a	n/a	n/a	9	1	n/a	n/a	n/a	n/a	n/a	left
10	108.008	0.476	correct	0.476	grate	n/a	n/a	n/a	n/a	n/a	n/a	9	1	n/a	n/a	n/a	n/a	n/a	right
10	108.991	0.100	incorrect	0.100	grate	n/a	n/a	n/a	n/a	n/a	n/a	9	1	n/a	n/a	n/a	n/a	n/a	left
10	110.007	3.000	forget	0.959	retrieval	retprac	scene	object	face	competitor	object	10	1	78	126	278	130	110.0	n/a
10	115.041	0.617	correct	0.617	grate	n/a	n/a	n/a	n/a	n/a	n/a	10	1	n/a	n/a	n/a	n/a	n/a	right
10	116.174	0.557	correct	0.557	grate	n/a	n/a	n/a	n/a	n/a	n/a	10	1	n/a	n/a	n/a	n/a	n/a	right
10	117.241	0.434	correct	0.434	grate	n/a	n/a	n/a	n/a	n/a	n/a	10	1	n/a	n/a	n/a	n/a	n/a	left
10	118.191	0.396	correct	0.396	grate	n/a	n/a	n/a	n/a	n/a	n/a	10	1	n/a	n/a	n/a	n/a	n/a	right
10	119.107	0.423	correct	0.423	grate	n/a	n/a	n/a	n/a	n/a	n/a	10	1	n/a	n/a	n/a	n/a	n/a	left
10	120.041	0.363	correct	0.363	grate	n/a	n/a	n/a	n/a	n/a	n/a	10	1	n/a	n/a	n/a	n/a	n/a	right
10	120.924	0.100	incorrect	0.100	grate	n/a	n/a	n/a	n/a	n/a	n/a	10	1	n/a	n/a	n/a	n/a	n/a	left
10	122.023	3.000	remember	0.312	retrieval	restudy	scene	object	face	target	scene	11	1	75	123	275	127	122.0	n/a
10	127.057	0.594	correct	0.594	grate	n/a	n/a	n/a	n/a	n/a	n/a	11	1	n/a	n/a	n/a	n/a	n/a	left
10	128.173	0.397	correct	0.397	grate	n/a	n/a	n/a	n/a	n/a	n/a	11	1	n/a	n/a	n/a	n/a	n/a	left
10	129.090	0.409	correct	0.409	grate	n/a	n/a	n/a	n/a	n/a	n/a	11	1	n/a	n/a	n/a	n/a	n/a	right
10	130.007	0.428	incorrect	0.428	grate	n/a	n/a	n/a	n/a	n/a	n/a	11	1	n/a	n/a	n/a	n/a	n/a	left
10	130.957	0.566	correct	0.566	grate	n/a	n/a	n/a	n/a	n/a	n/a	11	1	n/a	n/a	n/a	n/a	n/a	left
10	132.040	0.483	incorrect	0.483	grate	n/a	n/a	n/a	n/a	n/a	n/a	11	1	n/a	n/a	n/a	n/a	n/a	left
10	134.022	3.000	remember	0.704	retrieval	restudy	object	face	scene	target	object	12	1	3	51	151	3	134.0	n/a
10	139.056	0.474	correct	0.474	grate	n/a	n/a	n/a	n/a	n/a	n/a	12	1	n/a	n/a	n/a	n/a	n/a	right
10	140.039	0.419	incorrect	0.419	grate	n/a	n/a	n/a	n/a	n/a	n/a	12	1	n/a	n/a	n/a	n/a	n/a	left
10	140.972	0.590	incorrect	0.590	grate	n/a	n/a	n/a	n/a	n/a	n/a	12	1	n/a	n/a	n/a	n/a	n/a	left
10	142.072	0.578	correct	0.578	grate	n/a	n/a	n/a	n/a	n/a	n/a	12	1	n/a	n/a	n/a	n/a	n/a	right
10	143.172	0.614	incorrect	0.614	grate	n/a	n/a	n/a	n/a	n/a	n/a	12	1	n/a	n/a	n/a	n/a	n/a	left
10	144.306	0.216	incorrect	0.216	grate	n/a	n/a	n/a	n/a	n/a	n/a	12	1	n/a	n/a	n/a	n/a	n/a	left
10	146.021	3.000	forget	0.466	retrieval	retprac	scene	object	face	competitor	object	13	1	74	122	274	126	146.0	n/a
10	151.055	0.492	correct	0.492	grate	n/a	n/a	n/a	n/a	n/a	n/a	13	1	n/a	n/a	n/a	n/a	n/a	right
10	152.055	0.429	correct	0.429	grate	n/a	n/a	n/a	n/a	n/a	n/a	13	1	n/a	n/a	n/a	n/a	n/a	right
10	153.005	0.373	correct	0.373	grate	n/a	n/a	n/a	n/a	n/a	n/a	13	1	n/a	n/a	n/a	n/a	n/a	right
10	153.888	0.426	incorrect	0.426	grate	n/a	n/a	n/a	n/a	n/a	n/a	13	1	n/a	n/a	n/a	n/a	n/a	left
10	154.821	0.701	correct	0.701	grate	n/a	n/a	n/a	n/a	n/a	n/a	13	1	n/a	n/a	n/a	n/a	n/a	left
10	156.038	0.483	incorrect	0.483	grate	n/a	n/a	n/a	n/a	n/a	n/a	13	1	n/a	n/a	n/a	n/a	n/a	left
10	158.020	3.000	forget	0.322	retrieval	retprac	scene	face	object	competitor	face	14	1	30	102	254	30	158.0	n/a
10	163.054	0.724	correct	0.724	grate	n/a	n/a	n/a	n/a	n/a	n/a	14	1	n/a	n/a	n/a	n/a	n/a	left
10	164.287	0.491	correct	0.491	grate	n/a	n/a	n/a	n/a	n/a	n/a	14	1	n/a	n/a	n/a	n/a	n/a	left
10	165.287	0.443	correct	0.443	grate	n/a	n/a	n/a	n/a	n/a	n/a	14	1	n/a	n/a	n/a	n/a	n/a	right
10	166.237	0.421	correct	0.421	grate	n/a	n/a	n/a	n/a	n/a	n/a	14	1	n/a	n/a	n/a	n/a	n/a	left
10	167.171	0.463	correct	0.463	grate	n/a	n/a	n/a	n/a	n/a	n/a	14	1	n/a	n/a	n/a	n/a	n/a	left
10	168.154	0.366	incorrect	0.366	grate	n/a	n/a	n/a	n/a	n/a	n/a	14	1	n/a	n/a	n/a	n/a	n/a	right
10	170.019	3.000	forget	0.330	retrieval	retprac	object	face	scene	competitor	face	15	1	4	52	152	4	170.0	n/a
10	175.054	0.460	correct	0.460	grate	n/a	n/a	n/a	n/a	n/a	n/a	15	1	n/a	n/a	n/a	n/a	n/a	right
10	176.037	0.549	correct	0.549	grate	n/a	n/a	n/a	n/a	n/a	n/a	15	1	n/a	n/a	n/a	n/a	n/a	left
10	177.103	0.507	correct	0.507	grate	n/a	n/a	n/a	n/a	n/a	n/a	15	1	n/a	n/a	n/a	n/a	n/a	left
10	178.120	0.394	correct	0.394	grate	n/a	n/a	n/a	n/a	n/a	n/a	15	1	n/a	n/a	n/a	n/a	n/a	left
10	179.036	0.382	correct	0.382	grate	n/a	n/a	n/a	n/a	n/a	n/a	15	1	n/a	n/a	n/a	n/a	n/a	left
10	179.936	0.369	correct	0.369	grate	n/a	n/a	n/a	n/a	n/a	n/a	15	1	n/a	n/a	n/a	n/a	n/a	left
10	180.820	0.100	incorrect	0.100	grate	n/a	n/a	n/a	n/a	n/a	n/a	15	1	n/a	n/a	n/a	n/a	n/a	right
10	182.019	3.000	remember	0.603	retrieval	retprac	scene	face	object	target	scene	16	1	26	98	250	26	182.0	n/a
10	187.053	0.494	correct	0.494	grate	n/a	n/a	n/a	n/a	n/a	n/a	16	1	n/a	n/a	n/a	n/a	n/a	right
10	188.069	0.373	correct	0.373	grate	n/a	n/a	n/a	n/a	n/a	n/a	16	1	n/a	n/a	n/a	n/a	n/a	right
10	188.952	0.355	correct	0.355	grate	n/a	n/a	n/a	n/a	n/a	n/a	16	1	n/a	n/a	n/a	n/a	n/a	right
10	189.819	0.440	correct	0.440	grate	n/a	n/a	n/a	n/a	n/a	n/a	16	1	n/a	n/a	n/a	n/a	n/a	left
10	190.769	0.385	correct	0.385	grate	n/a	n/a	n/a	n/a	n/a	n/a	16	1	n/a	n/a	n/a	n/a	n/a	right
10	191.669	0.445	correct	0.445	grate	n/a	n/a	n/a	n/a	n/a	n/a	16	1	n/a	n/a	n/a	n/a	n/a	left
10	192.636	0.100	incorrect	0.100	grate	n/a	n/a	n/a	n/a	n/a	n/a	16	1	n/a	n/a	n/a	n/a	n/a	left
10	194.018	3.000	forget	0.524	retrieval	restudy	object	scene	face	competitor	scene	17	1	123	75	175	227	194.0	n/a
10	199.052	0.670	correct	0.670	grate	n/a	n/a	n/a	n/a	n/a	n/a	17	1	n/a	n/a	n/a	n/a	n/a	left
10	200.235	0.335	correct	0.335	grate	n/a	n/a	n/a	n/a	n/a	n/a	17	1	n/a	n/a	n/a	n/a	n/a	right
10	201.085	0.501	correct	0.501	grate	n/a	n/a	n/a	n/a	n/a	n/a	17	1	n/a	n/a	n/a	n/a	n/a	right
10	202.101	0.412	correct	0.412	grate	n/a	n/a	n/a	n/a	n/a	n/a	17	1	n/a	n/a	n/a	n/a	n/a	left
10	203.035	0.488	correct	0.488	grate	n/a	n/a	n/a	n/a	n/a	n/a	17	1	n/a	n/a	n/a	n/a	n/a	left
10	204.035	0.483	incorrect	0.483	grate	n/a	n/a	n/a	n/a	n/a	n/a	17	1	n/a	n/a	n/a	n/a	n/a	right
10	206.017	3.000	forget	0.428	retrieval	retprac	face	scene	object	other	object	18	1	98	26	74	202	206.0	n/a
10	211.051	0.591	correct	0.591	grate	n/a	n/a	n/a	n/a	n/a	n/a	18	1	n/a	n/a	n/a	n/a	n/a	left
10	212.151	0.387	correct	0.387	grate	n/a	n/a	n/a	n/a	n/a	n/a	18	1	n/a	n/a	n/a	n/a	n/a	right
10	213.051	0.551	correct	0.551	grate	n/a	n/a	n/a	n/a	n/a	n/a	18	1	n/a	n/a	n/a	n/a	n/a	left
10	214.117	0.348	correct	0.348	grate	n/a	n/a	n/a	n/a	n/a	n/a	18	1	n/a	n/a	n/a	n/a	n/a	right
10	214.984	0.410	correct	0.410	grate	n/a	n/a	n/a	n/a	n/a	n/a	18	1	n/a	n/a	n/a	n/a	n/a	left
10	215.900	0.319	incorrect	0.319	grate	n/a	n/a	n/a	n/a	n/a	n/a	18	1	n/a	n/a	n/a	n/a	n/a	left
10	216.734	0.100	incorrect	0.100	grate	n/a	n/a	n/a	n/a	n/a	n/a	18	1	n/a	n/a	n/a	n/a	n/a	left
10	218.016	3.000	forget	0.405	retrieval	retprac	face	object	scene	competitor	object	19	1	56	8	56	108	218.0	n/a
10	223.050	0.991	correct	0.991	grate	n/a	n/a	n/a	n/a	n/a	n/a	19	1	n/a	n/a	n/a	n/a	n/a	right
10	224.567	0.499	correct	0.499	grate	n/a	n/a	n/a	n/a	n/a	n/a	19	1	n/a	n/a	n/a	n/a	n/a	left
10	225.583	0.666	correct	0.666	grate	n/a	n/a	n/a	n/a	n/a	n/a	19	1	n/a	n/a	n/a	n/a	n/a	left
10	226.766	0.451	correct	0.451	grate	n/a	n/a	n/a	n/a	n/a	n/a	19	1	n/a	n/a	n/a	n/a	n/a	right
10	227.733	0.493	correct	0.493	grate	n/a	n/a	n/a	n/a	n/a	n/a	19	1	n/a	n/a	n/a	n/a	n/a	left
10	228.733	0.100	incorrect	0.100	grate	n/a	n/a	n/a	n/a	n/a	n/a	19	1	n/a	n/a	n/a	n/a	n/a	right
10	230.015	3.000	forget	0.462	retrieval	retprac	object	face	scene	competitor	face	20	1	6	54	154	6	230.0	n/a
10	235.049	0.608	correct	0.608	grate	n/a	n/a	n/a	n/a	n/a	n/a	20	1	n/a	n/a	n/a	n/a	n/a	right
10	236.166	0.412	correct	0.412	grate	n/a	n/a	n/a	n/a	n/a	n/a	20	1	n/a	n/a	n/a	n/a	n/a	right
10	237.099	0.454	correct	0.454	grate	n/a	n/a	n/a	n/a	n/a	n/a	20	1	n/a	n/a	n/a	n/a	n/a	left
10	238.066	0.480	correct	0.480	grate	n/a	n/a	n/a	n/a	n/a	n/a	20	1	n/a	n/a	n/a	n/a	n/a	right
10	239.066	0.377	correct	0.377	grate	n/a	n/a	n/a	n/a	n/a	n/a	20	1	n/a	n/a	n/a	n/a	n/a	left
10	239.966	0.420	incorrect	0.420	grate	n/a	n/a	n/a	n/a	n/a	n/a	20	1	n/a	n/a	n/a	n/a	n/a	left
10	240.899	0.100	incorrect	0.100	grate	n/a	n/a	n/a	n/a	n/a	n/a	20	1	n/a	n/a	n/a	n/a	n/a	left
10	242.014	3.000	forget	0.368	retrieval	restudy	object	scene	face	competitor	scene	21	1	127	79	179	231	242.0	n/a
10	247.049	0.786	correct	0.786	grate	n/a	n/a	n/a	n/a	n/a	n/a	21	1	n/a	n/a	n/a	n/a	n/a	right
10	248.348	0.357	correct	0.357	grate	n/a	n/a	n/a	n/a	n/a	n/a	21	1	n/a	n/a	n/a	n/a	n/a	right
10	249.231	0.386	correct	0.386	grate	n/a	n/a	n/a	n/a	n/a	n/a	21	1	n/a	n/a	n/a	n/a	n/a	left
10	250.131	0.518	correct	0.518	grate	n/a	n/a	n/a	n/a	n/a	n/a	21	1	n/a	n/a	n/a	n/a	n/a	right
10	251.165	0.340	correct	0.340	grate	n/a	n/a	n/a	n/a	n/a	n/a	21	1	n/a	n/a	n/a	n/a	n/a	left
10	252.015	0.451	correct	0.451	grate	n/a	n/a	n/a	n/a	n/a	n/a	21	1	n/a	n/a	n/a	n/a	n/a	left
10	252.981	0.100	incorrect	0.100	grate	n/a	n/a	n/a	n/a	n/a	n/a	21	1	n/a	n/a	n/a	n/a	n/a	left
10	254.014	3.000	forget	0.360	retrieval	restudy	scene	face	object	other	object	22	1	29	101	253	29	254.0	n/a
10	259.048	0.450	correct	0.450	grate	n/a	n/a	n/a	n/a	n/a	n/a	22	1	n/a	n/a	n/a	n/a	n/a	left
10	260.014	0.363	correct	0.363	grate	n/a	n/a	n/a	n/a	n/a	n/a	22	1	n/a	n/a	n/a	n/a	n/a	right
10	260.897	0.456	correct	0.456	grate	n/a	n/a	n/a	n/a	n/a	n/a	22	1	n/a	n/a	n/a	n/a	n/a	right
10	261.864	0.369	correct	0.369	grate	n/a	n/a	n/a	n/a	n/a	n/a	22	1	n/a	n/a	n/a	n/a	n/a	left
10	262.747	0.550	correct	0.550	grate	n/a	n/a	n/a	n/a	n/a	n/a	22	1	n/a	n/a	n/a	n/a	n/a	right
10	263.814	0.595	correct	0.595	grate	n/a	n/a	n/a	n/a	n/a	n/a	22	1	n/a	n/a	n/a	n/a	n/a	right
10	264.930	0.100	incorrect	0.100	grate	n/a	n/a	n/a	n/a	n/a	n/a	22	1	n/a	n/a	n/a	n/a	n/a	right
10	266.013	3.000	forget	0.520	retrieval	retprac	object	scene	face	competitor	scene	23	1	126	78	178	230	266.0	n/a
10	271.047	0.418	correct	0.418	grate	n/a	n/a	n/a	n/a	n/a	n/a	23	1	n/a	n/a	n/a	n/a	n/a	left
10	271.980	0.349	correct	0.349	grate	n/a	n/a	n/a	n/a	n/a	n/a	23	1	n/a	n/a	n/a	n/a	n/a	right
10	272.847	0.483	correct	0.483	grate	n/a	n/a	n/a	n/a	n/a	n/a	23	1	n/a	n/a	n/a	n/a	n/a	left
10	273.847	0.372	correct	0.372	grate	n/a	n/a	n/a	n/a	n/a	n/a	23	1	n/a	n/a	n/a	n/a	n/a	right
10	274.730	0.359	correct	0.359	grate	n/a	n/a	n/a	n/a	n/a	n/a	23	1	n/a	n/a	n/a	n/a	n/a	left
10	275.596	0.469	correct	0.469	grate	n/a	n/a	n/a	n/a	n/a	n/a	23	1	n/a	n/a	n/a	n/a	n/a	left
10	276.579	0.100	incorrect	0.100	grate	n/a	n/a	n/a	n/a	n/a	n/a	23	1	n/a	n/a	n/a	n/a	n/a	right
10	278.012	3.000	remember	0.401	retrieval	restudy	face	scene	object	target	face	24	1	99	27	75	203	278.0	n/a
10	283.046	0.843	incorrect	0.843	grate	n/a	n/a	n/a	n/a	n/a	n/a	24	1	n/a	n/a	n/a	n/a	n/a	right
10	284.396	0.597	correct	0.597	grate	n/a	n/a	n/a	n/a	n/a	n/a	24	1	n/a	n/a	n/a	n/a	n/a	right
10	285.512	0.688	correct	0.688	grate	n/a	n/a	n/a	n/a	n/a	n/a	24	1	n/a	n/a	n/a	n/a	n/a	right
10	286.712	0.433	correct	0.433	grate	n/a	n/a	n/a	n/a	n/a	n/a	24	1	n/a	n/a	n/a	n/a	n/a	right
10	287.662	0.387	correct	0.387	grate	n/a	n/a	n/a	n/a	n/a	n/a	24	1	n/a	n/a	n/a	n/a	n/a	right
10	288.562	0.100	incorrect	0.100	grate	n/a	n/a	n/a	n/a	n/a	n/a	24	1	n/a	n/a	n/a	n/a	n/a	right
10	290.011	3.000	remember	0.625	retrieval	restudy	object	scene	face	target	object	25	1	121	73	173	225	290.0	n/a
10	295.045	0.476	correct	0.476	grate	n/a	n/a	n/a	n/a	n/a	n/a	25	1	n/a	n/a	n/a	n/a	n/a	left
10	296.028	0.533	correct	0.533	grate	n/a	n/a	n/a	n/a	n/a	n/a	25	1	n/a	n/a	n/a	n/a	n/a	right
10	297.078	0.435	correct	0.435	grate	n/a	n/a	n/a	n/a	n/a	n/a	25	1	n/a	n/a	n/a	n/a	n/a	left
10	298.028	0.398	incorrect	0.398	grate	n/a	n/a	n/a	n/a	n/a	n/a	25	1	n/a	n/a	n/a	n/a	n/a	left
10	298.945	0.656	correct	0.656	grate	n/a	n/a	n/a	n/a	n/a	n/a	25	1	n/a	n/a	n/a	n/a	n/a	left
10	300.111	0.400	incorrect	0.400	grate	n/a	n/a	n/a	n/a	n/a	n/a	25	1	n/a	n/a	n/a	n/a	n/a	left
10	302.010	3.000	forget	0.290	retrieval	retprac	object	scene	face	competitor	scene	26	1	124	76	176	228	302.0	n/a
10	307.044	0.572	correct	0.572	grate	n/a	n/a	n/a	n/a	n/a	n/a	26	1	n/a	n/a	n/a	n/a	n/a	left
10	308.127	0.457	correct	0.457	grate	n/a	n/a	n/a	n/a	n/a	n/a	26	1	n/a	n/a	n/a	n/a	n/a	left
10	309.094	0.467	correct	0.467	grate	n/a	n/a	n/a	n/a	n/a	n/a	26	1	n/a	n/a	n/a	n/a	n/a	right
10	310.077	0.380	correct	0.380	grate	n/a	n/a	n/a	n/a	n/a	n/a	26	1	n/a	n/a	n/a	n/a	n/a	left
10	310.977	0.392	correct	0.392	grate	n/a	n/a	n/a	n/a	n/a	n/a	26	1	n/a	n/a	n/a	n/a	n/a	left
10	311.877	0.491	correct	0.491	grate	n/a	n/a	n/a	n/a	n/a	n/a	26	1	n/a	n/a	n/a	n/a	n/a	right
10	312.877	0.100	incorrect	0.100	grate	n/a	n/a	n/a	n/a	n/a	n/a	26	1	n/a	n/a	n/a	n/a	n/a	left
10	314.009	3.000	forget	0.331	retrieval	restudy	object	face	scene	competitor	face	27	1	1	49	149	1	314.0	n/a
10	319.043	0.509	correct	0.509	grate	n/a	n/a	n/a	n/a	n/a	n/a	27	1	n/a	n/a	n/a	n/a	n/a	left
10	320.077	0.348	correct	0.348	grate	n/a	n/a	n/a	n/a	n/a	n/a	27	1	n/a	n/a	n/a	n/a	n/a	right
10	320.943	0.634	correct	0.634	grate	n/a	n/a	n/a	n/a	n/a	n/a	27	1	n/a	n/a	n/a	n/a	n/a	right
10	322.093	0.387	correct	0.387	grate	n/a	n/a	n/a	n/a	n/a	n/a	27	1	n/a	n/a	n/a	n/a	n/a	left
10	322.993	0.455	correct	0.455	grate	n/a	n/a	n/a	n/a	n/a	n/a	27	1	n/a	n/a	n/a	n/a	n/a	left
10	323.960	0.466	correct	0.466	grate	n/a	n/a	n/a	n/a	n/a	n/a	27	1	n/a	n/a	n/a	n/a	n/a	right
10	324.943	0.100	incorrect	0.100	grate	n/a	n/a	n/a	n/a	n/a	n/a	27	1	n/a	n/a	n/a	n/a	n/a	left
10	326.009	3.000	forget	0.292	retrieval	retprac	face	scene	object	competitor	scene	28	1	102	30	78	206	326.0	n/a
10	331.043	0.454	correct	0.454	grate	n/a	n/a	n/a	n/a	n/a	n/a	28	1	n/a	n/a	n/a	n/a	n/a	right
10	332.009	0.385	correct	0.385	grate	n/a	n/a	n/a	n/a	n/a	n/a	28	1	n/a	n/a	n/a	n/a	n/a	left
10	332.909	0.396	correct	0.396	grate	n/a	n/a	n/a	n/a	n/a	n/a	28	1	n/a	n/a	n/a	n/a	n/a	left
10	333.826	0.383	correct	0.383	grate	n/a	n/a	n/a	n/a	n/a	n/a	28	1	n/a	n/a	n/a	n/a	n/a	left
10	334.726	0.379	correct	0.379	grate	n/a	n/a	n/a	n/a	n/a	n/a	28	1	n/a	n/a	n/a	n/a	n/a	left
10	335.626	0.415	correct	0.415	grate	n/a	n/a	n/a	n/a	n/a	n/a	28	1	n/a	n/a	n/a	n/a	n/a	right
10	336.559	0.100	incorrect	0.100	grate	n/a	n/a	n/a	n/a	n/a	n/a	28	1	n/a	n/a	n/a	n/a	n/a	left
10	338.008	3.000	remember	0.324	retrieval	restudy	face	object	scene	target	face	29	1	49	1	49	101	338.0	n/a
10	343.042	0.543	correct	0.543	grate	n/a	n/a	n/a	n/a	n/a	n/a	29	1	n/a	n/a	n/a	n/a	n/a	left
10	344.091	0.445	incorrect	0.445	grate	n/a	n/a	n/a	n/a	n/a	n/a	29	1	n/a	n/a	n/a	n/a	n/a	left
10	345.058	0.582	correct	0.582	grate	n/a	n/a	n/a	n/a	n/a	n/a	29	1	n/a	n/a	n/a	n/a	n/a	right
10	346.158	0.594	correct	0.594	grate	n/a	n/a	n/a	n/a	n/a	n/a	29	1	n/a	n/a	n/a	n/a	n/a	left
10	347.275	0.478	correct	0.478	grate	n/a	n/a	n/a	n/a	n/a	n/a	29	1	n/a	n/a	n/a	n/a	n/a	right
10	348.275	0.233	incorrect	0.233	grate	n/a	n/a	n/a	n/a	n/a	n/a	29	1	n/a	n/a	n/a	n/a	n/a	right
10	350.007	3.000	no response	n/a	retrieval	restudy	face	object	scene	no response	no response	30	1	55	7	55	107	350.0	n/a
10	355.041	0.639	correct	0.639	grate	n/a	n/a	n/a	n/a	n/a	n/a	30	1	n/a	n/a	n/a	n/a	n/a	left
10	356.191	1.097	correct	1.097	grate	n/a	n/a	n/a	n/a	n/a	n/a	30	1	n/a	n/a	n/a	n/a	n/a	right
10	357.807	0.449	correct	0.449	grate	n/a	n/a	n/a	n/a	n/a	n/a	30	1	n/a	n/a	n/a	n/a	n/a	left
10	358.774	0.530	correct	0.530	grate	n/a	n/a	n/a	n/a	n/a	n/a	30	1	n/a	n/a	n/a	n/a	n/a	left
10	359.824	0.465	correct	0.465	grate	n/a	n/a	n/a	n/a	n/a	n/a	30	1	n/a	n/a	n/a	n/a	n/a	left
10	360.807	0.100	incorrect	0.100	grate	n/a	n/a	n/a	n/a	n/a	n/a	30	1	n/a	n/a	n/a	n/a	n/a	right
10	362.006	3.000	remember	0.486	retrieval	restudy	scene	object	face	target	scene	31	1	73	121	273	125	362.0	n/a
10	367.040	0.480	correct	0.480	grate	n/a	n/a	n/a	n/a	n/a	n/a	31	1	n/a	n/a	n/a	n/a	n/a	right
10	368.040	0.384	correct	0.384	grate	n/a	n/a	n/a	n/a	n/a	n/a	31	1	n/a	n/a	n/a	n/a	n/a	right
10	368.940	0.389	correct	0.389	grate	n/a	n/a	n/a	n/a	n/a	n/a	31	1	n/a	n/a	n/a	n/a	n/a	right
10	369.840	0.458	correct	0.458	grate	n/a	n/a	n/a	n/a	n/a	n/a	31	1	n/a	n/a	n/a	n/a	n/a	left
10	370.806	0.506	correct	0.506	grate	n/a	n/a	n/a	n/a	n/a	n/a	31	1	n/a	n/a	n/a	n/a	n/a	right
10	371.823	0.537	correct	0.537	grate	n/a	n/a	n/a	n/a	n/a	n/a	31	1	n/a	n/a	n/a	n/a	n/a	right
10	372.873	0.100	incorrect	0.100	grate	n/a	n/a	n/a	n/a	n/a	n/a	31	1	n/a	n/a	n/a	n/a	n/a	left
10	374.022	3.000	forget	0.374	retrieval	restudy	face	scene	object	competitor	scene	32	1	101	29	77	205	374.0	n/a
10	379.056	0.472	correct	0.472	grate	n/a	n/a	n/a	n/a	n/a	n/a	32	1	n/a	n/a	n/a	n/a	n/a	right
10	380.039	0.393	correct	0.393	grate	n/a	n/a	n/a	n/a	n/a	n/a	32	1	n/a	n/a	n/a	n/a	n/a	right
10	380.939	0.397	correct	0.397	grate	n/a	n/a	n/a	n/a	n/a	n/a	32	1	n/a	n/a	n/a	n/a	n/a	right
10	381.856	0.496	correct	0.496	grate	n/a	n/a	n/a	n/a	n/a	n/a	32	1	n/a	n/a	n/a	n/a	n/a	left
10	382.872	0.432	correct	0.432	grate	n/a	n/a	n/a	n/a	n/a	n/a	32	1	n/a	n/a	n/a	n/a	n/a	right
10	383.822	0.530	correct	0.530	grate	n/a	n/a	n/a	n/a	n/a	n/a	32	1	n/a	n/a	n/a	n/a	n/a	right
10	384.872	0.100	incorrect	0.100	grate	n/a	n/a	n/a	n/a	n/a	n/a	32	1	n/a	n/a	n/a	n/a	n/a	right
10	386.021	3.000	remember	0.414	retrieval	retprac	face	object	scene	target	face	33	1	54	6	54	106	386.0	n/a
10	391.055	0.745	correct	0.745	grate	n/a	n/a	n/a	n/a	n/a	n/a	33	1	n/a	n/a	n/a	n/a	n/a	left
10	392.321	0.375	correct	0.375	grate	n/a	n/a	n/a	n/a	n/a	n/a	33	1	n/a	n/a	n/a	n/a	n/a	left
10	393.205	0.355	correct	0.355	grate	n/a	n/a	n/a	n/a	n/a	n/a	33	1	n/a	n/a	n/a	n/a	n/a	left
10	394.071	0.480	correct	0.480	grate	n/a	n/a	n/a	n/a	n/a	n/a	33	1	n/a	n/a	n/a	n/a	n/a	right
10	395.071	0.433	correct	0.433	grate	n/a	n/a	n/a	n/a	n/a	n/a	33	1	n/a	n/a	n/a	n/a	n/a	right
10	396.021	0.395	correct	0.395	grate	n/a	n/a	n/a	n/a	n/a	n/a	33	1	n/a	n/a	n/a	n/a	n/a	right
10	396.938	0.100	incorrect	0.100	grate	n/a	n/a	n/a	n/a	n/a	n/a	33	1	n/a	n/a	n/a	n/a	n/a	right
10	398.020	3.000	remember	0.407	retrieval	retprac	face	scene	object	target	face	34	1	100	28	76	204	398.0	n/a
10	403.054	0.578	correct	0.578	grate	n/a	n/a	n/a	n/a	n/a	n/a	34	1	n/a	n/a	n/a	n/a	n/a	right
10	404.154	0.406	correct	0.406	grate	n/a	n/a	n/a	n/a	n/a	n/a	34	1	n/a	n/a	n/a	n/a	n/a	left
10	405.071	0.506	correct	0.506	grate	n/a	n/a	n/a	n/a	n/a	n/a	34	1	n/a	n/a	n/a	n/a	n/a	right
10	406.087	0.457	incorrect	0.457	grate	n/a	n/a	n/a	n/a	n/a	n/a	34	1	n/a	n/a	n/a	n/a	n/a	left
10	407.054	0.514	correct	0.514	grate	n/a	n/a	n/a	n/a	n/a	n/a	34	1	n/a	n/a	n/a	n/a	n/a	left
10	408.087	0.393	correct	0.393	grate	n/a	n/a	n/a	n/a	n/a	n/a	34	1	n/a	n/a	n/a	n/a	n/a	left
10	409.004	0.100	incorrect	0.100	grate	n/a	n/a	n/a	n/a	n/a	n/a	34	1	n/a	n/a	n/a	n/a	n/a	right
10	410.019	3.000	remember	0.305	retrieval	restudy	face	scene	object	target	face	35	1	103	31	79	207	410.0	n/a
10	415.053	0.450	correct	0.450	grate	n/a	n/a	n/a	n/a	n/a	n/a	35	1	n/a	n/a	n/a	n/a	n/a	right
10	416.020	0.436	correct	0.436	grate	n/a	n/a	n/a	n/a	n/a	n/a	35	1	n/a	n/a	n/a	n/a	n/a	left
10	416.970	0.326	correct	0.326	grate	n/a	n/a	n/a	n/a	n/a	n/a	35	1	n/a	n/a	n/a	n/a	n/a	right
10	417.803	0.525	correct	0.525	grate	n/a	n/a	n/a	n/a	n/a	n/a	35	1	n/a	n/a	n/a	n/a	n/a	right
10	418.836	0.459	correct	0.459	grate	n/a	n/a	n/a	n/a	n/a	n/a	35	1	n/a	n/a	n/a	n/a	n/a	left
10	419.803	0.413	correct	0.413	grate	n/a	n/a	n/a	n/a	n/a	n/a	35	1	n/a	n/a	n/a	n/a	n/a	right
10	420.736	0.100	incorrect	0.100	grate	n/a	n/a	n/a	n/a	n/a	n/a	35	1	n/a	n/a	n/a	n/a	n/a	right
10	422.019	3.000	forget	0.545	retrieval	retprac	face	object	scene	other	scene	36	1	52	4	52	104	422.0	n/a
10	427.053	0.411	incorrect	0.411	grate	n/a	n/a	n/a	n/a	n/a	n/a	36	1	n/a	n/a	n/a	n/a	n/a	left
10	427.986	0.431	incorrect	0.431	grate	n/a	n/a	n/a	n/a	n/a	n/a	36	1	n/a	n/a	n/a	n/a	n/a	left
10	428.936	0.552	incorrect	0.552	grate	n/a	n/a	n/a	n/a	n/a	n/a	36	1	n/a	n/a	n/a	n/a	n/a	right
10	430.002	0.726	correct	0.726	grate	n/a	n/a	n/a	n/a	n/a	n/a	36	1	n/a	n/a	n/a	n/a	n/a	left
10	431.236	0.469	correct	0.469	grate	n/a	n/a	n/a	n/a	n/a	n/a	36	1	n/a	n/a	n/a	n/a	n/a	left
10	432.219	0.300	incorrect	0.300	grate	n/a	n/a	n/a	n/a	n/a	n/a	36	1	n/a	n/a	n/a	n/a	n/a	right
10	434.018	3.000	forget	0.323	retrieval	restudy	object	scene	face	competitor	scene	37	1	125	77	177	229	434.0	n/a
10	439.052	0.508	correct	0.508	grate	n/a	n/a	n/a	n/a	n/a	n/a	37	1	n/a	n/a	n/a	n/a	n/a	right
10	440.068	0.436	correct	0.436	grate	n/a	n/a	n/a	n/a	n/a	n/a	37	1	n/a	n/a	n/a	n/a	n/a	left
10	441.018	0.429	correct	0.429	grate	n/a	n/a	n/a	n/a	n/a	n/a	37	1	n/a	n/a	n/a	n/a	n/a	left
10	441.968	0.359	correct	0.359	grate	n/a	n/a	n/a	n/a	n/a	n/a	37	1	n/a	n/a	n/a	n/a	n/a	left
10	442.851	0.372	correct	0.372	grate	n/a	n/a	n/a	n/a	n/a	n/a	37	1	n/a	n/a	n/a	n/a	n/a	left
10	443.735	0.433	correct	0.433	grate	n/a	n/a	n/a	n/a	n/a	n/a	37	1	n/a	n/a	n/a	n/a	n/a	right
10	444.685	0.100	incorrect	0.100	grate	n/a	n/a	n/a	n/a	n/a	n/a	37	1	n/a	n/a	n/a	n/a	n/a	right
10	446.017	3.000	forget	0.378	retrieval	retprac	object	scene	face	competitor	scene	38	1	122	74	174	226	446.0	n/a
10	451.051	0.716	correct	0.716	grate	n/a	n/a	n/a	n/a	n/a	n/a	38	1	n/a	n/a	n/a	n/a	n/a	left
10	452.284	0.412	correct	0.412	grate	n/a	n/a	n/a	n/a	n/a	n/a	38	1	n/a	n/a	n/a	n/a	n/a	left
10	453.217	0.478	correct	0.478	grate	n/a	n/a	n/a	n/a	n/a	n/a	38	1	n/a	n/a	n/a	n/a	n/a	right
10	454.217	0.446	correct	0.446	grate	n/a	n/a	n/a	n/a	n/a	n/a	38	1	n/a	n/a	n/a	n/a	n/a	left
10	455.184	0.424	incorrect	0.424	grate	n/a	n/a	n/a	n/a	n/a	n/a	38	1	n/a	n/a	n/a	n/a	n/a	right
10	456.117	0.400	incorrect	0.400	grate	n/a	n/a	n/a	n/a	n/a	n/a	38	1	n/a	n/a	n/a	n/a	n/a	left
10	458.016	3.000	remember	0.411	retrieval	restudy	object	face	scene	target	object	39	1	5	53	153	5	458.0	n/a
10	463.050	0.677	correct	0.677	grate	n/a	n/a	n/a	n/a	n/a	n/a	39	1	n/a	n/a	n/a	n/a	n/a	left
10	464.250	0.389	correct	0.389	grate	n/a	n/a	n/a	n/a	n/a	n/a	39	1	n/a	n/a	n/a	n/a	n/a	left
10	465.150	0.417	correct	0.417	grate	n/a	n/a	n/a	n/a	n/a	n/a	39	1	n/a	n/a	n/a	n/a	n/a	left
10	466.083	0.548	correct	0.548	grate	n/a	n/a	n/a	n/a	n/a	n/a	39	1	n/a	n/a	n/a	n/a	n/a	left
10	467.150	0.362	correct	0.362	grate	n/a	n/a	n/a	n/a	n/a	n/a	39	1	n/a	n/a	n/a	n/a	n/a	left
10	468.033	0.374	incorrect	0.374	grate	n/a	n/a	n/a	n/a	n/a	n/a	39	1	n/a	n/a	n/a	n/a	n/a	right
10	468.916	0.100	incorrect	0.100	grate	n/a	n/a	n/a	n/a	n/a	n/a	39	1	n/a	n/a	n/a	n/a	n/a	right
10	470.015	3.000	forget	0.349	retrieval	restudy	scene	face	object	other	object	40	1	27	99	251	27	470.0	n/a
10	475.049	0.742	correct	0.742	grate	n/a	n/a	n/a	n/a	n/a	n/a	40	1	n/a	n/a	n/a	n/a	n/a	left
10	476.299	0.396	correct	0.396	grate	n/a	n/a	n/a	n/a	n/a	n/a	40	1	n/a	n/a	n/a	n/a	n/a	left
10	477.216	0.552	correct	0.552	grate	n/a	n/a	n/a	n/a	n/a	n/a	40	1	n/a	n/a	n/a	n/a	n/a	right
10	478.282	0.525	correct	0.525	grate	n/a	n/a	n/a	n/a	n/a	n/a	40	1	n/a	n/a	n/a	n/a	n/a	left
10	479.315	0.556	correct	0.556	grate	n/a	n/a	n/a	n/a	n/a	n/a	40	1	n/a	n/a	n/a	n/a	n/a	left
10	480.382	0.133	incorrect	0.133	grate	n/a	n/a	n/a	n/a	n/a	n/a	40	1	n/a	n/a	n/a	n/a	n/a	right
10	482.014	3.000	forget	0.372	retrieval	retprac	object	scene	face	competitor	scene	41	1	128	80	180	232	482.0	n/a
10	487.048	0.535	correct	0.535	grate	n/a	n/a	n/a	n/a	n/a	n/a	41	1	n/a	n/a	n/a	n/a	n/a	left
10	488.098	0.374	correct	0.374	grate	n/a	n/a	n/a	n/a	n/a	n/a	41	1	n/a	n/a	n/a	n/a	n/a	left
10	488.982	0.441	correct	0.441	grate	n/a	n/a	n/a	n/a	n/a	n/a	41	1	n/a	n/a	n/a	n/a	n/a	right
10	489.931	0.412	correct	0.412	grate	n/a	n/a	n/a	n/a	n/a	n/a	41	1	n/a	n/a	n/a	n/a	n/a	left
10	490.865	0.439	correct	0.439	grate	n/a	n/a	n/a	n/a	n/a	n/a	41	1	n/a	n/a	n/a	n/a	n/a	left
10	491.815	0.416	correct	0.416	grate	n/a	n/a	n/a	n/a	n/a	n/a	41	1	n/a	n/a	n/a	n/a	n/a	left
10	492.748	0.100	incorrect	0.100	grate	n/a	n/a	n/a	n/a	n/a	n/a	41	1	n/a	n/a	n/a	n/a	n/a	left
10	494.014	3.000	remember	0.333	retrieval	restudy	scene	object	face	target	scene	42	1	77	125	277	129	494.0	n/a
10	499.048	0.647	correct	0.647	grate	n/a	n/a	n/a	n/a	n/a	n/a	42	1	n/a	n/a	n/a	n/a	n/a	left
10	500.214	0.457	correct	0.457	grate	n/a	n/a	n/a	n/a	n/a	n/a	42	1	n/a	n/a	n/a	n/a	n/a	right
10	501.181	0.378	correct	0.378	grate	n/a	n/a	n/a	n/a	n/a	n/a	42	1	n/a	n/a	n/a	n/a	n/a	left
10	502.081	0.446	correct	0.446	grate	n/a	n/a	n/a	n/a	n/a	n/a	42	1	n/a	n/a	n/a	n/a	n/a	left
10	503.047	0.408	correct	0.408	grate	n/a	n/a	n/a	n/a	n/a	n/a	42	1	n/a	n/a	n/a	n/a	n/a	left
10	503.964	0.491	correct	0.491	grate	n/a	n/a	n/a	n/a	n/a	n/a	42	1	n/a	n/a	n/a	n/a	n/a	right
10	504.964	0.100	incorrect	0.100	grate	n/a	n/a	n/a	n/a	n/a	n/a	42	1	n/a	n/a	n/a	n/a	n/a	right
10	506.013	3.000	forget	0.415	retrieval	retprac	scene	face	object	other	object	43	1	32	104	256	32	506.0	n/a
10	511.047	0.576	correct	0.576	grate	n/a	n/a	n/a	n/a	n/a	n/a	43	1	n/a	n/a	n/a	n/a	n/a	right
10	512.147	0.380	correct	0.380	grate	n/a	n/a	n/a	n/a	n/a	n/a	43	1	n/a	n/a	n/a	n/a	n/a	right
10	513.047	0.360	correct	0.360	grate	n/a	n/a	n/a	n/a	n/a	n/a	43	1	n/a	n/a	n/a	n/a	n/a	right
10	513.930	0.349	incorrect	0.349	grate	n/a	n/a	n/a	n/a	n/a	n/a	43	1	n/a	n/a	n/a	n/a	n/a	left
10	514.796	0.643	correct	0.643	grate	n/a	n/a	n/a	n/a	n/a	n/a	43	1	n/a	n/a	n/a	n/a	n/a	left
10	515.946	0.388	correct	0.388	grate	n/a	n/a	n/a	n/a	n/a	n/a	43	1	n/a	n/a	n/a	n/a	n/a	right
10	516.846	0.100	incorrect	0.100	grate	n/a	n/a	n/a	n/a	n/a	n/a	43	1	n/a	n/a	n/a	n/a	n/a	left
10	518.012	3.000	remember	0.327	retrieval	restudy	face	object	scene	target	face	44	1	51	3	51	103	518.0	n/a
10	523.046	0.521	correct	0.521	grate	n/a	n/a	n/a	n/a	n/a	n/a	44	1	n/a	n/a	n/a	n/a	n/a	right
10	524.079	0.441	correct	0.441	grate	n/a	n/a	n/a	n/a	n/a	n/a	44	1	n/a	n/a	n/a	n/a	n/a	left
10	525.029	0.443	correct	0.443	grate	n/a	n/a	n/a	n/a	n/a	n/a	44	1	n/a	n/a	n/a	n/a	n/a	right
10	525.996	0.435	incorrect	0.435	grate	n/a	n/a	n/a	n/a	n/a	n/a	44	1	n/a	n/a	n/a	n/a	n/a	right
10	526.946	0.581	correct	0.581	grate	n/a	n/a	n/a	n/a	n/a	n/a	44	1	n/a	n/a	n/a	n/a	n/a	left
10	528.045	0.467	incorrect	0.467	grate	n/a	n/a	n/a	n/a	n/a	n/a	44	1	n/a	n/a	n/a	n/a	n/a	right
10	530.011	3.000	forget	0.391	retrieval	retprac	object	face	scene	competitor	face	45	1	2	50	150	2	530.0	n/a
10	535.045	0.682	incorrect	0.682	grate	n/a	n/a	n/a	n/a	n/a	n/a	45	1	n/a	n/a	n/a	n/a	n/a	left
10	536.245	0.458	correct	0.458	grate	n/a	n/a	n/a	n/a	n/a	n/a	45	1	n/a	n/a	n/a	n/a	n/a	left
10	537.212	0.427	correct	0.427	grate	n/a	n/a	n/a	n/a	n/a	n/a	45	1	n/a	n/a	n/a	n/a	n/a	right
10	538.161	0.605	correct	0.605	grate	n/a	n/a	n/a	n/a	n/a	n/a	45	1	n/a	n/a	n/a	n/a	n/a	left
10	539.278	0.425	correct	0.425	grate	n/a	n/a	n/a	n/a	n/a	n/a	45	1	n/a	n/a	n/a	n/a	n/a	right
10	540.211	0.300	incorrect	0.300	grate	n/a	n/a	n/a	n/a	n/a	n/a	45	1	n/a	n/a	n/a	n/a	n/a	right
10	542.010	3.000	forget	0.496	retrieval	retprac	object	face	scene	other	scene	46	1	8	56	156	8	542.0	n/a
10	547.044	0.444	incorrect	0.444	grate	n/a	n/a	n/a	n/a	n/a	n/a	46	1	n/a	n/a	n/a	n/a	n/a	left
10	548.011	0.452	correct	0.452	grate	n/a	n/a	n/a	n/a	n/a	n/a	46	1	n/a	n/a	n/a	n/a	n/a	right
10	548.977	0.493	correct	0.493	grate	n/a	n/a	n/a	n/a	n/a	n/a	46	1	n/a	n/a	n/a	n/a	n/a	left
10	549.994	0.428	correct	0.428	grate	n/a	n/a	n/a	n/a	n/a	n/a	46	1	n/a	n/a	n/a	n/a	n/a	left
10	550.944	0.423	correct	0.423	grate	n/a	n/a	n/a	n/a	n/a	n/a	46	1	n/a	n/a	n/a	n/a	n/a	left
10	551.877	0.497	correct	0.497	grate	n/a	n/a	n/a	n/a	n/a	n/a	46	1	n/a	n/a	n/a	n/a	n/a	right
10	552.894	0.100	incorrect	0.100	grate	n/a	n/a	n/a	n/a	n/a	n/a	46	1	n/a	n/a	n/a	n/a	n/a	left
10	554.009	3.000	forget	0.337	retrieval	restudy	scene	object	face	other	face	47	1	79	127	279	131	554.0	n/a
10	559.043	0.468	correct	0.468	grate	n/a	n/a	n/a	n/a	n/a	n/a	47	1	n/a	n/a	n/a	n/a	n/a	left
10	560.027	0.484	correct	0.484	grate	n/a	n/a	n/a	n/a	n/a	n/a	47	1	n/a	n/a	n/a	n/a	n/a	right
10	561.027	0.412	correct	0.412	grate	n/a	n/a	n/a	n/a	n/a	n/a	47	1	n/a	n/a	n/a	n/a	n/a	right
10	561.960	0.017	incorrect	0.017	grate	n/a	n/a	n/a	n/a	n/a	n/a	47	1	n/a	n/a	n/a	n/a	n/a	left
10	562.511	0.575	incorrect	0.575	grate	n/a	n/a	n/a	n/a	n/a	n/a	47	1	n/a	n/a	n/a	n/a	n/a	right
10	563.610	0.549	correct	0.549	grate	n/a	n/a	n/a	n/a	n/a	n/a	47	1	n/a	n/a	n/a	n/a	n/a	right
10	564.676	0.100	incorrect	0.100	grate	n/a	n/a	n/a	n/a	n/a	n/a	47	1	n/a	n/a	n/a	n/a	n/a	left
10	566.009	3.000	remember	0.330	retrieval	retprac	scene	object	face	target	scene	48	1	80	128	280	132	566.0	n/a
10	571.043	0.451	correct	0.451	grate	n/a	n/a	n/a	n/a	n/a	n/a	48	1	n/a	n/a	n/a	n/a	n/a	left
10	572.009	0.493	correct	0.493	grate	n/a	n/a	n/a	n/a	n/a	n/a	48	1	n/a	n/a	n/a	n/a	n/a	right
10	573.026	0.444	correct	0.444	grate	n/a	n/a	n/a	n/a	n/a	n/a	48	1	n/a	n/a	n/a	n/a	n/a	left
10	573.992	0.399	correct	0.399	grate	n/a	n/a	n/a	n/a	n/a	n/a	48	1	n/a	n/a	n/a	n/a	n/a	right
10	574.909	0.537	incorrect	0.537	grate	n/a	n/a	n/a	n/a	n/a	n/a	48	1	n/a	n/a	n/a	n/a	n/a	left
10	575.959	0.456	correct	0.456	grate	n/a	n/a	n/a	n/a	n/a	n/a	48	1	n/a	n/a	n/a	n/a	n/a	right
10	576.925	0.100	incorrect	0.100	grate	n/a	n/a	n/a	n/a	n/a	n/a	48	1	n/a	n/a	n/a	n/a	n/a	right
10	2.017	3.000	remember	0.349	retrieval	retprac	object	scene	face	target	object	1	2	136	88	188	240	2.0	n/a
10	7.051	0.656	correct	0.656	grate	n/a	n/a	n/a	n/a	n/a	n/a	1	2	n/a	n/a	n/a	n/a	n/a	left
10	8.217	0.481	correct	0.481	grate	n/a	n/a	n/a	n/a	n/a	n/a	1	2	n/a	n/a	n/a	n/a	n/a	right
10	9.217	0.449	correct	0.449	grate	n/a	n/a	n/a	n/a	n/a	n/a	1	2	n/a	n/a	n/a	n/a	n/a	left
10	10.184	0.418	correct	0.418	grate	n/a	n/a	n/a	n/a	n/a	n/a	1	2	n/a	n/a	n/a	n/a	n/a	right
10	11.117	0.389	correct	0.389	grate	n/a	n/a	n/a	n/a	n/a	n/a	1	2	n/a	n/a	n/a	n/a	n/a	left
10	12.017	0.329	correct	0.329	grate	n/a	n/a	n/a	n/a	n/a	n/a	1	2	n/a	n/a	n/a	n/a	n/a	right
10	12.867	0.100	incorrect	0.100	grate	n/a	n/a	n/a	n/a	n/a	n/a	1	2	n/a	n/a	n/a	n/a	n/a	left
10	14.016	3.000	forget	0.319	retrieval	restudy	face	object	scene	other	scene	2	2	57	9	57	109	14.0	n/a
10	19.050	0.464	correct	0.464	grate	n/a	n/a	n/a	n/a	n/a	n/a	2	2	n/a	n/a	n/a	n/a	n/a	left
10	20.033	0.369	correct	0.369	grate	n/a	n/a	n/a	n/a	n/a	n/a	2	2	n/a	n/a	n/a	n/a	n/a	right
10	20.916	0.398	correct	0.398	grate	n/a	n/a	n/a	n/a	n/a	n/a	2	2	n/a	n/a	n/a	n/a	n/a	right
10	21.833	0.409	correct	0.409	grate	n/a	n/a	n/a	n/a	n/a	n/a	2	2	n/a	n/a	n/a	n/a	n/a	right
10	22.750	0.372	correct	0.372	grate	n/a	n/a	n/a	n/a	n/a	n/a	2	2	n/a	n/a	n/a	n/a	n/a	right
10	23.633	0.489	correct	0.489	grate	n/a	n/a	n/a	n/a	n/a	n/a	2	2	n/a	n/a	n/a	n/a	n/a	left
10	24.633	0.100	incorrect	0.100	grate	n/a	n/a	n/a	n/a	n/a	n/a	2	2	n/a	n/a	n/a	n/a	n/a	left
10	26.015	3.000	forget	0.383	retrieval	restudy	scene	face	object	competitor	face	3	2	37	109	261	37	26.0	n/a
10	31.049	0.553	correct	0.553	grate	n/a	n/a	n/a	n/a	n/a	n/a	3	2	n/a	n/a	n/a	n/a	n/a	left
10	32.116	0.358	correct	0.358	grate	n/a	n/a	n/a	n/a	n/a	n/a	3	2	n/a	n/a	n/a	n/a	n/a	right
10	32.982	0.532	correct	0.532	grate	n/a	n/a	n/a	n/a	n/a	n/a	3	2	n/a	n/a	n/a	n/a	n/a	right
10	34.032	0.378	correct	0.378	grate	n/a	n/a	n/a	n/a	n/a	n/a	3	2	n/a	n/a	n/a	n/a	n/a	right
10	34.932	0.415	correct	0.415	grate	n/a	n/a	n/a	n/a	n/a	n/a	3	2	n/a	n/a	n/a	n/a	n/a	left
10	35.865	0.465	correct	0.465	grate	n/a	n/a	n/a	n/a	n/a	n/a	3	2	n/a	n/a	n/a	n/a	n/a	left
10	36.849	0.100	incorrect	0.100	grate	n/a	n/a	n/a	n/a	n/a	n/a	3	2	n/a	n/a	n/a	n/a	n/a	left
10	38.014	3.000	forget	0.343	retrieval	retprac	scene	face	object	competitor	face	4	2	34	106	258	34	38.0	n/a
10	43.048	0.506	correct	0.506	grate	n/a	n/a	n/a	n/a	n/a	n/a	4	2	n/a	n/a	n/a	n/a	n/a	right
10	44.065	0.401	correct	0.401	grate	n/a	n/a	n/a	n/a	n/a	n/a	4	2	n/a	n/a	n/a	n/a	n/a	right
10	44.982	0.388	correct	0.388	grate	n/a	n/a	n/a	n/a	n/a	n/a	4	2	n/a	n/a	n/a	n/a	n/a	right
10	45.881	0.400	correct	0.400	grate	n/a	n/a	n/a	n/a	n/a	n/a	4	2	n/a	n/a	n/a	n/a	n/a	left
10	46.798	0.380	correct	0.380	grate	n/a	n/a	n/a	n/a	n/a	n/a	4	2	n/a	n/a	n/a	n/a	n/a	left
10	47.698	0.360	correct	0.360	grate	n/a	n/a	n/a	n/a	n/a	n/a	4	2	n/a	n/a	n/a	n/a	n/a	left
10	48.581	0.100	incorrect	0.100	grate	n/a	n/a	n/a	n/a	n/a	n/a	4	2	n/a	n/a	n/a	n/a	n/a	left
10	50.013	3.000	forget	0.361	retrieval	retprac	face	scene	object	competitor	scene	5	2	108	36	84	212	50.0	n/a
10	55.048	0.458	correct	0.458	grate	n/a	n/a	n/a	n/a	n/a	n/a	5	2	n/a	n/a	n/a	n/a	n/a	left
10	56.014	0.372	correct	0.372	grate	n/a	n/a	n/a	n/a	n/a	n/a	5	2	n/a	n/a	n/a	n/a	n/a	right
10	56.897	0.377	correct	0.377	grate	n/a	n/a	n/a	n/a	n/a	n/a	5	2	n/a	n/a	n/a	n/a	n/a	right
10	57.797	0.389	correct	0.389	grate	n/a	n/a	n/a	n/a	n/a	n/a	5	2	n/a	n/a	n/a	n/a	n/a	right
10	58.697	0.473	correct	0.473	grate	n/a	n/a	n/a	n/a	n/a	n/a	5	2	n/a	n/a	n/a	n/a	n/a	right
10	59.681	0.473	correct	0.473	grate	n/a	n/a	n/a	n/a	n/a	n/a	5	2	n/a	n/a	n/a	n/a	n/a	right
10	60.664	0.100	incorrect	0.100	grate	n/a	n/a	n/a	n/a	n/a	n/a	5	2	n/a	n/a	n/a	n/a	n/a	left
10	62.013	3.000	remember	0.410	retrieval	restudy	object	face	scene	target	object	6	2	13	61	161	13	62.0	n/a
10	67.047	0.779	correct	0.779	grate	n/a	n/a	n/a	n/a	n/a	n/a	6	2	n/a	n/a	n/a	n/a	n/a	right
10	68.346	0.376	correct	0.376	grate	n/a	n/a	n/a	n/a	n/a	n/a	6	2	n/a	n/a	n/a	n/a	n/a	right
10	69.247	0.459	correct	0.459	grate	n/a	n/a	n/a	n/a	n/a	n/a	6	2	n/a	n/a	n/a	n/a	n/a	left
10	70.213	0.517	correct	0.517	grate	n/a	n/a	n/a	n/a	n/a	n/a	6	2	n/a	n/a	n/a	n/a	n/a	left
10	71.246	0.452	correct	0.452	grate	n/a	n/a	n/a	n/a	n/a	n/a	6	2	n/a	n/a	n/a	n/a	n/a	left
10	72.213	0.300	incorrect	0.300	grate	n/a	n/a	n/a	n/a	n/a	n/a	6	2	n/a	n/a	n/a	n/a	n/a	right
10	74.012	3.000	forget	0.457	retrieval	retprac	face	object	scene	competitor	object	7	2	60	12	60	112	74.0	n/a
10	79.046	0.396	incorrect	0.396	grate	n/a	n/a	n/a	n/a	n/a	n/a	7	2	n/a	n/a	n/a	n/a	n/a	left
10	79.962	0.512	correct	0.512	grate	n/a	n/a	n/a	n/a	n/a	n/a	7	2	n/a	n/a	n/a	n/a	n/a	right
10	80.996	0.423	correct	0.423	grate	n/a	n/a	n/a	n/a	n/a	n/a	7	2	n/a	n/a	n/a	n/a	n/a	right
10	81.929	0.409	correct	0.409	grate	n/a	n/a	n/a	n/a	n/a	n/a	7	2	n/a	n/a	n/a	n/a	n/a	right
10	82.846	0.740	correct	0.740	grate	n/a	n/a	n/a	n/a	n/a	n/a	7	2	n/a	n/a	n/a	n/a	n/a	left
10	84.095	0.416	incorrect	0.416	grate	n/a	n/a	n/a	n/a	n/a	n/a	7	2	n/a	n/a	n/a	n/a	n/a	left
10	86.011	3.000	remember	0.315	retrieval	retprac	scene	object	face	target	scene	8	2	82	130	282	134	86.0	n/a
10	91.045	0.518	correct	0.518	grate	n/a	n/a	n/a	n/a	n/a	n/a	8	2	n/a	n/a	n/a	n/a	n/a	left
10	92.078	0.403	correct	0.403	grate	n/a	n/a	n/a	n/a	n/a	n/a	8	2	n/a	n/a	n/a	n/a	n/a	left
10	92.995	0.423	correct	0.423	grate	n/a	n/a	n/a	n/a	n/a	n/a	8	2	n/a	n/a	n/a	n/a	n/a	right
10	93.928	0.403	correct	0.403	grate	n/a	n/a	n/a	n/a	n/a	n/a	8	2	n/a	n/a	n/a	n/a	n/a	right
10	94.845	0.397	correct	0.397	grate	n/a	n/a	n/a	n/a	n/a	n/a	8	2	n/a	n/a	n/a	n/a	n/a	right
10	95.761	0.608	correct	0.608	grate	n/a	n/a	n/a	n/a	n/a	n/a	8	2	n/a	n/a	n/a	n/a	n/a	left
10	96.878	0.100	incorrect	0.100	grate	n/a	n/a	n/a	n/a	n/a	n/a	8	2	n/a	n/a	n/a	n/a	n/a	left
10	98.010	3.000	forget	0.699	retrieval	retprac	object	face	scene	competitor	face	9	2	10	58	158	10	98.0	n/a
10	103.044	0.485	correct	0.485	grate	n/a	n/a	n/a	n/a	n/a	n/a	9	2	n/a	n/a	n/a	n/a	n/a	left
10	104.044	0.517	correct	0.517	grate	n/a	n/a	n/a	n/a	n/a	n/a	9	2	n/a	n/a	n/a	n/a	n/a	right
10	105.077	0.460	correct	0.460	grate	n/a	n/a	n/a	n/a	n/a	n/a	9	2	n/a	n/a	n/a	n/a	n/a	right
10	106.061	0.469	correct	0.469	grate	n/a	n/a	n/a	n/a	n/a	n/a	9	2	n/a	n/a	n/a	n/a	n/a	right
10	107.044	0.478	correct	0.478	grate	n/a	n/a	n/a	n/a	n/a	n/a	9	2	n/a	n/a	n/a	n/a	n/a	left
10	108.044	0.462	correct	0.462	grate	n/a	n/a	n/a	n/a	n/a	n/a	9	2	n/a	n/a	n/a	n/a	n/a	left
10	110.009	3.000	forget	0.356	retrieval	restudy	scene	object	face	competitor	object	10	2	81	129	281	133	110.0	n/a
10	115.043	0.655	correct	0.655	grate	n/a	n/a	n/a	n/a	n/a	n/a	10	2	n/a	n/a	n/a	n/a	n/a	right
10	116.210	0.415	correct	0.415	grate	n/a	n/a	n/a	n/a	n/a	n/a	10	2	n/a	n/a	n/a	n/a	n/a	right
10	117.143	0.394	correct	0.394	grate	n/a	n/a	n/a	n/a	n/a	n/a	10	2	n/a	n/a	n/a	n/a	n/a	right
10	118.060	0.402	correct	0.402	grate	n/a	n/a	n/a	n/a	n/a	n/a	10	2	n/a	n/a	n/a	n/a	n/a	right
10	118.976	0.377	correct	0.377	grate	n/a	n/a	n/a	n/a	n/a	n/a	10	2	n/a	n/a	n/a	n/a	n/a	right
10	119.876	0.557	correct	0.557	grate	n/a	n/a	n/a	n/a	n/a	n/a	10	2	n/a	n/a	n/a	n/a	n/a	left
10	120.943	0.100	incorrect	0.100	grate	n/a	n/a	n/a	n/a	n/a	n/a	10	2	n/a	n/a	n/a	n/a	n/a	right
10	122.009	3.000	remember	0.436	retrieval	restudy	face	object	scene	target	face	11	2	63	15	63	115	122.0	n/a
10	127.042	0.415	correct	0.415	grate	n/a	n/a	n/a	n/a	n/a	n/a	11	2	n/a	n/a	n/a	n/a	n/a	right
10	127.976	0.410	correct	0.410	grate	n/a	n/a	n/a	n/a	n/a	n/a	11	2	n/a	n/a	n/a	n/a	n/a	left
10	128.892	0.462	correct	0.462	grate	n/a	n/a	n/a	n/a	n/a	n/a	11	2	n/a	n/a	n/a	n/a	n/a	right
10	129.876	0.415	correct	0.415	grate	n/a	n/a	n/a	n/a	n/a	n/a	11	2	n/a	n/a	n/a	n/a	n/a	left
10	130.809	0.456	correct	0.456	grate	n/a	n/a	n/a	n/a	n/a	n/a	11	2	n/a	n/a	n/a	n/a	n/a	right
10	131.775	0.602	correct	0.602	grate	n/a	n/a	n/a	n/a	n/a	n/a	11	2	n/a	n/a	n/a	n/a	n/a	right
10	132.892	0.100	incorrect	0.100	grate	n/a	n/a	n/a	n/a	n/a	n/a	11	2	n/a	n/a	n/a	n/a	n/a	right
10	134.008	3.000	forget	0.310	retrieval	retprac	object	scene	face	competitor	scene	12	2	130	82	182	234	134.0	n/a
10	139.042	0.559	correct	0.559	grate	n/a	n/a	n/a	n/a	n/a	n/a	12	2	n/a	n/a	n/a	n/a	n/a	right
10	140.125	0.364	correct	0.364	grate	n/a	n/a	n/a	n/a	n/a	n/a	12	2	n/a	n/a	n/a	n/a	n/a	right
10	141.008	0.353	correct	0.353	grate	n/a	n/a	n/a	n/a	n/a	n/a	12	2	n/a	n/a	n/a	n/a	n/a	right
10	141.875	0.486	correct	0.486	grate	n/a	n/a	n/a	n/a	n/a	n/a	12	2	n/a	n/a	n/a	n/a	n/a	left
10	142.875	0.367	correct	0.367	grate	n/a	n/a	n/a	n/a	n/a	n/a	12	2	n/a	n/a	n/a	n/a	n/a	right
10	143.758	0.379	correct	0.379	grate	n/a	n/a	n/a	n/a	n/a	n/a	12	2	n/a	n/a	n/a	n/a	n/a	right
10	144.658	0.100	incorrect	0.100	grate	n/a	n/a	n/a	n/a	n/a	n/a	12	2	n/a	n/a	n/a	n/a	n/a	right
10	146.007	3.000	forget	0.534	retrieval	restudy	object	scene	face	other	face	13	2	133	85	185	237	146.0	n/a
10	151.041	0.520	correct	0.520	grate	n/a	n/a	n/a	n/a	n/a	n/a	13	2	n/a	n/a	n/a	n/a	n/a	right
10	152.074	0.471	correct	0.471	grate	n/a	n/a	n/a	n/a	n/a	n/a	13	2	n/a	n/a	n/a	n/a	n/a	left
10	153.057	0.496	correct	0.496	grate	n/a	n/a	n/a	n/a	n/a	n/a	13	2	n/a	n/a	n/a	n/a	n/a	left
10	154.074	0.383	correct	0.383	grate	n/a	n/a	n/a	n/a	n/a	n/a	13	2	n/a	n/a	n/a	n/a	n/a	left
10	154.974	0.387	incorrect	0.387	grate	n/a	n/a	n/a	n/a	n/a	n/a	13	2	n/a	n/a	n/a	n/a	n/a	right
10	155.874	0.599	correct	0.599	grate	n/a	n/a	n/a	n/a	n/a	n/a	13	2	n/a	n/a	n/a	n/a	n/a	left
10	156.990	0.100	incorrect	0.100	grate	n/a	n/a	n/a	n/a	n/a	n/a	13	2	n/a	n/a	n/a	n/a	n/a	right
10	158.023	3.000	remember	0.446	retrieval	restudy	face	scene	object	target	face	14	2	109	37	85	213	158.0	n/a
10	163.057	0.480	correct	0.480	grate	n/a	n/a	n/a	n/a	n/a	n/a	14	2	n/a	n/a	n/a	n/a	n/a	left
10	164.057	0.360	correct	0.360	grate	n/a	n/a	n/a	n/a	n/a	n/a	14	2	n/a	n/a	n/a	n/a	n/a	left
10	164.940	0.357	correct	0.357	grate	n/a	n/a	n/a	n/a	n/a	n/a	14	2	n/a	n/a	n/a	n/a	n/a	left
10	165.806	0.355	correct	0.355	grate	n/a	n/a	n/a	n/a	n/a	n/a	14	2	n/a	n/a	n/a	n/a	n/a	left
10	166.673	0.360	correct	0.360	grate	n/a	n/a	n/a	n/a	n/a	n/a	14	2	n/a	n/a	n/a	n/a	n/a	left
10	167.556	0.477	correct	0.477	grate	n/a	n/a	n/a	n/a	n/a	n/a	14	2	n/a	n/a	n/a	n/a	n/a	right
10	168.539	0.100	incorrect	0.100	grate	n/a	n/a	n/a	n/a	n/a	n/a	14	2	n/a	n/a	n/a	n/a	n/a	left
10	170.022	3.000	remember	0.279	retrieval	retprac	face	scene	object	target	face	15	2	112	40	88	216	170.0	n/a
10	175.056	0.465	correct	0.465	grate	n/a	n/a	n/a	n/a	n/a	n/a	15	2	n/a	n/a	n/a	n/a	n/a	right
10	176.039	0.506	correct	0.506	grate	n/a	n/a	n/a	n/a	n/a	n/a	15	2	n/a	n/a	n/a	n/a	n/a	right
10	177.056	0.425	correct	0.425	grate	n/a	n/a	n/a	n/a	n/a	n/a	15	2	n/a	n/a	n/a	n/a	n/a	left
10	177.989	0.404	correct	0.404	grate	n/a	n/a	n/a	n/a	n/a	n/a	15	2	n/a	n/a	n/a	n/a	n/a	right
10	178.906	0.479	correct	0.479	grate	n/a	n/a	n/a	n/a	n/a	n/a	15	2	n/a	n/a	n/a	n/a	n/a	left
10	179.905	0.503	correct	0.503	grate	n/a	n/a	n/a	n/a	n/a	n/a	15	2	n/a	n/a	n/a	n/a	n/a	right
10	180.922	0.100	incorrect	0.100	grate	n/a	n/a	n/a	n/a	n/a	n/a	15	2	n/a	n/a	n/a	n/a	n/a	left
10	182.021	3.000	remember	0.311	retrieval	restudy	scene	object	face	target	scene	16	2	83	131	283	135	182.0	n/a
10	187.056	0.561	correct	0.561	grate	n/a	n/a	n/a	n/a	n/a	n/a	16	2	n/a	n/a	n/a	n/a	n/a	left
10	188.138	0.472	correct	0.472	grate	n/a	n/a	n/a	n/a	n/a	n/a	16	2	n/a	n/a	n/a	n/a	n/a	right
10	189.122	0.455	correct	0.455	grate	n/a	n/a	n/a	n/a	n/a	n/a	16	2	n/a	n/a	n/a	n/a	n/a	left
10	190.088	0.409	correct	0.409	grate	n/a	n/a	n/a	n/a	n/a	n/a	16	2	n/a	n/a	n/a	n/a	n/a	left
10	191.005	0.532	correct	0.532	grate	n/a	n/a	n/a	n/a	n/a	n/a	16	2	n/a	n/a	n/a	n/a	n/a	right
10	192.055	0.466	incorrect	0.466	grate	n/a	n/a	n/a	n/a	n/a	n/a	16	2	n/a	n/a	n/a	n/a	n/a	right
10	194.020	3.000	forget	0.377	retrieval	retprac	face	scene	object	other	object	17	2	110	38	86	214	194.0	n/a
10	199.055	2.466	correct	2.466	grate	n/a	n/a	n/a	n/a	n/a	n/a	17	2	n/a	n/a	n/a	n/a	n/a	right
10	202.037	0.379	correct	0.379	grate	n/a	n/a	n/a	n/a	n/a	n/a	17	2	n/a	n/a	n/a	n/a	n/a	right
10	202.937	0.463	correct	0.463	grate	n/a	n/a	n/a	n/a	n/a	n/a	17	2	n/a	n/a	n/a	n/a	n/a	left
10	203.920	0.424	correct	0.424	grate	n/a	n/a	n/a	n/a	n/a	n/a	17	2	n/a	n/a	n/a	n/a	n/a	left
10	204.854	0.100	incorrect	0.100	grate	n/a	n/a	n/a	n/a	n/a	n/a	17	2	n/a	n/a	n/a	n/a	n/a	right
10	206.019	3.000	forget	0.465	retrieval	restudy	object	face	scene	other	scene	18	2	15	63	163	15	206.0	n/a
10	211.054	0.514	correct	0.514	grate	n/a	n/a	n/a	n/a	n/a	n/a	18	2	n/a	n/a	n/a	n/a	n/a	right
10	212.086	0.394	incorrect	0.394	grate	n/a	n/a	n/a	n/a	n/a	n/a	18	2	n/a	n/a	n/a	n/a	n/a	left
10	213.003	0.469	correct	0.469	grate	n/a	n/a	n/a	n/a	n/a	n/a	18	2	n/a	n/a	n/a	n/a	n/a	left
10	213.986	1.199	correct	1.199	grate	n/a	n/a	n/a	n/a	n/a	n/a	18	2	n/a	n/a	n/a	n/a	n/a	left
10	215.703	0.377	correct	0.377	grate	n/a	n/a	n/a	n/a	n/a	n/a	18	2	n/a	n/a	n/a	n/a	n/a	left
10	216.603	0.100	incorrect	0.100	grate	n/a	n/a	n/a	n/a	n/a	n/a	18	2	n/a	n/a	n/a	n/a	n/a	right
10	218.018	3.000	remember	0.378	retrieval	retprac	scene	face	object	target	scene	19	2	38	110	262	38	218.0	n/a
10	223.053	0.699	correct	0.699	grate	n/a	n/a	n/a	n/a	n/a	n/a	19	2	n/a	n/a	n/a	n/a	n/a	left
10	224.269	0.411	correct	0.411	grate	n/a	n/a	n/a	n/a	n/a	n/a	19	2	n/a	n/a	n/a	n/a	n/a	left
10	225.202	0.462	correct	0.462	grate	n/a	n/a	n/a	n/a	n/a	n/a	19	2	n/a	n/a	n/a	n/a	n/a	right
10	226.186	0.479	correct	0.479	grate	n/a	n/a	n/a	n/a	n/a	n/a	19	2	n/a	n/a	n/a	n/a	n/a	right
10	227.185	0.551	correct	0.551	grate	n/a	n/a	n/a	n/a	n/a	n/a	19	2	n/a	n/a	n/a	n/a	n/a	left
10	228.252	0.266	incorrect	0.266	grate	n/a	n/a	n/a	n/a	n/a	n/a	19	2	n/a	n/a	n/a	n/a	n/a	left
10	230.018	3.000	remember	0.323	retrieval	restudy	object	scene	face	target	object	20	2	135	87	187	239	230.0	n/a
10	235.052	0.973	correct	0.973	grate	n/a	n/a	n/a	n/a	n/a	n/a	20	2	n/a	n/a	n/a	n/a	n/a	right
10	236.535	0.475	correct	0.475	grate	n/a	n/a	n/a	n/a	n/a	n/a	20	2	n/a	n/a	n/a	n/a	n/a	left
10	237.518	0.482	correct	0.482	grate	n/a	n/a	n/a	n/a	n/a	n/a	20	2	n/a	n/a	n/a	n/a	n/a	left
10	238.518	0.530	correct	0.530	grate	n/a	n/a	n/a	n/a	n/a	n/a	20	2	n/a	n/a	n/a	n/a	n/a	right
10	239.568	0.472	correct	0.472	grate	n/a	n/a	n/a	n/a	n/a	n/a	20	2	n/a	n/a	n/a	n/a	n/a	left
10	240.551	0.100	incorrect	0.100	grate	n/a	n/a	n/a	n/a	n/a	n/a	20	2	n/a	n/a	n/a	n/a	n/a	right
10	242.017	3.000	forget	0.252	retrieval	restudy	scene	object	face	competitor	object	21	2	85	133	285	137	242.0	n/a
10	247.051	0.845	correct	0.845	grate	n/a	n/a	n/a	n/a	n/a	n/a	21	2	n/a	n/a	n/a	n/a	n/a	right
10	248.417	0.647	correct	0.647	grate	n/a	n/a	n/a	n/a	n/a	n/a	21	2	n/a	n/a	n/a	n/a	n/a	right
10	249.584	0.576	correct	0.576	grate	n/a	n/a	n/a	n/a	n/a	n/a	21	2	n/a	n/a	n/a	n/a	n/a	left
10	250.667	0.469	correct	0.469	grate	n/a	n/a	n/a	n/a	n/a	n/a	21	2	n/a	n/a	n/a	n/a	n/a	left
10	251.651	0.430	incorrect	0.430	grate	n/a	n/a	n/a	n/a	n/a	n/a	21	2	n/a	n/a	n/a	n/a	n/a	right
10	252.600	0.100	incorrect	0.100	grate	n/a	n/a	n/a	n/a	n/a	n/a	21	2	n/a	n/a	n/a	n/a	n/a	left
10	254.016	3.000	forget	0.332	retrieval	restudy	face	object	scene	competitor	object	22	2	61	13	61	113	254.0	n/a
10	259.051	0.557	correct	0.557	grate	n/a	n/a	n/a	n/a	n/a	n/a	22	2	n/a	n/a	n/a	n/a	n/a	left
10	260.116	0.436	correct	0.436	grate	n/a	n/a	n/a	n/a	n/a	n/a	22	2	n/a	n/a	n/a	n/a	n/a	right
10	261.066	0.694	correct	0.694	grate	n/a	n/a	n/a	n/a	n/a	n/a	22	2	n/a	n/a	n/a	n/a	n/a	left
10	262.283	0.413	correct	0.413	grate	n/a	n/a	n/a	n/a	n/a	n/a	22	2	n/a	n/a	n/a	n/a	n/a	right
10	263.216	0.472	incorrect	0.472	grate	n/a	n/a	n/a	n/a	n/a	n/a	22	2	n/a	n/a	n/a	n/a	n/a	right
10	264.200	0.316	incorrect	0.316	grate	n/a	n/a	n/a	n/a	n/a	n/a	22	2	n/a	n/a	n/a	n/a	n/a	right
10	266.015	3.000	remember	0.484	retrieval	retprac	face	object	scene	target	face	23	2	64	16	64	116	266.0	n/a
10	271.049	0.743	correct	0.743	grate	n/a	n/a	n/a	n/a	n/a	n/a	23	2	n/a	n/a	n/a	n/a	n/a	left
10	272.316	0.653	correct	0.653	grate	n/a	n/a	n/a	n/a	n/a	n/a	23	2	n/a	n/a	n/a	n/a	n/a	right
10	273.482	0.359	correct	0.359	grate	n/a	n/a	n/a	n/a	n/a	n/a	23	2	n/a	n/a	n/a	n/a	n/a	left
10	274.349	0.435	correct	0.435	grate	n/a	n/a	n/a	n/a	n/a	n/a	23	2	n/a	n/a	n/a	n/a	n/a	left
10	275.299	0.445	correct	0.445	grate	n/a	n/a	n/a	n/a	n/a	n/a	23	2	n/a	n/a	n/a	n/a	n/a	left
10	276.265	0.250	incorrect	0.250	grate	n/a	n/a	n/a	n/a	n/a	n/a	23	2	n/a	n/a	n/a	n/a	n/a	right
10	278.014	3.000	remember	0.357	retrieval	retprac	object	face	scene	target	object	24	2	14	62	162	14	278.0	n/a
10	283.049	0.503	correct	0.503	grate	n/a	n/a	n/a	n/a	n/a	n/a	24	2	n/a	n/a	n/a	n/a	n/a	right
10	284.065	0.407	correct	0.407	grate	n/a	n/a	n/a	n/a	n/a	n/a	24	2	n/a	n/a	n/a	n/a	n/a	right
10	284.981	0.418	correct	0.418	grate	n/a	n/a	n/a	n/a	n/a	n/a	24	2	n/a	n/a	n/a	n/a	n/a	left
10	285.915	0.583	correct	0.583	grate	n/a	n/a	n/a	n/a	n/a	n/a	24	2	n/a	n/a	n/a	n/a	n/a	left
10	287.015	0.506	correct	0.506	grate	n/a	n/a	n/a	n/a	n/a	n/a	24	2	n/a	n/a	n/a	n/a	n/a	right
10	288.031	0.483	incorrect	0.483	grate	n/a	n/a	n/a	n/a	n/a	n/a	24	2	n/a	n/a	n/a	n/a	n/a	right
10	290.013	3.000	forget	0.334	retrieval	restudy	object	scene	face	competitor	scene	25	2	131	83	183	235	290.0	n/a
10	295.048	0.503	correct	0.503	grate	n/a	n/a	n/a	n/a	n/a	n/a	25	2	n/a	n/a	n/a	n/a	n/a	right
10	296.064	0.456	correct	0.456	grate	n/a	n/a	n/a	n/a	n/a	n/a	25	2	n/a	n/a	n/a	n/a	n/a	right
10	297.031	0.513	correct	0.513	grate	n/a	n/a	n/a	n/a	n/a	n/a	25	2	n/a	n/a	n/a	n/a	n/a	left
10	298.064	0.432	correct	0.432	grate	n/a	n/a	n/a	n/a	n/a	n/a	25	2	n/a	n/a	n/a	n/a	n/a	left
10	299.014	0.411	correct	0.411	grate	n/a	n/a	n/a	n/a	n/a	n/a	25	2	n/a	n/a	n/a	n/a	n/a	right
10	299.947	0.429	incorrect	0.429	grate	n/a	n/a	n/a	n/a	n/a	n/a	25	2	n/a	n/a	n/a	n/a	n/a	left
10	300.897	0.100	incorrect	0.100	grate	n/a	n/a	n/a	n/a	n/a	n/a	25	2	n/a	n/a	n/a	n/a	n/a	right
10	302.013	3.000	remember	0.311	retrieval	restudy	object	face	scene	target	object	26	2	11	59	159	11	302.0	n/a
10	307.047	0.992	correct	0.992	grate	n/a	n/a	n/a	n/a	n/a	n/a	26	2	n/a	n/a	n/a	n/a	n/a	right
10	308.546	0.558	correct	0.558	grate	n/a	n/a	n/a	n/a	n/a	n/a	26	2	n/a	n/a	n/a	n/a	n/a	left
10	309.613	0.555	correct	0.555	grate	n/a	n/a	n/a	n/a	n/a	n/a	26	2	n/a	n/a	n/a	n/a	n/a	right
10	310.680	0.536	correct	0.536	grate	n/a	n/a	n/a	n/a	n/a	n/a	26	2	n/a	n/a	n/a	n/a	n/a	left
10	311.730	0.550	correct	0.550	grate	n/a	n/a	n/a	n/a	n/a	n/a	26	2	n/a	n/a	n/a	n/a	n/a	left
10	312.796	0.100	incorrect	0.100	grate	n/a	n/a	n/a	n/a	n/a	n/a	26	2	n/a	n/a	n/a	n/a	n/a	left
10	314.012	3.000	forget	0.440	retrieval	retprac	scene	object	face	competitor	object	27	2	86	134	286	138	314.0	n/a
10	319.046	0.633	correct	0.633	grate	n/a	n/a	n/a	n/a	n/a	n/a	27	2	n/a	n/a	n/a	n/a	n/a	left
10	320.196	0.428	correct	0.428	grate	n/a	n/a	n/a	n/a	n/a	n/a	27	2	n/a	n/a	n/a	n/a	n/a	right
10	321.146	0.478	correct	0.478	grate	n/a	n/a	n/a	n/a	n/a	n/a	27	2	n/a	n/a	n/a	n/a	n/a	right
10	322.146	0.406	correct	0.406	grate	n/a	n/a	n/a	n/a	n/a	n/a	27	2	n/a	n/a	n/a	n/a	n/a	right
10	323.062	0.537	correct	0.537	grate	n/a	n/a	n/a	n/a	n/a	n/a	27	2	n/a	n/a	n/a	n/a	n/a	left
10	324.112	0.400	incorrect	0.400	grate	n/a	n/a	n/a	n/a	n/a	n/a	27	2	n/a	n/a	n/a	n/a	n/a	left
10	326.011	3.000	forget	0.664	retrieval	retprac	scene	object	face	competitor	object	28	2	84	132	284	136	326.0	n/a
10	331.046	0.650	correct	0.650	grate	n/a	n/a	n/a	n/a	n/a	n/a	28	2	n/a	n/a	n/a	n/a	n/a	left
10	332.212	0.388	correct	0.388	grate	n/a	n/a	n/a	n/a	n/a	n/a	28	2	n/a	n/a	n/a	n/a	n/a	left
10	333.111	0.384	correct	0.384	grate	n/a	n/a	n/a	n/a	n/a	n/a	28	2	n/a	n/a	n/a	n/a	n/a	left
10	334.011	0.324	correct	0.324	grate	n/a	n/a	n/a	n/a	n/a	n/a	28	2	n/a	n/a	n/a	n/a	n/a	left
10	334.845	0.419	correct	0.419	grate	n/a	n/a	n/a	n/a	n/a	n/a	28	2	n/a	n/a	n/a	n/a	n/a	right
10	335.778	0.462	incorrect	0.462	grate	n/a	n/a	n/a	n/a	n/a	n/a	28	2	n/a	n/a	n/a	n/a	n/a	right
10	336.761	0.100	incorrect	0.100	grate	n/a	n/a	n/a	n/a	n/a	n/a	28	2	n/a	n/a	n/a	n/a	n/a	left
10	338.010	3.000	forget	0.409	retrieval	retprac	object	face	scene	competitor	face	29	2	12	60	160	12	338.0	n/a
10	343.045	0.450	correct	0.450	grate	n/a	n/a	n/a	n/a	n/a	n/a	29	2	n/a	n/a	n/a	n/a	n/a	right
10	344.010	0.421	correct	0.421	grate	n/a	n/a	n/a	n/a	n/a	n/a	29	2	n/a	n/a	n/a	n/a	n/a	right
10	344.944	0.464	correct	0.464	grate	n/a	n/a	n/a	n/a	n/a	n/a	29	2	n/a	n/a	n/a	n/a	n/a	left
10	345.927	0.424	incorrect	0.424	grate	n/a	n/a	n/a	n/a	n/a	n/a	29	2	n/a	n/a	n/a	n/a	n/a	right
10	346.860	0.555	correct	0.555	grate	n/a	n/a	n/a	n/a	n/a	n/a	29	2	n/a	n/a	n/a	n/a	n/a	left
10	347.927	0.520	correct	0.520	grate	n/a	n/a	n/a	n/a	n/a	n/a	29	2	n/a	n/a	n/a	n/a	n/a	left
10	348.960	0.100	incorrect	0.100	grate	n/a	n/a	n/a	n/a	n/a	n/a	29	2	n/a	n/a	n/a	n/a	n/a	right
10	350.009	3.000	remember	0.314	retrieval	restudy	scene	face	object	target	scene	30	2	39	111	263	39	350.0	n/a
10	355.044	0.428	correct	0.428	grate	n/a	n/a	n/a	n/a	n/a	n/a	30	2	n/a	n/a	n/a	n/a	n/a	right
10	355.993	0.390	correct	0.390	grate	n/a	n/a	n/a	n/a	n/a	n/a	30	2	n/a	n/a	n/a	n/a	n/a	left
10	356.893	0.618	correct	0.618	grate	n/a	n/a	n/a	n/a	n/a	n/a	30	2	n/a	n/a	n/a	n/a	n/a	left
10	358.026	0.461	correct	0.461	grate	n/a	n/a	n/a	n/a	n/a	n/a	30	2	n/a	n/a	n/a	n/a	n/a	left
10	359.009	0.437	correct	0.437	grate	n/a	n/a	n/a	n/a	n/a	n/a	30	2	n/a	n/a	n/a	n/a	n/a	left
10	359.960	0.520	correct	0.520	grate	n/a	n/a	n/a	n/a	n/a	n/a	30	2	n/a	n/a	n/a	n/a	n/a	left
10	360.993	0.100	incorrect	0.100	grate	n/a	n/a	n/a	n/a	n/a	n/a	30	2	n/a	n/a	n/a	n/a	n/a	right
10	362.009	3.000	remember	0.306	retrieval	retprac	face	object	scene	target	face	31	2	58	10	58	110	362.0	n/a
10	367.043	0.572	correct	0.572	grate	n/a	n/a	n/a	n/a	n/a	n/a	31	2	n/a	n/a	n/a	n/a	n/a	left
10	368.126	0.505	correct	0.505	grate	n/a	n/a	n/a	n/a	n/a	n/a	31	2	n/a	n/a	n/a	n/a	n/a	right
10	369.142	0.490	correct	0.490	grate	n/a	n/a	n/a	n/a	n/a	n/a	31	2	n/a	n/a	n/a	n/a	n/a	left
10	370.142	0.498	correct	0.498	grate	n/a	n/a	n/a	n/a	n/a	n/a	31	2	n/a	n/a	n/a	n/a	n/a	right
10	371.159	0.424	correct	0.424	grate	n/a	n/a	n/a	n/a	n/a	n/a	31	2	n/a	n/a	n/a	n/a	n/a	left
10	372.092	0.355	correct	0.355	grate	n/a	n/a	n/a	n/a	n/a	n/a	31	2	n/a	n/a	n/a	n/a	n/a	right
10	372.959	0.100	incorrect	0.100	grate	n/a	n/a	n/a	n/a	n/a	n/a	31	2	n/a	n/a	n/a	n/a	n/a	right
10	374.008	3.000	remember	0.307	retrieval	restudy	object	scene	face	target	object	32	2	129	81	181	233	374.0	n/a
10	379.042	0.413	correct	0.413	grate	n/a	n/a	n/a	n/a	n/a	n/a	32	2	n/a	n/a	n/a	n/a	n/a	left
10	379.975	0.464	correct	0.464	grate	n/a	n/a	n/a	n/a	n/a	n/a	32	2	n/a	n/a	n/a	n/a	n/a	right
10	380.958	0.465	correct	0.465	grate	n/a	n/a	n/a	n/a	n/a	n/a	32	2	n/a	n/a	n/a	n/a	n/a	right
10	381.941	0.442	correct	0.442	grate	n/a	n/a	n/a	n/a	n/a	n/a	32	2	n/a	n/a	n/a	n/a	n/a	right
10	382.891	0.420	correct	0.420	grate	n/a	n/a	n/a	n/a	n/a	n/a	32	2	n/a	n/a	n/a	n/a	n/a	right
10	383.825	0.422	correct	0.422	grate	n/a	n/a	n/a	n/a	n/a	n/a	32	2	n/a	n/a	n/a	n/a	n/a	right
10	384.758	0.100	incorrect	0.100	grate	n/a	n/a	n/a	n/a	n/a	n/a	32	2	n/a	n/a	n/a	n/a	n/a	left
10	386.007	3.000	remember	0.404	retrieval	restudy	face	scene	object	target	face	33	2	107	35	83	211	386.0	n/a
10	391.041	0.437	correct	0.437	grate	n/a	n/a	n/a	n/a	n/a	n/a	33	2	n/a	n/a	n/a	n/a	n/a	left
10	391.991	0.424	correct	0.424	grate	n/a	n/a	n/a	n/a	n/a	n/a	33	2	n/a	n/a	n/a	n/a	n/a	left
10	392.924	0.468	correct	0.468	grate	n/a	n/a	n/a	n/a	n/a	n/a	33	2	n/a	n/a	n/a	n/a	n/a	right
10	393.907	0.453	correct	0.453	grate	n/a	n/a	n/a	n/a	n/a	n/a	33	2	n/a	n/a	n/a	n/a	n/a	left
10	394.874	0.446	correct	0.446	grate	n/a	n/a	n/a	n/a	n/a	n/a	33	2	n/a	n/a	n/a	n/a	n/a	left
10	395.840	0.423	correct	0.423	grate	n/a	n/a	n/a	n/a	n/a	n/a	33	2	n/a	n/a	n/a	n/a	n/a	left
10	396.774	0.100	incorrect	0.100	grate	n/a	n/a	n/a	n/a	n/a	n/a	33	2	n/a	n/a	n/a	n/a	n/a	left
10	398.006	3.000	remember	0.316	retrieval	retprac	object	face	scene	target	object	34	2	16	64	164	16	398.0	n/a
10	403.041	0.398	correct	0.398	grate	n/a	n/a	n/a	n/a	n/a	n/a	34	2	n/a	n/a	n/a	n/a	n/a	left
10	403.957	0.482	correct	0.482	grate	n/a	n/a	n/a	n/a	n/a	n/a	34	2	n/a	n/a	n/a	n/a	n/a	right
10	404.956	0.419	correct	0.419	grate	n/a	n/a	n/a	n/a	n/a	n/a	34	2	n/a	n/a	n/a	n/a	n/a	right
10	405.890	0.533	correct	0.533	grate	n/a	n/a	n/a	n/a	n/a	n/a	34	2	n/a	n/a	n/a	n/a	n/a	left
10	406.940	0.483	correct	0.483	grate	n/a	n/a	n/a	n/a	n/a	n/a	34	2	n/a	n/a	n/a	n/a	n/a	left
10	407.940	0.411	correct	0.411	grate	n/a	n/a	n/a	n/a	n/a	n/a	34	2	n/a	n/a	n/a	n/a	n/a	right
10	408.873	0.100	incorrect	0.100	grate	n/a	n/a	n/a	n/a	n/a	n/a	34	2	n/a	n/a	n/a	n/a	n/a	left
10	410.022	3.000	remember	0.364	retrieval	restudy	scene	face	object	target	scene	35	2	35	107	259	35	410.0	n/a
10	415.056	0.590	correct	0.590	grate	n/a	n/a	n/a	n/a	n/a	n/a	35	2	n/a	n/a	n/a	n/a	n/a	right
10	416.156	0.387	correct	0.387	grate	n/a	n/a	n/a	n/a	n/a	n/a	35	2	n/a	n/a	n/a	n/a	n/a	left
10	417.055	0.439	correct	0.439	grate	n/a	n/a	n/a	n/a	n/a	n/a	35	2	n/a	n/a	n/a	n/a	n/a	left
10	418.006	0.410	correct	0.410	grate	n/a	n/a	n/a	n/a	n/a	n/a	35	2	n/a	n/a	n/a	n/a	n/a	left
10	418.939	0.508	correct	0.508	grate	n/a	n/a	n/a	n/a	n/a	n/a	35	2	n/a	n/a	n/a	n/a	n/a	right
10	419.955	0.459	correct	0.459	grate	n/a	n/a	n/a	n/a	n/a	n/a	35	2	n/a	n/a	n/a	n/a	n/a	left
10	420.922	0.100	incorrect	0.100	grate	n/a	n/a	n/a	n/a	n/a	n/a	35	2	n/a	n/a	n/a	n/a	n/a	left
10	422.021	3.000	remember	0.341	retrieval	retprac	scene	face	object	target	scene	36	2	36	108	260	36	422.0	n/a
10	427.056	0.551	correct	0.551	grate	n/a	n/a	n/a	n/a	n/a	n/a	36	2	n/a	n/a	n/a	n/a	n/a	right
10	428.121	0.438	correct	0.438	grate	n/a	n/a	n/a	n/a	n/a	n/a	36	2	n/a	n/a	n/a	n/a	n/a	left
10	429.071	0.391	correct	0.391	grate	n/a	n/a	n/a	n/a	n/a	n/a	36	2	n/a	n/a	n/a	n/a	n/a	left
10	429.971	0.459	correct	0.459	grate	n/a	n/a	n/a	n/a	n/a	n/a	36	2	n/a	n/a	n/a	n/a	n/a	right
10	430.938	0.469	correct	0.469	grate	n/a	n/a	n/a	n/a	n/a	n/a	36	2	n/a	n/a	n/a	n/a	n/a	right
10	431.921	0.365	correct	0.365	grate	n/a	n/a	n/a	n/a	n/a	n/a	36	2	n/a	n/a	n/a	n/a	n/a	left
10	432.804	0.100	incorrect	0.100	grate	n/a	n/a	n/a	n/a	n/a	n/a	36	2	n/a	n/a	n/a	n/a	n/a	right
10	434.020	3.000	forget	0.366	retrieval	restudy	face	scene	object	competitor	scene	37	2	105	33	81	209	434.0	n/a
10	439.055	0.480	correct	0.480	grate	n/a	n/a	n/a	n/a	n/a	n/a	37	2	n/a	n/a	n/a	n/a	n/a	right
10	440.054	0.376	correct	0.376	grate	n/a	n/a	n/a	n/a	n/a	n/a	37	2	n/a	n/a	n/a	n/a	n/a	right
10	440.937	0.389	correct	0.389	grate	n/a	n/a	n/a	n/a	n/a	n/a	37	2	n/a	n/a	n/a	n/a	n/a	right
10	441.837	0.369	correct	0.369	grate	n/a	n/a	n/a	n/a	n/a	n/a	37	2	n/a	n/a	n/a	n/a	n/a	right
10	442.720	0.382	correct	0.382	grate	n/a	n/a	n/a	n/a	n/a	n/a	37	2	n/a	n/a	n/a	n/a	n/a	right
10	443.620	0.506	correct	0.506	grate	n/a	n/a	n/a	n/a	n/a	n/a	37	2	n/a	n/a	n/a	n/a	n/a	left
10	444.637	0.100	incorrect	0.100	grate	n/a	n/a	n/a	n/a	n/a	n/a	37	2	n/a	n/a	n/a	n/a	n/a	right
10	446.019	3.000	forget	0.351	retrieval	restudy	face	scene	object	competitor	scene	38	2	111	39	87	215	446.0	n/a
10	451.054	0.673	correct	0.673	grate	n/a	n/a	n/a	n/a	n/a	n/a	38	2	n/a	n/a	n/a	n/a	n/a	right
10	452.236	0.474	correct	0.474	grate	n/a	n/a	n/a	n/a	n/a	n/a	38	2	n/a	n/a	n/a	n/a	n/a	left
10	453.220	0.419	correct	0.419	grate	n/a	n/a	n/a	n/a	n/a	n/a	38	2	n/a	n/a	n/a	n/a	n/a	left
10	454.153	0.581	correct	0.581	grate	n/a	n/a	n/a	n/a	n/a	n/a	38	2	n/a	n/a	n/a	n/a	n/a	right
10	455.253	0.425	correct	0.425	grate	n/a	n/a	n/a	n/a	n/a	n/a	38	2	n/a	n/a	n/a	n/a	n/a	left
10	456.203	0.316	incorrect	0.316	grate	n/a	n/a	n/a	n/a	n/a	n/a	38	2	n/a	n/a	n/a	n/a	n/a	left
10	458.018	3.000	remember	0.343	retrieval	retprac	face	object	scene	target	face	39	2	62	14	62	114	458.0	n/a
10	463.053	0.577	correct	0.577	grate	n/a	n/a	n/a	n/a	n/a	n/a	39	2	n/a	n/a	n/a	n/a	n/a	right
10	464.152	0.478	correct	0.478	grate	n/a	n/a	n/a	n/a	n/a	n/a	39	2	n/a	n/a	n/a	n/a	n/a	left
10	465.152	0.422	correct	0.422	grate	n/a	n/a	n/a	n/a	n/a	n/a	39	2	n/a	n/a	n/a	n/a	n/a	right
10	466.085	0.369	correct	0.369	grate	n/a	n/a	n/a	n/a	n/a	n/a	39	2	n/a	n/a	n/a	n/a	n/a	left
10	466.969	0.405	incorrect	0.405	grate	n/a	n/a	n/a	n/a	n/a	n/a	39	2	n/a	n/a	n/a	n/a	n/a	right
10	467.885	0.457	correct	0.457	grate	n/a	n/a	n/a	n/a	n/a	n/a	39	2	n/a	n/a	n/a	n/a	n/a	left
10	468.852	0.100	incorrect	0.100	grate	n/a	n/a	n/a	n/a	n/a	n/a	39	2	n/a	n/a	n/a	n/a	n/a	left
10	470.018	3.000	remember	0.344	retrieval	retprac	scene	face	object	target	scene	40	2	40	112	264	40	470.0	n/a
10	475.052	0.474	correct	0.474	grate	n/a	n/a	n/a	n/a	n/a	n/a	40	2	n/a	n/a	n/a	n/a	n/a	right
10	476.035	0.419	correct	0.419	grate	n/a	n/a	n/a	n/a	n/a	n/a	40	2	n/a	n/a	n/a	n/a	n/a	right
10	476.968	0.398	correct	0.398	grate	n/a	n/a	n/a	n/a	n/a	n/a	40	2	n/a	n/a	n/a	n/a	n/a	right
10	477.885	0.409	correct	0.409	grate	n/a	n/a	n/a	n/a	n/a	n/a	40	2	n/a	n/a	n/a	n/a	n/a	right
10	478.801	0.389	correct	0.389	grate	n/a	n/a	n/a	n/a	n/a	n/a	40	2	n/a	n/a	n/a	n/a	n/a	right
10	479.701	0.529	correct	0.529	grate	n/a	n/a	n/a	n/a	n/a	n/a	40	2	n/a	n/a	n/a	n/a	n/a	left
10	480.751	0.100	incorrect	0.100	grate	n/a	n/a	n/a	n/a	n/a	n/a	40	2	n/a	n/a	n/a	n/a	n/a	right
10	482.017	3.000	remember	0.337	retrieval	retprac	face	scene	object	target	face	41	2	106	34	82	210	482.0	n/a
10	487.051	0.418	correct	0.418	grate	n/a	n/a	n/a	n/a	n/a	n/a	41	2	n/a	n/a	n/a	n/a	n/a	right
10	487.984	0.407	correct	0.407	grate	n/a	n/a	n/a	n/a	n/a	n/a	41	2	n/a	n/a	n/a	n/a	n/a	left
10	488.901	0.393	correct	0.393	grate	n/a	n/a	n/a	n/a	n/a	n/a	41	2	n/a	n/a	n/a	n/a	n/a	left
10	489.817	0.349	correct	0.349	grate	n/a	n/a	n/a	n/a	n/a	n/a	41	2	n/a	n/a	n/a	n/a	n/a	left
10	490.684	0.402	incorrect	0.402	grate	n/a	n/a	n/a	n/a	n/a	n/a	41	2	n/a	n/a	n/a	n/a	n/a	right
10	491.600	0.493	correct	0.493	grate	n/a	n/a	n/a	n/a	n/a	n/a	41	2	n/a	n/a	n/a	n/a	n/a	left
10	492.617	0.100	incorrect	0.100	grate	n/a	n/a	n/a	n/a	n/a	n/a	41	2	n/a	n/a	n/a	n/a	n/a	left
10	494.016	3.000	remember	0.275	retrieval	retprac	object	scene	face	target	object	42	2	134	86	186	238	494.0	n/a
10	499.051	0.667	correct	0.667	grate	n/a	n/a	n/a	n/a	n/a	n/a	42	2	n/a	n/a	n/a	n/a	n/a	right
10	500.233	0.397	correct	0.397	grate	n/a	n/a	n/a	n/a	n/a	n/a	42	2	n/a	n/a	n/a	n/a	n/a	right
10	501.150	0.392	correct	0.392	grate	n/a	n/a	n/a	n/a	n/a	n/a	42	2	n/a	n/a	n/a	n/a	n/a	right
10	502.050	0.460	correct	0.460	grate	n/a	n/a	n/a	n/a	n/a	n/a	42	2	n/a	n/a	n/a	n/a	n/a	left
10	503.033	0.445	correct	0.445	grate	n/a	n/a	n/a	n/a	n/a	n/a	42	2	n/a	n/a	n/a	n/a	n/a	left
10	504.000	0.414	correct	0.414	grate	n/a	n/a	n/a	n/a	n/a	n/a	42	2	n/a	n/a	n/a	n/a	n/a	left
10	504.933	0.100	incorrect	0.100	grate	n/a	n/a	n/a	n/a	n/a	n/a	42	2	n/a	n/a	n/a	n/a	n/a	left
10	506.015	3.000	remember	0.338	retrieval	retprac	object	scene	face	target	object	43	2	132	84	184	236	506.0	n/a
10	511.050	0.452	correct	0.452	grate	n/a	n/a	n/a	n/a	n/a	n/a	43	2	n/a	n/a	n/a	n/a	n/a	right
10	512.016	0.462	correct	0.462	grate	n/a	n/a	n/a	n/a	n/a	n/a	43	2	n/a	n/a	n/a	n/a	n/a	left
10	512.999	0.415	correct	0.415	grate	n/a	n/a	n/a	n/a	n/a	n/a	43	2	n/a	n/a	n/a	n/a	n/a	left
10	513.932	0.394	correct	0.394	grate	n/a	n/a	n/a	n/a	n/a	n/a	43	2	n/a	n/a	n/a	n/a	n/a	left
10	514.849	0.573	correct	0.573	grate	n/a	n/a	n/a	n/a	n/a	n/a	43	2	n/a	n/a	n/a	n/a	n/a	right
10	515.932	0.442	correct	0.442	grate	n/a	n/a	n/a	n/a	n/a	n/a	43	2	n/a	n/a	n/a	n/a	n/a	right
10	516.882	0.100	incorrect	0.100	grate	n/a	n/a	n/a	n/a	n/a	n/a	43	2	n/a	n/a	n/a	n/a	n/a	right
10	518.014	3.000	forget	0.363	retrieval	restudy	object	face	scene	competitor	face	44	2	9	57	157	9	518.0	n/a
10	523.049	0.350	correct	0.350	grate	n/a	n/a	n/a	n/a	n/a	n/a	44	2	n/a	n/a	n/a	n/a	n/a	right
10	523.915	0.419	correct	0.419	grate	n/a	n/a	n/a	n/a	n/a	n/a	44	2	n/a	n/a	n/a	n/a	n/a	right
10	524.848	0.414	correct	0.414	grate	n/a	n/a	n/a	n/a	n/a	n/a	44	2	n/a	n/a	n/a	n/a	n/a	left
10	525.781	0.505	correct	0.505	grate	n/a	n/a	n/a	n/a	n/a	n/a	44	2	n/a	n/a	n/a	n/a	n/a	left
10	526.798	0.463	correct	0.463	grate	n/a	n/a	n/a	n/a	n/a	n/a	44	2	n/a	n/a	n/a	n/a	n/a	right
10	527.781	0.425	incorrect	0.425	grate	n/a	n/a	n/a	n/a	n/a	n/a	44	2	n/a	n/a	n/a	n/a	n/a	left
10	528.714	0.100	incorrect	0.100	grate	n/a	n/a	n/a	n/a	n/a	n/a	44	2	n/a	n/a	n/a	n/a	n/a	right
10	530.013	3.000	remember	0.325	retrieval	restudy	face	object	scene	target	face	45	2	59	11	59	111	530.0	n/a
10	535.048	0.470	correct	0.470	grate	n/a	n/a	n/a	n/a	n/a	n/a	45	2	n/a	n/a	n/a	n/a	n/a	right
10	536.031	0.431	correct	0.431	grate	n/a	n/a	n/a	n/a	n/a	n/a	45	2	n/a	n/a	n/a	n/a	n/a	right
10	536.981	0.361	correct	0.361	grate	n/a	n/a	n/a	n/a	n/a	n/a	45	2	n/a	n/a	n/a	n/a	n/a	right
10	537.864	0.453	correct	0.453	grate	n/a	n/a	n/a	n/a	n/a	n/a	45	2	n/a	n/a	n/a	n/a	n/a	left
10	538.830	0.463	correct	0.463	grate	n/a	n/a	n/a	n/a	n/a	n/a	45	2	n/a	n/a	n/a	n/a	n/a	left
10	539.814	0.481	correct	0.481	grate	n/a	n/a	n/a	n/a	n/a	n/a	45	2	n/a	n/a	n/a	n/a	n/a	right
10	540.814	0.100	incorrect	0.100	grate	n/a	n/a	n/a	n/a	n/a	n/a	45	2	n/a	n/a	n/a	n/a	n/a	left
10	542.013	3.000	forget	0.324	retrieval	restudy	scene	object	face	other	face	46	2	87	135	287	139	542.0	n/a
10	547.047	0.639	correct	0.639	grate	n/a	n/a	n/a	n/a	n/a	n/a	46	2	n/a	n/a	n/a	n/a	n/a	right
10	548.196	0.458	correct	0.458	grate	n/a	n/a	n/a	n/a	n/a	n/a	46	2	n/a	n/a	n/a	n/a	n/a	left
10	549.163	0.515	correct	0.515	grate	n/a	n/a	n/a	n/a	n/a	n/a	46	2	n/a	n/a	n/a	n/a	n/a	right
10	550.196	0.442	correct	0.442	grate	n/a	n/a	n/a	n/a	n/a	n/a	46	2	n/a	n/a	n/a	n/a	n/a	left
10	551.146	0.403	correct	0.403	grate	n/a	n/a	n/a	n/a	n/a	n/a	46	2	n/a	n/a	n/a	n/a	n/a	right
10	552.063	0.450	incorrect	0.450	grate	n/a	n/a	n/a	n/a	n/a	n/a	46	2	n/a	n/a	n/a	n/a	n/a	right
10	554.012	3.000	remember	0.328	retrieval	retprac	scene	object	face	target	scene	47	2	88	136	288	140	554.0	n/a
10	559.046	0.463	correct	0.463	grate	n/a	n/a	n/a	n/a	n/a	n/a	47	2	n/a	n/a	n/a	n/a	n/a	right
10	560.029	0.424	correct	0.424	grate	n/a	n/a	n/a	n/a	n/a	n/a	47	2	n/a	n/a	n/a	n/a	n/a	left
10	560.962	0.403	correct	0.403	grate	n/a	n/a	n/a	n/a	n/a	n/a	47	2	n/a	n/a	n/a	n/a	n/a	left
10	561.879	0.494	correct	0.494	grate	n/a	n/a	n/a	n/a	n/a	n/a	47	2	n/a	n/a	n/a	n/a	n/a	right
10	562.896	0.461	correct	0.461	grate	n/a	n/a	n/a	n/a	n/a	n/a	47	2	n/a	n/a	n/a	n/a	n/a	right
10	563.879	0.633	incorrect	0.633	grate	n/a	n/a	n/a	n/a	n/a	n/a	47	2	n/a	n/a	n/a	n/a	n/a	left
10	566.011	3.000	remember	0.350	retrieval	restudy	scene	face	object	target	scene	48	2	33	105	257	33	566.0	n/a
10	571.046	0.376	correct	0.376	grate	n/a	n/a	n/a	n/a	n/a	n/a	48	2	n/a	n/a	n/a	n/a	n/a	right
10	571.928	0.389	correct	0.389	grate	n/a	n/a	n/a	n/a	n/a	n/a	48	2	n/a	n/a	n/a	n/a	n/a	right
10	572.828	0.377	correct	0.377	grate	n/a	n/a	n/a	n/a	n/a	n/a	48	2	n/a	n/a	n/a	n/a	n/a	right
10	573.728	0.581	correct	0.581	grate	n/a	n/a	n/a	n/a	n/a	n/a	48	2	n/a	n/a	n/a	n/a	n/a	left
10	574.828	0.569	correct	0.569	grate	n/a	n/a	n/a	n/a	n/a	n/a	48	2	n/a	n/a	n/a	n/a	n/a	left
10	575.911	0.590	incorrect	0.590	grate	n/a	n/a	n/a	n/a	n/a	n/a	48	2	n/a	n/a	n/a	n/a	n/a	right
10	577.011	0.100	incorrect	0.100	grate	n/a	n/a	n/a	n/a	n/a	n/a	48	2	n/a	n/a	n/a	n/a	n/a	left
10	2.021	3.000	remember	0.346	retrieval	restudy	object	scene	face	target	object	1	3	137	89	189	241	2.0	n/a
10	7.055	0.725	correct	0.725	grate	n/a	n/a	n/a	n/a	n/a	n/a	1	3	n/a	n/a	n/a	n/a	n/a	right
10	8.289	0.396	correct	0.396	grate	n/a	n/a	n/a	n/a	n/a	n/a	1	3	n/a	n/a	n/a	n/a	n/a	right
10	9.205	0.494	correct	0.494	grate	n/a	n/a	n/a	n/a	n/a	n/a	1	3	n/a	n/a	n/a	n/a	n/a	left
10	10.222	0.462	correct	0.462	grate	n/a	n/a	n/a	n/a	n/a	n/a	1	3	n/a	n/a	n/a	n/a	n/a	left
10	11.205	0.423	correct	0.423	grate	n/a	n/a	n/a	n/a	n/a	n/a	1	3	n/a	n/a	n/a	n/a	n/a	left
10	12.138	0.383	incorrect	0.383	grate	n/a	n/a	n/a	n/a	n/a	n/a	1	3	n/a	n/a	n/a	n/a	n/a	right
10	14.021	3.000	remember	0.298	retrieval	retprac	face	object	scene	target	face	2	3	68	20	68	120	14.0	n/a
10	19.055	0.493	correct	0.493	grate	n/a	n/a	n/a	n/a	n/a	n/a	2	3	n/a	n/a	n/a	n/a	n/a	left
10	20.071	0.390	correct	0.390	grate	n/a	n/a	n/a	n/a	n/a	n/a	2	3	n/a	n/a	n/a	n/a	n/a	left
10	20.971	0.457	correct	0.457	grate	n/a	n/a	n/a	n/a	n/a	n/a	2	3	n/a	n/a	n/a	n/a	n/a	right
10	21.938	0.411	correct	0.411	grate	n/a	n/a	n/a	n/a	n/a	n/a	2	3	n/a	n/a	n/a	n/a	n/a	right
10	22.871	0.542	correct	0.542	grate	n/a	n/a	n/a	n/a	n/a	n/a	2	3	n/a	n/a	n/a	n/a	n/a	left
10	23.921	0.403	correct	0.403	grate	n/a	n/a	n/a	n/a	n/a	n/a	2	3	n/a	n/a	n/a	n/a	n/a	right
10	24.837	0.100	incorrect	0.100	grate	n/a	n/a	n/a	n/a	n/a	n/a	2	3	n/a	n/a	n/a	n/a	n/a	right
10	26.020	3.000	forget	0.323	retrieval	retprac	scene	face	object	competitor	face	3	3	48	120	272	48	26.0	n/a
10	31.054	0.389	correct	0.389	grate	n/a	n/a	n/a	n/a	n/a	n/a	3	3	n/a	n/a	n/a	n/a	n/a	right
10	31.954	0.378	correct	0.378	grate	n/a	n/a	n/a	n/a	n/a	n/a	3	3	n/a	n/a	n/a	n/a	n/a	right
10	32.854	0.390	correct	0.390	grate	n/a	n/a	n/a	n/a	n/a	n/a	3	3	n/a	n/a	n/a	n/a	n/a	right
10	33.754	0.402	correct	0.402	grate	n/a	n/a	n/a	n/a	n/a	n/a	3	3	n/a	n/a	n/a	n/a	n/a	left
10	34.670	0.493	correct	0.493	grate	n/a	n/a	n/a	n/a	n/a	n/a	3	3	n/a	n/a	n/a	n/a	n/a	left
10	35.687	0.470	correct	0.470	grate	n/a	n/a	n/a	n/a	n/a	n/a	3	3	n/a	n/a	n/a	n/a	n/a	right
10	36.670	0.100	incorrect	0.100	grate	n/a	n/a	n/a	n/a	n/a	n/a	3	3	n/a	n/a	n/a	n/a	n/a	left
10	38.019	3.000	remember	0.476	retrieval	retprac	scene	object	face	target	scene	4	3	96	144	296	148	38.0	n/a
10	43.053	0.647	correct	0.647	grate	n/a	n/a	n/a	n/a	n/a	n/a	4	3	n/a	n/a	n/a	n/a	n/a	left
10	44.219	0.376	correct	0.376	grate	n/a	n/a	n/a	n/a	n/a	n/a	4	3	n/a	n/a	n/a	n/a	n/a	right
10	45.103	0.366	correct	0.366	grate	n/a	n/a	n/a	n/a	n/a	n/a	4	3	n/a	n/a	n/a	n/a	n/a	right
10	45.986	0.417	correct	0.417	grate	n/a	n/a	n/a	n/a	n/a	n/a	4	3	n/a	n/a	n/a	n/a	n/a	right
10	46.919	0.428	incorrect	0.428	grate	n/a	n/a	n/a	n/a	n/a	n/a	4	3	n/a	n/a	n/a	n/a	n/a	left
10	47.869	0.650	incorrect	0.650	grate	n/a	n/a	n/a	n/a	n/a	n/a	4	3	n/a	n/a	n/a	n/a	n/a	left
10	50.018	3.000	remember	0.341	retrieval	retprac	object	scene	face	target	object	5	3	144	96	196	248	50.0	n/a
10	55.052	0.727	correct	0.727	grate	n/a	n/a	n/a	n/a	n/a	n/a	5	3	n/a	n/a	n/a	n/a	n/a	left
10	56.302	0.445	correct	0.445	grate	n/a	n/a	n/a	n/a	n/a	n/a	5	3	n/a	n/a	n/a	n/a	n/a	right
10	57.269	0.471	correct	0.471	grate	n/a	n/a	n/a	n/a	n/a	n/a	5	3	n/a	n/a	n/a	n/a	n/a	right
10	58.252	0.431	correct	0.431	grate	n/a	n/a	n/a	n/a	n/a	n/a	5	3	n/a	n/a	n/a	n/a	n/a	left
10	59.202	0.578	correct	0.578	grate	n/a	n/a	n/a	n/a	n/a	n/a	5	3	n/a	n/a	n/a	n/a	n/a	right
10	60.302	0.216	incorrect	0.216	grate	n/a	n/a	n/a	n/a	n/a	n/a	5	3	n/a	n/a	n/a	n/a	n/a	right
10	62.017	3.000	forget	0.422	retrieval	restudy	face	object	scene	competitor	object	6	3	69	21	69	121	62.0	n/a
10	67.051	0.385	correct	0.385	grate	n/a	n/a	n/a	n/a	n/a	n/a	6	3	n/a	n/a	n/a	n/a	n/a	right
10	67.951	0.444	correct	0.444	grate	n/a	n/a	n/a	n/a	n/a	n/a	6	3	n/a	n/a	n/a	n/a	n/a	left
10	68.918	0.422	correct	0.422	grate	n/a	n/a	n/a	n/a	n/a	n/a	6	3	n/a	n/a	n/a	n/a	n/a	left
10	69.851	0.448	correct	0.448	grate	n/a	n/a	n/a	n/a	n/a	n/a	6	3	n/a	n/a	n/a	n/a	n/a	left
10	70.817	0.490	correct	0.490	grate	n/a	n/a	n/a	n/a	n/a	n/a	6	3	n/a	n/a	n/a	n/a	n/a	right
10	71.818	0.426	correct	0.426	grate	n/a	n/a	n/a	n/a	n/a	n/a	6	3	n/a	n/a	n/a	n/a	n/a	right
10	72.751	0.100	incorrect	0.100	grate	n/a	n/a	n/a	n/a	n/a	n/a	6	3	n/a	n/a	n/a	n/a	n/a	left
10	74.016	3.000	forget	0.367	retrieval	retprac	face	object	scene	competitor	object	7	3	70	22	70	122	74.0	n/a
10	79.050	0.369	correct	0.369	grate	n/a	n/a	n/a	n/a	n/a	n/a	7	3	n/a	n/a	n/a	n/a	n/a	left
10	79.934	0.415	correct	0.415	grate	n/a	n/a	n/a	n/a	n/a	n/a	7	3	n/a	n/a	n/a	n/a	n/a	right
10	80.867	0.376	correct	0.376	grate	n/a	n/a	n/a	n/a	n/a	n/a	7	3	n/a	n/a	n/a	n/a	n/a	right
10	81.750	0.389	correct	0.389	grate	n/a	n/a	n/a	n/a	n/a	n/a	7	3	n/a	n/a	n/a	n/a	n/a	right
10	82.650	0.481	correct	0.481	grate	n/a	n/a	n/a	n/a	n/a	n/a	7	3	n/a	n/a	n/a	n/a	n/a	left
10	83.650	0.529	correct	0.529	grate	n/a	n/a	n/a	n/a	n/a	n/a	7	3	n/a	n/a	n/a	n/a	n/a	left
10	84.700	0.100	incorrect	0.100	grate	n/a	n/a	n/a	n/a	n/a	n/a	7	3	n/a	n/a	n/a	n/a	n/a	right
10	86.016	3.000	remember	0.519	retrieval	retprac	object	scene	face	target	object	8	3	138	90	190	242	86.0	n/a
10	91.050	0.393	correct	0.393	grate	n/a	n/a	n/a	n/a	n/a	n/a	8	3	n/a	n/a	n/a	n/a	n/a	left
10	91.966	0.429	correct	0.429	grate	n/a	n/a	n/a	n/a	n/a	n/a	8	3	n/a	n/a	n/a	n/a	n/a	right
10	92.916	0.439	correct	0.439	grate	n/a	n/a	n/a	n/a	n/a	n/a	8	3	n/a	n/a	n/a	n/a	n/a	right
10	93.866	0.425	correct	0.425	grate	n/a	n/a	n/a	n/a	n/a	n/a	8	3	n/a	n/a	n/a	n/a	n/a	right
10	94.799	0.411	correct	0.411	grate	n/a	n/a	n/a	n/a	n/a	n/a	8	3	n/a	n/a	n/a	n/a	n/a	right
10	95.733	0.382	correct	0.382	grate	n/a	n/a	n/a	n/a	n/a	n/a	8	3	n/a	n/a	n/a	n/a	n/a	right
10	96.632	0.100	incorrect	0.100	grate	n/a	n/a	n/a	n/a	n/a	n/a	8	3	n/a	n/a	n/a	n/a	n/a	right
10	98.015	3.000	remember	0.336	retrieval	retprac	scene	object	face	target	scene	9	3	90	138	290	142	98.0	n/a
10	103.049	0.490	correct	0.490	grate	n/a	n/a	n/a	n/a	n/a	n/a	9	3	n/a	n/a	n/a	n/a	n/a	right
10	104.048	0.386	correct	0.386	grate	n/a	n/a	n/a	n/a	n/a	n/a	9	3	n/a	n/a	n/a	n/a	n/a	right
10	104.949	0.446	correct	0.446	grate	n/a	n/a	n/a	n/a	n/a	n/a	9	3	n/a	n/a	n/a	n/a	n/a	left
10	105.915	0.416	correct	0.416	grate	n/a	n/a	n/a	n/a	n/a	n/a	9	3	n/a	n/a	n/a	n/a	n/a	right
10	106.848	0.450	correct	0.450	grate	n/a	n/a	n/a	n/a	n/a	n/a	9	3	n/a	n/a	n/a	n/a	n/a	left
10	107.815	0.420	correct	0.420	grate	n/a	n/a	n/a	n/a	n/a	n/a	9	3	n/a	n/a	n/a	n/a	n/a	left
10	108.748	0.100	incorrect	0.100	grate	n/a	n/a	n/a	n/a	n/a	n/a	9	3	n/a	n/a	n/a	n/a	n/a	right
10	110.014	3.000	remember	0.361	retrieval	restudy	object	face	scene	target	object	10	3	17	65	165	17	110.0	n/a
10	115.048	0.451	correct	0.451	grate	n/a	n/a	n/a	n/a	n/a	n/a	10	3	n/a	n/a	n/a	n/a	n/a	left
10	116.014	0.468	correct	0.468	grate	n/a	n/a	n/a	n/a	n/a	n/a	10	3	n/a	n/a	n/a	n/a	n/a	right
10	116.998	0.389	correct	0.389	grate	n/a	n/a	n/a	n/a	n/a	n/a	10	3	n/a	n/a	n/a	n/a	n/a	right
10	117.898	0.425	correct	0.425	grate	n/a	n/a	n/a	n/a	n/a	n/a	10	3	n/a	n/a	n/a	n/a	n/a	right
10	118.831	0.428	correct	0.428	grate	n/a	n/a	n/a	n/a	n/a	n/a	10	3	n/a	n/a	n/a	n/a	n/a	left
10	119.781	0.406	correct	0.406	grate	n/a	n/a	n/a	n/a	n/a	n/a	10	3	n/a	n/a	n/a	n/a	n/a	left
10	120.697	0.100	incorrect	0.100	grate	n/a	n/a	n/a	n/a	n/a	n/a	10	3	n/a	n/a	n/a	n/a	n/a	right
10	122.013	3.000	forget	0.322	retrieval	restudy	scene	object	face	competitor	object	11	3	93	141	293	145	122.0	n/a
10	127.047	0.419	correct	0.419	grate	n/a	n/a	n/a	n/a	n/a	n/a	11	3	n/a	n/a	n/a	n/a	n/a	left
10	127.980	1.566	correct	1.566	grate	n/a	n/a	n/a	n/a	n/a	n/a	11	3	n/a	n/a	n/a	n/a	n/a	right
10	130.063	0.595	correct	0.595	grate	n/a	n/a	n/a	n/a	n/a	n/a	11	3	n/a	n/a	n/a	n/a	n/a	left
10	131.180	0.543	correct	0.543	grate	n/a	n/a	n/a	n/a	n/a	n/a	11	3	n/a	n/a	n/a	n/a	n/a	right
10	132.230	0.283	incorrect	0.283	grate	n/a	n/a	n/a	n/a	n/a	n/a	11	3	n/a	n/a	n/a	n/a	n/a	left
10	134.012	3.000	forget	0.578	retrieval	restudy	scene	object	face	competitor	object	12	3	91	139	291	143	134.0	n/a
10	139.046	0.444	correct	0.444	grate	n/a	n/a	n/a	n/a	n/a	n/a	12	3	n/a	n/a	n/a	n/a	n/a	right
10	140.013	0.462	correct	0.462	grate	n/a	n/a	n/a	n/a	n/a	n/a	12	3	n/a	n/a	n/a	n/a	n/a	right
10	140.996	0.383	correct	0.383	grate	n/a	n/a	n/a	n/a	n/a	n/a	12	3	n/a	n/a	n/a	n/a	n/a	right
10	141.896	0.522	correct	0.522	grate	n/a	n/a	n/a	n/a	n/a	n/a	12	3	n/a	n/a	n/a	n/a	n/a	left
10	142.929	0.489	correct	0.489	grate	n/a	n/a	n/a	n/a	n/a	n/a	12	3	n/a	n/a	n/a	n/a	n/a	right
10	143.929	0.401	correct	0.401	grate	n/a	n/a	n/a	n/a	n/a	n/a	12	3	n/a	n/a	n/a	n/a	n/a	right
10	144.846	0.100	incorrect	0.100	grate	n/a	n/a	n/a	n/a	n/a	n/a	12	3	n/a	n/a	n/a	n/a	n/a	left
10	146.011	3.000	forget	0.267	retrieval	restudy	scene	face	object	competitor	face	13	3	45	117	269	45	146.0	n/a
10	151.046	0.413	correct	0.413	grate	n/a	n/a	n/a	n/a	n/a	n/a	13	3	n/a	n/a	n/a	n/a	n/a	right
10	151.979	0.424	correct	0.424	grate	n/a	n/a	n/a	n/a	n/a	n/a	13	3	n/a	n/a	n/a	n/a	n/a	left
10	152.912	0.403	correct	0.403	grate	n/a	n/a	n/a	n/a	n/a	n/a	13	3	n/a	n/a	n/a	n/a	n/a	right
10	153.828	0.470	correct	0.470	grate	n/a	n/a	n/a	n/a	n/a	n/a	13	3	n/a	n/a	n/a	n/a	n/a	left
10	154.812	0.390	correct	0.390	grate	n/a	n/a	n/a	n/a	n/a	n/a	13	3	n/a	n/a	n/a	n/a	n/a	right
10	155.712	0.419	incorrect	0.419	grate	n/a	n/a	n/a	n/a	n/a	n/a	13	3	n/a	n/a	n/a	n/a	n/a	right
10	156.645	0.100	incorrect	0.100	grate	n/a	n/a	n/a	n/a	n/a	n/a	13	3	n/a	n/a	n/a	n/a	n/a	right
10	158.011	3.000	forget	0.307	retrieval	restudy	scene	object	face	competitor	object	14	3	95	143	295	147	158.0	n/a
10	163.045	0.502	correct	0.502	grate	n/a	n/a	n/a	n/a	n/a	n/a	14	3	n/a	n/a	n/a	n/a	n/a	right
10	164.061	0.437	correct	0.437	grate	n/a	n/a	n/a	n/a	n/a	n/a	14	3	n/a	n/a	n/a	n/a	n/a	left
10	165.011	0.399	correct	0.399	grate	n/a	n/a	n/a	n/a	n/a	n/a	14	3	n/a	n/a	n/a	n/a	n/a	right
10	165.928	0.427	correct	0.427	grate	n/a	n/a	n/a	n/a	n/a	n/a	14	3	n/a	n/a	n/a	n/a	n/a	right
10	166.878	0.478	correct	0.478	grate	n/a	n/a	n/a	n/a	n/a	n/a	14	3	n/a	n/a	n/a	n/a	n/a	left
10	167.877	0.429	correct	0.429	grate	n/a	n/a	n/a	n/a	n/a	n/a	14	3	n/a	n/a	n/a	n/a	n/a	right
10	168.827	0.100	incorrect	0.100	grate	n/a	n/a	n/a	n/a	n/a	n/a	14	3	n/a	n/a	n/a	n/a	n/a	right
10	170.010	3.000	forget	0.268	retrieval	restudy	face	scene	object	competitor	scene	15	3	119	47	95	223	170.0	n/a
10	175.045	0.405	correct	0.405	grate	n/a	n/a	n/a	n/a	n/a	n/a	15	3	n/a	n/a	n/a	n/a	n/a	right
10	175.960	0.370	correct	0.370	grate	n/a	n/a	n/a	n/a	n/a	n/a	15	3	n/a	n/a	n/a	n/a	n/a	right
10	176.844	0.406	correct	0.406	grate	n/a	n/a	n/a	n/a	n/a	n/a	15	3	n/a	n/a	n/a	n/a	n/a	right
10	177.760	0.450	correct	0.450	grate	n/a	n/a	n/a	n/a	n/a	n/a	15	3	n/a	n/a	n/a	n/a	n/a	left
10	178.727	0.403	correct	0.403	grate	n/a	n/a	n/a	n/a	n/a	n/a	15	3	n/a	n/a	n/a	n/a	n/a	left
10	179.643	0.431	correct	0.431	grate	n/a	n/a	n/a	n/a	n/a	n/a	15	3	n/a	n/a	n/a	n/a	n/a	right
10	180.593	0.100	incorrect	0.100	grate	n/a	n/a	n/a	n/a	n/a	n/a	15	3	n/a	n/a	n/a	n/a	n/a	right
10	182.009	3.000	remember	0.333	retrieval	retprac	object	face	scene	target	object	16	3	18	66	166	18	182.0	n/a
10	187.044	0.479	correct	0.479	grate	n/a	n/a	n/a	n/a	n/a	n/a	16	3	n/a	n/a	n/a	n/a	n/a	left
10	188.043	0.583	correct	0.583	grate	n/a	n/a	n/a	n/a	n/a	n/a	16	3	n/a	n/a	n/a	n/a	n/a	right
10	189.143	0.427	correct	0.427	grate	n/a	n/a	n/a	n/a	n/a	n/a	16	3	n/a	n/a	n/a	n/a	n/a	right
10	190.093	0.405	incorrect	0.405	grate	n/a	n/a	n/a	n/a	n/a	n/a	16	3	n/a	n/a	n/a	n/a	n/a	left
10	191.009	0.490	correct	0.490	grate	n/a	n/a	n/a	n/a	n/a	n/a	16	3	n/a	n/a	n/a	n/a	n/a	right
10	192.009	0.490	correct	0.490	grate	n/a	n/a	n/a	n/a	n/a	n/a	16	3	n/a	n/a	n/a	n/a	n/a	left
10	193.009	0.100	incorrect	0.100	grate	n/a	n/a	n/a	n/a	n/a	n/a	16	3	n/a	n/a	n/a	n/a	n/a	left
10	194.008	3.000	forget	0.421	retrieval	restudy	scene	face	object	competitor	face	17	3	47	119	271	47	194.0	n/a
10	199.043	0.423	correct	0.423	grate	n/a	n/a	n/a	n/a	n/a	n/a	17	3	n/a	n/a	n/a	n/a	n/a	right
10	199.975	0.379	correct	0.379	grate	n/a	n/a	n/a	n/a	n/a	n/a	17	3	n/a	n/a	n/a	n/a	n/a	right
10	200.875	0.399	correct	0.399	grate	n/a	n/a	n/a	n/a	n/a	n/a	17	3	n/a	n/a	n/a	n/a	n/a	left
10	201.792	0.394	correct	0.394	grate	n/a	n/a	n/a	n/a	n/a	n/a	17	3	n/a	n/a	n/a	n/a	n/a	left
10	202.708	0.423	correct	0.423	grate	n/a	n/a	n/a	n/a	n/a	n/a	17	3	n/a	n/a	n/a	n/a	n/a	left
10	203.642	0.416	correct	0.416	grate	n/a	n/a	n/a	n/a	n/a	n/a	17	3	n/a	n/a	n/a	n/a	n/a	left
10	204.575	0.100	incorrect	0.100	grate	n/a	n/a	n/a	n/a	n/a	n/a	17	3	n/a	n/a	n/a	n/a	n/a	right
10	206.007	3.000	remember	0.366	retrieval	retprac	scene	face	object	target	scene	18	3	44	116	268	44	206.0	n/a
10	211.042	0.545	correct	0.545	grate	n/a	n/a	n/a	n/a	n/a	n/a	18	3	n/a	n/a	n/a	n/a	n/a	right
10	212.108	0.414	correct	0.414	grate	n/a	n/a	n/a	n/a	n/a	n/a	18	3	n/a	n/a	n/a	n/a	n/a	right
10	213.041	0.361	correct	0.361	grate	n/a	n/a	n/a	n/a	n/a	n/a	18	3	n/a	n/a	n/a	n/a	n/a	right
10	213.924	0.502	correct	0.502	grate	n/a	n/a	n/a	n/a	n/a	n/a	18	3	n/a	n/a	n/a	n/a	n/a	left
10	214.941	0.429	correct	0.429	grate	n/a	n/a	n/a	n/a	n/a	n/a	18	3	n/a	n/a	n/a	n/a	n/a	right
10	215.891	0.455	correct	0.455	grate	n/a	n/a	n/a	n/a	n/a	n/a	18	3	n/a	n/a	n/a	n/a	n/a	left
10	216.857	0.100	incorrect	0.100	grate	n/a	n/a	n/a	n/a	n/a	n/a	18	3	n/a	n/a	n/a	n/a	n/a	right
10	218.006	3.000	forget	0.431	retrieval	restudy	face	object	scene	competitor	object	19	3	67	19	67	119	218.0	n/a
10	223.041	0.497	correct	0.497	grate	n/a	n/a	n/a	n/a	n/a	n/a	19	3	n/a	n/a	n/a	n/a	n/a	right
10	224.057	0.377	correct	0.377	grate	n/a	n/a	n/a	n/a	n/a	n/a	19	3	n/a	n/a	n/a	n/a	n/a	left
10	224.957	0.414	correct	0.414	grate	n/a	n/a	n/a	n/a	n/a	n/a	19	3	n/a	n/a	n/a	n/a	n/a	left
10	225.890	0.415	correct	0.415	grate	n/a	n/a	n/a	n/a	n/a	n/a	19	3	n/a	n/a	n/a	n/a	n/a	right
10	226.823	0.443	correct	0.443	grate	n/a	n/a	n/a	n/a	n/a	n/a	19	3	n/a	n/a	n/a	n/a	n/a	right
10	227.773	0.501	correct	0.501	grate	n/a	n/a	n/a	n/a	n/a	n/a	19	3	n/a	n/a	n/a	n/a	n/a	left
10	228.790	0.100	incorrect	0.100	grate	n/a	n/a	n/a	n/a	n/a	n/a	19	3	n/a	n/a	n/a	n/a	n/a	right
10	230.022	3.000	forget	0.311	retrieval	restudy	scene	face	object	competitor	face	20	3	43	115	267	43	230.0	n/a
10	235.057	0.537	correct	0.537	grate	n/a	n/a	n/a	n/a	n/a	n/a	20	3	n/a	n/a	n/a	n/a	n/a	right
10	236.106	0.479	incorrect	0.479	grate	n/a	n/a	n/a	n/a	n/a	n/a	20	3	n/a	n/a	n/a	n/a	n/a	left
10	237.106	0.736	correct	0.736	grate	n/a	n/a	n/a	n/a	n/a	n/a	20	3	n/a	n/a	n/a	n/a	n/a	left
10	238.356	0.518	correct	0.518	grate	n/a	n/a	n/a	n/a	n/a	n/a	20	3	n/a	n/a	n/a	n/a	n/a	right
10	239.389	0.492	incorrect	0.492	grate	n/a	n/a	n/a	n/a	n/a	n/a	20	3	n/a	n/a	n/a	n/a	n/a	right
10	240.389	0.134	incorrect	0.134	grate	n/a	n/a	n/a	n/a	n/a	n/a	20	3	n/a	n/a	n/a	n/a	n/a	right
10	242.021	3.000	remember	0.392	retrieval	retprac	face	scene	object	target	face	21	3	120	48	96	224	242.0	n/a
10	247.056	0.473	correct	0.473	grate	n/a	n/a	n/a	n/a	n/a	n/a	21	3	n/a	n/a	n/a	n/a	n/a	right
10	248.039	0.396	correct	0.396	grate	n/a	n/a	n/a	n/a	n/a	n/a	21	3	n/a	n/a	n/a	n/a	n/a	right
10	248.955	0.398	correct	0.398	grate	n/a	n/a	n/a	n/a	n/a	n/a	21	3	n/a	n/a	n/a	n/a	n/a	right
10	249.872	0.481	correct	0.481	grate	n/a	n/a	n/a	n/a	n/a	n/a	21	3	n/a	n/a	n/a	n/a	n/a	left
10	250.871	0.546	correct	0.546	grate	n/a	n/a	n/a	n/a	n/a	n/a	21	3	n/a	n/a	n/a	n/a	n/a	left
10	251.938	0.447	correct	0.447	grate	n/a	n/a	n/a	n/a	n/a	n/a	21	3	n/a	n/a	n/a	n/a	n/a	left
10	252.905	0.100	incorrect	0.100	grate	n/a	n/a	n/a	n/a	n/a	n/a	21	3	n/a	n/a	n/a	n/a	n/a	left
10	254.021	3.000	remember	0.312	retrieval	restudy	object	scene	face	target	object	22	3	139	91	191	243	254.0	n/a
10	259.055	0.698	correct	0.698	grate	n/a	n/a	n/a	n/a	n/a	n/a	22	3	n/a	n/a	n/a	n/a	n/a	left
10	260.271	0.426	correct	0.426	grate	n/a	n/a	n/a	n/a	n/a	n/a	22	3	n/a	n/a	n/a	n/a	n/a	left
10	261.204	0.397	correct	0.397	grate	n/a	n/a	n/a	n/a	n/a	n/a	22	3	n/a	n/a	n/a	n/a	n/a	left
10	262.121	0.640	correct	0.640	grate	n/a	n/a	n/a	n/a	n/a	n/a	22	3	n/a	n/a	n/a	n/a	n/a	right
10	263.271	0.667	incorrect	0.667	grate	n/a	n/a	n/a	n/a	n/a	n/a	22	3	n/a	n/a	n/a	n/a	n/a	left
10	264.454	0.066	incorrect	0.066	grate	n/a	n/a	n/a	n/a	n/a	n/a	22	3	n/a	n/a	n/a	n/a	n/a	right
10	266.020	3.000	remember	0.273	retrieval	retprac	object	face	scene	target	object	23	3	24	72	172	24	266.0	n/a
10	271.054	0.451	correct	0.451	grate	n/a	n/a	n/a	n/a	n/a	n/a	23	3	n/a	n/a	n/a	n/a	n/a	right
10	272.020	0.453	correct	0.453	grate	n/a	n/a	n/a	n/a	n/a	n/a	23	3	n/a	n/a	n/a	n/a	n/a	left
10	272.987	0.471	correct	0.471	grate	n/a	n/a	n/a	n/a	n/a	n/a	23	3	n/a	n/a	n/a	n/a	n/a	left
10	273.970	0.479	correct	0.479	grate	n/a	n/a	n/a	n/a	n/a	n/a	23	3	n/a	n/a	n/a	n/a	n/a	right
10	274.970	0.479	correct	0.479	grate	n/a	n/a	n/a	n/a	n/a	n/a	23	3	n/a	n/a	n/a	n/a	n/a	left
10	275.970	0.423	correct	0.423	grate	n/a	n/a	n/a	n/a	n/a	n/a	23	3	n/a	n/a	n/a	n/a	n/a	left
10	276.903	0.100	incorrect	0.100	grate	n/a	n/a	n/a	n/a	n/a	n/a	23	3	n/a	n/a	n/a	n/a	n/a	right
10	278.019	3.000	forget	0.283	retrieval	restudy	face	scene	object	other	object	24	3	115	43	91	219	278.0	n/a
10	283.053	0.364	correct	0.364	grate	n/a	n/a	n/a	n/a	n/a	n/a	24	3	n/a	n/a	n/a	n/a	n/a	right
10	283.936	0.442	correct	0.442	grate	n/a	n/a	n/a	n/a	n/a	n/a	24	3	n/a	n/a	n/a	n/a	n/a	left
10	284.886	0.411	correct	0.411	grate	n/a	n/a	n/a	n/a	n/a	n/a	24	3	n/a	n/a	n/a	n/a	n/a	right
10	285.819	0.430	correct	0.430	grate	n/a	n/a	n/a	n/a	n/a	n/a	24	3	n/a	n/a	n/a	n/a	n/a	left
10	286.769	0.544	correct	0.544	grate	n/a	n/a	n/a	n/a	n/a	n/a	24	3	n/a	n/a	n/a	n/a	n/a	right
10	287.836	0.469	correct	0.469	grate	n/a	n/a	n/a	n/a	n/a	n/a	24	3	n/a	n/a	n/a	n/a	n/a	left
10	288.819	0.100	incorrect	0.100	grate	n/a	n/a	n/a	n/a	n/a	n/a	24	3	n/a	n/a	n/a	n/a	n/a	right
10	290.018	3.000	remember	0.380	retrieval	restudy	object	scene	face	target	object	25	3	141	93	193	245	290.0	n/a
10	295.053	0.484	correct	0.484	grate	n/a	n/a	n/a	n/a	n/a	n/a	25	3	n/a	n/a	n/a	n/a	n/a	left
10	296.052	0.445	correct	0.445	grate	n/a	n/a	n/a	n/a	n/a	n/a	25	3	n/a	n/a	n/a	n/a	n/a	right
10	297.019	0.398	correct	0.398	grate	n/a	n/a	n/a	n/a	n/a	n/a	25	3	n/a	n/a	n/a	n/a	n/a	left
10	297.935	0.426	correct	0.426	grate	n/a	n/a	n/a	n/a	n/a	n/a	25	3	n/a	n/a	n/a	n/a	n/a	left
10	298.868	0.484	correct	0.484	grate	n/a	n/a	n/a	n/a	n/a	n/a	25	3	n/a	n/a	n/a	n/a	n/a	right
10	299.868	0.405	correct	0.405	grate	n/a	n/a	n/a	n/a	n/a	n/a	25	3	n/a	n/a	n/a	n/a	n/a	left
10	300.785	0.100	incorrect	0.100	grate	n/a	n/a	n/a	n/a	n/a	n/a	25	3	n/a	n/a	n/a	n/a	n/a	left
10	302.017	3.000	forget	0.276	retrieval	retprac	scene	face	object	competitor	face	26	3	46	118	270	46	302.0	n/a
10	307.051	0.486	correct	0.486	grate	n/a	n/a	n/a	n/a	n/a	n/a	26	3	n/a	n/a	n/a	n/a	n/a	right
10	308.051	0.486	correct	0.486	grate	n/a	n/a	n/a	n/a	n/a	n/a	26	3	n/a	n/a	n/a	n/a	n/a	left
10	309.051	0.471	correct	0.471	grate	n/a	n/a	n/a	n/a	n/a	n/a	26	3	n/a	n/a	n/a	n/a	n/a	right
10	310.034	0.455	correct	0.455	grate	n/a	n/a	n/a	n/a	n/a	n/a	26	3	n/a	n/a	n/a	n/a	n/a	right
10	311.001	0.512	correct	0.512	grate	n/a	n/a	n/a	n/a	n/a	n/a	26	3	n/a	n/a	n/a	n/a	n/a	left
10	312.034	0.391	correct	0.391	grate	n/a	n/a	n/a	n/a	n/a	n/a	26	3	n/a	n/a	n/a	n/a	n/a	left
10	312.934	0.100	incorrect	0.100	grate	n/a	n/a	n/a	n/a	n/a	n/a	26	3	n/a	n/a	n/a	n/a	n/a	left
10	314.016	3.000	forget	0.428	retrieval	restudy	face	object	scene	competitor	object	27	3	65	17	65	117	314.0	n/a
10	319.051	0.630	correct	0.630	grate	n/a	n/a	n/a	n/a	n/a	n/a	27	3	n/a	n/a	n/a	n/a	n/a	right
10	320.200	0.449	correct	0.449	grate	n/a	n/a	n/a	n/a	n/a	n/a	27	3	n/a	n/a	n/a	n/a	n/a	left
10	321.167	0.435	correct	0.435	grate	n/a	n/a	n/a	n/a	n/a	n/a	27	3	n/a	n/a	n/a	n/a	n/a	left
10	322.117	0.508	correct	0.508	grate	n/a	n/a	n/a	n/a	n/a	n/a	27	3	n/a	n/a	n/a	n/a	n/a	right
10	323.133	0.467	correct	0.467	grate	n/a	n/a	n/a	n/a	n/a	n/a	27	3	n/a	n/a	n/a	n/a	n/a	left
10	324.117	0.400	incorrect	0.400	grate	n/a	n/a	n/a	n/a	n/a	n/a	27	3	n/a	n/a	n/a	n/a	n/a	left
10	326.016	3.000	forget	0.302	retrieval	retprac	object	face	scene	competitor	face	28	3	22	70	170	22	326.0	n/a
10	331.050	0.640	correct	0.640	grate	n/a	n/a	n/a	n/a	n/a	n/a	28	3	n/a	n/a	n/a	n/a	n/a	left
10	332.199	0.361	correct	0.361	grate	n/a	n/a	n/a	n/a	n/a	n/a	28	3	n/a	n/a	n/a	n/a	n/a	right
10	333.083	0.478	correct	0.478	grate	n/a	n/a	n/a	n/a	n/a	n/a	28	3	n/a	n/a	n/a	n/a	n/a	right
10	334.082	0.454	correct	0.454	grate	n/a	n/a	n/a	n/a	n/a	n/a	28	3	n/a	n/a	n/a	n/a	n/a	left
10	335.049	0.439	correct	0.439	grate	n/a	n/a	n/a	n/a	n/a	n/a	28	3	n/a	n/a	n/a	n/a	n/a	right
10	335.999	0.506	correct	0.506	grate	n/a	n/a	n/a	n/a	n/a	n/a	28	3	n/a	n/a	n/a	n/a	n/a	right
10	337.016	0.100	incorrect	0.100	grate	n/a	n/a	n/a	n/a	n/a	n/a	28	3	n/a	n/a	n/a	n/a	n/a	left
10	338.015	3.000	forget	0.335	retrieval	restudy	scene	object	face	other	face	29	3	89	137	289	141	338.0	n/a
10	343.049	0.383	correct	0.383	grate	n/a	n/a	n/a	n/a	n/a	n/a	29	3	n/a	n/a	n/a	n/a	n/a	right
10	343.949	0.524	correct	0.524	grate	n/a	n/a	n/a	n/a	n/a	n/a	29	3	n/a	n/a	n/a	n/a	n/a	left
10	344.982	0.387	correct	0.387	grate	n/a	n/a	n/a	n/a	n/a	n/a	29	3	n/a	n/a	n/a	n/a	n/a	left
10	345.882	0.415	correct	0.415	grate	n/a	n/a	n/a	n/a	n/a	n/a	29	3	n/a	n/a	n/a	n/a	n/a	left
10	346.815	0.490	correct	0.490	grate	n/a	n/a	n/a	n/a	n/a	n/a	29	3	n/a	n/a	n/a	n/a	n/a	left
10	347.815	0.449	correct	0.449	grate	n/a	n/a	n/a	n/a	n/a	n/a	29	3	n/a	n/a	n/a	n/a	n/a	left
10	348.782	0.100	incorrect	0.100	grate	n/a	n/a	n/a	n/a	n/a	n/a	29	3	n/a	n/a	n/a	n/a	n/a	left
10	350.014	3.000	remember	0.400	retrieval	retprac	object	scene	face	target	object	30	3	142	94	194	246	350.0	n/a
10	355.048	0.648	correct	0.648	grate	n/a	n/a	n/a	n/a	n/a	n/a	30	3	n/a	n/a	n/a	n/a	n/a	left
10	356.214	0.338	correct	0.338	grate	n/a	n/a	n/a	n/a	n/a	n/a	30	3	n/a	n/a	n/a	n/a	n/a	right
10	357.064	0.440	correct	0.440	grate	n/a	n/a	n/a	n/a	n/a	n/a	30	3	n/a	n/a	n/a	n/a	n/a	left
10	358.014	0.786	correct	0.786	grate	n/a	n/a	n/a	n/a	n/a	n/a	30	3	n/a	n/a	n/a	n/a	n/a	right
10	359.314	0.446	correct	0.446	grate	n/a	n/a	n/a	n/a	n/a	n/a	30	3	n/a	n/a	n/a	n/a	n/a	left
10	360.281	0.233	incorrect	0.233	grate	n/a	n/a	n/a	n/a	n/a	n/a	30	3	n/a	n/a	n/a	n/a	n/a	left
10	362.013	3.000	forget	0.375	retrieval	restudy	scene	face	object	competitor	face	31	3	41	113	265	41	362.0	n/a
10	367.047	0.457	correct	0.457	grate	n/a	n/a	n/a	n/a	n/a	n/a	31	3	n/a	n/a	n/a	n/a	n/a	left
10	368.014	0.387	correct	0.387	grate	n/a	n/a	n/a	n/a	n/a	n/a	31	3	n/a	n/a	n/a	n/a	n/a	left
10	368.913	0.503	correct	0.503	grate	n/a	n/a	n/a	n/a	n/a	n/a	31	3	n/a	n/a	n/a	n/a	n/a	left
10	369.930	0.382	correct	0.382	grate	n/a	n/a	n/a	n/a	n/a	n/a	31	3	n/a	n/a	n/a	n/a	n/a	left
10	370.830	0.402	correct	0.402	grate	n/a	n/a	n/a	n/a	n/a	n/a	31	3	n/a	n/a	n/a	n/a	n/a	left
10	371.747	0.399	incorrect	0.399	grate	n/a	n/a	n/a	n/a	n/a	n/a	31	3	n/a	n/a	n/a	n/a	n/a	right
10	372.663	0.100	incorrect	0.100	grate	n/a	n/a	n/a	n/a	n/a	n/a	31	3	n/a	n/a	n/a	n/a	n/a	right
10	374.012	3.000	remember	0.304	retrieval	retprac	face	scene	object	target	face	32	3	118	46	94	222	374.0	n/a
10	379.047	0.410	correct	0.410	grate	n/a	n/a	n/a	n/a	n/a	n/a	32	3	n/a	n/a	n/a	n/a	n/a	left
10	379.979	0.421	correct	0.421	grate	n/a	n/a	n/a	n/a	n/a	n/a	32	3	n/a	n/a	n/a	n/a	n/a	right
10	380.913	0.617	correct	0.617	grate	n/a	n/a	n/a	n/a	n/a	n/a	32	3	n/a	n/a	n/a	n/a	n/a	left
10	382.046	0.475	correct	0.475	grate	n/a	n/a	n/a	n/a	n/a	n/a	32	3	n/a	n/a	n/a	n/a	n/a	left
10	383.029	0.459	correct	0.459	grate	n/a	n/a	n/a	n/a	n/a	n/a	32	3	n/a	n/a	n/a	n/a	n/a	left
10	383.996	0.445	correct	0.445	grate	n/a	n/a	n/a	n/a	n/a	n/a	32	3	n/a	n/a	n/a	n/a	n/a	left
10	384.962	0.100	incorrect	0.100	grate	n/a	n/a	n/a	n/a	n/a	n/a	32	3	n/a	n/a	n/a	n/a	n/a	left
10	386.011	3.000	remember	0.304	retrieval	retprac	object	face	scene	target	object	33	3	20	68	168	20	386.0	n/a
10	391.046	0.554	correct	0.554	grate	n/a	n/a	n/a	n/a	n/a	n/a	33	3	n/a	n/a	n/a	n/a	n/a	right
10	392.112	0.416	correct	0.416	grate	n/a	n/a	n/a	n/a	n/a	n/a	33	3	n/a	n/a	n/a	n/a	n/a	left
10	393.045	0.451	correct	0.451	grate	n/a	n/a	n/a	n/a	n/a	n/a	33	3	n/a	n/a	n/a	n/a	n/a	left
10	394.012	0.413	correct	0.413	grate	n/a	n/a	n/a	n/a	n/a	n/a	33	3	n/a	n/a	n/a	n/a	n/a	left
10	394.945	0.447	correct	0.447	grate	n/a	n/a	n/a	n/a	n/a	n/a	33	3	n/a	n/a	n/a	n/a	n/a	left
10	395.912	0.466	correct	0.466	grate	n/a	n/a	n/a	n/a	n/a	n/a	33	3	n/a	n/a	n/a	n/a	n/a	left
10	396.895	0.100	incorrect	0.100	grate	n/a	n/a	n/a	n/a	n/a	n/a	33	3	n/a	n/a	n/a	n/a	n/a	right
10	398.011	3.000	remember	0.337	retrieval	retprac	scene	object	face	target	scene	34	3	92	140	292	144	398.0	n/a
10	403.045	0.491	correct	0.491	grate	n/a	n/a	n/a	n/a	n/a	n/a	34	3	n/a	n/a	n/a	n/a	n/a	right
10	404.044	0.421	correct	0.421	grate	n/a	n/a	n/a	n/a	n/a	n/a	34	3	n/a	n/a	n/a	n/a	n/a	right
10	404.978	0.390	correct	0.390	grate	n/a	n/a	n/a	n/a	n/a	n/a	34	3	n/a	n/a	n/a	n/a	n/a	right
10	405.877	0.394	correct	0.394	grate	n/a	n/a	n/a	n/a	n/a	n/a	34	3	n/a	n/a	n/a	n/a	n/a	right
10	406.794	0.455	correct	0.455	grate	n/a	n/a	n/a	n/a	n/a	n/a	34	3	n/a	n/a	n/a	n/a	n/a	left
10	407.761	0.479	correct	0.479	grate	n/a	n/a	n/a	n/a	n/a	n/a	34	3	n/a	n/a	n/a	n/a	n/a	right
10	408.761	0.100	incorrect	0.100	grate	n/a	n/a	n/a	n/a	n/a	n/a	34	3	n/a	n/a	n/a	n/a	n/a	right
10	410.010	3.000	forget	0.418	retrieval	retprac	face	object	scene	other	scene	35	3	66	18	66	118	410.0	n/a
10	415.044	0.427	correct	0.427	grate	n/a	n/a	n/a	n/a	n/a	n/a	35	3	n/a	n/a	n/a	n/a	n/a	right
10	415.994	0.414	correct	0.414	grate	n/a	n/a	n/a	n/a	n/a	n/a	35	3	n/a	n/a	n/a	n/a	n/a	right
10	416.927	0.393	correct	0.393	grate	n/a	n/a	n/a	n/a	n/a	n/a	35	3	n/a	n/a	n/a	n/a	n/a	right
10	417.843	0.437	incorrect	0.437	grate	n/a	n/a	n/a	n/a	n/a	n/a	35	3	n/a	n/a	n/a	n/a	n/a	left
10	418.793	0.502	correct	0.502	grate	n/a	n/a	n/a	n/a	n/a	n/a	35	3	n/a	n/a	n/a	n/a	n/a	right
10	419.810	0.606	correct	0.606	grate	n/a	n/a	n/a	n/a	n/a	n/a	35	3	n/a	n/a	n/a	n/a	n/a	right
10	420.926	0.100	incorrect	0.100	grate	n/a	n/a	n/a	n/a	n/a	n/a	35	3	n/a	n/a	n/a	n/a	n/a	left
10	422.009	3.000	remember	0.364	retrieval	restudy	face	object	scene	target	face	36	3	71	23	71	123	422.0	n/a
10	427.043	0.740	correct	0.740	grate	n/a	n/a	n/a	n/a	n/a	n/a	36	3	n/a	n/a	n/a	n/a	n/a	right
10	428.293	0.411	correct	0.411	grate	n/a	n/a	n/a	n/a	n/a	n/a	36	3	n/a	n/a	n/a	n/a	n/a	right
10	429.226	0.510	correct	0.510	grate	n/a	n/a	n/a	n/a	n/a	n/a	36	3	n/a	n/a	n/a	n/a	n/a	left
10	430.242	0.453	correct	0.453	grate	n/a	n/a	n/a	n/a	n/a	n/a	36	3	n/a	n/a	n/a	n/a	n/a	left
10	431.209	0.455	correct	0.455	grate	n/a	n/a	n/a	n/a	n/a	n/a	36	3	n/a	n/a	n/a	n/a	n/a	left
10	432.176	0.333	incorrect	0.333	grate	n/a	n/a	n/a	n/a	n/a	n/a	36	3	n/a	n/a	n/a	n/a	n/a	right
10	434.008	3.000	forget	0.315	retrieval	retprac	scene	face	object	other	object	37	3	42	114	266	42	434.0	n/a
10	439.042	0.453	correct	0.453	grate	n/a	n/a	n/a	n/a	n/a	n/a	37	3	n/a	n/a	n/a	n/a	n/a	right
10	440.009	0.415	correct	0.415	grate	n/a	n/a	n/a	n/a	n/a	n/a	37	3	n/a	n/a	n/a	n/a	n/a	right
10	440.942	0.418	correct	0.418	grate	n/a	n/a	n/a	n/a	n/a	n/a	37	3	n/a	n/a	n/a	n/a	n/a	right
10	441.875	0.485	correct	0.485	grate	n/a	n/a	n/a	n/a	n/a	n/a	37	3	n/a	n/a	n/a	n/a	n/a	left
10	442.875	0.445	correct	0.445	grate	n/a	n/a	n/a	n/a	n/a	n/a	37	3	n/a	n/a	n/a	n/a	n/a	left
10	443.842	0.438	correct	0.438	grate	n/a	n/a	n/a	n/a	n/a	n/a	37	3	n/a	n/a	n/a	n/a	n/a	right
10	444.792	0.100	incorrect	0.100	grate	n/a	n/a	n/a	n/a	n/a	n/a	37	3	n/a	n/a	n/a	n/a	n/a	left
10	446.007	3.000	forget	0.332	retrieval	retprac	face	scene	object	other	object	38	3	116	44	92	220	446.0	n/a
10	451.042	0.383	correct	0.383	grate	n/a	n/a	n/a	n/a	n/a	n/a	38	3	n/a	n/a	n/a	n/a	n/a	left
10	451.941	0.348	correct	0.348	grate	n/a	n/a	n/a	n/a	n/a	n/a	38	3	n/a	n/a	n/a	n/a	n/a	left
10	452.808	0.472	correct	0.472	grate	n/a	n/a	n/a	n/a	n/a	n/a	38	3	n/a	n/a	n/a	n/a	n/a	right
10	453.791	0.457	correct	0.457	grate	n/a	n/a	n/a	n/a	n/a	n/a	38	3	n/a	n/a	n/a	n/a	n/a	left
10	454.757	0.498	correct	0.498	grate	n/a	n/a	n/a	n/a	n/a	n/a	38	3	n/a	n/a	n/a	n/a	n/a	right
10	455.774	0.449	correct	0.449	grate	n/a	n/a	n/a	n/a	n/a	n/a	38	3	n/a	n/a	n/a	n/a	n/a	left
10	456.741	0.100	incorrect	0.100	grate	n/a	n/a	n/a	n/a	n/a	n/a	38	3	n/a	n/a	n/a	n/a	n/a	left
10	458.006	3.000	forget	0.293	retrieval	retprac	face	object	scene	competitor	object	39	3	72	24	72	124	458.0	n/a
10	463.041	0.447	correct	0.447	grate	n/a	n/a	n/a	n/a	n/a	n/a	39	3	n/a	n/a	n/a	n/a	n/a	left
10	464.007	0.416	correct	0.416	grate	n/a	n/a	n/a	n/a	n/a	n/a	39	3	n/a	n/a	n/a	n/a	n/a	right
10	464.940	0.539	correct	0.539	grate	n/a	n/a	n/a	n/a	n/a	n/a	39	3	n/a	n/a	n/a	n/a	n/a	left
10	465.990	1.513	correct	1.513	grate	n/a	n/a	n/a	n/a	n/a	n/a	39	3	n/a	n/a	n/a	n/a	n/a	right
10	468.023	0.448	correct	0.448	grate	n/a	n/a	n/a	n/a	n/a	n/a	39	3	n/a	n/a	n/a	n/a	n/a	right
10	468.990	0.100	incorrect	0.100	grate	n/a	n/a	n/a	n/a	n/a	n/a	39	3	n/a	n/a	n/a	n/a	n/a	right
10	470.022	3.000	remember	0.317	retrieval	restudy	object	face	scene	target	object	40	3	19	67	167	19	470.0	n/a
10	475.057	0.471	correct	0.471	grate	n/a	n/a	n/a	n/a	n/a	n/a	40	3	n/a	n/a	n/a	n/a	n/a	right
10	476.039	0.440	correct	0.440	grate	n/a	n/a	n/a	n/a	n/a	n/a	40	3	n/a	n/a	n/a	n/a	n/a	right
10	476.989	0.506	correct	0.506	grate	n/a	n/a	n/a	n/a	n/a	n/a	40	3	n/a	n/a	n/a	n/a	n/a	left
10	478.006	0.433	correct	0.433	grate	n/a	n/a	n/a	n/a	n/a	n/a	40	3	n/a	n/a	n/a	n/a	n/a	left
10	478.956	0.476	correct	0.476	grate	n/a	n/a	n/a	n/a	n/a	n/a	40	3	n/a	n/a	n/a	n/a	n/a	left
10	479.939	0.412	correct	0.412	grate	n/a	n/a	n/a	n/a	n/a	n/a	40	3	n/a	n/a	n/a	n/a	n/a	left
10	480.872	0.100	incorrect	0.100	grate	n/a	n/a	n/a	n/a	n/a	n/a	40	3	n/a	n/a	n/a	n/a	n/a	right
10	482.021	3.000	forget	0.406	retrieval	retprac	face	scene	object	competitor	scene	41	3	114	42	90	218	482.0	n/a
10	487.056	0.463	correct	0.463	grate	n/a	n/a	n/a	n/a	n/a	n/a	41	3	n/a	n/a	n/a	n/a	n/a	left
10	488.039	0.490	correct	0.490	grate	n/a	n/a	n/a	n/a	n/a	n/a	41	3	n/a	n/a	n/a	n/a	n/a	right
10	489.038	0.481	incorrect	0.481	grate	n/a	n/a	n/a	n/a	n/a	n/a	41	3	n/a	n/a	n/a	n/a	n/a	left
10	490.038	0.577	correct	0.577	grate	n/a	n/a	n/a	n/a	n/a	n/a	41	3	n/a	n/a	n/a	n/a	n/a	right
10	491.138	0.525	correct	0.525	grate	n/a	n/a	n/a	n/a	n/a	n/a	41	3	n/a	n/a	n/a	n/a	n/a	right
10	492.172	0.350	incorrect	0.350	grate	n/a	n/a	n/a	n/a	n/a	n/a	41	3	n/a	n/a	n/a	n/a	n/a	left
10	494.020	3.000	remember	0.335	retrieval	retprac	object	scene	face	target	object	42	3	140	92	192	244	494.0	n/a
10	499.055	0.688	correct	0.688	grate	n/a	n/a	n/a	n/a	n/a	n/a	42	3	n/a	n/a	n/a	n/a	n/a	right
10	500.254	0.569	correct	0.569	grate	n/a	n/a	n/a	n/a	n/a	n/a	42	3	n/a	n/a	n/a	n/a	n/a	left
10	501.338	0.413	correct	0.413	grate	n/a	n/a	n/a	n/a	n/a	n/a	42	3	n/a	n/a	n/a	n/a	n/a	right
10	502.271	0.512	correct	0.512	grate	n/a	n/a	n/a	n/a	n/a	n/a	42	3	n/a	n/a	n/a	n/a	n/a	right
10	503.304	0.495	incorrect	0.495	grate	n/a	n/a	n/a	n/a	n/a	n/a	42	3	n/a	n/a	n/a	n/a	n/a	left
10	504.321	0.200	incorrect	0.200	grate	n/a	n/a	n/a	n/a	n/a	n/a	42	3	n/a	n/a	n/a	n/a	n/a	left
10	506.020	3.000	forget	0.343	retrieval	restudy	face	scene	object	other	object	43	3	117	45	93	221	506.0	n/a
10	511.054	0.593	correct	0.593	grate	n/a	n/a	n/a	n/a	n/a	n/a	43	3	n/a	n/a	n/a	n/a	n/a	left
10	512.170	0.453	correct	0.453	grate	n/a	n/a	n/a	n/a	n/a	n/a	43	3	n/a	n/a	n/a	n/a	n/a	right
10	513.137	0.534	correct	0.534	grate	n/a	n/a	n/a	n/a	n/a	n/a	43	3	n/a	n/a	n/a	n/a	n/a	right
10	514.187	0.444	correct	0.444	grate	n/a	n/a	n/a	n/a	n/a	n/a	43	3	n/a	n/a	n/a	n/a	n/a	left
10	515.153	0.453	correct	0.453	grate	n/a	n/a	n/a	n/a	n/a	n/a	43	3	n/a	n/a	n/a	n/a	n/a	right
10	516.120	0.400	incorrect	0.400	grate	n/a	n/a	n/a	n/a	n/a	n/a	43	3	n/a	n/a	n/a	n/a	n/a	left
10	518.019	3.000	forget	0.329	retrieval	restudy	face	scene	object	other	object	44	3	113	41	89	217	518.0	n/a
10	523.053	0.474	correct	0.474	grate	n/a	n/a	n/a	n/a	n/a	n/a	44	3	n/a	n/a	n/a	n/a	n/a	left
10	524.036	0.451	correct	0.451	grate	n/a	n/a	n/a	n/a	n/a	n/a	44	3	n/a	n/a	n/a	n/a	n/a	right
10	525.003	0.388	correct	0.388	grate	n/a	n/a	n/a	n/a	n/a	n/a	44	3	n/a	n/a	n/a	n/a	n/a	left
10	525.903	0.457	correct	0.457	grate	n/a	n/a	n/a	n/a	n/a	n/a	44	3	n/a	n/a	n/a	n/a	n/a	left
10	526.869	0.434	correct	0.434	grate	n/a	n/a	n/a	n/a	n/a	n/a	44	3	n/a	n/a	n/a	n/a	n/a	right
10	527.819	0.436	correct	0.436	grate	n/a	n/a	n/a	n/a	n/a	n/a	44	3	n/a	n/a	n/a	n/a	n/a	left
10	528.769	0.100	incorrect	0.100	grate	n/a	n/a	n/a	n/a	n/a	n/a	44	3	n/a	n/a	n/a	n/a	n/a	right
10	530.018	3.000	remember	0.345	retrieval	restudy	object	face	scene	target	object	45	3	21	69	169	21	530.0	n/a
10	535.053	0.498	correct	0.498	grate	n/a	n/a	n/a	n/a	n/a	n/a	45	3	n/a	n/a	n/a	n/a	n/a	right
10	536.068	0.387	correct	0.387	grate	n/a	n/a	n/a	n/a	n/a	n/a	45	3	n/a	n/a	n/a	n/a	n/a	right
10	536.968	0.462	correct	0.462	grate	n/a	n/a	n/a	n/a	n/a	n/a	45	3	n/a	n/a	n/a	n/a	n/a	left
10	537.952	0.519	correct	0.519	grate	n/a	n/a	n/a	n/a	n/a	n/a	45	3	n/a	n/a	n/a	n/a	n/a	right
10	538.985	0.462	correct	0.462	grate	n/a	n/a	n/a	n/a	n/a	n/a	45	3	n/a	n/a	n/a	n/a	n/a	right
10	539.968	0.510	correct	0.510	grate	n/a	n/a	n/a	n/a	n/a	n/a	45	3	n/a	n/a	n/a	n/a	n/a	left
10	541.001	0.100	incorrect	0.100	grate	n/a	n/a	n/a	n/a	n/a	n/a	45	3	n/a	n/a	n/a	n/a	n/a	right
10	542.017	3.000	forget	0.377	retrieval	restudy	object	scene	face	competitor	scene	46	3	143	95	195	247	542.0	n/a
10	547.052	0.508	correct	0.508	grate	n/a	n/a	n/a	n/a	n/a	n/a	46	3	n/a	n/a	n/a	n/a	n/a	right
10	548.068	0.395	correct	0.395	grate	n/a	n/a	n/a	n/a	n/a	n/a	46	3	n/a	n/a	n/a	n/a	n/a	right
10	548.984	0.438	correct	0.438	grate	n/a	n/a	n/a	n/a	n/a	n/a	46	3	n/a	n/a	n/a	n/a	n/a	right
10	549.934	0.490	correct	0.490	grate	n/a	n/a	n/a	n/a	n/a	n/a	46	3	n/a	n/a	n/a	n/a	n/a	right
10	550.934	0.417	correct	0.417	grate	n/a	n/a	n/a	n/a	n/a	n/a	46	3	n/a	n/a	n/a	n/a	n/a	right
10	551.867	0.555	correct	0.555	grate	n/a	n/a	n/a	n/a	n/a	n/a	46	3	n/a	n/a	n/a	n/a	n/a	left
10	552.934	0.100	incorrect	0.100	grate	n/a	n/a	n/a	n/a	n/a	n/a	46	3	n/a	n/a	n/a	n/a	n/a	right
10	554.016	3.000	remember	0.330	retrieval	restudy	object	face	scene	target	object	47	3	23	71	171	23	554.0	n/a
10	559.051	0.467	correct	0.467	grate	n/a	n/a	n/a	n/a	n/a	n/a	47	3	n/a	n/a	n/a	n/a	n/a	right
10	560.033	0.469	correct	0.469	grate	n/a	n/a	n/a	n/a	n/a	n/a	47	3	n/a	n/a	n/a	n/a	n/a	right
10	561.017	0.414	correct	0.414	grate	n/a	n/a	n/a	n/a	n/a	n/a	47	3	n/a	n/a	n/a	n/a	n/a	right
10	561.950	0.451	correct	0.451	grate	n/a	n/a	n/a	n/a	n/a	n/a	47	3	n/a	n/a	n/a	n/a	n/a	left
10	562.917	0.411	correct	0.411	grate	n/a	n/a	n/a	n/a	n/a	n/a	47	3	n/a	n/a	n/a	n/a	n/a	left
10	563.850	0.470	correct	0.470	grate	n/a	n/a	n/a	n/a	n/a	n/a	47	3	n/a	n/a	n/a	n/a	n/a	right
10	564.833	0.100	incorrect	0.100	grate	n/a	n/a	n/a	n/a	n/a	n/a	47	3	n/a	n/a	n/a	n/a	n/a	left
10	566.015	3.000	forget	0.538	retrieval	retprac	scene	object	face	competitor	object	48	3	94	142	294	146	566.0	n/a
10	571.049	0.565	correct	0.565	grate	n/a	n/a	n/a	n/a	n/a	n/a	48	3	n/a	n/a	n/a	n/a	n/a	right
10	572.133	0.410	correct	0.410	grate	n/a	n/a	n/a	n/a	n/a	n/a	48	3	n/a	n/a	n/a	n/a	n/a	left
10	573.049	0.446	correct	0.446	grate	n/a	n/a	n/a	n/a	n/a	n/a	48	3	n/a	n/a	n/a	n/a	n/a	right
10	574.016	0.446	correct	0.446	grate	n/a	n/a	n/a	n/a	n/a	n/a	48	3	n/a	n/a	n/a	n/a	n/a	left
10	574.982	0.424	correct	0.424	grate	n/a	n/a	n/a	n/a	n/a	n/a	48	3	n/a	n/a	n/a	n/a	n/a	right
10	575.916	0.434	correct	0.434	grate	n/a	n/a	n/a	n/a	n/a	n/a	48	3	n/a	n/a	n/a	n/a	n/a	left
10	576.865	0.100	incorrect	0.100	grate	n/a	n/a	n/a	n/a	n/a	n/a	48	3	n/a	n/a	n/a	n/a	n/a	left
