sub_id	onset	duration	trial_type	response_time	task_type	update_cond	cate_c	cate_b	cate_o	response_type	response	trial_id	run_id	word_id	img_id	stim_c	stim_b	design_onset	grate_orientation
9	2.022	3.000	remember	0.761	retrieval	restudy	scene	face	object	target	scene	1	1	32	104	256	32	2.0	n/a
9	7.057	5.466	incorrect	5.466	grate	n/a	n/a	n/a	n/a	n/a	n/a	1	1	n/a	n/a	n/a	n/a	n/a	left
9	14.021	3.000	no response	n/a	retrieval	restudy	face	object	scene	no response	no response	2	1	56	8	56	108	14.0	n/a
9	19.055	1.629	correct	1.629	grate	n/a	n/a	n/a	n/a	n/a	n/a	2	1	n/a	n/a	n/a	n/a	n/a	left
9	21.205	1.214	correct	1.214	grate	n/a	n/a	n/a	n/a	n/a	n/a	2	1	n/a	n/a	n/a	n/a	n/a	left
9	22.938	0.745	correct	0.745	grate	n/a	n/a	n/a	n/a	n/a	n/a	2	1	n/a	n/a	n/a	n/a	n/a	left
9	24.205	0.317	incorrect	0.317	grate	n/a	n/a	n/a	n/a	n/a	n/a	2	1	n/a	n/a	n/a	n/a	n/a	right
9	26.021	3.000	forget	0.499	retrieval	restudy	object	scene	face	other	face	3	1	128	80	180	232	26.0	n/a
9	31.055	1.197	correct	1.197	grate	n/a	n/a	n/a	n/a	n/a	n/a	3	1	n/a	n/a	n/a	n/a	n/a	left
9	32.771	0.576	correct	0.576	grate	n/a	n/a	n/a	n/a	n/a	n/a	3	1	n/a	n/a	n/a	n/a	n/a	left
9	33.871	0.428	correct	0.428	grate	n/a	n/a	n/a	n/a	n/a	n/a	3	1	n/a	n/a	n/a	n/a	n/a	left
9	34.821	0.871	correct	0.871	grate	n/a	n/a	n/a	n/a	n/a	n/a	3	1	n/a	n/a	n/a	n/a	n/a	right
9	36.204	0.316	incorrect	0.316	grate	n/a	n/a	n/a	n/a	n/a	n/a	3	1	n/a	n/a	n/a	n/a	n/a	left
9	38.020	3.000	remember	0.323	retrieval	retprac	face	scene	object	target	face	4	1	97	25	73	201	38.0	n/a
9	43.054	0.974	correct	0.974	grate	n/a	n/a	n/a	n/a	n/a	n/a	4	1	n/a	n/a	n/a	n/a	n/a	right
9	44.537	0.499	correct	0.499	grate	n/a	n/a	n/a	n/a	n/a	n/a	4	1	n/a	n/a	n/a	n/a	n/a	left
9	45.554	0.442	correct	0.442	grate	n/a	n/a	n/a	n/a	n/a	n/a	4	1	n/a	n/a	n/a	n/a	n/a	left
9	46.503	0.557	correct	0.557	grate	n/a	n/a	n/a	n/a	n/a	n/a	4	1	n/a	n/a	n/a	n/a	n/a	left
9	47.570	0.489	correct	0.489	grate	n/a	n/a	n/a	n/a	n/a	n/a	4	1	n/a	n/a	n/a	n/a	n/a	left
9	48.570	0.100	incorrect	0.100	grate	n/a	n/a	n/a	n/a	n/a	n/a	4	1	n/a	n/a	n/a	n/a	n/a	right
9	50.019	3.000	remember	0.340	retrieval	restudy	scene	object	face	target	scene	5	1	76	124	276	128	50.0	n/a
9	55.053	0.814	correct	0.814	grate	n/a	n/a	n/a	n/a	n/a	n/a	5	1	n/a	n/a	n/a	n/a	n/a	left
9	56.386	0.505	correct	0.505	grate	n/a	n/a	n/a	n/a	n/a	n/a	5	1	n/a	n/a	n/a	n/a	n/a	right
9	57.403	0.362	correct	0.362	grate	n/a	n/a	n/a	n/a	n/a	n/a	5	1	n/a	n/a	n/a	n/a	n/a	left
9	58.286	0.398	correct	0.398	grate	n/a	n/a	n/a	n/a	n/a	n/a	5	1	n/a	n/a	n/a	n/a	n/a	right
9	59.203	0.577	correct	0.577	grate	n/a	n/a	n/a	n/a	n/a	n/a	5	1	n/a	n/a	n/a	n/a	n/a	right
9	60.303	0.216	incorrect	0.216	grate	n/a	n/a	n/a	n/a	n/a	n/a	5	1	n/a	n/a	n/a	n/a	n/a	left
9	62.018	3.000	forget	0.333	retrieval	retprac	face	scene	object	competitor	scene	6	1	99	27	75	203	62.0	n/a
9	67.052	0.511	correct	0.511	grate	n/a	n/a	n/a	n/a	n/a	n/a	6	1	n/a	n/a	n/a	n/a	n/a	left
9	68.085	0.606	correct	0.606	grate	n/a	n/a	n/a	n/a	n/a	n/a	6	1	n/a	n/a	n/a	n/a	n/a	left
9	69.202	0.465	correct	0.465	grate	n/a	n/a	n/a	n/a	n/a	n/a	6	1	n/a	n/a	n/a	n/a	n/a	left
9	70.185	0.362	correct	0.362	grate	n/a	n/a	n/a	n/a	n/a	n/a	6	1	n/a	n/a	n/a	n/a	n/a	left
9	71.068	0.360	incorrect	0.360	grate	n/a	n/a	n/a	n/a	n/a	n/a	6	1	n/a	n/a	n/a	n/a	n/a	right
9	71.952	0.566	incorrect	0.566	grate	n/a	n/a	n/a	n/a	n/a	n/a	6	1	n/a	n/a	n/a	n/a	n/a	right
9	74.017	3.000	remember	0.389	retrieval	retprac	scene	object	face	target	scene	7	1	75	123	275	127	74.0	n/a
9	79.051	0.769	correct	0.769	grate	n/a	n/a	n/a	n/a	n/a	n/a	7	1	n/a	n/a	n/a	n/a	n/a	right
9	80.334	0.428	correct	0.428	grate	n/a	n/a	n/a	n/a	n/a	n/a	7	1	n/a	n/a	n/a	n/a	n/a	left
9	81.284	0.414	correct	0.414	grate	n/a	n/a	n/a	n/a	n/a	n/a	7	1	n/a	n/a	n/a	n/a	n/a	left
9	82.218	0.594	correct	0.594	grate	n/a	n/a	n/a	n/a	n/a	n/a	7	1	n/a	n/a	n/a	n/a	n/a	right
9	83.334	0.397	correct	0.397	grate	n/a	n/a	n/a	n/a	n/a	n/a	7	1	n/a	n/a	n/a	n/a	n/a	left
9	84.251	0.266	incorrect	0.266	grate	n/a	n/a	n/a	n/a	n/a	n/a	7	1	n/a	n/a	n/a	n/a	n/a	right
9	86.016	3.000	remember	0.415	retrieval	retprac	face	object	scene	target	face	8	1	49	1	49	101	86.0	n/a
9	91.051	0.418	correct	0.418	grate	n/a	n/a	n/a	n/a	n/a	n/a	8	1	n/a	n/a	n/a	n/a	n/a	left
9	91.984	0.436	correct	0.436	grate	n/a	n/a	n/a	n/a	n/a	n/a	8	1	n/a	n/a	n/a	n/a	n/a	left
9	92.934	0.389	correct	0.389	grate	n/a	n/a	n/a	n/a	n/a	n/a	8	1	n/a	n/a	n/a	n/a	n/a	left
9	93.833	0.513	correct	0.513	grate	n/a	n/a	n/a	n/a	n/a	n/a	8	1	n/a	n/a	n/a	n/a	n/a	left
9	94.867	0.408	correct	0.408	grate	n/a	n/a	n/a	n/a	n/a	n/a	8	1	n/a	n/a	n/a	n/a	n/a	left
9	95.783	0.436	correct	0.436	grate	n/a	n/a	n/a	n/a	n/a	n/a	8	1	n/a	n/a	n/a	n/a	n/a	left
9	96.733	0.100	incorrect	0.100	grate	n/a	n/a	n/a	n/a	n/a	n/a	8	1	n/a	n/a	n/a	n/a	n/a	right
9	98.016	3.000	remember	0.287	retrieval	restudy	scene	face	object	target	scene	9	1	28	100	252	28	98.0	n/a
9	103.050	0.481	correct	0.481	grate	n/a	n/a	n/a	n/a	n/a	n/a	9	1	n/a	n/a	n/a	n/a	n/a	left
9	104.049	0.506	correct	0.506	grate	n/a	n/a	n/a	n/a	n/a	n/a	9	1	n/a	n/a	n/a	n/a	n/a	left
9	105.066	0.457	correct	0.457	grate	n/a	n/a	n/a	n/a	n/a	n/a	9	1	n/a	n/a	n/a	n/a	n/a	right
9	106.033	0.386	correct	0.386	grate	n/a	n/a	n/a	n/a	n/a	n/a	9	1	n/a	n/a	n/a	n/a	n/a	right
9	106.933	0.351	incorrect	0.351	grate	n/a	n/a	n/a	n/a	n/a	n/a	9	1	n/a	n/a	n/a	n/a	n/a	right
9	107.799	0.716	incorrect	0.716	grate	n/a	n/a	n/a	n/a	n/a	n/a	9	1	n/a	n/a	n/a	n/a	n/a	right
9	110.015	3.000	forget	0.383	retrieval	retprac	object	scene	face	other	face	10	1	121	73	173	225	110.0	n/a
9	115.049	1.354	correct	1.354	grate	n/a	n/a	n/a	n/a	n/a	n/a	10	1	n/a	n/a	n/a	n/a	n/a	right
9	116.915	0.439	correct	0.439	grate	n/a	n/a	n/a	n/a	n/a	n/a	10	1	n/a	n/a	n/a	n/a	n/a	right
9	117.865	0.409	correct	0.409	grate	n/a	n/a	n/a	n/a	n/a	n/a	10	1	n/a	n/a	n/a	n/a	n/a	right
9	118.782	0.502	correct	0.502	grate	n/a	n/a	n/a	n/a	n/a	n/a	10	1	n/a	n/a	n/a	n/a	n/a	left
9	119.798	0.413	correct	0.413	grate	n/a	n/a	n/a	n/a	n/a	n/a	10	1	n/a	n/a	n/a	n/a	n/a	left
9	120.732	0.100	incorrect	0.100	grate	n/a	n/a	n/a	n/a	n/a	n/a	10	1	n/a	n/a	n/a	n/a	n/a	left
9	122.014	3.000	remember	0.328	retrieval	restudy	scene	face	object	target	scene	11	1	26	98	250	26	122.0	n/a
9	127.048	0.523	correct	0.523	grate	n/a	n/a	n/a	n/a	n/a	n/a	11	1	n/a	n/a	n/a	n/a	n/a	right
9	128.081	0.394	correct	0.394	grate	n/a	n/a	n/a	n/a	n/a	n/a	11	1	n/a	n/a	n/a	n/a	n/a	right
9	128.998	0.373	correct	0.373	grate	n/a	n/a	n/a	n/a	n/a	n/a	11	1	n/a	n/a	n/a	n/a	n/a	left
9	129.881	0.474	correct	0.474	grate	n/a	n/a	n/a	n/a	n/a	n/a	11	1	n/a	n/a	n/a	n/a	n/a	left
9	130.864	0.554	correct	0.554	grate	n/a	n/a	n/a	n/a	n/a	n/a	11	1	n/a	n/a	n/a	n/a	n/a	left
9	131.931	0.536	correct	0.536	grate	n/a	n/a	n/a	n/a	n/a	n/a	11	1	n/a	n/a	n/a	n/a	n/a	left
9	132.981	0.100	incorrect	0.100	grate	n/a	n/a	n/a	n/a	n/a	n/a	11	1	n/a	n/a	n/a	n/a	n/a	left
9	134.013	3.000	remember	0.329	retrieval	restudy	face	scene	object	target	face	12	1	100	28	76	204	134.0	n/a
9	139.047	0.619	correct	0.619	grate	n/a	n/a	n/a	n/a	n/a	n/a	12	1	n/a	n/a	n/a	n/a	n/a	right
9	140.180	0.422	correct	0.422	grate	n/a	n/a	n/a	n/a	n/a	n/a	12	1	n/a	n/a	n/a	n/a	n/a	right
9	141.114	0.441	correct	0.441	grate	n/a	n/a	n/a	n/a	n/a	n/a	12	1	n/a	n/a	n/a	n/a	n/a	right
9	142.063	0.467	correct	0.467	grate	n/a	n/a	n/a	n/a	n/a	n/a	12	1	n/a	n/a	n/a	n/a	n/a	left
9	143.047	0.484	correct	0.484	grate	n/a	n/a	n/a	n/a	n/a	n/a	12	1	n/a	n/a	n/a	n/a	n/a	right
9	144.047	0.437	correct	0.437	grate	n/a	n/a	n/a	n/a	n/a	n/a	12	1	n/a	n/a	n/a	n/a	n/a	left
9	144.997	0.100	incorrect	0.100	grate	n/a	n/a	n/a	n/a	n/a	n/a	12	1	n/a	n/a	n/a	n/a	n/a	left
9	146.012	3.000	remember	0.394	retrieval	retprac	object	scene	face	target	object	13	1	123	75	175	227	146.0	n/a
9	151.046	0.516	correct	0.516	grate	n/a	n/a	n/a	n/a	n/a	n/a	13	1	n/a	n/a	n/a	n/a	n/a	left
9	152.079	0.531	correct	0.531	grate	n/a	n/a	n/a	n/a	n/a	n/a	13	1	n/a	n/a	n/a	n/a	n/a	right
9	153.129	0.387	correct	0.387	grate	n/a	n/a	n/a	n/a	n/a	n/a	13	1	n/a	n/a	n/a	n/a	n/a	left
9	154.029	0.453	correct	0.453	grate	n/a	n/a	n/a	n/a	n/a	n/a	13	1	n/a	n/a	n/a	n/a	n/a	left
9	154.996	0.510	correct	0.510	grate	n/a	n/a	n/a	n/a	n/a	n/a	13	1	n/a	n/a	n/a	n/a	n/a	right
9	156.029	0.483	incorrect	0.483	grate	n/a	n/a	n/a	n/a	n/a	n/a	13	1	n/a	n/a	n/a	n/a	n/a	right
9	158.011	3.000	remember	0.490	retrieval	retprac	object	scene	face	target	object	14	1	127	79	179	231	158.0	n/a
9	163.045	0.541	correct	0.541	grate	n/a	n/a	n/a	n/a	n/a	n/a	14	1	n/a	n/a	n/a	n/a	n/a	left
9	164.095	0.427	correct	0.427	grate	n/a	n/a	n/a	n/a	n/a	n/a	14	1	n/a	n/a	n/a	n/a	n/a	left
9	165.045	0.406	incorrect	0.406	grate	n/a	n/a	n/a	n/a	n/a	n/a	14	1	n/a	n/a	n/a	n/a	n/a	right
9	165.962	0.473	correct	0.473	grate	n/a	n/a	n/a	n/a	n/a	n/a	14	1	n/a	n/a	n/a	n/a	n/a	right
9	166.945	0.569	correct	0.569	grate	n/a	n/a	n/a	n/a	n/a	n/a	14	1	n/a	n/a	n/a	n/a	n/a	left
9	168.028	0.483	incorrect	0.483	grate	n/a	n/a	n/a	n/a	n/a	n/a	14	1	n/a	n/a	n/a	n/a	n/a	right
9	170.011	3.000	remember	0.420	retrieval	retprac	scene	face	object	target	scene	15	1	27	99	251	27	170.0	n/a
9	175.045	0.550	correct	0.550	grate	n/a	n/a	n/a	n/a	n/a	n/a	15	1	n/a	n/a	n/a	n/a	n/a	left
9	176.111	0.459	correct	0.459	grate	n/a	n/a	n/a	n/a	n/a	n/a	15	1	n/a	n/a	n/a	n/a	n/a	right
9	177.078	0.436	correct	0.436	grate	n/a	n/a	n/a	n/a	n/a	n/a	15	1	n/a	n/a	n/a	n/a	n/a	right
9	178.027	0.463	correct	0.463	grate	n/a	n/a	n/a	n/a	n/a	n/a	15	1	n/a	n/a	n/a	n/a	n/a	right
9	179.011	0.439	correct	0.439	grate	n/a	n/a	n/a	n/a	n/a	n/a	15	1	n/a	n/a	n/a	n/a	n/a	right
9	179.961	0.385	correct	0.385	grate	n/a	n/a	n/a	n/a	n/a	n/a	15	1	n/a	n/a	n/a	n/a	n/a	left
9	180.861	0.100	incorrect	0.100	grate	n/a	n/a	n/a	n/a	n/a	n/a	15	1	n/a	n/a	n/a	n/a	n/a	right
9	182.010	3.000	forget	0.436	retrieval	retprac	face	scene	object	other	object	16	1	103	31	79	207	182.0	n/a
9	187.044	0.615	correct	0.615	grate	n/a	n/a	n/a	n/a	n/a	n/a	16	1	n/a	n/a	n/a	n/a	n/a	right
9	188.177	0.481	correct	0.481	grate	n/a	n/a	n/a	n/a	n/a	n/a	16	1	n/a	n/a	n/a	n/a	n/a	left
9	189.177	0.442	correct	0.442	grate	n/a	n/a	n/a	n/a	n/a	n/a	16	1	n/a	n/a	n/a	n/a	n/a	right
9	190.127	0.483	correct	0.483	grate	n/a	n/a	n/a	n/a	n/a	n/a	16	1	n/a	n/a	n/a	n/a	n/a	right
9	191.127	0.467	correct	0.467	grate	n/a	n/a	n/a	n/a	n/a	n/a	16	1	n/a	n/a	n/a	n/a	n/a	right
9	192.110	0.400	incorrect	0.400	grate	n/a	n/a	n/a	n/a	n/a	n/a	16	1	n/a	n/a	n/a	n/a	n/a	right
9	194.009	3.000	forget	0.413	retrieval	restudy	face	scene	object	competitor	scene	17	1	104	32	80	208	194.0	n/a
9	199.043	0.591	correct	0.591	grate	n/a	n/a	n/a	n/a	n/a	n/a	17	1	n/a	n/a	n/a	n/a	n/a	right
9	200.143	0.387	correct	0.387	grate	n/a	n/a	n/a	n/a	n/a	n/a	17	1	n/a	n/a	n/a	n/a	n/a	right
9	201.043	0.487	correct	0.487	grate	n/a	n/a	n/a	n/a	n/a	n/a	17	1	n/a	n/a	n/a	n/a	n/a	left
9	202.043	0.415	correct	0.415	grate	n/a	n/a	n/a	n/a	n/a	n/a	17	1	n/a	n/a	n/a	n/a	n/a	left
9	202.976	0.443	correct	0.443	grate	n/a	n/a	n/a	n/a	n/a	n/a	17	1	n/a	n/a	n/a	n/a	n/a	right
9	203.942	0.499	correct	0.499	grate	n/a	n/a	n/a	n/a	n/a	n/a	17	1	n/a	n/a	n/a	n/a	n/a	right
9	204.959	0.100	incorrect	0.100	grate	n/a	n/a	n/a	n/a	n/a	n/a	17	1	n/a	n/a	n/a	n/a	n/a	left
9	206.008	3.000	forget	0.317	retrieval	retprac	object	scene	face	other	face	18	1	125	77	177	229	206.0	n/a
9	211.042	0.825	correct	0.825	grate	n/a	n/a	n/a	n/a	n/a	n/a	18	1	n/a	n/a	n/a	n/a	n/a	left
9	212.375	0.754	correct	0.754	grate	n/a	n/a	n/a	n/a	n/a	n/a	18	1	n/a	n/a	n/a	n/a	n/a	left
9	213.642	0.512	correct	0.512	grate	n/a	n/a	n/a	n/a	n/a	n/a	18	1	n/a	n/a	n/a	n/a	n/a	left
9	214.675	0.495	correct	0.495	grate	n/a	n/a	n/a	n/a	n/a	n/a	18	1	n/a	n/a	n/a	n/a	n/a	right
9	215.692	0.423	correct	0.423	grate	n/a	n/a	n/a	n/a	n/a	n/a	18	1	n/a	n/a	n/a	n/a	n/a	right
9	216.625	0.100	incorrect	0.100	grate	n/a	n/a	n/a	n/a	n/a	n/a	18	1	n/a	n/a	n/a	n/a	n/a	left
9	218.007	3.000	forget	0.318	retrieval	retprac	scene	face	object	other	object	19	1	31	103	255	31	218.0	n/a
9	223.041	0.752	correct	0.752	grate	n/a	n/a	n/a	n/a	n/a	n/a	19	1	n/a	n/a	n/a	n/a	n/a	right
9	224.308	0.382	correct	0.382	grate	n/a	n/a	n/a	n/a	n/a	n/a	19	1	n/a	n/a	n/a	n/a	n/a	right
9	225.208	0.386	incorrect	0.386	grate	n/a	n/a	n/a	n/a	n/a	n/a	19	1	n/a	n/a	n/a	n/a	n/a	left
9	226.108	0.494	correct	0.494	grate	n/a	n/a	n/a	n/a	n/a	n/a	19	1	n/a	n/a	n/a	n/a	n/a	left
9	227.124	0.502	correct	0.502	grate	n/a	n/a	n/a	n/a	n/a	n/a	19	1	n/a	n/a	n/a	n/a	n/a	left
9	228.141	0.366	incorrect	0.366	grate	n/a	n/a	n/a	n/a	n/a	n/a	19	1	n/a	n/a	n/a	n/a	n/a	right
9	230.006	3.000	forget	0.711	retrieval	retprac	face	object	scene	competitor	object	20	1	55	7	55	107	230.0	n/a
9	235.040	0.593	correct	0.593	grate	n/a	n/a	n/a	n/a	n/a	n/a	20	1	n/a	n/a	n/a	n/a	n/a	right
9	236.140	0.510	correct	0.510	grate	n/a	n/a	n/a	n/a	n/a	n/a	20	1	n/a	n/a	n/a	n/a	n/a	right
9	237.157	0.517	correct	0.517	grate	n/a	n/a	n/a	n/a	n/a	n/a	20	1	n/a	n/a	n/a	n/a	n/a	right
9	238.190	0.524	correct	0.524	grate	n/a	n/a	n/a	n/a	n/a	n/a	20	1	n/a	n/a	n/a	n/a	n/a	right
9	239.223	0.450	correct	0.450	grate	n/a	n/a	n/a	n/a	n/a	n/a	20	1	n/a	n/a	n/a	n/a	n/a	right
9	240.190	0.316	incorrect	0.316	grate	n/a	n/a	n/a	n/a	n/a	n/a	20	1	n/a	n/a	n/a	n/a	n/a	right
9	242.022	3.000	forget	0.519	retrieval	restudy	face	scene	object	competitor	scene	21	1	102	30	78	206	242.0	n/a
9	247.056	0.625	correct	0.625	grate	n/a	n/a	n/a	n/a	n/a	n/a	21	1	n/a	n/a	n/a	n/a	n/a	left
9	248.189	0.412	correct	0.412	grate	n/a	n/a	n/a	n/a	n/a	n/a	21	1	n/a	n/a	n/a	n/a	n/a	left
9	249.123	0.415	correct	0.415	grate	n/a	n/a	n/a	n/a	n/a	n/a	21	1	n/a	n/a	n/a	n/a	n/a	left
9	250.056	0.705	correct	0.705	grate	n/a	n/a	n/a	n/a	n/a	n/a	21	1	n/a	n/a	n/a	n/a	n/a	right
9	251.272	0.409	correct	0.409	grate	n/a	n/a	n/a	n/a	n/a	n/a	21	1	n/a	n/a	n/a	n/a	n/a	right
9	252.189	0.333	incorrect	0.333	grate	n/a	n/a	n/a	n/a	n/a	n/a	21	1	n/a	n/a	n/a	n/a	n/a	left
9	254.021	3.000	forget	0.520	retrieval	restudy	object	face	scene	other	scene	22	1	6	54	154	6	254.0	n/a
9	259.055	0.642	correct	0.642	grate	n/a	n/a	n/a	n/a	n/a	n/a	22	1	n/a	n/a	n/a	n/a	n/a	left
9	260.205	0.412	correct	0.412	grate	n/a	n/a	n/a	n/a	n/a	n/a	22	1	n/a	n/a	n/a	n/a	n/a	left
9	261.139	0.399	correct	0.399	grate	n/a	n/a	n/a	n/a	n/a	n/a	22	1	n/a	n/a	n/a	n/a	n/a	left
9	262.055	0.523	correct	0.523	grate	n/a	n/a	n/a	n/a	n/a	n/a	22	1	n/a	n/a	n/a	n/a	n/a	right
9	263.088	0.497	correct	0.497	grate	n/a	n/a	n/a	n/a	n/a	n/a	22	1	n/a	n/a	n/a	n/a	n/a	left
9	264.105	0.416	incorrect	0.416	grate	n/a	n/a	n/a	n/a	n/a	n/a	22	1	n/a	n/a	n/a	n/a	n/a	left
9	266.021	3.000	remember	0.425	retrieval	retprac	face	object	scene	target	face	23	1	53	5	53	105	266.0	n/a
9	271.054	0.443	correct	0.443	grate	n/a	n/a	n/a	n/a	n/a	n/a	23	1	n/a	n/a	n/a	n/a	n/a	left
9	272.021	0.452	correct	0.452	grate	n/a	n/a	n/a	n/a	n/a	n/a	23	1	n/a	n/a	n/a	n/a	n/a	right
9	272.988	0.389	correct	0.389	grate	n/a	n/a	n/a	n/a	n/a	n/a	23	1	n/a	n/a	n/a	n/a	n/a	left
9	273.888	0.410	correct	0.410	grate	n/a	n/a	n/a	n/a	n/a	n/a	23	1	n/a	n/a	n/a	n/a	n/a	left
9	274.804	0.510	correct	0.510	grate	n/a	n/a	n/a	n/a	n/a	n/a	23	1	n/a	n/a	n/a	n/a	n/a	right
9	275.838	0.524	correct	0.524	grate	n/a	n/a	n/a	n/a	n/a	n/a	23	1	n/a	n/a	n/a	n/a	n/a	right
9	276.871	0.100	incorrect	0.100	grate	n/a	n/a	n/a	n/a	n/a	n/a	23	1	n/a	n/a	n/a	n/a	n/a	right
9	278.020	3.000	remember	0.409	retrieval	restudy	scene	object	face	target	scene	24	1	74	122	274	126	278.0	n/a
9	283.054	0.477	correct	0.477	grate	n/a	n/a	n/a	n/a	n/a	n/a	24	1	n/a	n/a	n/a	n/a	n/a	right
9	284.054	0.492	correct	0.492	grate	n/a	n/a	n/a	n/a	n/a	n/a	24	1	n/a	n/a	n/a	n/a	n/a	left
9	285.053	0.404	correct	0.404	grate	n/a	n/a	n/a	n/a	n/a	n/a	24	1	n/a	n/a	n/a	n/a	n/a	right
9	285.970	0.375	correct	0.375	grate	n/a	n/a	n/a	n/a	n/a	n/a	24	1	n/a	n/a	n/a	n/a	n/a	left
9	286.853	0.428	correct	0.428	grate	n/a	n/a	n/a	n/a	n/a	n/a	24	1	n/a	n/a	n/a	n/a	n/a	right
9	287.803	0.614	correct	0.614	grate	n/a	n/a	n/a	n/a	n/a	n/a	24	1	n/a	n/a	n/a	n/a	n/a	right
9	288.937	0.100	incorrect	0.100	grate	n/a	n/a	n/a	n/a	n/a	n/a	24	1	n/a	n/a	n/a	n/a	n/a	right
9	290.019	3.000	forget	0.306	retrieval	restudy	object	scene	face	other	face	25	1	126	78	178	230	290.0	n/a
9	295.053	0.636	correct	0.636	grate	n/a	n/a	n/a	n/a	n/a	n/a	25	1	n/a	n/a	n/a	n/a	n/a	right
9	296.203	0.502	correct	0.502	grate	n/a	n/a	n/a	n/a	n/a	n/a	25	1	n/a	n/a	n/a	n/a	n/a	right
9	297.219	0.566	correct	0.566	grate	n/a	n/a	n/a	n/a	n/a	n/a	25	1	n/a	n/a	n/a	n/a	n/a	left
9	298.303	0.402	correct	0.402	grate	n/a	n/a	n/a	n/a	n/a	n/a	25	1	n/a	n/a	n/a	n/a	n/a	left
9	299.219	0.454	correct	0.454	grate	n/a	n/a	n/a	n/a	n/a	n/a	25	1	n/a	n/a	n/a	n/a	n/a	left
9	300.186	0.333	incorrect	0.333	grate	n/a	n/a	n/a	n/a	n/a	n/a	25	1	n/a	n/a	n/a	n/a	n/a	right
9	302.018	3.000	remember	0.426	retrieval	retprac	object	face	scene	target	object	26	1	5	53	153	5	302.0	n/a
9	307.052	0.461	correct	0.461	grate	n/a	n/a	n/a	n/a	n/a	n/a	26	1	n/a	n/a	n/a	n/a	n/a	left
9	308.035	0.405	incorrect	0.405	grate	n/a	n/a	n/a	n/a	n/a	n/a	26	1	n/a	n/a	n/a	n/a	n/a	right
9	308.952	0.561	correct	0.561	grate	n/a	n/a	n/a	n/a	n/a	n/a	26	1	n/a	n/a	n/a	n/a	n/a	right
9	310.035	0.606	correct	0.606	grate	n/a	n/a	n/a	n/a	n/a	n/a	26	1	n/a	n/a	n/a	n/a	n/a	right
9	311.152	0.521	correct	0.521	grate	n/a	n/a	n/a	n/a	n/a	n/a	26	1	n/a	n/a	n/a	n/a	n/a	left
9	312.185	0.333	incorrect	0.333	grate	n/a	n/a	n/a	n/a	n/a	n/a	26	1	n/a	n/a	n/a	n/a	n/a	left
9	314.017	3.000	forget	0.588	retrieval	restudy	face	object	scene	competitor	object	27	1	52	4	52	104	314.0	n/a
9	319.051	0.742	correct	0.742	grate	n/a	n/a	n/a	n/a	n/a	n/a	27	1	n/a	n/a	n/a	n/a	n/a	right
9	320.301	0.371	correct	0.371	grate	n/a	n/a	n/a	n/a	n/a	n/a	27	1	n/a	n/a	n/a	n/a	n/a	left
9	321.184	0.465	correct	0.465	grate	n/a	n/a	n/a	n/a	n/a	n/a	27	1	n/a	n/a	n/a	n/a	n/a	left
9	322.168	0.586	correct	0.586	grate	n/a	n/a	n/a	n/a	n/a	n/a	27	1	n/a	n/a	n/a	n/a	n/a	right
9	323.268	0.614	correct	0.614	grate	n/a	n/a	n/a	n/a	n/a	n/a	27	1	n/a	n/a	n/a	n/a	n/a	right
9	324.401	0.116	incorrect	0.116	grate	n/a	n/a	n/a	n/a	n/a	n/a	27	1	n/a	n/a	n/a	n/a	n/a	left
9	326.016	3.000	forget	0.548	retrieval	retprac	scene	object	face	competitor	object	28	1	73	121	273	125	326.0	n/a
9	331.050	0.455	correct	0.455	grate	n/a	n/a	n/a	n/a	n/a	n/a	28	1	n/a	n/a	n/a	n/a	n/a	left
9	332.017	0.416	correct	0.416	grate	n/a	n/a	n/a	n/a	n/a	n/a	28	1	n/a	n/a	n/a	n/a	n/a	left
9	332.950	0.395	correct	0.395	grate	n/a	n/a	n/a	n/a	n/a	n/a	28	1	n/a	n/a	n/a	n/a	n/a	left
9	333.867	0.382	correct	0.382	grate	n/a	n/a	n/a	n/a	n/a	n/a	28	1	n/a	n/a	n/a	n/a	n/a	left
9	334.767	0.514	correct	0.514	grate	n/a	n/a	n/a	n/a	n/a	n/a	28	1	n/a	n/a	n/a	n/a	n/a	left
9	335.800	0.393	incorrect	0.393	grate	n/a	n/a	n/a	n/a	n/a	n/a	28	1	n/a	n/a	n/a	n/a	n/a	right
9	336.700	0.100	incorrect	0.100	grate	n/a	n/a	n/a	n/a	n/a	n/a	28	1	n/a	n/a	n/a	n/a	n/a	right
9	338.016	3.000	remember	0.517	retrieval	restudy	scene	object	face	target	scene	29	1	80	128	280	132	338.0	n/a
9	343.050	0.495	correct	0.495	grate	n/a	n/a	n/a	n/a	n/a	n/a	29	1	n/a	n/a	n/a	n/a	n/a	right
9	344.066	0.462	correct	0.462	grate	n/a	n/a	n/a	n/a	n/a	n/a	29	1	n/a	n/a	n/a	n/a	n/a	right
9	345.049	0.399	correct	0.399	grate	n/a	n/a	n/a	n/a	n/a	n/a	29	1	n/a	n/a	n/a	n/a	n/a	right
9	345.966	0.403	correct	0.403	grate	n/a	n/a	n/a	n/a	n/a	n/a	29	1	n/a	n/a	n/a	n/a	n/a	right
9	346.883	0.471	correct	0.471	grate	n/a	n/a	n/a	n/a	n/a	n/a	29	1	n/a	n/a	n/a	n/a	n/a	right
9	347.866	0.456	correct	0.456	grate	n/a	n/a	n/a	n/a	n/a	n/a	29	1	n/a	n/a	n/a	n/a	n/a	right
9	348.832	0.100	incorrect	0.100	grate	n/a	n/a	n/a	n/a	n/a	n/a	29	1	n/a	n/a	n/a	n/a	n/a	left
9	350.015	3.000	forget	0.357	retrieval	restudy	scene	face	object	competitor	face	30	1	30	102	254	30	350.0	n/a
9	355.049	0.848	correct	0.848	grate	n/a	n/a	n/a	n/a	n/a	n/a	30	1	n/a	n/a	n/a	n/a	n/a	right
9	356.415	0.385	correct	0.385	grate	n/a	n/a	n/a	n/a	n/a	n/a	30	1	n/a	n/a	n/a	n/a	n/a	right
9	357.315	0.549	correct	0.549	grate	n/a	n/a	n/a	n/a	n/a	n/a	30	1	n/a	n/a	n/a	n/a	n/a	left
9	358.382	0.507	correct	0.507	grate	n/a	n/a	n/a	n/a	n/a	n/a	30	1	n/a	n/a	n/a	n/a	n/a	right
9	359.398	0.619	correct	0.619	grate	n/a	n/a	n/a	n/a	n/a	n/a	30	1	n/a	n/a	n/a	n/a	n/a	right
9	360.532	0.100	incorrect	0.100	grate	n/a	n/a	n/a	n/a	n/a	n/a	30	1	n/a	n/a	n/a	n/a	n/a	right
9	362.014	3.000	remember	0.358	retrieval	restudy	object	face	scene	target	object	31	1	2	50	150	2	362.0	n/a
9	367.048	1.009	correct	1.009	grate	n/a	n/a	n/a	n/a	n/a	n/a	31	1	n/a	n/a	n/a	n/a	n/a	right
9	368.564	0.356	correct	0.356	grate	n/a	n/a	n/a	n/a	n/a	n/a	31	1	n/a	n/a	n/a	n/a	n/a	right
9	369.431	0.457	correct	0.457	grate	n/a	n/a	n/a	n/a	n/a	n/a	31	1	n/a	n/a	n/a	n/a	n/a	left
9	370.398	0.427	correct	0.427	grate	n/a	n/a	n/a	n/a	n/a	n/a	31	1	n/a	n/a	n/a	n/a	n/a	left
9	371.347	0.413	correct	0.413	grate	n/a	n/a	n/a	n/a	n/a	n/a	31	1	n/a	n/a	n/a	n/a	n/a	left
9	372.281	0.233	incorrect	0.233	grate	n/a	n/a	n/a	n/a	n/a	n/a	31	1	n/a	n/a	n/a	n/a	n/a	left
9	374.013	3.000	remember	0.423	retrieval	restudy	scene	object	face	target	scene	32	1	78	126	278	130	374.0	n/a
9	379.047	0.457	correct	0.457	grate	n/a	n/a	n/a	n/a	n/a	n/a	32	1	n/a	n/a	n/a	n/a	n/a	left
9	380.014	0.419	correct	0.419	grate	n/a	n/a	n/a	n/a	n/a	n/a	32	1	n/a	n/a	n/a	n/a	n/a	left
9	380.947	0.357	incorrect	0.357	grate	n/a	n/a	n/a	n/a	n/a	n/a	32	1	n/a	n/a	n/a	n/a	n/a	right
9	381.813	0.523	correct	0.523	grate	n/a	n/a	n/a	n/a	n/a	n/a	32	1	n/a	n/a	n/a	n/a	n/a	left
9	382.847	0.410	correct	0.410	grate	n/a	n/a	n/a	n/a	n/a	n/a	32	1	n/a	n/a	n/a	n/a	n/a	right
9	383.763	0.413	correct	0.413	grate	n/a	n/a	n/a	n/a	n/a	n/a	32	1	n/a	n/a	n/a	n/a	n/a	left
9	384.696	0.100	incorrect	0.100	grate	n/a	n/a	n/a	n/a	n/a	n/a	32	1	n/a	n/a	n/a	n/a	n/a	left
9	386.012	3.000	forget	0.496	retrieval	retprac	object	face	scene	competitor	face	33	1	3	51	151	3	386.0	n/a
9	391.046	0.522	correct	0.522	grate	n/a	n/a	n/a	n/a	n/a	n/a	33	1	n/a	n/a	n/a	n/a	n/a	left
9	392.079	0.482	correct	0.482	grate	n/a	n/a	n/a	n/a	n/a	n/a	33	1	n/a	n/a	n/a	n/a	n/a	right
9	393.079	0.353	correct	0.353	grate	n/a	n/a	n/a	n/a	n/a	n/a	33	1	n/a	n/a	n/a	n/a	n/a	left
9	393.946	0.446	correct	0.446	grate	n/a	n/a	n/a	n/a	n/a	n/a	33	1	n/a	n/a	n/a	n/a	n/a	right
9	394.912	0.448	correct	0.448	grate	n/a	n/a	n/a	n/a	n/a	n/a	33	1	n/a	n/a	n/a	n/a	n/a	left
9	395.879	0.441	correct	0.441	grate	n/a	n/a	n/a	n/a	n/a	n/a	33	1	n/a	n/a	n/a	n/a	n/a	right
9	396.829	0.100	incorrect	0.100	grate	n/a	n/a	n/a	n/a	n/a	n/a	33	1	n/a	n/a	n/a	n/a	n/a	left
9	398.011	3.000	remember	0.376	retrieval	retprac	scene	face	object	target	scene	34	1	25	97	249	25	398.0	n/a
9	403.045	0.498	correct	0.498	grate	n/a	n/a	n/a	n/a	n/a	n/a	34	1	n/a	n/a	n/a	n/a	n/a	right
9	404.062	0.378	correct	0.378	grate	n/a	n/a	n/a	n/a	n/a	n/a	34	1	n/a	n/a	n/a	n/a	n/a	left
9	404.962	0.438	correct	0.438	grate	n/a	n/a	n/a	n/a	n/a	n/a	34	1	n/a	n/a	n/a	n/a	n/a	left
9	405.912	0.385	correct	0.385	grate	n/a	n/a	n/a	n/a	n/a	n/a	34	1	n/a	n/a	n/a	n/a	n/a	left
9	406.812	0.445	correct	0.445	grate	n/a	n/a	n/a	n/a	n/a	n/a	34	1	n/a	n/a	n/a	n/a	n/a	left
9	407.778	0.446	correct	0.446	grate	n/a	n/a	n/a	n/a	n/a	n/a	34	1	n/a	n/a	n/a	n/a	n/a	right
9	408.745	0.100	incorrect	0.100	grate	n/a	n/a	n/a	n/a	n/a	n/a	34	1	n/a	n/a	n/a	n/a	n/a	left
9	410.011	3.000	remember	0.329	retrieval	restudy	face	object	scene	target	face	35	1	50	2	50	102	410.0	n/a
9	415.045	0.636	correct	0.636	grate	n/a	n/a	n/a	n/a	n/a	n/a	35	1	n/a	n/a	n/a	n/a	n/a	right
9	416.194	0.430	correct	0.430	grate	n/a	n/a	n/a	n/a	n/a	n/a	35	1	n/a	n/a	n/a	n/a	n/a	right
9	417.144	0.496	correct	0.496	grate	n/a	n/a	n/a	n/a	n/a	n/a	35	1	n/a	n/a	n/a	n/a	n/a	right
9	418.161	0.423	correct	0.423	grate	n/a	n/a	n/a	n/a	n/a	n/a	35	1	n/a	n/a	n/a	n/a	n/a	right
9	419.094	0.426	correct	0.426	grate	n/a	n/a	n/a	n/a	n/a	n/a	35	1	n/a	n/a	n/a	n/a	n/a	left
9	420.027	0.483	incorrect	0.483	grate	n/a	n/a	n/a	n/a	n/a	n/a	35	1	n/a	n/a	n/a	n/a	n/a	right
9	422.010	3.000	forget	0.626	retrieval	retprac	object	face	scene	other	scene	36	1	7	55	155	7	422.0	n/a
9	427.044	0.492	correct	0.492	grate	n/a	n/a	n/a	n/a	n/a	n/a	36	1	n/a	n/a	n/a	n/a	n/a	right
9	428.043	0.428	correct	0.428	grate	n/a	n/a	n/a	n/a	n/a	n/a	36	1	n/a	n/a	n/a	n/a	n/a	left
9	428.993	0.391	correct	0.391	grate	n/a	n/a	n/a	n/a	n/a	n/a	36	1	n/a	n/a	n/a	n/a	n/a	right
9	429.893	0.474	correct	0.474	grate	n/a	n/a	n/a	n/a	n/a	n/a	36	1	n/a	n/a	n/a	n/a	n/a	right
9	430.877	0.411	correct	0.411	grate	n/a	n/a	n/a	n/a	n/a	n/a	36	1	n/a	n/a	n/a	n/a	n/a	right
9	431.810	0.414	correct	0.414	grate	n/a	n/a	n/a	n/a	n/a	n/a	36	1	n/a	n/a	n/a	n/a	n/a	left
9	432.743	0.100	incorrect	0.100	grate	n/a	n/a	n/a	n/a	n/a	n/a	36	1	n/a	n/a	n/a	n/a	n/a	right
9	434.009	3.000	remember	0.292	retrieval	restudy	face	scene	object	target	face	37	1	98	26	74	202	434.0	n/a
9	439.043	0.381	correct	0.381	grate	n/a	n/a	n/a	n/a	n/a	n/a	37	1	n/a	n/a	n/a	n/a	n/a	right
9	439.943	0.793	correct	0.793	grate	n/a	n/a	n/a	n/a	n/a	n/a	37	1	n/a	n/a	n/a	n/a	n/a	right
9	441.242	0.501	correct	0.501	grate	n/a	n/a	n/a	n/a	n/a	n/a	37	1	n/a	n/a	n/a	n/a	n/a	right
9	442.259	0.452	correct	0.452	grate	n/a	n/a	n/a	n/a	n/a	n/a	37	1	n/a	n/a	n/a	n/a	n/a	right
9	443.226	0.486	correct	0.486	grate	n/a	n/a	n/a	n/a	n/a	n/a	37	1	n/a	n/a	n/a	n/a	n/a	left
9	444.226	0.283	incorrect	0.283	grate	n/a	n/a	n/a	n/a	n/a	n/a	37	1	n/a	n/a	n/a	n/a	n/a	right
9	446.008	3.000	remember	0.348	retrieval	retprac	scene	object	face	target	scene	38	1	77	125	277	129	446.0	n/a
9	451.042	0.415	correct	0.415	grate	n/a	n/a	n/a	n/a	n/a	n/a	38	1	n/a	n/a	n/a	n/a	n/a	right
9	451.975	0.408	correct	0.408	grate	n/a	n/a	n/a	n/a	n/a	n/a	38	1	n/a	n/a	n/a	n/a	n/a	right
9	452.892	0.443	correct	0.443	grate	n/a	n/a	n/a	n/a	n/a	n/a	38	1	n/a	n/a	n/a	n/a	n/a	left
9	453.858	0.445	correct	0.445	grate	n/a	n/a	n/a	n/a	n/a	n/a	38	1	n/a	n/a	n/a	n/a	n/a	right
9	454.825	0.478	correct	0.478	grate	n/a	n/a	n/a	n/a	n/a	n/a	38	1	n/a	n/a	n/a	n/a	n/a	right
9	455.825	0.455	correct	0.455	grate	n/a	n/a	n/a	n/a	n/a	n/a	38	1	n/a	n/a	n/a	n/a	n/a	right
9	456.792	0.100	incorrect	0.100	grate	n/a	n/a	n/a	n/a	n/a	n/a	38	1	n/a	n/a	n/a	n/a	n/a	right
9	458.007	3.000	forget	0.484	retrieval	restudy	object	face	scene	competitor	face	39	1	4	52	152	4	458.0	n/a
9	463.041	0.374	incorrect	0.374	grate	n/a	n/a	n/a	n/a	n/a	n/a	39	1	n/a	n/a	n/a	n/a	n/a	left
9	463.924	0.395	correct	0.395	grate	n/a	n/a	n/a	n/a	n/a	n/a	39	1	n/a	n/a	n/a	n/a	n/a	right
9	464.841	0.423	correct	0.423	grate	n/a	n/a	n/a	n/a	n/a	n/a	39	1	n/a	n/a	n/a	n/a	n/a	left
9	465.774	0.562	correct	0.562	grate	n/a	n/a	n/a	n/a	n/a	n/a	39	1	n/a	n/a	n/a	n/a	n/a	left
9	466.857	0.526	correct	0.526	grate	n/a	n/a	n/a	n/a	n/a	n/a	39	1	n/a	n/a	n/a	n/a	n/a	right
9	467.891	0.616	incorrect	0.616	grate	n/a	n/a	n/a	n/a	n/a	n/a	39	1	n/a	n/a	n/a	n/a	n/a	right
9	470.006	3.000	forget	0.364	retrieval	restudy	object	face	scene	competitor	face	40	1	8	56	156	8	470.0	n/a
9	475.040	0.447	correct	0.447	grate	n/a	n/a	n/a	n/a	n/a	n/a	40	1	n/a	n/a	n/a	n/a	n/a	left
9	476.007	0.392	correct	0.392	grate	n/a	n/a	n/a	n/a	n/a	n/a	40	1	n/a	n/a	n/a	n/a	n/a	left
9	476.907	0.533	correct	0.533	grate	n/a	n/a	n/a	n/a	n/a	n/a	40	1	n/a	n/a	n/a	n/a	n/a	right
9	477.957	0.507	correct	0.507	grate	n/a	n/a	n/a	n/a	n/a	n/a	40	1	n/a	n/a	n/a	n/a	n/a	left
9	478.973	0.522	correct	0.522	grate	n/a	n/a	n/a	n/a	n/a	n/a	40	1	n/a	n/a	n/a	n/a	n/a	right
9	480.007	0.456	correct	0.456	grate	n/a	n/a	n/a	n/a	n/a	n/a	40	1	n/a	n/a	n/a	n/a	n/a	left
9	480.973	0.100	incorrect	0.100	grate	n/a	n/a	n/a	n/a	n/a	n/a	40	1	n/a	n/a	n/a	n/a	n/a	left
9	482.022	3.000	remember	0.317	retrieval	retprac	scene	object	face	target	scene	41	1	79	127	279	131	482.0	n/a
9	487.056	0.575	correct	0.575	grate	n/a	n/a	n/a	n/a	n/a	n/a	41	1	n/a	n/a	n/a	n/a	n/a	right
9	488.139	0.396	correct	0.396	grate	n/a	n/a	n/a	n/a	n/a	n/a	41	1	n/a	n/a	n/a	n/a	n/a	right
9	489.056	0.417	correct	0.417	grate	n/a	n/a	n/a	n/a	n/a	n/a	41	1	n/a	n/a	n/a	n/a	n/a	left
9	489.989	0.410	correct	0.410	grate	n/a	n/a	n/a	n/a	n/a	n/a	41	1	n/a	n/a	n/a	n/a	n/a	left
9	490.923	0.612	correct	0.612	grate	n/a	n/a	n/a	n/a	n/a	n/a	41	1	n/a	n/a	n/a	n/a	n/a	left
9	492.056	0.466	incorrect	0.466	grate	n/a	n/a	n/a	n/a	n/a	n/a	41	1	n/a	n/a	n/a	n/a	n/a	left
9	494.021	3.000	forget	0.493	retrieval	restudy	object	scene	face	other	face	42	1	124	76	176	228	494.0	n/a
9	499.055	0.455	correct	0.455	grate	n/a	n/a	n/a	n/a	n/a	n/a	42	1	n/a	n/a	n/a	n/a	n/a	left
9	500.022	0.521	correct	0.521	grate	n/a	n/a	n/a	n/a	n/a	n/a	42	1	n/a	n/a	n/a	n/a	n/a	right
9	501.055	0.560	correct	0.560	grate	n/a	n/a	n/a	n/a	n/a	n/a	42	1	n/a	n/a	n/a	n/a	n/a	right
9	502.138	0.501	correct	0.501	grate	n/a	n/a	n/a	n/a	n/a	n/a	42	1	n/a	n/a	n/a	n/a	n/a	right
9	503.155	0.516	correct	0.516	grate	n/a	n/a	n/a	n/a	n/a	n/a	42	1	n/a	n/a	n/a	n/a	n/a	left
9	504.188	0.333	incorrect	0.333	grate	n/a	n/a	n/a	n/a	n/a	n/a	42	1	n/a	n/a	n/a	n/a	n/a	right
9	506.021	3.000	remember	0.406	retrieval	retprac	face	object	scene	target	face	43	1	51	3	51	103	506.0	n/a
9	511.055	0.601	correct	0.601	grate	n/a	n/a	n/a	n/a	n/a	n/a	43	1	n/a	n/a	n/a	n/a	n/a	right
9	512.171	0.420	correct	0.420	grate	n/a	n/a	n/a	n/a	n/a	n/a	43	1	n/a	n/a	n/a	n/a	n/a	left
9	513.104	0.398	correct	0.398	grate	n/a	n/a	n/a	n/a	n/a	n/a	43	1	n/a	n/a	n/a	n/a	n/a	left
9	514.021	0.426	correct	0.426	grate	n/a	n/a	n/a	n/a	n/a	n/a	43	1	n/a	n/a	n/a	n/a	n/a	left
9	514.954	0.493	correct	0.493	grate	n/a	n/a	n/a	n/a	n/a	n/a	43	1	n/a	n/a	n/a	n/a	n/a	left
9	515.954	0.567	incorrect	0.567	grate	n/a	n/a	n/a	n/a	n/a	n/a	43	1	n/a	n/a	n/a	n/a	n/a	right
9	518.020	3.000	forget	0.424	retrieval	restudy	face	object	scene	competitor	object	44	1	54	6	54	106	518.0	n/a
9	523.054	0.449	correct	0.449	grate	n/a	n/a	n/a	n/a	n/a	n/a	44	1	n/a	n/a	n/a	n/a	n/a	right
9	524.020	0.434	correct	0.434	grate	n/a	n/a	n/a	n/a	n/a	n/a	44	1	n/a	n/a	n/a	n/a	n/a	right
9	524.970	0.374	correct	0.374	grate	n/a	n/a	n/a	n/a	n/a	n/a	44	1	n/a	n/a	n/a	n/a	n/a	right
9	525.853	0.418	correct	0.418	grate	n/a	n/a	n/a	n/a	n/a	n/a	44	1	n/a	n/a	n/a	n/a	n/a	right
9	526.787	0.548	correct	0.548	grate	n/a	n/a	n/a	n/a	n/a	n/a	44	1	n/a	n/a	n/a	n/a	n/a	left
9	527.853	0.393	correct	0.393	grate	n/a	n/a	n/a	n/a	n/a	n/a	44	1	n/a	n/a	n/a	n/a	n/a	left
9	528.770	0.100	incorrect	0.100	grate	n/a	n/a	n/a	n/a	n/a	n/a	44	1	n/a	n/a	n/a	n/a	n/a	left
9	530.019	3.000	forget	0.392	retrieval	retprac	object	face	scene	competitor	face	45	1	1	49	149	1	530.0	n/a
9	535.053	0.410	correct	0.410	grate	n/a	n/a	n/a	n/a	n/a	n/a	45	1	n/a	n/a	n/a	n/a	n/a	left
9	535.986	0.381	correct	0.381	grate	n/a	n/a	n/a	n/a	n/a	n/a	45	1	n/a	n/a	n/a	n/a	n/a	right
9	536.886	0.585	correct	0.585	grate	n/a	n/a	n/a	n/a	n/a	n/a	45	1	n/a	n/a	n/a	n/a	n/a	right
9	537.986	0.405	correct	0.405	grate	n/a	n/a	n/a	n/a	n/a	n/a	45	1	n/a	n/a	n/a	n/a	n/a	left
9	538.902	0.416	correct	0.416	grate	n/a	n/a	n/a	n/a	n/a	n/a	45	1	n/a	n/a	n/a	n/a	n/a	left
9	539.836	0.483	correct	0.483	grate	n/a	n/a	n/a	n/a	n/a	n/a	45	1	n/a	n/a	n/a	n/a	n/a	right
9	540.836	0.100	incorrect	0.100	grate	n/a	n/a	n/a	n/a	n/a	n/a	45	1	n/a	n/a	n/a	n/a	n/a	left
9	542.018	3.000	remember	0.384	retrieval	retprac	scene	face	object	target	scene	46	1	29	101	253	29	542.0	n/a
9	547.052	0.730	correct	0.730	grate	n/a	n/a	n/a	n/a	n/a	n/a	46	1	n/a	n/a	n/a	n/a	n/a	left
9	548.302	0.434	correct	0.434	grate	n/a	n/a	n/a	n/a	n/a	n/a	46	1	n/a	n/a	n/a	n/a	n/a	right
9	549.252	0.380	correct	0.380	grate	n/a	n/a	n/a	n/a	n/a	n/a	46	1	n/a	n/a	n/a	n/a	n/a	left
9	550.152	0.456	correct	0.456	grate	n/a	n/a	n/a	n/a	n/a	n/a	46	1	n/a	n/a	n/a	n/a	n/a	left
9	551.118	0.425	correct	0.425	grate	n/a	n/a	n/a	n/a	n/a	n/a	46	1	n/a	n/a	n/a	n/a	n/a	right
9	552.051	0.363	incorrect	0.363	grate	n/a	n/a	n/a	n/a	n/a	n/a	46	1	n/a	n/a	n/a	n/a	n/a	right
9	552.935	0.100	incorrect	0.100	grate	n/a	n/a	n/a	n/a	n/a	n/a	46	1	n/a	n/a	n/a	n/a	n/a	right
9	554.017	3.000	forget	0.481	retrieval	restudy	object	scene	face	other	face	47	1	122	74	174	226	554.0	n/a
9	559.051	0.668	correct	0.668	grate	n/a	n/a	n/a	n/a	n/a	n/a	47	1	n/a	n/a	n/a	n/a	n/a	right
9	560.234	0.516	correct	0.516	grate	n/a	n/a	n/a	n/a	n/a	n/a	47	1	n/a	n/a	n/a	n/a	n/a	left
9	561.268	0.411	correct	0.411	grate	n/a	n/a	n/a	n/a	n/a	n/a	47	1	n/a	n/a	n/a	n/a	n/a	left
9	562.201	0.406	correct	0.406	grate	n/a	n/a	n/a	n/a	n/a	n/a	47	1	n/a	n/a	n/a	n/a	n/a	left
9	563.117	0.537	correct	0.537	grate	n/a	n/a	n/a	n/a	n/a	n/a	47	1	n/a	n/a	n/a	n/a	n/a	right
9	564.167	0.350	incorrect	0.350	grate	n/a	n/a	n/a	n/a	n/a	n/a	47	1	n/a	n/a	n/a	n/a	n/a	right
9	566.016	3.000	forget	0.451	retrieval	retprac	face	scene	object	competitor	scene	48	1	101	29	77	205	566.0	n/a
9	571.050	0.452	correct	0.452	grate	n/a	n/a	n/a	n/a	n/a	n/a	48	1	n/a	n/a	n/a	n/a	n/a	right
9	572.017	0.397	correct	0.397	grate	n/a	n/a	n/a	n/a	n/a	n/a	48	1	n/a	n/a	n/a	n/a	n/a	right
9	572.933	0.361	correct	0.361	grate	n/a	n/a	n/a	n/a	n/a	n/a	48	1	n/a	n/a	n/a	n/a	n/a	right
9	573.817	0.398	correct	0.398	grate	n/a	n/a	n/a	n/a	n/a	n/a	48	1	n/a	n/a	n/a	n/a	n/a	right
9	574.733	0.361	correct	0.361	grate	n/a	n/a	n/a	n/a	n/a	n/a	48	1	n/a	n/a	n/a	n/a	n/a	right
9	575.617	0.414	correct	0.414	grate	n/a	n/a	n/a	n/a	n/a	n/a	48	1	n/a	n/a	n/a	n/a	n/a	right
9	576.550	0.100	incorrect	0.100	grate	n/a	n/a	n/a	n/a	n/a	n/a	48	1	n/a	n/a	n/a	n/a	n/a	right
9	2.018	3.000	remember	0.405	retrieval	retprac	scene	face	object	target	scene	1	2	37	109	261	37	2.0	n/a
9	7.052	1.103	correct	1.103	grate	n/a	n/a	n/a	n/a	n/a	n/a	1	2	n/a	n/a	n/a	n/a	n/a	left
9	8.669	0.455	correct	0.455	grate	n/a	n/a	n/a	n/a	n/a	n/a	1	2	n/a	n/a	n/a	n/a	n/a	left
9	9.635	0.409	correct	0.409	grate	n/a	n/a	n/a	n/a	n/a	n/a	1	2	n/a	n/a	n/a	n/a	n/a	left
9	10.552	0.380	correct	0.380	grate	n/a	n/a	n/a	n/a	n/a	n/a	1	2	n/a	n/a	n/a	n/a	n/a	left
9	11.452	0.377	correct	0.377	grate	n/a	n/a	n/a	n/a	n/a	n/a	1	2	n/a	n/a	n/a	n/a	n/a	left
9	12.352	0.166	incorrect	0.166	grate	n/a	n/a	n/a	n/a	n/a	n/a	1	2	n/a	n/a	n/a	n/a	n/a	left
9	14.017	3.000	remember	0.382	retrieval	restudy	scene	object	face	target	scene	2	2	86	134	286	138	14.0	n/a
9	19.051	0.680	incorrect	0.680	grate	n/a	n/a	n/a	n/a	n/a	n/a	2	2	n/a	n/a	n/a	n/a	n/a	right
9	20.251	0.489	correct	0.489	grate	n/a	n/a	n/a	n/a	n/a	n/a	2	2	n/a	n/a	n/a	n/a	n/a	right
9	21.251	0.465	correct	0.465	grate	n/a	n/a	n/a	n/a	n/a	n/a	2	2	n/a	n/a	n/a	n/a	n/a	left
9	22.234	0.441	correct	0.441	grate	n/a	n/a	n/a	n/a	n/a	n/a	2	2	n/a	n/a	n/a	n/a	n/a	right
9	23.184	0.436	correct	0.436	grate	n/a	n/a	n/a	n/a	n/a	n/a	2	2	n/a	n/a	n/a	n/a	n/a	left
9	24.134	0.383	incorrect	0.383	grate	n/a	n/a	n/a	n/a	n/a	n/a	2	2	n/a	n/a	n/a	n/a	n/a	right
9	26.016	3.000	remember	0.448	retrieval	restudy	face	object	scene	target	face	3	2	64	16	64	116	26.0	n/a
9	31.051	0.505	correct	0.505	grate	n/a	n/a	n/a	n/a	n/a	n/a	3	2	n/a	n/a	n/a	n/a	n/a	right
9	32.067	0.408	correct	0.408	grate	n/a	n/a	n/a	n/a	n/a	n/a	3	2	n/a	n/a	n/a	n/a	n/a	left
9	32.984	0.388	correct	0.388	grate	n/a	n/a	n/a	n/a	n/a	n/a	3	2	n/a	n/a	n/a	n/a	n/a	right
9	33.883	0.464	correct	0.464	grate	n/a	n/a	n/a	n/a	n/a	n/a	3	2	n/a	n/a	n/a	n/a	n/a	left
9	34.867	0.481	correct	0.481	grate	n/a	n/a	n/a	n/a	n/a	n/a	3	2	n/a	n/a	n/a	n/a	n/a	left
9	35.867	0.418	correct	0.418	grate	n/a	n/a	n/a	n/a	n/a	n/a	3	2	n/a	n/a	n/a	n/a	n/a	right
9	36.800	0.100	incorrect	0.100	grate	n/a	n/a	n/a	n/a	n/a	n/a	3	2	n/a	n/a	n/a	n/a	n/a	left
9	38.016	3.000	forget	0.559	retrieval	retprac	face	scene	object	competitor	scene	4	2	105	33	81	209	38.0	n/a
9	43.050	0.426	correct	0.426	grate	n/a	n/a	n/a	n/a	n/a	n/a	4	2	n/a	n/a	n/a	n/a	n/a	right
9	44.000	0.420	correct	0.420	grate	n/a	n/a	n/a	n/a	n/a	n/a	4	2	n/a	n/a	n/a	n/a	n/a	right
9	44.933	0.423	correct	0.423	grate	n/a	n/a	n/a	n/a	n/a	n/a	4	2	n/a	n/a	n/a	n/a	n/a	right
9	45.866	0.433	correct	0.433	grate	n/a	n/a	n/a	n/a	n/a	n/a	4	2	n/a	n/a	n/a	n/a	n/a	left
9	46.816	0.340	correct	0.340	grate	n/a	n/a	n/a	n/a	n/a	n/a	4	2	n/a	n/a	n/a	n/a	n/a	left
9	47.666	0.497	correct	0.497	grate	n/a	n/a	n/a	n/a	n/a	n/a	4	2	n/a	n/a	n/a	n/a	n/a	right
9	48.683	0.100	incorrect	0.100	grate	n/a	n/a	n/a	n/a	n/a	n/a	4	2	n/a	n/a	n/a	n/a	n/a	left
9	50.015	3.000	remember	0.497	retrieval	retprac	scene	object	face	target	scene	5	2	85	133	285	137	50.0	n/a
9	55.049	0.410	correct	0.410	grate	n/a	n/a	n/a	n/a	n/a	n/a	5	2	n/a	n/a	n/a	n/a	n/a	left
9	55.982	0.365	correct	0.365	grate	n/a	n/a	n/a	n/a	n/a	n/a	5	2	n/a	n/a	n/a	n/a	n/a	left
9	56.865	0.362	correct	0.362	grate	n/a	n/a	n/a	n/a	n/a	n/a	5	2	n/a	n/a	n/a	n/a	n/a	left
9	57.749	0.455	correct	0.455	grate	n/a	n/a	n/a	n/a	n/a	n/a	5	2	n/a	n/a	n/a	n/a	n/a	right
9	58.715	0.368	correct	0.368	grate	n/a	n/a	n/a	n/a	n/a	n/a	5	2	n/a	n/a	n/a	n/a	n/a	left
9	59.598	0.525	correct	0.525	grate	n/a	n/a	n/a	n/a	n/a	n/a	5	2	n/a	n/a	n/a	n/a	n/a	left
9	60.632	0.100	incorrect	0.100	grate	n/a	n/a	n/a	n/a	n/a	n/a	5	2	n/a	n/a	n/a	n/a	n/a	left
9	62.014	3.000	forget	0.457	retrieval	restudy	scene	object	face	other	face	6	2	82	130	282	134	62.0	n/a
9	67.048	0.507	correct	0.507	grate	n/a	n/a	n/a	n/a	n/a	n/a	6	2	n/a	n/a	n/a	n/a	n/a	right
9	68.065	0.395	correct	0.395	grate	n/a	n/a	n/a	n/a	n/a	n/a	6	2	n/a	n/a	n/a	n/a	n/a	right
9	68.981	0.366	correct	0.366	grate	n/a	n/a	n/a	n/a	n/a	n/a	6	2	n/a	n/a	n/a	n/a	n/a	left
9	69.864	0.411	correct	0.411	grate	n/a	n/a	n/a	n/a	n/a	n/a	6	2	n/a	n/a	n/a	n/a	n/a	left
9	70.798	0.381	correct	0.381	grate	n/a	n/a	n/a	n/a	n/a	n/a	6	2	n/a	n/a	n/a	n/a	n/a	left
9	71.698	0.450	correct	0.450	grate	n/a	n/a	n/a	n/a	n/a	n/a	6	2	n/a	n/a	n/a	n/a	n/a	left
9	72.664	0.100	incorrect	0.100	grate	n/a	n/a	n/a	n/a	n/a	n/a	6	2	n/a	n/a	n/a	n/a	n/a	right
9	74.013	3.000	remember	0.329	retrieval	retprac	scene	object	face	target	scene	7	2	83	131	283	135	74.0	n/a
9	79.047	0.428	correct	0.428	grate	n/a	n/a	n/a	n/a	n/a	n/a	7	2	n/a	n/a	n/a	n/a	n/a	left
9	79.997	0.382	incorrect	0.382	grate	n/a	n/a	n/a	n/a	n/a	n/a	7	2	n/a	n/a	n/a	n/a	n/a	right
9	80.897	0.626	correct	0.626	grate	n/a	n/a	n/a	n/a	n/a	n/a	7	2	n/a	n/a	n/a	n/a	n/a	left
9	82.047	0.388	correct	0.388	grate	n/a	n/a	n/a	n/a	n/a	n/a	7	2	n/a	n/a	n/a	n/a	n/a	right
9	82.947	0.488	correct	0.488	grate	n/a	n/a	n/a	n/a	n/a	n/a	7	2	n/a	n/a	n/a	n/a	n/a	left
9	83.947	0.440	correct	0.440	grate	n/a	n/a	n/a	n/a	n/a	n/a	7	2	n/a	n/a	n/a	n/a	n/a	right
9	84.897	0.100	incorrect	0.100	grate	n/a	n/a	n/a	n/a	n/a	n/a	7	2	n/a	n/a	n/a	n/a	n/a	right
9	86.012	3.000	remember	0.522	retrieval	retprac	face	object	scene	target	face	8	2	57	9	57	109	86.0	n/a
9	91.046	0.572	correct	0.572	grate	n/a	n/a	n/a	n/a	n/a	n/a	8	2	n/a	n/a	n/a	n/a	n/a	left
9	92.130	0.457	correct	0.457	grate	n/a	n/a	n/a	n/a	n/a	n/a	8	2	n/a	n/a	n/a	n/a	n/a	right
9	93.096	0.355	correct	0.355	grate	n/a	n/a	n/a	n/a	n/a	n/a	8	2	n/a	n/a	n/a	n/a	n/a	left
9	93.963	0.473	correct	0.473	grate	n/a	n/a	n/a	n/a	n/a	n/a	8	2	n/a	n/a	n/a	n/a	n/a	left
9	94.946	0.466	correct	0.466	grate	n/a	n/a	n/a	n/a	n/a	n/a	8	2	n/a	n/a	n/a	n/a	n/a	left
9	95.929	0.522	correct	0.522	grate	n/a	n/a	n/a	n/a	n/a	n/a	8	2	n/a	n/a	n/a	n/a	n/a	right
9	96.963	0.100	incorrect	0.100	grate	n/a	n/a	n/a	n/a	n/a	n/a	8	2	n/a	n/a	n/a	n/a	n/a	right
9	98.011	3.000	remember	0.339	retrieval	retprac	face	object	scene	target	face	9	2	59	11	59	111	98.0	n/a
9	103.046	0.558	correct	0.558	grate	n/a	n/a	n/a	n/a	n/a	n/a	9	2	n/a	n/a	n/a	n/a	n/a	right
9	104.112	0.403	correct	0.403	grate	n/a	n/a	n/a	n/a	n/a	n/a	9	2	n/a	n/a	n/a	n/a	n/a	left
9	105.029	0.494	correct	0.494	grate	n/a	n/a	n/a	n/a	n/a	n/a	9	2	n/a	n/a	n/a	n/a	n/a	left
9	106.045	0.430	correct	0.430	grate	n/a	n/a	n/a	n/a	n/a	n/a	9	2	n/a	n/a	n/a	n/a	n/a	left
9	106.995	0.456	correct	0.456	grate	n/a	n/a	n/a	n/a	n/a	n/a	9	2	n/a	n/a	n/a	n/a	n/a	right
9	107.962	0.401	correct	0.401	grate	n/a	n/a	n/a	n/a	n/a	n/a	9	2	n/a	n/a	n/a	n/a	n/a	right
9	108.878	0.100	incorrect	0.100	grate	n/a	n/a	n/a	n/a	n/a	n/a	9	2	n/a	n/a	n/a	n/a	n/a	left
9	110.011	3.000	forget	0.540	retrieval	restudy	object	scene	face	other	face	10	2	134	86	186	238	110.0	n/a
9	115.045	0.486	correct	0.486	grate	n/a	n/a	n/a	n/a	n/a	n/a	10	2	n/a	n/a	n/a	n/a	n/a	right
9	116.044	0.366	correct	0.366	grate	n/a	n/a	n/a	n/a	n/a	n/a	10	2	n/a	n/a	n/a	n/a	n/a	right
9	116.928	0.435	correct	0.435	grate	n/a	n/a	n/a	n/a	n/a	n/a	10	2	n/a	n/a	n/a	n/a	n/a	right
9	117.878	0.437	correct	0.437	grate	n/a	n/a	n/a	n/a	n/a	n/a	10	2	n/a	n/a	n/a	n/a	n/a	left
9	118.828	0.559	correct	0.559	grate	n/a	n/a	n/a	n/a	n/a	n/a	10	2	n/a	n/a	n/a	n/a	n/a	right
9	119.894	0.516	correct	0.516	grate	n/a	n/a	n/a	n/a	n/a	n/a	10	2	n/a	n/a	n/a	n/a	n/a	right
9	120.928	0.100	incorrect	0.100	grate	n/a	n/a	n/a	n/a	n/a	n/a	10	2	n/a	n/a	n/a	n/a	n/a	left
9	122.010	3.000	remember	0.765	retrieval	restudy	scene	object	face	target	scene	11	2	84	132	284	136	122.0	n/a
9	127.044	0.431	correct	0.431	grate	n/a	n/a	n/a	n/a	n/a	n/a	11	2	n/a	n/a	n/a	n/a	n/a	right
9	127.994	0.417	correct	0.417	grate	n/a	n/a	n/a	n/a	n/a	n/a	11	2	n/a	n/a	n/a	n/a	n/a	right
9	128.927	0.468	correct	0.468	grate	n/a	n/a	n/a	n/a	n/a	n/a	11	2	n/a	n/a	n/a	n/a	n/a	left
9	129.910	0.452	correct	0.452	grate	n/a	n/a	n/a	n/a	n/a	n/a	11	2	n/a	n/a	n/a	n/a	n/a	left
9	130.877	0.494	correct	0.494	grate	n/a	n/a	n/a	n/a	n/a	n/a	11	2	n/a	n/a	n/a	n/a	n/a	left
9	131.893	0.479	correct	0.479	grate	n/a	n/a	n/a	n/a	n/a	n/a	11	2	n/a	n/a	n/a	n/a	n/a	left
9	132.893	0.100	incorrect	0.100	grate	n/a	n/a	n/a	n/a	n/a	n/a	11	2	n/a	n/a	n/a	n/a	n/a	left
9	134.009	3.000	remember	0.605	retrieval	retprac	scene	face	object	target	scene	12	2	35	107	259	35	134.0	n/a
9	139.043	0.391	correct	0.391	grate	n/a	n/a	n/a	n/a	n/a	n/a	12	2	n/a	n/a	n/a	n/a	n/a	right
9	139.943	0.412	correct	0.412	grate	n/a	n/a	n/a	n/a	n/a	n/a	12	2	n/a	n/a	n/a	n/a	n/a	right
9	140.876	0.438	correct	0.438	grate	n/a	n/a	n/a	n/a	n/a	n/a	12	2	n/a	n/a	n/a	n/a	n/a	right
9	141.826	0.464	correct	0.464	grate	n/a	n/a	n/a	n/a	n/a	n/a	12	2	n/a	n/a	n/a	n/a	n/a	left
9	142.809	0.529	correct	0.529	grate	n/a	n/a	n/a	n/a	n/a	n/a	12	2	n/a	n/a	n/a	n/a	n/a	right
9	143.859	0.503	correct	0.503	grate	n/a	n/a	n/a	n/a	n/a	n/a	12	2	n/a	n/a	n/a	n/a	n/a	right
9	144.876	0.100	incorrect	0.100	grate	n/a	n/a	n/a	n/a	n/a	n/a	12	2	n/a	n/a	n/a	n/a	n/a	right
9	146.008	3.000	forget	0.534	retrieval	restudy	object	scene	face	competitor	scene	13	2	130	82	182	234	146.0	n/a
9	151.042	0.504	correct	0.504	grate	n/a	n/a	n/a	n/a	n/a	n/a	13	2	n/a	n/a	n/a	n/a	n/a	left
9	152.059	0.417	correct	0.417	grate	n/a	n/a	n/a	n/a	n/a	n/a	13	2	n/a	n/a	n/a	n/a	n/a	left
9	152.992	0.403	correct	0.403	grate	n/a	n/a	n/a	n/a	n/a	n/a	13	2	n/a	n/a	n/a	n/a	n/a	left
9	153.909	0.526	correct	0.526	grate	n/a	n/a	n/a	n/a	n/a	n/a	13	2	n/a	n/a	n/a	n/a	n/a	right
9	154.958	0.596	correct	0.596	grate	n/a	n/a	n/a	n/a	n/a	n/a	13	2	n/a	n/a	n/a	n/a	n/a	left
9	156.075	0.431	correct	0.431	grate	n/a	n/a	n/a	n/a	n/a	n/a	13	2	n/a	n/a	n/a	n/a	n/a	left
9	158.007	3.000	forget	0.543	retrieval	restudy	object	face	scene	competitor	face	14	2	10	58	158	10	158.0	n/a
9	163.041	0.489	correct	0.489	grate	n/a	n/a	n/a	n/a	n/a	n/a	14	2	n/a	n/a	n/a	n/a	n/a	left
9	164.041	0.513	correct	0.513	grate	n/a	n/a	n/a	n/a	n/a	n/a	14	2	n/a	n/a	n/a	n/a	n/a	right
9	165.074	0.368	correct	0.368	grate	n/a	n/a	n/a	n/a	n/a	n/a	14	2	n/a	n/a	n/a	n/a	n/a	left
9	165.958	0.501	correct	0.501	grate	n/a	n/a	n/a	n/a	n/a	n/a	14	2	n/a	n/a	n/a	n/a	n/a	right
9	166.974	0.628	correct	0.628	grate	n/a	n/a	n/a	n/a	n/a	n/a	14	2	n/a	n/a	n/a	n/a	n/a	right
9	168.124	0.383	incorrect	0.383	grate	n/a	n/a	n/a	n/a	n/a	n/a	14	2	n/a	n/a	n/a	n/a	n/a	left
9	170.006	3.000	remember	0.399	retrieval	retprac	scene	face	object	target	scene	15	2	39	111	263	39	170.0	n/a
9	175.041	0.490	correct	0.490	grate	n/a	n/a	n/a	n/a	n/a	n/a	15	2	n/a	n/a	n/a	n/a	n/a	right
9	176.040	0.434	correct	0.434	grate	n/a	n/a	n/a	n/a	n/a	n/a	15	2	n/a	n/a	n/a	n/a	n/a	right
9	176.990	0.436	correct	0.436	grate	n/a	n/a	n/a	n/a	n/a	n/a	15	2	n/a	n/a	n/a	n/a	n/a	right
9	177.940	0.622	correct	0.622	grate	n/a	n/a	n/a	n/a	n/a	n/a	15	2	n/a	n/a	n/a	n/a	n/a	right
9	179.073	0.481	correct	0.481	grate	n/a	n/a	n/a	n/a	n/a	n/a	15	2	n/a	n/a	n/a	n/a	n/a	left
9	180.073	0.433	incorrect	0.433	grate	n/a	n/a	n/a	n/a	n/a	n/a	15	2	n/a	n/a	n/a	n/a	n/a	right
9	182.006	3.000	remember	0.672	retrieval	restudy	scene	face	object	target	scene	16	2	36	108	260	36	182.0	n/a
9	187.040	0.994	correct	0.994	grate	n/a	n/a	n/a	n/a	n/a	n/a	16	2	n/a	n/a	n/a	n/a	n/a	left
9	188.556	2.438	correct	2.438	grate	n/a	n/a	n/a	n/a	n/a	n/a	16	2	n/a	n/a	n/a	n/a	n/a	right
9	191.506	0.552	correct	0.552	grate	n/a	n/a	n/a	n/a	n/a	n/a	16	2	n/a	n/a	n/a	n/a	n/a	right
9	192.573	0.100	incorrect	0.100	grate	n/a	n/a	n/a	n/a	n/a	n/a	16	2	n/a	n/a	n/a	n/a	n/a	right
9	194.021	3.000	remember	0.529	retrieval	retprac	object	scene	face	target	object	17	2	129	81	181	233	194.0	n/a
9	199.056	0.522	correct	0.522	grate	n/a	n/a	n/a	n/a	n/a	n/a	17	2	n/a	n/a	n/a	n/a	n/a	left
9	200.089	1.473	correct	1.473	grate	n/a	n/a	n/a	n/a	n/a	n/a	17	2	n/a	n/a	n/a	n/a	n/a	right
9	202.072	0.411	correct	0.411	grate	n/a	n/a	n/a	n/a	n/a	n/a	17	2	n/a	n/a	n/a	n/a	n/a	left
9	203.005	0.469	incorrect	0.469	grate	n/a	n/a	n/a	n/a	n/a	n/a	17	2	n/a	n/a	n/a	n/a	n/a	right
9	203.988	0.533	incorrect	0.533	grate	n/a	n/a	n/a	n/a	n/a	n/a	17	2	n/a	n/a	n/a	n/a	n/a	right
9	206.021	3.000	forget	0.625	retrieval	restudy	face	scene	object	competitor	scene	18	2	110	38	86	214	206.0	n/a
9	211.055	0.499	correct	0.499	grate	n/a	n/a	n/a	n/a	n/a	n/a	18	2	n/a	n/a	n/a	n/a	n/a	right
9	212.071	0.404	correct	0.404	grate	n/a	n/a	n/a	n/a	n/a	n/a	18	2	n/a	n/a	n/a	n/a	n/a	right
9	212.988	0.494	correct	0.494	grate	n/a	n/a	n/a	n/a	n/a	n/a	18	2	n/a	n/a	n/a	n/a	n/a	right
9	214.004	0.501	correct	0.501	grate	n/a	n/a	n/a	n/a	n/a	n/a	18	2	n/a	n/a	n/a	n/a	n/a	right
9	215.021	0.477	correct	0.477	grate	n/a	n/a	n/a	n/a	n/a	n/a	18	2	n/a	n/a	n/a	n/a	n/a	right
9	216.021	0.493	correct	0.493	grate	n/a	n/a	n/a	n/a	n/a	n/a	18	2	n/a	n/a	n/a	n/a	n/a	left
9	217.021	0.100	incorrect	0.100	grate	n/a	n/a	n/a	n/a	n/a	n/a	18	2	n/a	n/a	n/a	n/a	n/a	left
9	218.020	3.000	forget	0.802	retrieval	retprac	face	object	scene	other	scene	19	2	61	13	61	113	218.0	n/a
9	223.054	0.467	correct	0.467	grate	n/a	n/a	n/a	n/a	n/a	n/a	19	2	n/a	n/a	n/a	n/a	n/a	right
9	224.037	0.469	correct	0.469	grate	n/a	n/a	n/a	n/a	n/a	n/a	19	2	n/a	n/a	n/a	n/a	n/a	right
9	225.020	0.461	correct	0.461	grate	n/a	n/a	n/a	n/a	n/a	n/a	19	2	n/a	n/a	n/a	n/a	n/a	right
9	226.004	0.527	correct	0.527	grate	n/a	n/a	n/a	n/a	n/a	n/a	19	2	n/a	n/a	n/a	n/a	n/a	left
9	227.053	0.612	correct	0.612	grate	n/a	n/a	n/a	n/a	n/a	n/a	19	2	n/a	n/a	n/a	n/a	n/a	right
9	228.187	0.333	incorrect	0.333	grate	n/a	n/a	n/a	n/a	n/a	n/a	19	2	n/a	n/a	n/a	n/a	n/a	right
9	230.019	3.000	forget	0.514	retrieval	restudy	face	object	scene	other	scene	20	2	60	12	60	112	230.0	n/a
9	235.053	0.509	correct	0.509	grate	n/a	n/a	n/a	n/a	n/a	n/a	20	2	n/a	n/a	n/a	n/a	n/a	right
9	236.070	0.404	correct	0.404	grate	n/a	n/a	n/a	n/a	n/a	n/a	20	2	n/a	n/a	n/a	n/a	n/a	left
9	236.986	0.391	correct	0.391	grate	n/a	n/a	n/a	n/a	n/a	n/a	20	2	n/a	n/a	n/a	n/a	n/a	right
9	237.886	0.412	correct	0.412	grate	n/a	n/a	n/a	n/a	n/a	n/a	20	2	n/a	n/a	n/a	n/a	n/a	left
9	238.819	0.510	correct	0.510	grate	n/a	n/a	n/a	n/a	n/a	n/a	20	2	n/a	n/a	n/a	n/a	n/a	left
9	239.852	0.469	correct	0.469	grate	n/a	n/a	n/a	n/a	n/a	n/a	20	2	n/a	n/a	n/a	n/a	n/a	left
9	240.836	0.100	incorrect	0.100	grate	n/a	n/a	n/a	n/a	n/a	n/a	20	2	n/a	n/a	n/a	n/a	n/a	right
9	242.018	3.000	remember	0.299	retrieval	restudy	face	scene	object	target	face	21	2	108	36	84	212	242.0	n/a
9	247.053	0.469	correct	0.469	grate	n/a	n/a	n/a	n/a	n/a	n/a	21	2	n/a	n/a	n/a	n/a	n/a	left
9	248.035	0.359	correct	0.359	grate	n/a	n/a	n/a	n/a	n/a	n/a	21	2	n/a	n/a	n/a	n/a	n/a	left
9	248.902	0.475	correct	0.475	grate	n/a	n/a	n/a	n/a	n/a	n/a	21	2	n/a	n/a	n/a	n/a	n/a	right
9	249.885	0.500	correct	0.500	grate	n/a	n/a	n/a	n/a	n/a	n/a	21	2	n/a	n/a	n/a	n/a	n/a	left
9	250.902	0.500	correct	0.500	grate	n/a	n/a	n/a	n/a	n/a	n/a	21	2	n/a	n/a	n/a	n/a	n/a	right
9	251.918	0.507	correct	0.507	grate	n/a	n/a	n/a	n/a	n/a	n/a	21	2	n/a	n/a	n/a	n/a	n/a	right
9	252.935	0.100	incorrect	0.100	grate	n/a	n/a	n/a	n/a	n/a	n/a	21	2	n/a	n/a	n/a	n/a	n/a	right
9	254.017	3.000	forget	0.444	retrieval	restudy	object	face	scene	other	scene	22	2	12	60	160	12	254.0	n/a
9	259.052	0.365	correct	0.365	grate	n/a	n/a	n/a	n/a	n/a	n/a	22	2	n/a	n/a	n/a	n/a	n/a	left
9	259.934	0.307	correct	0.307	grate	n/a	n/a	n/a	n/a	n/a	n/a	22	2	n/a	n/a	n/a	n/a	n/a	right
9	260.751	0.475	correct	0.475	grate	n/a	n/a	n/a	n/a	n/a	n/a	22	2	n/a	n/a	n/a	n/a	n/a	left
9	261.734	0.411	correct	0.411	grate	n/a	n/a	n/a	n/a	n/a	n/a	22	2	n/a	n/a	n/a	n/a	n/a	left
9	262.668	0.365	correct	0.365	grate	n/a	n/a	n/a	n/a	n/a	n/a	22	2	n/a	n/a	n/a	n/a	n/a	left
9	263.551	0.378	correct	0.378	grate	n/a	n/a	n/a	n/a	n/a	n/a	22	2	n/a	n/a	n/a	n/a	n/a	right
9	264.451	0.066	incorrect	0.066	grate	n/a	n/a	n/a	n/a	n/a	n/a	22	2	n/a	n/a	n/a	n/a	n/a	right
9	266.016	3.000	remember	0.332	retrieval	retprac	object	face	scene	target	object	23	2	15	63	163	15	266.0	n/a
9	271.051	0.422	correct	0.422	grate	n/a	n/a	n/a	n/a	n/a	n/a	23	2	n/a	n/a	n/a	n/a	n/a	left
9	271.983	0.402	correct	0.402	grate	n/a	n/a	n/a	n/a	n/a	n/a	23	2	n/a	n/a	n/a	n/a	n/a	right
9	272.900	0.333	correct	0.333	grate	n/a	n/a	n/a	n/a	n/a	n/a	23	2	n/a	n/a	n/a	n/a	n/a	left
9	273.750	0.443	correct	0.443	grate	n/a	n/a	n/a	n/a	n/a	n/a	23	2	n/a	n/a	n/a	n/a	n/a	right
9	274.717	0.468	correct	0.468	grate	n/a	n/a	n/a	n/a	n/a	n/a	23	2	n/a	n/a	n/a	n/a	n/a	right
9	275.700	0.445	correct	0.445	grate	n/a	n/a	n/a	n/a	n/a	n/a	23	2	n/a	n/a	n/a	n/a	n/a	right
9	276.667	0.100	incorrect	0.100	grate	n/a	n/a	n/a	n/a	n/a	n/a	23	2	n/a	n/a	n/a	n/a	n/a	left
9	278.016	3.000	forget	0.397	retrieval	retprac	object	face	scene	competitor	face	24	2	9	57	157	9	278.0	n/a
9	283.050	0.519	correct	0.519	grate	n/a	n/a	n/a	n/a	n/a	n/a	24	2	n/a	n/a	n/a	n/a	n/a	left
9	284.083	0.390	correct	0.390	grate	n/a	n/a	n/a	n/a	n/a	n/a	24	2	n/a	n/a	n/a	n/a	n/a	left
9	284.983	0.403	correct	0.403	grate	n/a	n/a	n/a	n/a	n/a	n/a	24	2	n/a	n/a	n/a	n/a	n/a	right
9	285.899	0.430	correct	0.430	grate	n/a	n/a	n/a	n/a	n/a	n/a	24	2	n/a	n/a	n/a	n/a	n/a	left
9	286.849	0.496	correct	0.496	grate	n/a	n/a	n/a	n/a	n/a	n/a	24	2	n/a	n/a	n/a	n/a	n/a	left
9	287.866	0.423	correct	0.423	grate	n/a	n/a	n/a	n/a	n/a	n/a	24	2	n/a	n/a	n/a	n/a	n/a	right
9	288.799	0.100	incorrect	0.100	grate	n/a	n/a	n/a	n/a	n/a	n/a	24	2	n/a	n/a	n/a	n/a	n/a	left
9	290.015	3.000	remember	0.335	retrieval	restudy	object	scene	face	target	object	25	2	136	88	188	240	290.0	n/a
9	295.049	0.420	correct	0.420	grate	n/a	n/a	n/a	n/a	n/a	n/a	25	2	n/a	n/a	n/a	n/a	n/a	left
9	295.982	0.388	correct	0.388	grate	n/a	n/a	n/a	n/a	n/a	n/a	25	2	n/a	n/a	n/a	n/a	n/a	left
9	296.882	0.535	correct	0.535	grate	n/a	n/a	n/a	n/a	n/a	n/a	25	2	n/a	n/a	n/a	n/a	n/a	left
9	297.932	0.357	correct	0.357	grate	n/a	n/a	n/a	n/a	n/a	n/a	25	2	n/a	n/a	n/a	n/a	n/a	left
9	298.798	0.483	correct	0.483	grate	n/a	n/a	n/a	n/a	n/a	n/a	25	2	n/a	n/a	n/a	n/a	n/a	left
9	299.798	0.395	correct	0.395	grate	n/a	n/a	n/a	n/a	n/a	n/a	25	2	n/a	n/a	n/a	n/a	n/a	left
9	300.715	0.100	incorrect	0.100	grate	n/a	n/a	n/a	n/a	n/a	n/a	25	2	n/a	n/a	n/a	n/a	n/a	right
9	302.014	3.000	don't know	0.551	retrieval	restudy	scene	object	face	don't know	don't know	26	2	88	136	288	140	302.0	n/a
9	307.048	1.537	correct	1.537	grate	n/a	n/a	n/a	n/a	n/a	n/a	26	2	n/a	n/a	n/a	n/a	n/a	left
9	309.098	0.455	correct	0.455	grate	n/a	n/a	n/a	n/a	n/a	n/a	26	2	n/a	n/a	n/a	n/a	n/a	right
9	310.064	0.312	correct	0.312	grate	n/a	n/a	n/a	n/a	n/a	n/a	26	2	n/a	n/a	n/a	n/a	n/a	left
9	310.897	0.407	correct	0.407	grate	n/a	n/a	n/a	n/a	n/a	n/a	26	2	n/a	n/a	n/a	n/a	n/a	left
9	311.814	0.340	correct	0.340	grate	n/a	n/a	n/a	n/a	n/a	n/a	26	2	n/a	n/a	n/a	n/a	n/a	left
9	312.664	0.100	incorrect	0.100	grate	n/a	n/a	n/a	n/a	n/a	n/a	26	2	n/a	n/a	n/a	n/a	n/a	left
9	314.013	3.000	remember	0.400	retrieval	retprac	scene	object	face	target	scene	27	2	87	135	287	139	314.0	n/a
9	319.048	0.489	correct	0.489	grate	n/a	n/a	n/a	n/a	n/a	n/a	27	2	n/a	n/a	n/a	n/a	n/a	right
9	320.047	0.458	correct	0.458	grate	n/a	n/a	n/a	n/a	n/a	n/a	27	2	n/a	n/a	n/a	n/a	n/a	right
9	321.014	0.388	correct	0.388	grate	n/a	n/a	n/a	n/a	n/a	n/a	27	2	n/a	n/a	n/a	n/a	n/a	right
9	321.914	0.505	correct	0.505	grate	n/a	n/a	n/a	n/a	n/a	n/a	27	2	n/a	n/a	n/a	n/a	n/a	left
9	322.930	0.351	incorrect	0.351	grate	n/a	n/a	n/a	n/a	n/a	n/a	27	2	n/a	n/a	n/a	n/a	n/a	right
9	323.797	0.500	correct	0.500	grate	n/a	n/a	n/a	n/a	n/a	n/a	27	2	n/a	n/a	n/a	n/a	n/a	right
9	324.813	0.100	incorrect	0.100	grate	n/a	n/a	n/a	n/a	n/a	n/a	27	2	n/a	n/a	n/a	n/a	n/a	left
9	326.012	3.000	forget	0.728	retrieval	retprac	face	scene	object	competitor	scene	28	2	107	35	83	211	326.0	n/a
9	331.046	0.451	correct	0.451	grate	n/a	n/a	n/a	n/a	n/a	n/a	28	2	n/a	n/a	n/a	n/a	n/a	left
9	332.013	0.492	correct	0.492	grate	n/a	n/a	n/a	n/a	n/a	n/a	28	2	n/a	n/a	n/a	n/a	n/a	right
9	333.013	0.484	correct	0.484	grate	n/a	n/a	n/a	n/a	n/a	n/a	28	2	n/a	n/a	n/a	n/a	n/a	left
9	334.013	0.404	correct	0.404	grate	n/a	n/a	n/a	n/a	n/a	n/a	28	2	n/a	n/a	n/a	n/a	n/a	left
9	334.929	0.584	correct	0.584	grate	n/a	n/a	n/a	n/a	n/a	n/a	28	2	n/a	n/a	n/a	n/a	n/a	left
9	336.029	0.475	correct	0.475	grate	n/a	n/a	n/a	n/a	n/a	n/a	28	2	n/a	n/a	n/a	n/a	n/a	left
9	337.012	0.100	incorrect	0.100	grate	n/a	n/a	n/a	n/a	n/a	n/a	28	2	n/a	n/a	n/a	n/a	n/a	left
9	338.011	3.000	remember	0.385	retrieval	retprac	face	scene	object	target	face	29	2	109	37	85	213	338.0	n/a
9	343.045	0.891	correct	0.891	grate	n/a	n/a	n/a	n/a	n/a	n/a	29	2	n/a	n/a	n/a	n/a	n/a	right
9	344.462	0.371	correct	0.371	grate	n/a	n/a	n/a	n/a	n/a	n/a	29	2	n/a	n/a	n/a	n/a	n/a	left
9	345.345	0.447	correct	0.447	grate	n/a	n/a	n/a	n/a	n/a	n/a	29	2	n/a	n/a	n/a	n/a	n/a	right
9	346.312	0.385	correct	0.385	grate	n/a	n/a	n/a	n/a	n/a	n/a	29	2	n/a	n/a	n/a	n/a	n/a	left
9	347.212	0.493	correct	0.493	grate	n/a	n/a	n/a	n/a	n/a	n/a	29	2	n/a	n/a	n/a	n/a	n/a	left
9	348.228	0.283	incorrect	0.283	grate	n/a	n/a	n/a	n/a	n/a	n/a	29	2	n/a	n/a	n/a	n/a	n/a	left
9	350.011	3.000	remember	0.442	retrieval	restudy	face	object	scene	target	face	30	2	58	10	58	110	350.0	n/a
9	355.044	0.460	correct	0.460	grate	n/a	n/a	n/a	n/a	n/a	n/a	30	2	n/a	n/a	n/a	n/a	n/a	left
9	356.028	0.373	correct	0.373	grate	n/a	n/a	n/a	n/a	n/a	n/a	30	2	n/a	n/a	n/a	n/a	n/a	left
9	356.911	0.361	correct	0.361	grate	n/a	n/a	n/a	n/a	n/a	n/a	30	2	n/a	n/a	n/a	n/a	n/a	left
9	357.794	0.382	correct	0.382	grate	n/a	n/a	n/a	n/a	n/a	n/a	30	2	n/a	n/a	n/a	n/a	n/a	left
9	358.694	0.882	correct	0.882	grate	n/a	n/a	n/a	n/a	n/a	n/a	30	2	n/a	n/a	n/a	n/a	n/a	right
9	360.094	0.378	correct	0.378	grate	n/a	n/a	n/a	n/a	n/a	n/a	30	2	n/a	n/a	n/a	n/a	n/a	left
9	360.994	0.100	incorrect	0.100	grate	n/a	n/a	n/a	n/a	n/a	n/a	30	2	n/a	n/a	n/a	n/a	n/a	left
9	362.010	3.000	forget	0.506	retrieval	retprac	face	scene	object	competitor	scene	31	2	111	39	87	215	362.0	n/a
9	367.044	0.445	correct	0.445	grate	n/a	n/a	n/a	n/a	n/a	n/a	31	2	n/a	n/a	n/a	n/a	n/a	left
9	368.010	0.358	correct	0.358	grate	n/a	n/a	n/a	n/a	n/a	n/a	31	2	n/a	n/a	n/a	n/a	n/a	left
9	368.877	0.017	incorrect	0.017	grate	n/a	n/a	n/a	n/a	n/a	n/a	31	2	n/a	n/a	n/a	n/a	n/a	right
9	369.428	0.756	correct	0.756	grate	n/a	n/a	n/a	n/a	n/a	n/a	31	2	n/a	n/a	n/a	n/a	n/a	left
9	370.693	0.715	correct	0.715	grate	n/a	n/a	n/a	n/a	n/a	n/a	31	2	n/a	n/a	n/a	n/a	n/a	right
9	371.927	0.426	correct	0.426	grate	n/a	n/a	n/a	n/a	n/a	n/a	31	2	n/a	n/a	n/a	n/a	n/a	left
9	372.860	0.100	incorrect	0.100	grate	n/a	n/a	n/a	n/a	n/a	n/a	31	2	n/a	n/a	n/a	n/a	n/a	right
9	374.009	3.000	forget	0.283	retrieval	restudy	object	face	scene	competitor	face	32	2	16	64	164	16	374.0	n/a
9	379.043	0.405	correct	0.405	grate	n/a	n/a	n/a	n/a	n/a	n/a	32	2	n/a	n/a	n/a	n/a	n/a	left
9	379.959	0.361	correct	0.361	grate	n/a	n/a	n/a	n/a	n/a	n/a	32	2	n/a	n/a	n/a	n/a	n/a	left
9	380.843	0.486	correct	0.486	grate	n/a	n/a	n/a	n/a	n/a	n/a	32	2	n/a	n/a	n/a	n/a	n/a	right
9	381.842	0.358	correct	0.358	grate	n/a	n/a	n/a	n/a	n/a	n/a	32	2	n/a	n/a	n/a	n/a	n/a	right
9	382.709	0.363	correct	0.363	grate	n/a	n/a	n/a	n/a	n/a	n/a	32	2	n/a	n/a	n/a	n/a	n/a	left
9	383.593	0.408	correct	0.408	grate	n/a	n/a	n/a	n/a	n/a	n/a	32	2	n/a	n/a	n/a	n/a	n/a	left
9	384.509	0.100	incorrect	0.100	grate	n/a	n/a	n/a	n/a	n/a	n/a	32	2	n/a	n/a	n/a	n/a	n/a	left
9	386.008	3.000	forget	0.396	retrieval	restudy	face	object	scene	competitor	object	33	2	62	14	62	114	386.0	n/a
9	391.042	0.710	correct	0.710	grate	n/a	n/a	n/a	n/a	n/a	n/a	33	2	n/a	n/a	n/a	n/a	n/a	right
9	392.275	0.413	correct	0.413	grate	n/a	n/a	n/a	n/a	n/a	n/a	33	2	n/a	n/a	n/a	n/a	n/a	right
9	393.209	0.368	correct	0.368	grate	n/a	n/a	n/a	n/a	n/a	n/a	33	2	n/a	n/a	n/a	n/a	n/a	right
9	394.092	0.397	correct	0.397	grate	n/a	n/a	n/a	n/a	n/a	n/a	33	2	n/a	n/a	n/a	n/a	n/a	right
9	395.008	0.447	correct	0.447	grate	n/a	n/a	n/a	n/a	n/a	n/a	33	2	n/a	n/a	n/a	n/a	n/a	left
9	395.975	0.433	correct	0.433	grate	n/a	n/a	n/a	n/a	n/a	n/a	33	2	n/a	n/a	n/a	n/a	n/a	left
9	396.925	0.100	incorrect	0.100	grate	n/a	n/a	n/a	n/a	n/a	n/a	33	2	n/a	n/a	n/a	n/a	n/a	right
9	398.007	3.000	forget	0.348	retrieval	retprac	object	scene	face	competitor	scene	34	2	133	85	185	237	398.0	n/a
9	403.041	0.335	correct	0.335	grate	n/a	n/a	n/a	n/a	n/a	n/a	34	2	n/a	n/a	n/a	n/a	n/a	left
9	403.891	0.493	correct	0.493	grate	n/a	n/a	n/a	n/a	n/a	n/a	34	2	n/a	n/a	n/a	n/a	n/a	right
9	404.891	0.405	correct	0.405	grate	n/a	n/a	n/a	n/a	n/a	n/a	34	2	n/a	n/a	n/a	n/a	n/a	right
9	405.808	0.424	correct	0.424	grate	n/a	n/a	n/a	n/a	n/a	n/a	34	2	n/a	n/a	n/a	n/a	n/a	left
9	406.741	0.443	correct	0.443	grate	n/a	n/a	n/a	n/a	n/a	n/a	34	2	n/a	n/a	n/a	n/a	n/a	right
9	407.691	0.342	incorrect	0.342	grate	n/a	n/a	n/a	n/a	n/a	n/a	34	2	n/a	n/a	n/a	n/a	n/a	right
9	408.541	0.100	incorrect	0.100	grate	n/a	n/a	n/a	n/a	n/a	n/a	34	2	n/a	n/a	n/a	n/a	n/a	right
9	410.006	3.000	remember	0.357	retrieval	restudy	object	scene	face	target	object	35	2	132	84	184	236	410.0	n/a
9	415.040	0.415	correct	0.415	grate	n/a	n/a	n/a	n/a	n/a	n/a	35	2	n/a	n/a	n/a	n/a	n/a	left
9	415.974	0.451	correct	0.451	grate	n/a	n/a	n/a	n/a	n/a	n/a	35	2	n/a	n/a	n/a	n/a	n/a	right
9	416.940	0.348	incorrect	0.348	grate	n/a	n/a	n/a	n/a	n/a	n/a	35	2	n/a	n/a	n/a	n/a	n/a	right
9	417.807	0.521	correct	0.521	grate	n/a	n/a	n/a	n/a	n/a	n/a	35	2	n/a	n/a	n/a	n/a	n/a	right
9	418.840	0.448	correct	0.448	grate	n/a	n/a	n/a	n/a	n/a	n/a	35	2	n/a	n/a	n/a	n/a	n/a	right
9	419.807	0.626	correct	0.626	grate	n/a	n/a	n/a	n/a	n/a	n/a	35	2	n/a	n/a	n/a	n/a	n/a	left
9	420.940	0.100	incorrect	0.100	grate	n/a	n/a	n/a	n/a	n/a	n/a	35	2	n/a	n/a	n/a	n/a	n/a	left
9	422.022	3.000	forget	0.821	retrieval	retprac	object	scene	face	other	face	36	2	135	87	187	239	422.0	n/a
9	427.056	0.535	correct	0.535	grate	n/a	n/a	n/a	n/a	n/a	n/a	36	2	n/a	n/a	n/a	n/a	n/a	right
9	428.106	0.398	correct	0.398	grate	n/a	n/a	n/a	n/a	n/a	n/a	36	2	n/a	n/a	n/a	n/a	n/a	right
9	429.023	0.481	correct	0.481	grate	n/a	n/a	n/a	n/a	n/a	n/a	36	2	n/a	n/a	n/a	n/a	n/a	right
9	430.023	0.489	correct	0.489	grate	n/a	n/a	n/a	n/a	n/a	n/a	36	2	n/a	n/a	n/a	n/a	n/a	right
9	431.023	0.465	correct	0.465	grate	n/a	n/a	n/a	n/a	n/a	n/a	36	2	n/a	n/a	n/a	n/a	n/a	left
9	432.006	0.426	correct	0.426	grate	n/a	n/a	n/a	n/a	n/a	n/a	36	2	n/a	n/a	n/a	n/a	n/a	left
9	432.939	0.100	incorrect	0.100	grate	n/a	n/a	n/a	n/a	n/a	n/a	36	2	n/a	n/a	n/a	n/a	n/a	left
9	434.021	3.000	remember	0.566	retrieval	restudy	scene	face	object	target	scene	37	2	40	112	264	40	434.0	n/a
9	439.055	0.464	correct	0.464	grate	n/a	n/a	n/a	n/a	n/a	n/a	37	2	n/a	n/a	n/a	n/a	n/a	left
9	440.039	0.409	correct	0.409	grate	n/a	n/a	n/a	n/a	n/a	n/a	37	2	n/a	n/a	n/a	n/a	n/a	right
9	440.955	0.372	correct	0.372	grate	n/a	n/a	n/a	n/a	n/a	n/a	37	2	n/a	n/a	n/a	n/a	n/a	left
9	441.838	0.449	correct	0.449	grate	n/a	n/a	n/a	n/a	n/a	n/a	37	2	n/a	n/a	n/a	n/a	n/a	left
9	442.805	0.411	correct	0.411	grate	n/a	n/a	n/a	n/a	n/a	n/a	37	2	n/a	n/a	n/a	n/a	n/a	left
9	443.738	0.485	correct	0.485	grate	n/a	n/a	n/a	n/a	n/a	n/a	37	2	n/a	n/a	n/a	n/a	n/a	right
9	444.738	0.100	incorrect	0.100	grate	n/a	n/a	n/a	n/a	n/a	n/a	37	2	n/a	n/a	n/a	n/a	n/a	left
9	446.021	3.000	forget	0.511	retrieval	restudy	object	face	scene	other	scene	38	2	14	62	162	14	446.0	n/a
9	451.055	0.562	correct	0.562	grate	n/a	n/a	n/a	n/a	n/a	n/a	38	2	n/a	n/a	n/a	n/a	n/a	left
9	452.138	0.454	correct	0.454	grate	n/a	n/a	n/a	n/a	n/a	n/a	38	2	n/a	n/a	n/a	n/a	n/a	right
9	453.104	0.472	correct	0.472	grate	n/a	n/a	n/a	n/a	n/a	n/a	38	2	n/a	n/a	n/a	n/a	n/a	right
9	454.088	0.592	correct	0.592	grate	n/a	n/a	n/a	n/a	n/a	n/a	38	2	n/a	n/a	n/a	n/a	n/a	left
9	455.188	0.548	correct	0.548	grate	n/a	n/a	n/a	n/a	n/a	n/a	38	2	n/a	n/a	n/a	n/a	n/a	left
9	456.254	0.266	incorrect	0.266	grate	n/a	n/a	n/a	n/a	n/a	n/a	38	2	n/a	n/a	n/a	n/a	n/a	left
9	458.020	3.000	remember	0.336	retrieval	retprac	scene	object	face	target	scene	39	2	81	129	281	133	458.0	n/a
9	463.054	0.378	correct	0.378	grate	n/a	n/a	n/a	n/a	n/a	n/a	39	2	n/a	n/a	n/a	n/a	n/a	left
9	463.954	0.438	correct	0.438	grate	n/a	n/a	n/a	n/a	n/a	n/a	39	2	n/a	n/a	n/a	n/a	n/a	right
9	464.903	0.432	correct	0.432	grate	n/a	n/a	n/a	n/a	n/a	n/a	39	2	n/a	n/a	n/a	n/a	n/a	right
9	465.853	0.482	correct	0.482	grate	n/a	n/a	n/a	n/a	n/a	n/a	39	2	n/a	n/a	n/a	n/a	n/a	right
9	466.853	0.522	correct	0.522	grate	n/a	n/a	n/a	n/a	n/a	n/a	39	2	n/a	n/a	n/a	n/a	n/a	left
9	467.887	0.505	correct	0.505	grate	n/a	n/a	n/a	n/a	n/a	n/a	39	2	n/a	n/a	n/a	n/a	n/a	right
9	468.903	0.100	incorrect	0.100	grate	n/a	n/a	n/a	n/a	n/a	n/a	39	2	n/a	n/a	n/a	n/a	n/a	right
9	470.019	3.000	forget	0.440	retrieval	retprac	object	face	scene	competitor	face	40	2	11	59	159	11	470.0	n/a
9	475.053	0.442	correct	0.442	grate	n/a	n/a	n/a	n/a	n/a	n/a	40	2	n/a	n/a	n/a	n/a	n/a	right
9	476.003	0.444	correct	0.444	grate	n/a	n/a	n/a	n/a	n/a	n/a	40	2	n/a	n/a	n/a	n/a	n/a	right
9	476.969	0.446	correct	0.446	grate	n/a	n/a	n/a	n/a	n/a	n/a	40	2	n/a	n/a	n/a	n/a	n/a	left
9	477.936	0.448	correct	0.448	grate	n/a	n/a	n/a	n/a	n/a	n/a	40	2	n/a	n/a	n/a	n/a	n/a	left
9	478.903	0.489	correct	0.489	grate	n/a	n/a	n/a	n/a	n/a	n/a	40	2	n/a	n/a	n/a	n/a	n/a	left
9	479.902	0.473	correct	0.473	grate	n/a	n/a	n/a	n/a	n/a	n/a	40	2	n/a	n/a	n/a	n/a	n/a	left
9	480.886	0.100	incorrect	0.100	grate	n/a	n/a	n/a	n/a	n/a	n/a	40	2	n/a	n/a	n/a	n/a	n/a	left
9	482.018	3.000	remember	0.593	retrieval	retprac	face	object	scene	target	face	41	2	63	15	63	115	482.0	n/a
9	487.052	0.372	correct	0.372	grate	n/a	n/a	n/a	n/a	n/a	n/a	41	2	n/a	n/a	n/a	n/a	n/a	left
9	487.935	1.352	correct	1.352	grate	n/a	n/a	n/a	n/a	n/a	n/a	41	2	n/a	n/a	n/a	n/a	n/a	right
9	489.802	0.317	correct	0.317	grate	n/a	n/a	n/a	n/a	n/a	n/a	41	2	n/a	n/a	n/a	n/a	n/a	left
9	490.635	0.388	correct	0.388	grate	n/a	n/a	n/a	n/a	n/a	n/a	41	2	n/a	n/a	n/a	n/a	n/a	right
9	491.535	0.440	correct	0.440	grate	n/a	n/a	n/a	n/a	n/a	n/a	41	2	n/a	n/a	n/a	n/a	n/a	left
9	492.485	0.033	incorrect	0.033	grate	n/a	n/a	n/a	n/a	n/a	n/a	41	2	n/a	n/a	n/a	n/a	n/a	right
9	494.017	3.000	forget	0.417	retrieval	retprac	scene	face	object	competitor	face	42	2	33	105	257	33	494.0	n/a
9	499.051	0.476	correct	0.476	grate	n/a	n/a	n/a	n/a	n/a	n/a	42	2	n/a	n/a	n/a	n/a	n/a	right
9	500.034	0.253	correct	0.253	grate	n/a	n/a	n/a	n/a	n/a	n/a	42	2	n/a	n/a	n/a	n/a	n/a	left
9	500.801	0.382	correct	0.382	grate	n/a	n/a	n/a	n/a	n/a	n/a	42	2	n/a	n/a	n/a	n/a	n/a	left
9	501.701	0.411	correct	0.411	grate	n/a	n/a	n/a	n/a	n/a	n/a	42	2	n/a	n/a	n/a	n/a	n/a	left
9	502.634	0.437	correct	0.437	grate	n/a	n/a	n/a	n/a	n/a	n/a	42	2	n/a	n/a	n/a	n/a	n/a	right
9	503.584	0.399	incorrect	0.399	grate	n/a	n/a	n/a	n/a	n/a	n/a	42	2	n/a	n/a	n/a	n/a	n/a	right
9	504.501	0.017	incorrect	0.017	grate	n/a	n/a	n/a	n/a	n/a	n/a	42	2	n/a	n/a	n/a	n/a	n/a	left
9	506.016	3.000	no response	n/a	retrieval	retprac	object	scene	face	no response	no response	43	2	131	83	183	235	506.0	n/a
9	511.050	0.981	correct	0.981	grate	n/a	n/a	n/a	n/a	n/a	n/a	43	2	n/a	n/a	n/a	n/a	n/a	right
9	512.550	0.409	correct	0.409	grate	n/a	n/a	n/a	n/a	n/a	n/a	43	2	n/a	n/a	n/a	n/a	n/a	right
9	513.467	0.404	correct	0.404	grate	n/a	n/a	n/a	n/a	n/a	n/a	43	2	n/a	n/a	n/a	n/a	n/a	right
9	514.383	0.368	correct	0.368	grate	n/a	n/a	n/a	n/a	n/a	n/a	43	2	n/a	n/a	n/a	n/a	n/a	right
9	515.267	0.492	correct	0.492	grate	n/a	n/a	n/a	n/a	n/a	n/a	43	2	n/a	n/a	n/a	n/a	n/a	left
9	516.267	0.250	incorrect	0.250	grate	n/a	n/a	n/a	n/a	n/a	n/a	43	2	n/a	n/a	n/a	n/a	n/a	left
9	518.016	3.000	forget	0.436	retrieval	restudy	face	scene	object	competitor	scene	44	2	106	34	82	210	518.0	n/a
9	523.049	0.405	correct	0.405	grate	n/a	n/a	n/a	n/a	n/a	n/a	44	2	n/a	n/a	n/a	n/a	n/a	left
9	523.966	0.417	correct	0.417	grate	n/a	n/a	n/a	n/a	n/a	n/a	44	2	n/a	n/a	n/a	n/a	n/a	right
9	524.899	0.428	correct	0.428	grate	n/a	n/a	n/a	n/a	n/a	n/a	44	2	n/a	n/a	n/a	n/a	n/a	left
9	525.849	0.445	correct	0.445	grate	n/a	n/a	n/a	n/a	n/a	n/a	44	2	n/a	n/a	n/a	n/a	n/a	left
9	526.816	0.415	correct	0.415	grate	n/a	n/a	n/a	n/a	n/a	n/a	44	2	n/a	n/a	n/a	n/a	n/a	left
9	527.749	0.434	correct	0.434	grate	n/a	n/a	n/a	n/a	n/a	n/a	44	2	n/a	n/a	n/a	n/a	n/a	right
9	528.699	0.100	incorrect	0.100	grate	n/a	n/a	n/a	n/a	n/a	n/a	44	2	n/a	n/a	n/a	n/a	n/a	right
9	530.015	3.000	remember	0.508	retrieval	restudy	scene	face	object	target	scene	45	2	34	106	258	34	530.0	n/a
9	535.048	0.430	correct	0.430	grate	n/a	n/a	n/a	n/a	n/a	n/a	45	2	n/a	n/a	n/a	n/a	n/a	right
9	535.999	0.416	correct	0.416	grate	n/a	n/a	n/a	n/a	n/a	n/a	45	2	n/a	n/a	n/a	n/a	n/a	left
9	536.932	0.475	correct	0.475	grate	n/a	n/a	n/a	n/a	n/a	n/a	45	2	n/a	n/a	n/a	n/a	n/a	right
9	537.915	0.516	correct	0.516	grate	n/a	n/a	n/a	n/a	n/a	n/a	45	2	n/a	n/a	n/a	n/a	n/a	left
9	538.948	0.411	correct	0.411	grate	n/a	n/a	n/a	n/a	n/a	n/a	45	2	n/a	n/a	n/a	n/a	n/a	right
9	539.881	0.485	correct	0.485	grate	n/a	n/a	n/a	n/a	n/a	n/a	45	2	n/a	n/a	n/a	n/a	n/a	right
9	540.881	0.100	incorrect	0.100	grate	n/a	n/a	n/a	n/a	n/a	n/a	45	2	n/a	n/a	n/a	n/a	n/a	right
9	542.014	3.000	forget	0.389	retrieval	restudy	scene	face	object	competitor	face	46	2	38	110	262	38	542.0	n/a
9	547.048	0.471	correct	0.471	grate	n/a	n/a	n/a	n/a	n/a	n/a	46	2	n/a	n/a	n/a	n/a	n/a	left
9	548.031	1.040	correct	1.040	grate	n/a	n/a	n/a	n/a	n/a	n/a	46	2	n/a	n/a	n/a	n/a	n/a	right
9	549.581	0.698	correct	0.698	grate	n/a	n/a	n/a	n/a	n/a	n/a	46	2	n/a	n/a	n/a	n/a	n/a	right
9	550.798	0.505	correct	0.505	grate	n/a	n/a	n/a	n/a	n/a	n/a	46	2	n/a	n/a	n/a	n/a	n/a	left
9	551.814	0.584	correct	0.584	grate	n/a	n/a	n/a	n/a	n/a	n/a	46	2	n/a	n/a	n/a	n/a	n/a	right
9	552.914	0.100	incorrect	0.100	grate	n/a	n/a	n/a	n/a	n/a	n/a	46	2	n/a	n/a	n/a	n/a	n/a	left
9	554.013	3.000	forget	0.317	retrieval	retprac	object	face	scene	competitor	face	47	2	13	61	161	13	554.0	n/a
9	559.047	0.440	correct	0.440	grate	n/a	n/a	n/a	n/a	n/a	n/a	47	2	n/a	n/a	n/a	n/a	n/a	left
9	559.997	0.354	correct	0.354	grate	n/a	n/a	n/a	n/a	n/a	n/a	47	2	n/a	n/a	n/a	n/a	n/a	left
9	560.863	0.488	correct	0.488	grate	n/a	n/a	n/a	n/a	n/a	n/a	47	2	n/a	n/a	n/a	n/a	n/a	right
9	561.864	0.480	correct	0.480	grate	n/a	n/a	n/a	n/a	n/a	n/a	47	2	n/a	n/a	n/a	n/a	n/a	right
9	562.863	0.360	correct	0.360	grate	n/a	n/a	n/a	n/a	n/a	n/a	47	2	n/a	n/a	n/a	n/a	n/a	right
9	563.730	0.453	correct	0.453	grate	n/a	n/a	n/a	n/a	n/a	n/a	47	2	n/a	n/a	n/a	n/a	n/a	left
9	564.696	0.100	incorrect	0.100	grate	n/a	n/a	n/a	n/a	n/a	n/a	47	2	n/a	n/a	n/a	n/a	n/a	left
9	566.012	3.000	forget	0.542	retrieval	restudy	face	scene	object	other	object	48	2	112	40	88	216	566.0	n/a
9	571.046	0.840	correct	0.840	grate	n/a	n/a	n/a	n/a	n/a	n/a	48	2	n/a	n/a	n/a	n/a	n/a	left
9	572.396	0.396	correct	0.396	grate	n/a	n/a	n/a	n/a	n/a	n/a	48	2	n/a	n/a	n/a	n/a	n/a	left
9	573.313	0.518	correct	0.518	grate	n/a	n/a	n/a	n/a	n/a	n/a	48	2	n/a	n/a	n/a	n/a	n/a	right
9	574.346	0.413	correct	0.413	grate	n/a	n/a	n/a	n/a	n/a	n/a	48	2	n/a	n/a	n/a	n/a	n/a	right
9	575.279	0.391	correct	0.391	grate	n/a	n/a	n/a	n/a	n/a	n/a	48	2	n/a	n/a	n/a	n/a	n/a	left
9	576.179	0.333	incorrect	0.333	grate	n/a	n/a	n/a	n/a	n/a	n/a	48	2	n/a	n/a	n/a	n/a	n/a	right
9	2.018	3.000	remember	0.557	retrieval	restudy	face	scene	object	target	face	1	3	120	48	96	224	2.0	n/a
9	7.052	0.736	correct	0.736	grate	n/a	n/a	n/a	n/a	n/a	n/a	1	3	n/a	n/a	n/a	n/a	n/a	left
9	8.302	0.463	correct	0.463	grate	n/a	n/a	n/a	n/a	n/a	n/a	1	3	n/a	n/a	n/a	n/a	n/a	left
9	9.285	0.528	correct	0.528	grate	n/a	n/a	n/a	n/a	n/a	n/a	1	3	n/a	n/a	n/a	n/a	n/a	left
9	10.335	0.573	correct	0.573	grate	n/a	n/a	n/a	n/a	n/a	n/a	1	3	n/a	n/a	n/a	n/a	n/a	right
9	11.418	0.593	correct	0.593	grate	n/a	n/a	n/a	n/a	n/a	n/a	1	3	n/a	n/a	n/a	n/a	n/a	right
9	12.518	0.000	incorrect	0.000	grate	n/a	n/a	n/a	n/a	n/a	n/a	1	3	n/a	n/a	n/a	n/a	n/a	right
9	14.017	3.000	forget	0.590	retrieval	retprac	scene	face	object	other	object	2	3	43	115	267	43	14.0	n/a
9	19.051	0.624	correct	0.624	grate	n/a	n/a	n/a	n/a	n/a	n/a	2	3	n/a	n/a	n/a	n/a	n/a	right
9	20.184	0.531	correct	0.531	grate	n/a	n/a	n/a	n/a	n/a	n/a	2	3	n/a	n/a	n/a	n/a	n/a	left
9	21.234	0.545	correct	0.545	grate	n/a	n/a	n/a	n/a	n/a	n/a	2	3	n/a	n/a	n/a	n/a	n/a	right
9	22.301	0.510	correct	0.510	grate	n/a	n/a	n/a	n/a	n/a	n/a	2	3	n/a	n/a	n/a	n/a	n/a	left
9	23.334	0.527	correct	0.527	grate	n/a	n/a	n/a	n/a	n/a	n/a	2	3	n/a	n/a	n/a	n/a	n/a	left
9	24.384	0.133	incorrect	0.133	grate	n/a	n/a	n/a	n/a	n/a	n/a	2	3	n/a	n/a	n/a	n/a	n/a	left
9	26.016	3.000	forget	0.447	retrieval	retprac	scene	face	object	competitor	face	3	3	45	117	269	45	26.0	n/a
9	31.050	0.577	correct	0.577	grate	n/a	n/a	n/a	n/a	n/a	n/a	3	3	n/a	n/a	n/a	n/a	n/a	right
9	32.150	0.477	incorrect	0.477	grate	n/a	n/a	n/a	n/a	n/a	n/a	3	3	n/a	n/a	n/a	n/a	n/a	left
9	33.150	0.366	correct	0.366	grate	n/a	n/a	n/a	n/a	n/a	n/a	3	3	n/a	n/a	n/a	n/a	n/a	right
9	34.033	0.427	correct	0.427	grate	n/a	n/a	n/a	n/a	n/a	n/a	3	3	n/a	n/a	n/a	n/a	n/a	left
9	34.983	0.556	correct	0.556	grate	n/a	n/a	n/a	n/a	n/a	n/a	3	3	n/a	n/a	n/a	n/a	n/a	right
9	36.050	0.466	incorrect	0.466	grate	n/a	n/a	n/a	n/a	n/a	n/a	3	3	n/a	n/a	n/a	n/a	n/a	left
9	38.015	3.000	forget	0.399	retrieval	retprac	scene	object	face	other	face	4	3	91	139	291	143	38.0	n/a
9	43.050	0.482	correct	0.482	grate	n/a	n/a	n/a	n/a	n/a	n/a	4	3	n/a	n/a	n/a	n/a	n/a	right
9	44.049	0.402	correct	0.402	grate	n/a	n/a	n/a	n/a	n/a	n/a	4	3	n/a	n/a	n/a	n/a	n/a	right
9	44.966	0.381	correct	0.381	grate	n/a	n/a	n/a	n/a	n/a	n/a	4	3	n/a	n/a	n/a	n/a	n/a	right
9	45.866	0.481	correct	0.481	grate	n/a	n/a	n/a	n/a	n/a	n/a	4	3	n/a	n/a	n/a	n/a	n/a	left
9	46.866	0.369	correct	0.369	grate	n/a	n/a	n/a	n/a	n/a	n/a	4	3	n/a	n/a	n/a	n/a	n/a	left
9	47.749	0.518	correct	0.518	grate	n/a	n/a	n/a	n/a	n/a	n/a	4	3	n/a	n/a	n/a	n/a	n/a	left
9	48.782	0.100	incorrect	0.100	grate	n/a	n/a	n/a	n/a	n/a	n/a	4	3	n/a	n/a	n/a	n/a	n/a	left
9	50.015	3.000	forget	0.496	retrieval	retprac	scene	object	face	competitor	object	5	3	89	137	289	141	50.0	n/a
9	55.049	0.474	correct	0.474	grate	n/a	n/a	n/a	n/a	n/a	n/a	5	3	n/a	n/a	n/a	n/a	n/a	right
9	56.032	0.491	correct	0.491	grate	n/a	n/a	n/a	n/a	n/a	n/a	5	3	n/a	n/a	n/a	n/a	n/a	right
9	57.032	0.547	correct	0.547	grate	n/a	n/a	n/a	n/a	n/a	n/a	5	3	n/a	n/a	n/a	n/a	n/a	left
9	58.098	0.506	correct	0.506	grate	n/a	n/a	n/a	n/a	n/a	n/a	5	3	n/a	n/a	n/a	n/a	n/a	left
9	59.115	0.505	correct	0.505	grate	n/a	n/a	n/a	n/a	n/a	n/a	5	3	n/a	n/a	n/a	n/a	n/a	left
9	60.132	0.383	incorrect	0.383	grate	n/a	n/a	n/a	n/a	n/a	n/a	5	3	n/a	n/a	n/a	n/a	n/a	left
9	62.014	3.000	remember	0.417	retrieval	restudy	face	object	scene	target	face	6	3	70	22	70	122	62.0	n/a
9	67.048	0.499	correct	0.499	grate	n/a	n/a	n/a	n/a	n/a	n/a	6	3	n/a	n/a	n/a	n/a	n/a	right
9	68.064	0.459	correct	0.459	grate	n/a	n/a	n/a	n/a	n/a	n/a	6	3	n/a	n/a	n/a	n/a	n/a	left
9	69.031	0.428	correct	0.428	grate	n/a	n/a	n/a	n/a	n/a	n/a	6	3	n/a	n/a	n/a	n/a	n/a	left
9	69.981	0.486	correct	0.486	grate	n/a	n/a	n/a	n/a	n/a	n/a	6	3	n/a	n/a	n/a	n/a	n/a	left
9	70.981	0.454	correct	0.454	grate	n/a	n/a	n/a	n/a	n/a	n/a	6	3	n/a	n/a	n/a	n/a	n/a	left
9	71.947	0.528	correct	0.528	grate	n/a	n/a	n/a	n/a	n/a	n/a	6	3	n/a	n/a	n/a	n/a	n/a	right
9	72.997	0.100	incorrect	0.100	grate	n/a	n/a	n/a	n/a	n/a	n/a	6	3	n/a	n/a	n/a	n/a	n/a	left
9	74.013	3.000	remember	0.497	retrieval	retprac	object	scene	face	target	object	7	3	137	89	189	241	74.0	n/a
9	79.047	0.469	correct	0.469	grate	n/a	n/a	n/a	n/a	n/a	n/a	7	3	n/a	n/a	n/a	n/a	n/a	left
9	80.030	0.405	correct	0.405	grate	n/a	n/a	n/a	n/a	n/a	n/a	7	3	n/a	n/a	n/a	n/a	n/a	left
9	80.946	0.488	correct	0.488	grate	n/a	n/a	n/a	n/a	n/a	n/a	7	3	n/a	n/a	n/a	n/a	n/a	right
9	81.947	0.448	correct	0.448	grate	n/a	n/a	n/a	n/a	n/a	n/a	7	3	n/a	n/a	n/a	n/a	n/a	right
9	82.913	0.506	correct	0.506	grate	n/a	n/a	n/a	n/a	n/a	n/a	7	3	n/a	n/a	n/a	n/a	n/a	right
9	83.930	0.473	correct	0.473	grate	n/a	n/a	n/a	n/a	n/a	n/a	7	3	n/a	n/a	n/a	n/a	n/a	left
9	84.913	0.100	incorrect	0.100	grate	n/a	n/a	n/a	n/a	n/a	n/a	7	3	n/a	n/a	n/a	n/a	n/a	right
9	86.012	3.000	forget	0.571	retrieval	retprac	object	face	scene	other	scene	8	3	17	65	165	17	86.0	n/a
9	91.046	0.453	correct	0.453	grate	n/a	n/a	n/a	n/a	n/a	n/a	8	3	n/a	n/a	n/a	n/a	n/a	left
9	92.013	0.502	correct	0.502	grate	n/a	n/a	n/a	n/a	n/a	n/a	8	3	n/a	n/a	n/a	n/a	n/a	left
9	93.029	0.438	correct	0.438	grate	n/a	n/a	n/a	n/a	n/a	n/a	8	3	n/a	n/a	n/a	n/a	n/a	left
9	93.979	0.408	correct	0.408	grate	n/a	n/a	n/a	n/a	n/a	n/a	8	3	n/a	n/a	n/a	n/a	n/a	left
9	94.896	0.547	correct	0.547	grate	n/a	n/a	n/a	n/a	n/a	n/a	8	3	n/a	n/a	n/a	n/a	n/a	right
9	95.962	0.513	correct	0.513	grate	n/a	n/a	n/a	n/a	n/a	n/a	8	3	n/a	n/a	n/a	n/a	n/a	left
9	96.996	0.100	incorrect	0.100	grate	n/a	n/a	n/a	n/a	n/a	n/a	8	3	n/a	n/a	n/a	n/a	n/a	left
9	98.011	3.000	remember	0.379	retrieval	retprac	object	scene	face	target	object	9	3	141	93	193	245	98.0	n/a
9	103.045	0.429	correct	0.429	grate	n/a	n/a	n/a	n/a	n/a	n/a	9	3	n/a	n/a	n/a	n/a	n/a	left
9	103.995	0.383	correct	0.383	grate	n/a	n/a	n/a	n/a	n/a	n/a	9	3	n/a	n/a	n/a	n/a	n/a	left
9	104.895	0.412	correct	0.412	grate	n/a	n/a	n/a	n/a	n/a	n/a	9	3	n/a	n/a	n/a	n/a	n/a	left
9	105.828	0.470	correct	0.470	grate	n/a	n/a	n/a	n/a	n/a	n/a	9	3	n/a	n/a	n/a	n/a	n/a	right
9	106.812	0.423	correct	0.423	grate	n/a	n/a	n/a	n/a	n/a	n/a	9	3	n/a	n/a	n/a	n/a	n/a	right
9	107.745	0.410	correct	0.410	grate	n/a	n/a	n/a	n/a	n/a	n/a	9	3	n/a	n/a	n/a	n/a	n/a	right
9	108.678	0.100	incorrect	0.100	grate	n/a	n/a	n/a	n/a	n/a	n/a	9	3	n/a	n/a	n/a	n/a	n/a	right
9	110.010	3.000	forget	0.580	retrieval	restudy	object	scene	face	competitor	scene	10	3	140	92	192	244	110.0	n/a
9	115.045	0.463	correct	0.463	grate	n/a	n/a	n/a	n/a	n/a	n/a	10	3	n/a	n/a	n/a	n/a	n/a	left
9	116.028	0.407	correct	0.407	grate	n/a	n/a	n/a	n/a	n/a	n/a	10	3	n/a	n/a	n/a	n/a	n/a	left
9	116.944	0.402	correct	0.402	grate	n/a	n/a	n/a	n/a	n/a	n/a	10	3	n/a	n/a	n/a	n/a	n/a	left
9	117.861	0.446	correct	0.446	grate	n/a	n/a	n/a	n/a	n/a	n/a	10	3	n/a	n/a	n/a	n/a	n/a	right
9	118.827	0.455	correct	0.455	grate	n/a	n/a	n/a	n/a	n/a	n/a	10	3	n/a	n/a	n/a	n/a	n/a	right
9	119.794	0.577	correct	0.577	grate	n/a	n/a	n/a	n/a	n/a	n/a	10	3	n/a	n/a	n/a	n/a	n/a	left
9	120.877	0.100	incorrect	0.100	grate	n/a	n/a	n/a	n/a	n/a	n/a	10	3	n/a	n/a	n/a	n/a	n/a	right
9	122.010	3.000	forget	0.485	retrieval	restudy	face	object	scene	other	scene	11	3	66	18	66	118	122.0	n/a
9	127.044	0.598	correct	0.598	grate	n/a	n/a	n/a	n/a	n/a	n/a	11	3	n/a	n/a	n/a	n/a	n/a	right
9	128.160	0.435	correct	0.435	grate	n/a	n/a	n/a	n/a	n/a	n/a	11	3	n/a	n/a	n/a	n/a	n/a	left
9	129.110	0.660	correct	0.660	grate	n/a	n/a	n/a	n/a	n/a	n/a	11	3	n/a	n/a	n/a	n/a	n/a	right
9	130.293	0.509	incorrect	0.509	grate	n/a	n/a	n/a	n/a	n/a	n/a	11	3	n/a	n/a	n/a	n/a	n/a	right
9	131.310	0.765	correct	0.765	grate	n/a	n/a	n/a	n/a	n/a	n/a	11	3	n/a	n/a	n/a	n/a	n/a	left
9	132.593	0.100	incorrect	0.100	grate	n/a	n/a	n/a	n/a	n/a	n/a	11	3	n/a	n/a	n/a	n/a	n/a	right
9	134.009	3.000	forget	0.389	retrieval	restudy	scene	object	face	other	face	12	3	92	140	292	144	134.0	n/a
9	139.043	0.583	correct	0.583	grate	n/a	n/a	n/a	n/a	n/a	n/a	12	3	n/a	n/a	n/a	n/a	n/a	right
9	140.142	0.420	correct	0.420	grate	n/a	n/a	n/a	n/a	n/a	n/a	12	3	n/a	n/a	n/a	n/a	n/a	left
9	141.076	0.502	correct	0.502	grate	n/a	n/a	n/a	n/a	n/a	n/a	12	3	n/a	n/a	n/a	n/a	n/a	left
9	142.092	0.470	correct	0.470	grate	n/a	n/a	n/a	n/a	n/a	n/a	12	3	n/a	n/a	n/a	n/a	n/a	right
9	143.076	0.487	correct	0.487	grate	n/a	n/a	n/a	n/a	n/a	n/a	12	3	n/a	n/a	n/a	n/a	n/a	right
9	144.076	0.433	incorrect	0.433	grate	n/a	n/a	n/a	n/a	n/a	n/a	12	3	n/a	n/a	n/a	n/a	n/a	right
9	146.008	3.000	remember	0.486	retrieval	restudy	scene	object	face	target	scene	13	3	90	138	290	142	146.0	n/a
9	151.042	0.488	correct	0.488	grate	n/a	n/a	n/a	n/a	n/a	n/a	13	3	n/a	n/a	n/a	n/a	n/a	left
9	152.042	0.424	correct	0.424	grate	n/a	n/a	n/a	n/a	n/a	n/a	13	3	n/a	n/a	n/a	n/a	n/a	left
9	152.975	0.595	correct	0.595	grate	n/a	n/a	n/a	n/a	n/a	n/a	13	3	n/a	n/a	n/a	n/a	n/a	left
9	154.092	0.543	correct	0.543	grate	n/a	n/a	n/a	n/a	n/a	n/a	13	3	n/a	n/a	n/a	n/a	n/a	right
9	155.142	0.541	correct	0.541	grate	n/a	n/a	n/a	n/a	n/a	n/a	13	3	n/a	n/a	n/a	n/a	n/a	left
9	156.192	0.316	incorrect	0.316	grate	n/a	n/a	n/a	n/a	n/a	n/a	13	3	n/a	n/a	n/a	n/a	n/a	right
9	158.007	3.000	forget	0.871	retrieval	restudy	object	scene	face	competitor	scene	14	3	142	94	194	246	158.0	n/a
9	163.041	0.721	correct	0.721	grate	n/a	n/a	n/a	n/a	n/a	n/a	14	3	n/a	n/a	n/a	n/a	n/a	right
9	164.274	0.424	correct	0.424	grate	n/a	n/a	n/a	n/a	n/a	n/a	14	3	n/a	n/a	n/a	n/a	n/a	right
9	165.208	0.466	correct	0.466	grate	n/a	n/a	n/a	n/a	n/a	n/a	14	3	n/a	n/a	n/a	n/a	n/a	right
9	166.191	0.435	correct	0.435	grate	n/a	n/a	n/a	n/a	n/a	n/a	14	3	n/a	n/a	n/a	n/a	n/a	left
9	167.141	0.429	correct	0.429	grate	n/a	n/a	n/a	n/a	n/a	n/a	14	3	n/a	n/a	n/a	n/a	n/a	right
9	168.090	0.384	correct	0.384	grate	n/a	n/a	n/a	n/a	n/a	n/a	14	3	n/a	n/a	n/a	n/a	n/a	left
9	168.990	0.100	incorrect	0.100	grate	n/a	n/a	n/a	n/a	n/a	n/a	14	3	n/a	n/a	n/a	n/a	n/a	left
9	170.006	3.000	forget	0.367	retrieval	restudy	object	face	scene	competitor	face	15	3	24	72	172	24	170.0	n/a
9	175.040	0.617	correct	0.617	grate	n/a	n/a	n/a	n/a	n/a	n/a	15	3	n/a	n/a	n/a	n/a	n/a	right
9	176.173	0.308	correct	0.308	grate	n/a	n/a	n/a	n/a	n/a	n/a	15	3	n/a	n/a	n/a	n/a	n/a	left
9	176.990	0.476	correct	0.476	grate	n/a	n/a	n/a	n/a	n/a	n/a	15	3	n/a	n/a	n/a	n/a	n/a	left
9	177.973	0.445	correct	0.445	grate	n/a	n/a	n/a	n/a	n/a	n/a	15	3	n/a	n/a	n/a	n/a	n/a	left
9	178.940	0.478	correct	0.478	grate	n/a	n/a	n/a	n/a	n/a	n/a	15	3	n/a	n/a	n/a	n/a	n/a	left
9	179.940	0.430	correct	0.430	grate	n/a	n/a	n/a	n/a	n/a	n/a	15	3	n/a	n/a	n/a	n/a	n/a	right
9	180.890	0.100	incorrect	0.100	grate	n/a	n/a	n/a	n/a	n/a	n/a	15	3	n/a	n/a	n/a	n/a	n/a	right
9	182.022	3.000	remember	0.401	retrieval	retprac	object	scene	face	target	object	16	3	139	91	191	243	182.0	n/a
9	187.056	0.466	correct	0.466	grate	n/a	n/a	n/a	n/a	n/a	n/a	16	3	n/a	n/a	n/a	n/a	n/a	right
9	188.039	0.410	correct	0.410	grate	n/a	n/a	n/a	n/a	n/a	n/a	16	3	n/a	n/a	n/a	n/a	n/a	left
9	188.972	0.422	correct	0.422	grate	n/a	n/a	n/a	n/a	n/a	n/a	16	3	n/a	n/a	n/a	n/a	n/a	right
9	189.906	0.424	correct	0.424	grate	n/a	n/a	n/a	n/a	n/a	n/a	16	3	n/a	n/a	n/a	n/a	n/a	left
9	190.839	0.467	correct	0.467	grate	n/a	n/a	n/a	n/a	n/a	n/a	16	3	n/a	n/a	n/a	n/a	n/a	left
9	191.822	0.451	correct	0.451	grate	n/a	n/a	n/a	n/a	n/a	n/a	16	3	n/a	n/a	n/a	n/a	n/a	right
9	192.789	0.100	incorrect	0.100	grate	n/a	n/a	n/a	n/a	n/a	n/a	16	3	n/a	n/a	n/a	n/a	n/a	right
9	194.021	3.000	forget	0.528	retrieval	restudy	face	scene	object	competitor	scene	17	3	116	44	92	220	194.0	n/a
9	199.055	0.395	correct	0.395	grate	n/a	n/a	n/a	n/a	n/a	n/a	17	3	n/a	n/a	n/a	n/a	n/a	right
9	199.972	0.414	correct	0.414	grate	n/a	n/a	n/a	n/a	n/a	n/a	17	3	n/a	n/a	n/a	n/a	n/a	right
9	200.905	0.457	correct	0.457	grate	n/a	n/a	n/a	n/a	n/a	n/a	17	3	n/a	n/a	n/a	n/a	n/a	right
9	201.872	0.426	correct	0.426	grate	n/a	n/a	n/a	n/a	n/a	n/a	17	3	n/a	n/a	n/a	n/a	n/a	right
9	202.805	0.461	correct	0.461	grate	n/a	n/a	n/a	n/a	n/a	n/a	17	3	n/a	n/a	n/a	n/a	n/a	left
9	203.788	0.413	correct	0.413	grate	n/a	n/a	n/a	n/a	n/a	n/a	17	3	n/a	n/a	n/a	n/a	n/a	left
9	204.721	0.100	incorrect	0.100	grate	n/a	n/a	n/a	n/a	n/a	n/a	17	3	n/a	n/a	n/a	n/a	n/a	right
9	206.020	3.000	remember	0.465	retrieval	retprac	face	scene	object	target	face	18	3	113	41	89	217	206.0	n/a
9	211.055	0.491	correct	0.491	grate	n/a	n/a	n/a	n/a	n/a	n/a	18	3	n/a	n/a	n/a	n/a	n/a	left
9	212.054	0.411	correct	0.411	grate	n/a	n/a	n/a	n/a	n/a	n/a	18	3	n/a	n/a	n/a	n/a	n/a	left
9	212.988	0.510	correct	0.510	grate	n/a	n/a	n/a	n/a	n/a	n/a	18	3	n/a	n/a	n/a	n/a	n/a	right
9	214.021	0.413	correct	0.413	grate	n/a	n/a	n/a	n/a	n/a	n/a	18	3	n/a	n/a	n/a	n/a	n/a	right
9	214.954	0.416	correct	0.416	grate	n/a	n/a	n/a	n/a	n/a	n/a	18	3	n/a	n/a	n/a	n/a	n/a	right
9	215.887	0.482	correct	0.482	grate	n/a	n/a	n/a	n/a	n/a	n/a	18	3	n/a	n/a	n/a	n/a	n/a	left
9	216.887	0.100	incorrect	0.100	grate	n/a	n/a	n/a	n/a	n/a	n/a	18	3	n/a	n/a	n/a	n/a	n/a	right
9	218.019	3.000	forget	0.474	retrieval	restudy	object	scene	face	other	face	19	3	144	96	196	248	218.0	n/a
9	223.054	0.436	correct	0.436	grate	n/a	n/a	n/a	n/a	n/a	n/a	19	3	n/a	n/a	n/a	n/a	n/a	left
9	224.003	0.359	correct	0.359	grate	n/a	n/a	n/a	n/a	n/a	n/a	19	3	n/a	n/a	n/a	n/a	n/a	left
9	224.870	0.499	correct	0.499	grate	n/a	n/a	n/a	n/a	n/a	n/a	19	3	n/a	n/a	n/a	n/a	n/a	right
9	225.887	0.451	incorrect	0.451	grate	n/a	n/a	n/a	n/a	n/a	n/a	19	3	n/a	n/a	n/a	n/a	n/a	left
9	226.853	0.388	correct	0.388	grate	n/a	n/a	n/a	n/a	n/a	n/a	19	3	n/a	n/a	n/a	n/a	n/a	right
9	227.753	0.409	correct	0.409	grate	n/a	n/a	n/a	n/a	n/a	n/a	19	3	n/a	n/a	n/a	n/a	n/a	left
9	228.670	0.100	incorrect	0.100	grate	n/a	n/a	n/a	n/a	n/a	n/a	19	3	n/a	n/a	n/a	n/a	n/a	left
9	230.019	3.000	forget	0.485	retrieval	restudy	face	scene	object	other	object	20	3	114	42	90	218	230.0	n/a
9	235.053	0.501	correct	0.501	grate	n/a	n/a	n/a	n/a	n/a	n/a	20	3	n/a	n/a	n/a	n/a	n/a	left
9	236.069	0.364	correct	0.364	grate	n/a	n/a	n/a	n/a	n/a	n/a	20	3	n/a	n/a	n/a	n/a	n/a	left
9	236.953	0.449	correct	0.449	grate	n/a	n/a	n/a	n/a	n/a	n/a	20	3	n/a	n/a	n/a	n/a	n/a	left
9	237.919	0.378	correct	0.378	grate	n/a	n/a	n/a	n/a	n/a	n/a	20	3	n/a	n/a	n/a	n/a	n/a	left
9	238.819	0.542	correct	0.542	grate	n/a	n/a	n/a	n/a	n/a	n/a	20	3	n/a	n/a	n/a	n/a	n/a	right
9	239.869	0.476	correct	0.476	grate	n/a	n/a	n/a	n/a	n/a	n/a	20	3	n/a	n/a	n/a	n/a	n/a	right
9	240.852	0.100	incorrect	0.100	grate	n/a	n/a	n/a	n/a	n/a	n/a	20	3	n/a	n/a	n/a	n/a	n/a	left
9	242.018	3.000	forget	0.427	retrieval	retprac	scene	face	object	competitor	face	21	3	41	113	265	41	242.0	n/a
9	247.052	0.422	correct	0.422	grate	n/a	n/a	n/a	n/a	n/a	n/a	21	3	n/a	n/a	n/a	n/a	n/a	left
9	247.985	0.432	correct	0.432	grate	n/a	n/a	n/a	n/a	n/a	n/a	21	3	n/a	n/a	n/a	n/a	n/a	left
9	248.935	0.362	correct	0.362	grate	n/a	n/a	n/a	n/a	n/a	n/a	21	3	n/a	n/a	n/a	n/a	n/a	left
9	249.818	0.439	correct	0.439	grate	n/a	n/a	n/a	n/a	n/a	n/a	21	3	n/a	n/a	n/a	n/a	n/a	right
9	250.768	0.417	correct	0.417	grate	n/a	n/a	n/a	n/a	n/a	n/a	21	3	n/a	n/a	n/a	n/a	n/a	right
9	251.702	0.444	correct	0.444	grate	n/a	n/a	n/a	n/a	n/a	n/a	21	3	n/a	n/a	n/a	n/a	n/a	right
9	252.668	0.100	incorrect	0.100	grate	n/a	n/a	n/a	n/a	n/a	n/a	21	3	n/a	n/a	n/a	n/a	n/a	left
9	254.017	3.000	forget	0.428	retrieval	restudy	object	scene	face	competitor	scene	22	3	138	90	190	242	254.0	n/a
9	259.051	0.406	correct	0.406	grate	n/a	n/a	n/a	n/a	n/a	n/a	22	3	n/a	n/a	n/a	n/a	n/a	left
9	259.968	0.395	correct	0.395	grate	n/a	n/a	n/a	n/a	n/a	n/a	22	3	n/a	n/a	n/a	n/a	n/a	left
9	260.884	0.550	correct	0.550	grate	n/a	n/a	n/a	n/a	n/a	n/a	22	3	n/a	n/a	n/a	n/a	n/a	right
9	261.951	0.467	correct	0.467	grate	n/a	n/a	n/a	n/a	n/a	n/a	22	3	n/a	n/a	n/a	n/a	n/a	left
9	262.934	0.532	correct	0.532	grate	n/a	n/a	n/a	n/a	n/a	n/a	22	3	n/a	n/a	n/a	n/a	n/a	left
9	263.984	0.433	correct	0.433	grate	n/a	n/a	n/a	n/a	n/a	n/a	22	3	n/a	n/a	n/a	n/a	n/a	left
9	264.934	0.100	incorrect	0.100	grate	n/a	n/a	n/a	n/a	n/a	n/a	22	3	n/a	n/a	n/a	n/a	n/a	right
9	266.016	3.000	forget	0.933	retrieval	retprac	scene	object	face	competitor	object	23	3	93	141	293	145	266.0	n/a
9	271.050	1.119	correct	1.119	grate	n/a	n/a	n/a	n/a	n/a	n/a	23	3	n/a	n/a	n/a	n/a	n/a	left
9	272.683	0.622	correct	0.622	grate	n/a	n/a	n/a	n/a	n/a	n/a	23	3	n/a	n/a	n/a	n/a	n/a	left
9	273.817	0.425	correct	0.425	grate	n/a	n/a	n/a	n/a	n/a	n/a	23	3	n/a	n/a	n/a	n/a	n/a	left
9	274.750	0.420	correct	0.420	grate	n/a	n/a	n/a	n/a	n/a	n/a	23	3	n/a	n/a	n/a	n/a	n/a	right
9	275.683	0.638	correct	0.638	grate	n/a	n/a	n/a	n/a	n/a	n/a	23	3	n/a	n/a	n/a	n/a	n/a	left
9	276.833	0.100	incorrect	0.100	grate	n/a	n/a	n/a	n/a	n/a	n/a	23	3	n/a	n/a	n/a	n/a	n/a	left
9	278.015	3.000	forget	0.422	retrieval	restudy	scene	face	object	competitor	face	24	3	46	118	270	46	278.0	n/a
9	283.049	0.408	correct	0.408	grate	n/a	n/a	n/a	n/a	n/a	n/a	24	3	n/a	n/a	n/a	n/a	n/a	left
9	283.966	0.395	correct	0.395	grate	n/a	n/a	n/a	n/a	n/a	n/a	24	3	n/a	n/a	n/a	n/a	n/a	left
9	284.883	0.494	correct	0.494	grate	n/a	n/a	n/a	n/a	n/a	n/a	24	3	n/a	n/a	n/a	n/a	n/a	right
9	285.899	0.455	correct	0.455	grate	n/a	n/a	n/a	n/a	n/a	n/a	24	3	n/a	n/a	n/a	n/a	n/a	right
9	286.866	0.471	correct	0.471	grate	n/a	n/a	n/a	n/a	n/a	n/a	24	3	n/a	n/a	n/a	n/a	n/a	left
9	287.849	0.440	correct	0.440	grate	n/a	n/a	n/a	n/a	n/a	n/a	24	3	n/a	n/a	n/a	n/a	n/a	right
9	288.799	0.100	incorrect	0.100	grate	n/a	n/a	n/a	n/a	n/a	n/a	24	3	n/a	n/a	n/a	n/a	n/a	right
9	290.015	3.000	forget	0.614	retrieval	restudy	face	object	scene	other	scene	25	3	72	24	72	124	290.0	n/a
9	295.049	0.608	correct	0.608	grate	n/a	n/a	n/a	n/a	n/a	n/a	25	3	n/a	n/a	n/a	n/a	n/a	right
9	296.165	0.427	correct	0.427	grate	n/a	n/a	n/a	n/a	n/a	n/a	25	3	n/a	n/a	n/a	n/a	n/a	right
9	297.115	0.574	correct	0.574	grate	n/a	n/a	n/a	n/a	n/a	n/a	25	3	n/a	n/a	n/a	n/a	n/a	left
9	298.198	0.499	correct	0.499	grate	n/a	n/a	n/a	n/a	n/a	n/a	25	3	n/a	n/a	n/a	n/a	n/a	right
9	299.215	0.498	correct	0.498	grate	n/a	n/a	n/a	n/a	n/a	n/a	25	3	n/a	n/a	n/a	n/a	n/a	left
9	300.231	0.283	incorrect	0.283	grate	n/a	n/a	n/a	n/a	n/a	n/a	25	3	n/a	n/a	n/a	n/a	n/a	left
9	302.014	3.000	remember	0.415	retrieval	retprac	object	face	scene	target	object	26	3	21	69	169	21	302.0	n/a
9	307.048	0.513	correct	0.513	grate	n/a	n/a	n/a	n/a	n/a	n/a	26	3	n/a	n/a	n/a	n/a	n/a	left
9	308.081	0.448	correct	0.448	grate	n/a	n/a	n/a	n/a	n/a	n/a	26	3	n/a	n/a	n/a	n/a	n/a	right
9	309.048	0.489	correct	0.489	grate	n/a	n/a	n/a	n/a	n/a	n/a	26	3	n/a	n/a	n/a	n/a	n/a	left
9	310.047	0.441	correct	0.441	grate	n/a	n/a	n/a	n/a	n/a	n/a	26	3	n/a	n/a	n/a	n/a	n/a	left
9	310.997	0.571	correct	0.571	grate	n/a	n/a	n/a	n/a	n/a	n/a	26	3	n/a	n/a	n/a	n/a	n/a	left
9	312.080	0.433	incorrect	0.433	grate	n/a	n/a	n/a	n/a	n/a	n/a	26	3	n/a	n/a	n/a	n/a	n/a	left
9	314.013	3.000	forget	0.583	retrieval	restudy	object	face	scene	competitor	face	27	3	18	66	166	18	314.0	n/a
9	319.047	0.411	correct	0.411	grate	n/a	n/a	n/a	n/a	n/a	n/a	27	3	n/a	n/a	n/a	n/a	n/a	left
9	319.980	0.396	correct	0.396	grate	n/a	n/a	n/a	n/a	n/a	n/a	27	3	n/a	n/a	n/a	n/a	n/a	right
9	320.897	0.320	correct	0.320	grate	n/a	n/a	n/a	n/a	n/a	n/a	27	3	n/a	n/a	n/a	n/a	n/a	left
9	321.730	0.415	correct	0.415	grate	n/a	n/a	n/a	n/a	n/a	n/a	27	3	n/a	n/a	n/a	n/a	n/a	right
9	322.663	0.529	correct	0.529	grate	n/a	n/a	n/a	n/a	n/a	n/a	27	3	n/a	n/a	n/a	n/a	n/a	right
9	323.713	0.479	correct	0.479	grate	n/a	n/a	n/a	n/a	n/a	n/a	27	3	n/a	n/a	n/a	n/a	n/a	left
9	324.713	0.100	incorrect	0.100	grate	n/a	n/a	n/a	n/a	n/a	n/a	27	3	n/a	n/a	n/a	n/a	n/a	left
9	326.012	3.000	remember	0.464	retrieval	retprac	face	object	scene	target	face	28	3	65	17	65	117	326.0	n/a
9	331.046	0.410	correct	0.410	grate	n/a	n/a	n/a	n/a	n/a	n/a	28	3	n/a	n/a	n/a	n/a	n/a	left
9	331.979	0.469	correct	0.469	grate	n/a	n/a	n/a	n/a	n/a	n/a	28	3	n/a	n/a	n/a	n/a	n/a	left
9	332.962	0.518	correct	0.518	grate	n/a	n/a	n/a	n/a	n/a	n/a	28	3	n/a	n/a	n/a	n/a	n/a	right
9	333.996	0.437	correct	0.437	grate	n/a	n/a	n/a	n/a	n/a	n/a	28	3	n/a	n/a	n/a	n/a	n/a	right
9	334.946	0.543	correct	0.543	grate	n/a	n/a	n/a	n/a	n/a	n/a	28	3	n/a	n/a	n/a	n/a	n/a	right
9	335.996	0.516	incorrect	0.516	grate	n/a	n/a	n/a	n/a	n/a	n/a	28	3	n/a	n/a	n/a	n/a	n/a	left
9	338.011	3.000	remember	0.465	retrieval	restudy	face	object	scene	target	face	29	3	68	20	68	120	338.0	n/a
9	343.045	0.771	correct	0.771	grate	n/a	n/a	n/a	n/a	n/a	n/a	29	3	n/a	n/a	n/a	n/a	n/a	right
9	344.328	0.505	correct	0.505	grate	n/a	n/a	n/a	n/a	n/a	n/a	29	3	n/a	n/a	n/a	n/a	n/a	right
9	345.345	0.423	correct	0.423	grate	n/a	n/a	n/a	n/a	n/a	n/a	29	3	n/a	n/a	n/a	n/a	n/a	right
9	346.278	0.530	correct	0.530	grate	n/a	n/a	n/a	n/a	n/a	n/a	29	3	n/a	n/a	n/a	n/a	n/a	right
9	347.328	0.472	correct	0.472	grate	n/a	n/a	n/a	n/a	n/a	n/a	29	3	n/a	n/a	n/a	n/a	n/a	left
9	348.311	0.200	incorrect	0.200	grate	n/a	n/a	n/a	n/a	n/a	n/a	29	3	n/a	n/a	n/a	n/a	n/a	right
9	350.010	3.000	remember	0.370	retrieval	retprac	scene	face	object	target	scene	30	3	47	119	271	47	350.0	n/a
9	355.044	0.428	correct	0.428	grate	n/a	n/a	n/a	n/a	n/a	n/a	30	3	n/a	n/a	n/a	n/a	n/a	left
9	355.994	0.406	correct	0.406	grate	n/a	n/a	n/a	n/a	n/a	n/a	30	3	n/a	n/a	n/a	n/a	n/a	left
9	356.911	0.482	correct	0.482	grate	n/a	n/a	n/a	n/a	n/a	n/a	30	3	n/a	n/a	n/a	n/a	n/a	left
9	357.911	0.506	correct	0.506	grate	n/a	n/a	n/a	n/a	n/a	n/a	30	3	n/a	n/a	n/a	n/a	n/a	right
9	358.927	0.441	correct	0.441	grate	n/a	n/a	n/a	n/a	n/a	n/a	30	3	n/a	n/a	n/a	n/a	n/a	left
9	359.877	0.515	correct	0.515	grate	n/a	n/a	n/a	n/a	n/a	n/a	30	3	n/a	n/a	n/a	n/a	n/a	right
9	360.911	0.100	incorrect	0.100	grate	n/a	n/a	n/a	n/a	n/a	n/a	30	3	n/a	n/a	n/a	n/a	n/a	left
9	362.010	3.000	forget	0.338	retrieval	restudy	scene	object	face	other	face	31	3	94	142	294	146	362.0	n/a
9	367.044	0.589	correct	0.589	grate	n/a	n/a	n/a	n/a	n/a	n/a	31	3	n/a	n/a	n/a	n/a	n/a	left
9	368.143	0.489	correct	0.489	grate	n/a	n/a	n/a	n/a	n/a	n/a	31	3	n/a	n/a	n/a	n/a	n/a	left
9	369.143	0.449	correct	0.449	grate	n/a	n/a	n/a	n/a	n/a	n/a	31	3	n/a	n/a	n/a	n/a	n/a	left
9	370.110	0.482	correct	0.482	grate	n/a	n/a	n/a	n/a	n/a	n/a	31	3	n/a	n/a	n/a	n/a	n/a	left
9	371.110	0.610	correct	0.610	grate	n/a	n/a	n/a	n/a	n/a	n/a	31	3	n/a	n/a	n/a	n/a	n/a	left
9	372.243	0.267	incorrect	0.267	grate	n/a	n/a	n/a	n/a	n/a	n/a	31	3	n/a	n/a	n/a	n/a	n/a	right
9	374.009	3.000	forget	0.619	retrieval	retprac	object	scene	face	competitor	scene	32	3	143	95	195	247	374.0	n/a
9	379.043	0.511	correct	0.511	grate	n/a	n/a	n/a	n/a	n/a	n/a	32	3	n/a	n/a	n/a	n/a	n/a	right
9	380.076	0.388	correct	0.388	grate	n/a	n/a	n/a	n/a	n/a	n/a	32	3	n/a	n/a	n/a	n/a	n/a	right
9	380.976	0.408	correct	0.408	grate	n/a	n/a	n/a	n/a	n/a	n/a	32	3	n/a	n/a	n/a	n/a	n/a	left
9	381.893	0.563	correct	0.563	grate	n/a	n/a	n/a	n/a	n/a	n/a	32	3	n/a	n/a	n/a	n/a	n/a	left
9	382.976	0.416	correct	0.416	grate	n/a	n/a	n/a	n/a	n/a	n/a	32	3	n/a	n/a	n/a	n/a	n/a	left
9	383.909	0.491	correct	0.491	grate	n/a	n/a	n/a	n/a	n/a	n/a	32	3	n/a	n/a	n/a	n/a	n/a	left
9	384.909	0.100	incorrect	0.100	grate	n/a	n/a	n/a	n/a	n/a	n/a	32	3	n/a	n/a	n/a	n/a	n/a	left
9	386.008	3.000	forget	0.388	retrieval	retprac	face	object	scene	competitor	object	33	3	71	23	71	123	386.0	n/a
9	391.042	0.782	correct	0.782	grate	n/a	n/a	n/a	n/a	n/a	n/a	33	3	n/a	n/a	n/a	n/a	n/a	right
9	392.342	0.466	incorrect	0.466	grate	n/a	n/a	n/a	n/a	n/a	n/a	33	3	n/a	n/a	n/a	n/a	n/a	left
9	393.325	0.547	correct	0.547	grate	n/a	n/a	n/a	n/a	n/a	n/a	33	3	n/a	n/a	n/a	n/a	n/a	right
9	394.391	0.352	correct	0.352	grate	n/a	n/a	n/a	n/a	n/a	n/a	33	3	n/a	n/a	n/a	n/a	n/a	left
9	395.258	0.590	correct	0.590	grate	n/a	n/a	n/a	n/a	n/a	n/a	33	3	n/a	n/a	n/a	n/a	n/a	right
9	396.358	0.150	incorrect	0.150	grate	n/a	n/a	n/a	n/a	n/a	n/a	33	3	n/a	n/a	n/a	n/a	n/a	left
9	398.007	3.000	forget	0.468	retrieval	retprac	scene	object	face	competitor	object	34	3	95	143	295	147	398.0	n/a
9	403.041	0.439	correct	0.439	grate	n/a	n/a	n/a	n/a	n/a	n/a	34	3	n/a	n/a	n/a	n/a	n/a	left
9	403.991	0.401	correct	0.401	grate	n/a	n/a	n/a	n/a	n/a	n/a	34	3	n/a	n/a	n/a	n/a	n/a	right
9	404.908	0.460	correct	0.460	grate	n/a	n/a	n/a	n/a	n/a	n/a	34	3	n/a	n/a	n/a	n/a	n/a	right
9	405.891	0.437	correct	0.437	grate	n/a	n/a	n/a	n/a	n/a	n/a	34	3	n/a	n/a	n/a	n/a	n/a	left
9	406.841	0.567	correct	0.567	grate	n/a	n/a	n/a	n/a	n/a	n/a	34	3	n/a	n/a	n/a	n/a	n/a	left
9	407.924	0.508	correct	0.508	grate	n/a	n/a	n/a	n/a	n/a	n/a	34	3	n/a	n/a	n/a	n/a	n/a	right
9	408.941	0.100	incorrect	0.100	grate	n/a	n/a	n/a	n/a	n/a	n/a	34	3	n/a	n/a	n/a	n/a	n/a	left
9	410.006	3.000	remember	0.429	retrieval	retprac	object	face	scene	target	object	35	3	19	67	167	19	410.0	n/a
9	415.040	0.615	correct	0.615	grate	n/a	n/a	n/a	n/a	n/a	n/a	35	3	n/a	n/a	n/a	n/a	n/a	right
9	416.173	0.419	correct	0.419	grate	n/a	n/a	n/a	n/a	n/a	n/a	35	3	n/a	n/a	n/a	n/a	n/a	left
9	417.107	0.557	correct	0.557	grate	n/a	n/a	n/a	n/a	n/a	n/a	35	3	n/a	n/a	n/a	n/a	n/a	right
9	418.173	0.475	correct	0.475	grate	n/a	n/a	n/a	n/a	n/a	n/a	35	3	n/a	n/a	n/a	n/a	n/a	right
9	419.157	0.427	correct	0.427	grate	n/a	n/a	n/a	n/a	n/a	n/a	35	3	n/a	n/a	n/a	n/a	n/a	right
9	420.106	0.400	incorrect	0.400	grate	n/a	n/a	n/a	n/a	n/a	n/a	35	3	n/a	n/a	n/a	n/a	n/a	right
9	422.022	3.000	remember	0.493	retrieval	restudy	scene	face	object	target	scene	36	3	48	120	272	48	422.0	n/a
9	427.056	0.456	correct	0.456	grate	n/a	n/a	n/a	n/a	n/a	n/a	36	3	n/a	n/a	n/a	n/a	n/a	left
9	428.023	0.401	correct	0.401	grate	n/a	n/a	n/a	n/a	n/a	n/a	36	3	n/a	n/a	n/a	n/a	n/a	left
9	428.939	0.372	correct	0.372	grate	n/a	n/a	n/a	n/a	n/a	n/a	36	3	n/a	n/a	n/a	n/a	n/a	right
9	429.822	0.482	correct	0.482	grate	n/a	n/a	n/a	n/a	n/a	n/a	36	3	n/a	n/a	n/a	n/a	n/a	right
9	430.822	0.441	correct	0.441	grate	n/a	n/a	n/a	n/a	n/a	n/a	36	3	n/a	n/a	n/a	n/a	n/a	right
9	431.772	0.459	incorrect	0.459	grate	n/a	n/a	n/a	n/a	n/a	n/a	36	3	n/a	n/a	n/a	n/a	n/a	left
9	432.739	0.100	incorrect	0.100	grate	n/a	n/a	n/a	n/a	n/a	n/a	36	3	n/a	n/a	n/a	n/a	n/a	right
9	434.021	3.000	forget	0.494	retrieval	retprac	object	face	scene	competitor	face	37	3	23	71	171	23	434.0	n/a
9	439.055	0.520	correct	0.520	grate	n/a	n/a	n/a	n/a	n/a	n/a	37	3	n/a	n/a	n/a	n/a	n/a	right
9	440.088	0.423	correct	0.423	grate	n/a	n/a	n/a	n/a	n/a	n/a	37	3	n/a	n/a	n/a	n/a	n/a	left
9	441.038	0.377	correct	0.377	grate	n/a	n/a	n/a	n/a	n/a	n/a	37	3	n/a	n/a	n/a	n/a	n/a	right
9	441.938	0.541	correct	0.541	grate	n/a	n/a	n/a	n/a	n/a	n/a	37	3	n/a	n/a	n/a	n/a	n/a	right
9	442.988	0.427	correct	0.427	grate	n/a	n/a	n/a	n/a	n/a	n/a	37	3	n/a	n/a	n/a	n/a	n/a	left
9	443.938	0.583	incorrect	0.583	grate	n/a	n/a	n/a	n/a	n/a	n/a	37	3	n/a	n/a	n/a	n/a	n/a	right
9	446.020	3.000	forget	0.519	retrieval	retprac	face	object	scene	competitor	object	38	3	69	21	69	121	446.0	n/a
9	451.054	0.505	correct	0.505	grate	n/a	n/a	n/a	n/a	n/a	n/a	38	3	n/a	n/a	n/a	n/a	n/a	left
9	452.071	0.480	correct	0.480	grate	n/a	n/a	n/a	n/a	n/a	n/a	38	3	n/a	n/a	n/a	n/a	n/a	right
9	453.071	0.392	correct	0.392	grate	n/a	n/a	n/a	n/a	n/a	n/a	38	3	n/a	n/a	n/a	n/a	n/a	left
9	453.971	0.437	correct	0.437	grate	n/a	n/a	n/a	n/a	n/a	n/a	38	3	n/a	n/a	n/a	n/a	n/a	left
9	454.920	0.487	correct	0.487	grate	n/a	n/a	n/a	n/a	n/a	n/a	38	3	n/a	n/a	n/a	n/a	n/a	left
9	455.921	0.591	correct	0.591	grate	n/a	n/a	n/a	n/a	n/a	n/a	38	3	n/a	n/a	n/a	n/a	n/a	left
9	457.021	0.100	incorrect	0.100	grate	n/a	n/a	n/a	n/a	n/a	n/a	38	3	n/a	n/a	n/a	n/a	n/a	right
9	458.019	3.000	forget	0.807	retrieval	retprac	face	scene	object	other	object	39	3	119	47	95	223	458.0	n/a
9	463.054	0.562	correct	0.562	grate	n/a	n/a	n/a	n/a	n/a	n/a	39	3	n/a	n/a	n/a	n/a	n/a	right
9	464.137	0.439	correct	0.439	grate	n/a	n/a	n/a	n/a	n/a	n/a	39	3	n/a	n/a	n/a	n/a	n/a	right
9	465.087	0.512	correct	0.512	grate	n/a	n/a	n/a	n/a	n/a	n/a	39	3	n/a	n/a	n/a	n/a	n/a	right
9	466.120	0.423	correct	0.423	grate	n/a	n/a	n/a	n/a	n/a	n/a	39	3	n/a	n/a	n/a	n/a	n/a	left
9	467.053	0.434	correct	0.434	grate	n/a	n/a	n/a	n/a	n/a	n/a	39	3	n/a	n/a	n/a	n/a	n/a	left
9	468.003	0.428	correct	0.428	grate	n/a	n/a	n/a	n/a	n/a	n/a	39	3	n/a	n/a	n/a	n/a	n/a	left
9	468.953	0.100	incorrect	0.100	grate	n/a	n/a	n/a	n/a	n/a	n/a	39	3	n/a	n/a	n/a	n/a	n/a	left
9	470.019	3.000	forget	0.400	retrieval	restudy	scene	face	object	competitor	face	40	3	44	116	268	44	470.0	n/a
9	475.052	1.363	correct	1.363	grate	n/a	n/a	n/a	n/a	n/a	n/a	40	3	n/a	n/a	n/a	n/a	n/a	right
9	476.936	0.527	correct	0.527	grate	n/a	n/a	n/a	n/a	n/a	n/a	40	3	n/a	n/a	n/a	n/a	n/a	left
9	477.986	0.469	correct	0.469	grate	n/a	n/a	n/a	n/a	n/a	n/a	40	3	n/a	n/a	n/a	n/a	n/a	right
9	478.969	0.439	correct	0.439	grate	n/a	n/a	n/a	n/a	n/a	n/a	40	3	n/a	n/a	n/a	n/a	n/a	right
9	479.919	0.408	correct	0.408	grate	n/a	n/a	n/a	n/a	n/a	n/a	40	3	n/a	n/a	n/a	n/a	n/a	right
9	480.836	0.100	incorrect	0.100	grate	n/a	n/a	n/a	n/a	n/a	n/a	40	3	n/a	n/a	n/a	n/a	n/a	left
9	482.018	3.000	remember	0.537	retrieval	retprac	face	object	scene	target	face	41	3	67	19	67	119	482.0	n/a
9	487.052	0.483	correct	0.483	grate	n/a	n/a	n/a	n/a	n/a	n/a	41	3	n/a	n/a	n/a	n/a	n/a	left
9	488.052	0.564	correct	0.564	grate	n/a	n/a	n/a	n/a	n/a	n/a	41	3	n/a	n/a	n/a	n/a	n/a	right
9	489.135	0.376	correct	0.376	grate	n/a	n/a	n/a	n/a	n/a	n/a	41	3	n/a	n/a	n/a	n/a	n/a	left
9	490.035	0.388	correct	0.388	grate	n/a	n/a	n/a	n/a	n/a	n/a	41	3	n/a	n/a	n/a	n/a	n/a	right
9	490.935	0.440	correct	0.440	grate	n/a	n/a	n/a	n/a	n/a	n/a	41	3	n/a	n/a	n/a	n/a	n/a	left
9	491.885	0.370	incorrect	0.370	grate	n/a	n/a	n/a	n/a	n/a	n/a	41	3	n/a	n/a	n/a	n/a	n/a	left
9	492.768	0.100	incorrect	0.100	grate	n/a	n/a	n/a	n/a	n/a	n/a	41	3	n/a	n/a	n/a	n/a	n/a	left
9	494.017	3.000	remember	0.753	retrieval	retprac	face	scene	object	target	face	42	3	115	43	91	219	494.0	n/a
9	499.051	0.412	correct	0.412	grate	n/a	n/a	n/a	n/a	n/a	n/a	42	3	n/a	n/a	n/a	n/a	n/a	left
9	499.984	0.495	correct	0.495	grate	n/a	n/a	n/a	n/a	n/a	n/a	42	3	n/a	n/a	n/a	n/a	n/a	right
9	501.001	0.438	correct	0.438	grate	n/a	n/a	n/a	n/a	n/a	n/a	42	3	n/a	n/a	n/a	n/a	n/a	left
9	501.951	0.497	correct	0.497	grate	n/a	n/a	n/a	n/a	n/a	n/a	42	3	n/a	n/a	n/a	n/a	n/a	left
9	502.967	0.487	correct	0.487	grate	n/a	n/a	n/a	n/a	n/a	n/a	42	3	n/a	n/a	n/a	n/a	n/a	right
9	503.967	0.536	correct	0.536	grate	n/a	n/a	n/a	n/a	n/a	n/a	42	3	n/a	n/a	n/a	n/a	n/a	left
9	505.017	0.100	incorrect	0.100	grate	n/a	n/a	n/a	n/a	n/a	n/a	42	3	n/a	n/a	n/a	n/a	n/a	right
9	506.016	3.000	forget	0.530	retrieval	restudy	scene	face	object	competitor	face	43	3	42	114	266	42	506.0	n/a
9	511.050	0.613	correct	0.613	grate	n/a	n/a	n/a	n/a	n/a	n/a	43	3	n/a	n/a	n/a	n/a	n/a	right
9	512.183	0.351	correct	0.351	grate	n/a	n/a	n/a	n/a	n/a	n/a	43	3	n/a	n/a	n/a	n/a	n/a	left
9	513.050	0.453	correct	0.453	grate	n/a	n/a	n/a	n/a	n/a	n/a	43	3	n/a	n/a	n/a	n/a	n/a	left
9	514.016	0.430	correct	0.430	grate	n/a	n/a	n/a	n/a	n/a	n/a	43	3	n/a	n/a	n/a	n/a	n/a	right
9	514.966	0.448	correct	0.448	grate	n/a	n/a	n/a	n/a	n/a	n/a	43	3	n/a	n/a	n/a	n/a	n/a	right
9	515.933	0.466	correct	0.466	grate	n/a	n/a	n/a	n/a	n/a	n/a	43	3	n/a	n/a	n/a	n/a	n/a	right
9	516.916	0.100	incorrect	0.100	grate	n/a	n/a	n/a	n/a	n/a	n/a	43	3	n/a	n/a	n/a	n/a	n/a	right
9	518.015	3.000	forget	0.668	retrieval	restudy	object	face	scene	competitor	face	44	3	20	68	168	20	518.0	n/a
9	523.049	0.533	correct	0.533	grate	n/a	n/a	n/a	n/a	n/a	n/a	44	3	n/a	n/a	n/a	n/a	n/a	right
9	524.099	0.420	correct	0.420	grate	n/a	n/a	n/a	n/a	n/a	n/a	44	3	n/a	n/a	n/a	n/a	n/a	left
9	525.032	0.414	correct	0.414	grate	n/a	n/a	n/a	n/a	n/a	n/a	44	3	n/a	n/a	n/a	n/a	n/a	left
9	525.966	0.449	correct	0.449	grate	n/a	n/a	n/a	n/a	n/a	n/a	44	3	n/a	n/a	n/a	n/a	n/a	right
9	526.932	0.434	correct	0.434	grate	n/a	n/a	n/a	n/a	n/a	n/a	44	3	n/a	n/a	n/a	n/a	n/a	left
9	527.882	0.412	correct	0.412	grate	n/a	n/a	n/a	n/a	n/a	n/a	44	3	n/a	n/a	n/a	n/a	n/a	right
9	528.816	0.100	incorrect	0.100	grate	n/a	n/a	n/a	n/a	n/a	n/a	44	3	n/a	n/a	n/a	n/a	n/a	left
9	530.014	3.000	remember	0.435	retrieval	restudy	scene	object	face	target	scene	45	3	96	144	296	148	530.0	n/a
9	535.049	0.430	correct	0.430	grate	n/a	n/a	n/a	n/a	n/a	n/a	45	3	n/a	n/a	n/a	n/a	n/a	right
9	535.998	0.360	correct	0.360	grate	n/a	n/a	n/a	n/a	n/a	n/a	45	3	n/a	n/a	n/a	n/a	n/a	left
9	536.882	0.381	correct	0.381	grate	n/a	n/a	n/a	n/a	n/a	n/a	45	3	n/a	n/a	n/a	n/a	n/a	right
9	537.782	0.410	incorrect	0.410	grate	n/a	n/a	n/a	n/a	n/a	n/a	45	3	n/a	n/a	n/a	n/a	n/a	left
9	538.715	0.467	correct	0.467	grate	n/a	n/a	n/a	n/a	n/a	n/a	45	3	n/a	n/a	n/a	n/a	n/a	left
9	539.698	0.388	correct	0.388	grate	n/a	n/a	n/a	n/a	n/a	n/a	45	3	n/a	n/a	n/a	n/a	n/a	right
9	540.598	0.100	incorrect	0.100	grate	n/a	n/a	n/a	n/a	n/a	n/a	45	3	n/a	n/a	n/a	n/a	n/a	left
9	542.014	3.000	forget	0.421	retrieval	restudy	face	scene	object	competitor	scene	46	3	118	46	94	222	542.0	n/a
9	547.048	0.495	correct	0.495	grate	n/a	n/a	n/a	n/a	n/a	n/a	46	3	n/a	n/a	n/a	n/a	n/a	left
9	548.064	0.430	correct	0.430	grate	n/a	n/a	n/a	n/a	n/a	n/a	46	3	n/a	n/a	n/a	n/a	n/a	left
9	549.014	0.456	correct	0.456	grate	n/a	n/a	n/a	n/a	n/a	n/a	46	3	n/a	n/a	n/a	n/a	n/a	left
9	549.981	0.474	correct	0.474	grate	n/a	n/a	n/a	n/a	n/a	n/a	46	3	n/a	n/a	n/a	n/a	n/a	right
9	550.964	0.619	correct	0.619	grate	n/a	n/a	n/a	n/a	n/a	n/a	46	3	n/a	n/a	n/a	n/a	n/a	right
9	552.097	0.416	incorrect	0.416	grate	n/a	n/a	n/a	n/a	n/a	n/a	46	3	n/a	n/a	n/a	n/a	n/a	left
9	554.013	3.000	forget	0.533	retrieval	restudy	object	face	scene	other	scene	47	3	22	70	170	22	554.0	n/a
9	559.047	0.423	correct	0.423	grate	n/a	n/a	n/a	n/a	n/a	n/a	47	3	n/a	n/a	n/a	n/a	n/a	right
9	559.980	0.434	incorrect	0.434	grate	n/a	n/a	n/a	n/a	n/a	n/a	47	3	n/a	n/a	n/a	n/a	n/a	right
9	560.930	0.636	correct	0.636	grate	n/a	n/a	n/a	n/a	n/a	n/a	47	3	n/a	n/a	n/a	n/a	n/a	right
9	562.080	0.574	correct	0.574	grate	n/a	n/a	n/a	n/a	n/a	n/a	47	3	n/a	n/a	n/a	n/a	n/a	left
9	563.163	0.619	correct	0.619	grate	n/a	n/a	n/a	n/a	n/a	n/a	47	3	n/a	n/a	n/a	n/a	n/a	right
9	564.296	0.216	incorrect	0.216	grate	n/a	n/a	n/a	n/a	n/a	n/a	47	3	n/a	n/a	n/a	n/a	n/a	right
9	566.012	3.000	remember	0.582	retrieval	retprac	face	scene	object	target	face	48	3	117	45	93	221	566.0	n/a
9	571.046	0.480	correct	0.480	grate	n/a	n/a	n/a	n/a	n/a	n/a	48	3	n/a	n/a	n/a	n/a	n/a	left
9	572.046	0.512	correct	0.512	grate	n/a	n/a	n/a	n/a	n/a	n/a	48	3	n/a	n/a	n/a	n/a	n/a	left
9	573.079	0.543	correct	0.543	grate	n/a	n/a	n/a	n/a	n/a	n/a	48	3	n/a	n/a	n/a	n/a	n/a	right
9	574.146	0.524	correct	0.524	grate	n/a	n/a	n/a	n/a	n/a	n/a	48	3	n/a	n/a	n/a	n/a	n/a	right
9	575.179	0.531	correct	0.531	grate	n/a	n/a	n/a	n/a	n/a	n/a	48	3	n/a	n/a	n/a	n/a	n/a	right
9	576.229	0.283	incorrect	0.283	grate	n/a	n/a	n/a	n/a	n/a	n/a	48	3	n/a	n/a	n/a	n/a	n/a	right
