sub_id	onset	duration	trial_type	response_time	task_type	update_cond	cate_c	cate_b	cate_o	response_type	response	trial_id	run_id	word_id	img_id	stim_c	stim_b	design_onset	grate_orientation
2	2.017	3.000	forget	0.368	retrieval	restudy	object	face	scene	competitor	face	1	1	7	55	155	7	2.0	n/a
2	7.052	1.562	correct	1.562	grate	n/a	n/a	n/a	n/a	n/a	n/a	1	1	n/a	n/a	n/a	n/a	n/a	right
2	9.135	0.694	correct	0.694	grate	n/a	n/a	n/a	n/a	n/a	n/a	1	1	n/a	n/a	n/a	n/a	n/a	left
2	10.350	0.671	correct	0.671	grate	n/a	n/a	n/a	n/a	n/a	n/a	1	1	n/a	n/a	n/a	n/a	n/a	right
2	11.534	0.447	correct	0.447	grate	n/a	n/a	n/a	n/a	n/a	n/a	1	1	n/a	n/a	n/a	n/a	n/a	left
2	12.500	0.017	incorrect	0.017	grate	n/a	n/a	n/a	n/a	n/a	n/a	1	1	n/a	n/a	n/a	n/a	n/a	right
2	14.016	3.000	forget	0.281	retrieval	restudy	scene	face	object	competitor	face	2	1	27	99	251	27	14.0	n/a
2	19.050	1.131	incorrect	1.131	grate	n/a	n/a	n/a	n/a	n/a	n/a	2	1	n/a	n/a	n/a	n/a	n/a	left
2	20.700	0.681	correct	0.681	grate	n/a	n/a	n/a	n/a	n/a	n/a	2	1	n/a	n/a	n/a	n/a	n/a	right
2	21.899	0.497	correct	0.497	grate	n/a	n/a	n/a	n/a	n/a	n/a	2	1	n/a	n/a	n/a	n/a	n/a	left
2	22.916	0.625	correct	0.625	grate	n/a	n/a	n/a	n/a	n/a	n/a	2	1	n/a	n/a	n/a	n/a	n/a	left
2	24.049	0.467	incorrect	0.467	grate	n/a	n/a	n/a	n/a	n/a	n/a	2	1	n/a	n/a	n/a	n/a	n/a	right
2	26.015	3.000	forget	0.337	retrieval	restudy	object	face	scene	competitor	face	3	1	3	51	151	3	26.0	n/a
2	31.049	0.883	correct	0.883	grate	n/a	n/a	n/a	n/a	n/a	n/a	3	1	n/a	n/a	n/a	n/a	n/a	right
2	32.449	0.588	correct	0.588	grate	n/a	n/a	n/a	n/a	n/a	n/a	3	1	n/a	n/a	n/a	n/a	n/a	left
2	33.548	0.600	correct	0.600	grate	n/a	n/a	n/a	n/a	n/a	n/a	3	1	n/a	n/a	n/a	n/a	n/a	right
2	34.665	0.443	correct	0.443	grate	n/a	n/a	n/a	n/a	n/a	n/a	3	1	n/a	n/a	n/a	n/a	n/a	left
2	35.631	0.309	correct	0.309	grate	n/a	n/a	n/a	n/a	n/a	n/a	3	1	n/a	n/a	n/a	n/a	n/a	right
2	36.465	0.050	incorrect	0.050	grate	n/a	n/a	n/a	n/a	n/a	n/a	3	1	n/a	n/a	n/a	n/a	n/a	left
2	38.014	3.000	forget	0.234	retrieval	retprac	object	scene	face	other	face	4	1	126	78	178	230	38.0	n/a
2	43.048	0.501	correct	0.501	grate	n/a	n/a	n/a	n/a	n/a	n/a	4	1	n/a	n/a	n/a	n/a	n/a	right
2	44.064	0.300	correct	0.300	grate	n/a	n/a	n/a	n/a	n/a	n/a	4	1	n/a	n/a	n/a	n/a	n/a	left
2	44.881	0.355	correct	0.355	grate	n/a	n/a	n/a	n/a	n/a	n/a	4	1	n/a	n/a	n/a	n/a	n/a	right
2	45.747	0.338	incorrect	0.338	grate	n/a	n/a	n/a	n/a	n/a	n/a	4	1	n/a	n/a	n/a	n/a	n/a	right
2	46.597	0.599	correct	0.599	grate	n/a	n/a	n/a	n/a	n/a	n/a	4	1	n/a	n/a	n/a	n/a	n/a	left
2	47.714	0.315	incorrect	0.315	grate	n/a	n/a	n/a	n/a	n/a	n/a	4	1	n/a	n/a	n/a	n/a	n/a	left
2	48.547	0.100	incorrect	0.100	grate	n/a	n/a	n/a	n/a	n/a	n/a	4	1	n/a	n/a	n/a	n/a	n/a	left
2	50.013	3.000	remember	0.267	retrieval	restudy	object	scene	face	target	object	5	1	123	75	175	227	50.0	n/a
2	55.047	0.677	correct	0.677	grate	n/a	n/a	n/a	n/a	n/a	n/a	5	1	n/a	n/a	n/a	n/a	n/a	left
2	56.246	0.366	correct	0.366	grate	n/a	n/a	n/a	n/a	n/a	n/a	5	1	n/a	n/a	n/a	n/a	n/a	right
2	57.130	0.530	correct	0.530	grate	n/a	n/a	n/a	n/a	n/a	n/a	5	1	n/a	n/a	n/a	n/a	n/a	left
2	58.179	0.289	correct	0.289	grate	n/a	n/a	n/a	n/a	n/a	n/a	5	1	n/a	n/a	n/a	n/a	n/a	right
2	58.979	0.329	incorrect	0.329	grate	n/a	n/a	n/a	n/a	n/a	n/a	5	1	n/a	n/a	n/a	n/a	n/a	right
2	59.829	0.470	correct	0.470	grate	n/a	n/a	n/a	n/a	n/a	n/a	5	1	n/a	n/a	n/a	n/a	n/a	right
2	60.813	0.100	incorrect	0.100	grate	n/a	n/a	n/a	n/a	n/a	n/a	5	1	n/a	n/a	n/a	n/a	n/a	left
2	62.012	3.000	remember	0.228	retrieval	retprac	scene	object	face	target	scene	6	1	80	128	280	132	62.0	n/a
2	67.046	0.822	correct	0.822	grate	n/a	n/a	n/a	n/a	n/a	n/a	6	1	n/a	n/a	n/a	n/a	n/a	left
2	68.378	0.505	correct	0.505	grate	n/a	n/a	n/a	n/a	n/a	n/a	6	1	n/a	n/a	n/a	n/a	n/a	left
2	69.395	0.360	correct	0.360	grate	n/a	n/a	n/a	n/a	n/a	n/a	6	1	n/a	n/a	n/a	n/a	n/a	left
2	70.278	0.469	incorrect	0.469	grate	n/a	n/a	n/a	n/a	n/a	n/a	6	1	n/a	n/a	n/a	n/a	n/a	right
2	71.262	0.430	correct	0.430	grate	n/a	n/a	n/a	n/a	n/a	n/a	6	1	n/a	n/a	n/a	n/a	n/a	right
2	72.211	0.300	incorrect	0.300	grate	n/a	n/a	n/a	n/a	n/a	n/a	6	1	n/a	n/a	n/a	n/a	n/a	right
2	74.010	3.000	forget	0.284	retrieval	retprac	object	scene	face	competitor	scene	7	1	128	80	180	232	74.0	n/a
2	79.044	0.871	correct	0.871	grate	n/a	n/a	n/a	n/a	n/a	n/a	7	1	n/a	n/a	n/a	n/a	n/a	left
2	80.427	0.431	incorrect	0.431	grate	n/a	n/a	n/a	n/a	n/a	n/a	7	1	n/a	n/a	n/a	n/a	n/a	right
2	81.377	0.658	correct	0.658	grate	n/a	n/a	n/a	n/a	n/a	n/a	7	1	n/a	n/a	n/a	n/a	n/a	left
2	82.544	0.507	correct	0.507	grate	n/a	n/a	n/a	n/a	n/a	n/a	7	1	n/a	n/a	n/a	n/a	n/a	right
2	83.560	0.539	correct	0.539	grate	n/a	n/a	n/a	n/a	n/a	n/a	7	1	n/a	n/a	n/a	n/a	n/a	left
2	84.610	0.100	incorrect	0.100	grate	n/a	n/a	n/a	n/a	n/a	n/a	7	1	n/a	n/a	n/a	n/a	n/a	right
2	86.009	3.000	forget	0.461	retrieval	retprac	scene	object	face	competitor	object	8	1	78	126	278	130	86.0	n/a
2	91.044	0.815	correct	0.815	grate	n/a	n/a	n/a	n/a	n/a	n/a	8	1	n/a	n/a	n/a	n/a	n/a	left
2	92.376	0.546	correct	0.546	grate	n/a	n/a	n/a	n/a	n/a	n/a	8	1	n/a	n/a	n/a	n/a	n/a	left
2	93.443	0.488	correct	0.488	grate	n/a	n/a	n/a	n/a	n/a	n/a	8	1	n/a	n/a	n/a	n/a	n/a	right
2	94.443	0.616	incorrect	0.616	grate	n/a	n/a	n/a	n/a	n/a	n/a	8	1	n/a	n/a	n/a	n/a	n/a	left
2	95.576	0.466	correct	0.466	grate	n/a	n/a	n/a	n/a	n/a	n/a	8	1	n/a	n/a	n/a	n/a	n/a	right
2	96.559	0.100	incorrect	0.100	grate	n/a	n/a	n/a	n/a	n/a	n/a	8	1	n/a	n/a	n/a	n/a	n/a	right
2	98.008	3.000	remember	0.278	retrieval	restudy	face	scene	object	target	face	9	1	101	29	77	205	98.0	n/a
2	103.042	0.528	correct	0.528	grate	n/a	n/a	n/a	n/a	n/a	n/a	9	1	n/a	n/a	n/a	n/a	n/a	left
2	104.092	0.446	correct	0.446	grate	n/a	n/a	n/a	n/a	n/a	n/a	9	1	n/a	n/a	n/a	n/a	n/a	left
2	105.059	0.440	correct	0.440	grate	n/a	n/a	n/a	n/a	n/a	n/a	9	1	n/a	n/a	n/a	n/a	n/a	left
2	106.025	0.370	correct	0.370	grate	n/a	n/a	n/a	n/a	n/a	n/a	9	1	n/a	n/a	n/a	n/a	n/a	right
2	106.908	0.407	correct	0.407	grate	n/a	n/a	n/a	n/a	n/a	n/a	9	1	n/a	n/a	n/a	n/a	n/a	right
2	107.825	0.498	correct	0.498	grate	n/a	n/a	n/a	n/a	n/a	n/a	9	1	n/a	n/a	n/a	n/a	n/a	left
2	108.842	0.100	incorrect	0.100	grate	n/a	n/a	n/a	n/a	n/a	n/a	9	1	n/a	n/a	n/a	n/a	n/a	left
2	110.007	3.000	forget	0.367	retrieval	retprac	scene	face	object	competitor	face	10	1	26	98	250	26	110.0	n/a
2	115.041	0.385	correct	0.385	grate	n/a	n/a	n/a	n/a	n/a	n/a	10	1	n/a	n/a	n/a	n/a	n/a	right
2	115.941	0.325	correct	0.325	grate	n/a	n/a	n/a	n/a	n/a	n/a	10	1	n/a	n/a	n/a	n/a	n/a	left
2	116.774	0.380	correct	0.380	grate	n/a	n/a	n/a	n/a	n/a	n/a	10	1	n/a	n/a	n/a	n/a	n/a	left
2	117.674	0.305	correct	0.305	grate	n/a	n/a	n/a	n/a	n/a	n/a	10	1	n/a	n/a	n/a	n/a	n/a	left
2	118.491	0.295	correct	0.295	grate	n/a	n/a	n/a	n/a	n/a	n/a	10	1	n/a	n/a	n/a	n/a	n/a	left
2	119.307	0.271	incorrect	0.271	grate	n/a	n/a	n/a	n/a	n/a	n/a	10	1	n/a	n/a	n/a	n/a	n/a	right
2	120.091	0.367	correct	0.367	grate	n/a	n/a	n/a	n/a	n/a	n/a	10	1	n/a	n/a	n/a	n/a	n/a	right
2	120.974	0.100	incorrect	0.100	grate	n/a	n/a	n/a	n/a	n/a	n/a	10	1	n/a	n/a	n/a	n/a	n/a	left
2	122.006	3.000	remember	0.255	retrieval	restudy	scene	face	object	target	scene	11	1	25	97	249	25	122.0	n/a
2	127.040	0.577	correct	0.577	grate	n/a	n/a	n/a	n/a	n/a	n/a	11	1	n/a	n/a	n/a	n/a	n/a	right
2	128.140	0.359	correct	0.359	grate	n/a	n/a	n/a	n/a	n/a	n/a	11	1	n/a	n/a	n/a	n/a	n/a	right
2	129.007	0.412	correct	0.412	grate	n/a	n/a	n/a	n/a	n/a	n/a	11	1	n/a	n/a	n/a	n/a	n/a	right
2	129.940	0.446	correct	0.446	grate	n/a	n/a	n/a	n/a	n/a	n/a	11	1	n/a	n/a	n/a	n/a	n/a	left
2	130.906	0.519	correct	0.519	grate	n/a	n/a	n/a	n/a	n/a	n/a	11	1	n/a	n/a	n/a	n/a	n/a	right
2	131.940	0.406	correct	0.406	grate	n/a	n/a	n/a	n/a	n/a	n/a	11	1	n/a	n/a	n/a	n/a	n/a	right
2	132.856	0.100	incorrect	0.100	grate	n/a	n/a	n/a	n/a	n/a	n/a	11	1	n/a	n/a	n/a	n/a	n/a	right
2	134.022	3.000	remember	0.287	retrieval	restudy	face	object	scene	target	face	12	1	55	7	55	107	134.0	n/a
2	139.056	0.354	correct	0.354	grate	n/a	n/a	n/a	n/a	n/a	n/a	12	1	n/a	n/a	n/a	n/a	n/a	right
2	139.922	0.383	correct	0.383	grate	n/a	n/a	n/a	n/a	n/a	n/a	12	1	n/a	n/a	n/a	n/a	n/a	left
2	140.822	0.436	correct	0.436	grate	n/a	n/a	n/a	n/a	n/a	n/a	12	1	n/a	n/a	n/a	n/a	n/a	right
2	141.772	0.285	incorrect	0.285	grate	n/a	n/a	n/a	n/a	n/a	n/a	12	1	n/a	n/a	n/a	n/a	n/a	right
2	142.572	0.349	incorrect	0.349	grate	n/a	n/a	n/a	n/a	n/a	n/a	12	1	n/a	n/a	n/a	n/a	n/a	left
2	143.438	0.523	incorrect	0.523	grate	n/a	n/a	n/a	n/a	n/a	n/a	12	1	n/a	n/a	n/a	n/a	n/a	right
2	144.472	0.050	incorrect	0.050	grate	n/a	n/a	n/a	n/a	n/a	n/a	12	1	n/a	n/a	n/a	n/a	n/a	left
2	146.021	3.000	forget	0.360	retrieval	retprac	object	scene	face	competitor	scene	13	1	124	76	176	228	146.0	n/a
2	151.055	0.354	correct	0.354	grate	n/a	n/a	n/a	n/a	n/a	n/a	13	1	n/a	n/a	n/a	n/a	n/a	right
2	151.921	0.272	incorrect	0.272	grate	n/a	n/a	n/a	n/a	n/a	n/a	13	1	n/a	n/a	n/a	n/a	n/a	left
2	152.704	0.817	correct	0.817	grate	n/a	n/a	n/a	n/a	n/a	n/a	13	1	n/a	n/a	n/a	n/a	n/a	right
2	154.038	0.403	correct	0.403	grate	n/a	n/a	n/a	n/a	n/a	n/a	13	1	n/a	n/a	n/a	n/a	n/a	right
2	154.954	0.367	correct	0.367	grate	n/a	n/a	n/a	n/a	n/a	n/a	13	1	n/a	n/a	n/a	n/a	n/a	right
2	155.837	0.452	correct	0.452	grate	n/a	n/a	n/a	n/a	n/a	n/a	13	1	n/a	n/a	n/a	n/a	n/a	left
2	156.804	0.100	incorrect	0.100	grate	n/a	n/a	n/a	n/a	n/a	n/a	13	1	n/a	n/a	n/a	n/a	n/a	right
2	158.020	3.000	forget	0.298	retrieval	retprac	object	face	scene	competitor	face	14	1	2	50	150	2	158.0	n/a
2	163.053	0.491	correct	0.491	grate	n/a	n/a	n/a	n/a	n/a	n/a	14	1	n/a	n/a	n/a	n/a	n/a	left
2	164.053	0.299	correct	0.299	grate	n/a	n/a	n/a	n/a	n/a	n/a	14	1	n/a	n/a	n/a	n/a	n/a	left
2	164.870	0.355	correct	0.355	grate	n/a	n/a	n/a	n/a	n/a	n/a	14	1	n/a	n/a	n/a	n/a	n/a	right
2	165.736	0.288	incorrect	0.288	grate	n/a	n/a	n/a	n/a	n/a	n/a	14	1	n/a	n/a	n/a	n/a	n/a	left
2	166.536	0.496	correct	0.496	grate	n/a	n/a	n/a	n/a	n/a	n/a	14	1	n/a	n/a	n/a	n/a	n/a	right
2	167.553	0.479	correct	0.479	grate	n/a	n/a	n/a	n/a	n/a	n/a	14	1	n/a	n/a	n/a	n/a	n/a	right
2	168.553	0.100	incorrect	0.100	grate	n/a	n/a	n/a	n/a	n/a	n/a	14	1	n/a	n/a	n/a	n/a	n/a	right
2	170.019	3.000	forget	0.290	retrieval	retprac	face	object	scene	other	scene	15	1	54	6	54	106	170.0	n/a
2	175.053	0.628	correct	0.628	grate	n/a	n/a	n/a	n/a	n/a	n/a	15	1	n/a	n/a	n/a	n/a	n/a	right
2	176.202	0.422	correct	0.422	grate	n/a	n/a	n/a	n/a	n/a	n/a	15	1	n/a	n/a	n/a	n/a	n/a	right
2	177.135	0.505	correct	0.505	grate	n/a	n/a	n/a	n/a	n/a	n/a	15	1	n/a	n/a	n/a	n/a	n/a	left
2	178.152	0.368	correct	0.368	grate	n/a	n/a	n/a	n/a	n/a	n/a	15	1	n/a	n/a	n/a	n/a	n/a	left
2	179.035	0.357	correct	0.357	grate	n/a	n/a	n/a	n/a	n/a	n/a	15	1	n/a	n/a	n/a	n/a	n/a	left
2	179.902	0.370	correct	0.370	grate	n/a	n/a	n/a	n/a	n/a	n/a	15	1	n/a	n/a	n/a	n/a	n/a	left
2	180.785	0.100	incorrect	0.100	grate	n/a	n/a	n/a	n/a	n/a	n/a	15	1	n/a	n/a	n/a	n/a	n/a	left
2	182.017	3.000	forget	0.266	retrieval	retprac	scene	face	object	competitor	face	16	1	32	104	256	32	182.0	n/a
2	187.051	0.470	correct	0.470	grate	n/a	n/a	n/a	n/a	n/a	n/a	16	1	n/a	n/a	n/a	n/a	n/a	right
2	188.035	0.349	correct	0.349	grate	n/a	n/a	n/a	n/a	n/a	n/a	16	1	n/a	n/a	n/a	n/a	n/a	right
2	188.901	0.267	correct	0.267	grate	n/a	n/a	n/a	n/a	n/a	n/a	16	1	n/a	n/a	n/a	n/a	n/a	right
2	189.684	0.332	correct	0.332	grate	n/a	n/a	n/a	n/a	n/a	n/a	16	1	n/a	n/a	n/a	n/a	n/a	right
2	190.534	0.314	correct	0.314	grate	n/a	n/a	n/a	n/a	n/a	n/a	16	1	n/a	n/a	n/a	n/a	n/a	right
2	191.368	0.448	correct	0.448	grate	n/a	n/a	n/a	n/a	n/a	n/a	16	1	n/a	n/a	n/a	n/a	n/a	left
2	192.334	0.183	incorrect	0.183	grate	n/a	n/a	n/a	n/a	n/a	n/a	16	1	n/a	n/a	n/a	n/a	n/a	left
2	194.016	3.000	remember	0.275	retrieval	restudy	face	object	scene	target	face	17	1	53	5	53	105	194.0	n/a
2	199.050	0.325	correct	0.325	grate	n/a	n/a	n/a	n/a	n/a	n/a	17	1	n/a	n/a	n/a	n/a	n/a	right
2	199.883	0.420	correct	0.420	grate	n/a	n/a	n/a	n/a	n/a	n/a	17	1	n/a	n/a	n/a	n/a	n/a	left
2	200.817	0.471	correct	0.471	grate	n/a	n/a	n/a	n/a	n/a	n/a	17	1	n/a	n/a	n/a	n/a	n/a	right
2	201.800	0.416	correct	0.416	grate	n/a	n/a	n/a	n/a	n/a	n/a	17	1	n/a	n/a	n/a	n/a	n/a	left
2	202.733	0.475	correct	0.475	grate	n/a	n/a	n/a	n/a	n/a	n/a	17	1	n/a	n/a	n/a	n/a	n/a	left
2	203.716	0.491	correct	0.491	grate	n/a	n/a	n/a	n/a	n/a	n/a	17	1	n/a	n/a	n/a	n/a	n/a	right
2	204.716	0.100	incorrect	0.100	grate	n/a	n/a	n/a	n/a	n/a	n/a	17	1	n/a	n/a	n/a	n/a	n/a	left
2	206.015	3.000	forget	0.252	retrieval	retprac	scene	object	face	competitor	object	18	1	74	122	274	126	206.0	n/a
2	211.049	0.462	correct	0.462	grate	n/a	n/a	n/a	n/a	n/a	n/a	18	1	n/a	n/a	n/a	n/a	n/a	right
2	212.032	0.311	correct	0.311	grate	n/a	n/a	n/a	n/a	n/a	n/a	18	1	n/a	n/a	n/a	n/a	n/a	right
2	212.866	0.318	correct	0.318	grate	n/a	n/a	n/a	n/a	n/a	n/a	18	1	n/a	n/a	n/a	n/a	n/a	left
2	213.699	0.260	incorrect	0.260	grate	n/a	n/a	n/a	n/a	n/a	n/a	18	1	n/a	n/a	n/a	n/a	n/a	right
2	214.482	0.349	correct	0.349	grate	n/a	n/a	n/a	n/a	n/a	n/a	18	1	n/a	n/a	n/a	n/a	n/a	right
2	215.349	0.322	correct	0.322	grate	n/a	n/a	n/a	n/a	n/a	n/a	18	1	n/a	n/a	n/a	n/a	n/a	right
2	216.182	0.333	incorrect	0.333	grate	n/a	n/a	n/a	n/a	n/a	n/a	18	1	n/a	n/a	n/a	n/a	n/a	left
2	218.014	3.000	remember	0.317	retrieval	retprac	object	scene	face	target	object	19	1	122	74	174	226	218.0	n/a
2	223.048	0.519	correct	0.519	grate	n/a	n/a	n/a	n/a	n/a	n/a	19	1	n/a	n/a	n/a	n/a	n/a	left
2	224.081	0.238	correct	0.238	grate	n/a	n/a	n/a	n/a	n/a	n/a	19	1	n/a	n/a	n/a	n/a	n/a	left
2	224.831	0.240	incorrect	0.240	grate	n/a	n/a	n/a	n/a	n/a	n/a	19	1	n/a	n/a	n/a	n/a	n/a	right
2	225.581	0.442	correct	0.442	grate	n/a	n/a	n/a	n/a	n/a	n/a	19	1	n/a	n/a	n/a	n/a	n/a	left
2	226.531	0.565	correct	0.565	grate	n/a	n/a	n/a	n/a	n/a	n/a	19	1	n/a	n/a	n/a	n/a	n/a	right
2	227.614	0.648	correct	0.648	grate	n/a	n/a	n/a	n/a	n/a	n/a	19	1	n/a	n/a	n/a	n/a	n/a	right
2	228.781	0.100	incorrect	0.100	grate	n/a	n/a	n/a	n/a	n/a	n/a	19	1	n/a	n/a	n/a	n/a	n/a	left
2	230.013	3.000	forget	0.413	retrieval	retprac	scene	face	object	competitor	face	20	1	30	102	254	30	230.0	n/a
2	235.047	1.343	incorrect	1.343	grate	n/a	n/a	n/a	n/a	n/a	n/a	20	1	n/a	n/a	n/a	n/a	n/a	left
2	236.913	0.589	incorrect	0.589	grate	n/a	n/a	n/a	n/a	n/a	n/a	20	1	n/a	n/a	n/a	n/a	n/a	right
2	238.013	0.377	correct	0.377	grate	n/a	n/a	n/a	n/a	n/a	n/a	20	1	n/a	n/a	n/a	n/a	n/a	right
2	238.913	0.310	correct	0.310	grate	n/a	n/a	n/a	n/a	n/a	n/a	20	1	n/a	n/a	n/a	n/a	n/a	right
2	239.747	0.324	correct	0.324	grate	n/a	n/a	n/a	n/a	n/a	n/a	20	1	n/a	n/a	n/a	n/a	n/a	right
2	240.580	0.100	incorrect	0.100	grate	n/a	n/a	n/a	n/a	n/a	n/a	20	1	n/a	n/a	n/a	n/a	n/a	right
2	242.012	3.000	forget	0.366	retrieval	restudy	scene	face	object	competitor	face	21	1	31	103	255	31	242.0	n/a
2	247.046	0.552	correct	0.552	grate	n/a	n/a	n/a	n/a	n/a	n/a	21	1	n/a	n/a	n/a	n/a	n/a	right
2	248.112	0.534	correct	0.534	grate	n/a	n/a	n/a	n/a	n/a	n/a	21	1	n/a	n/a	n/a	n/a	n/a	left
2	249.162	0.468	correct	0.468	grate	n/a	n/a	n/a	n/a	n/a	n/a	21	1	n/a	n/a	n/a	n/a	n/a	left
2	250.146	0.364	correct	0.364	grate	n/a	n/a	n/a	n/a	n/a	n/a	21	1	n/a	n/a	n/a	n/a	n/a	left
2	251.029	0.314	correct	0.314	grate	n/a	n/a	n/a	n/a	n/a	n/a	21	1	n/a	n/a	n/a	n/a	n/a	left
2	251.862	0.528	correct	0.528	grate	n/a	n/a	n/a	n/a	n/a	n/a	21	1	n/a	n/a	n/a	n/a	n/a	right
2	252.912	0.100	incorrect	0.100	grate	n/a	n/a	n/a	n/a	n/a	n/a	21	1	n/a	n/a	n/a	n/a	n/a	left
2	254.011	3.000	forget	0.271	retrieval	restudy	object	scene	face	competitor	scene	22	1	127	79	179	231	254.0	n/a
2	259.045	0.586	correct	0.586	grate	n/a	n/a	n/a	n/a	n/a	n/a	22	1	n/a	n/a	n/a	n/a	n/a	left
2	260.145	0.493	correct	0.493	grate	n/a	n/a	n/a	n/a	n/a	n/a	22	1	n/a	n/a	n/a	n/a	n/a	right
2	261.161	0.436	correct	0.436	grate	n/a	n/a	n/a	n/a	n/a	n/a	22	1	n/a	n/a	n/a	n/a	n/a	right
2	262.111	0.470	correct	0.470	grate	n/a	n/a	n/a	n/a	n/a	n/a	22	1	n/a	n/a	n/a	n/a	n/a	left
2	263.094	0.303	correct	0.303	grate	n/a	n/a	n/a	n/a	n/a	n/a	22	1	n/a	n/a	n/a	n/a	n/a	left
2	263.928	0.415	correct	0.415	grate	n/a	n/a	n/a	n/a	n/a	n/a	22	1	n/a	n/a	n/a	n/a	n/a	left
2	264.861	0.100	incorrect	0.100	grate	n/a	n/a	n/a	n/a	n/a	n/a	22	1	n/a	n/a	n/a	n/a	n/a	right
2	266.010	3.000	forget	0.247	retrieval	retprac	face	object	scene	competitor	object	23	1	50	2	50	102	266.0	n/a
2	271.044	0.314	correct	0.314	grate	n/a	n/a	n/a	n/a	n/a	n/a	23	1	n/a	n/a	n/a	n/a	n/a	right
2	271.877	0.296	correct	0.296	grate	n/a	n/a	n/a	n/a	n/a	n/a	23	1	n/a	n/a	n/a	n/a	n/a	right
2	272.694	0.336	correct	0.336	grate	n/a	n/a	n/a	n/a	n/a	n/a	23	1	n/a	n/a	n/a	n/a	n/a	right
2	273.544	1.239	correct	1.239	grate	n/a	n/a	n/a	n/a	n/a	n/a	23	1	n/a	n/a	n/a	n/a	n/a	left
2	275.293	0.416	correct	0.416	grate	n/a	n/a	n/a	n/a	n/a	n/a	23	1	n/a	n/a	n/a	n/a	n/a	right
2	276.227	0.283	incorrect	0.283	grate	n/a	n/a	n/a	n/a	n/a	n/a	23	1	n/a	n/a	n/a	n/a	n/a	left
2	278.009	3.000	forget	0.344	retrieval	restudy	face	object	scene	other	scene	24	1	51	3	51	103	278.0	n/a
2	283.043	1.027	incorrect	1.027	grate	n/a	n/a	n/a	n/a	n/a	n/a	24	1	n/a	n/a	n/a	n/a	n/a	right
2	284.593	0.549	correct	0.549	grate	n/a	n/a	n/a	n/a	n/a	n/a	24	1	n/a	n/a	n/a	n/a	n/a	right
2	285.659	0.507	correct	0.507	grate	n/a	n/a	n/a	n/a	n/a	n/a	24	1	n/a	n/a	n/a	n/a	n/a	left
2	286.676	0.683	correct	0.683	grate	n/a	n/a	n/a	n/a	n/a	n/a	24	1	n/a	n/a	n/a	n/a	n/a	right
2	287.876	0.594	correct	0.594	grate	n/a	n/a	n/a	n/a	n/a	n/a	24	1	n/a	n/a	n/a	n/a	n/a	left
2	288.992	0.100	incorrect	0.100	grate	n/a	n/a	n/a	n/a	n/a	n/a	24	1	n/a	n/a	n/a	n/a	n/a	left
2	290.008	3.000	forget	0.425	retrieval	restudy	scene	face	object	competitor	face	25	1	29	101	253	29	290.0	n/a
2	295.042	1.347	correct	1.347	grate	n/a	n/a	n/a	n/a	n/a	n/a	25	1	n/a	n/a	n/a	n/a	n/a	right
2	296.908	0.393	correct	0.393	grate	n/a	n/a	n/a	n/a	n/a	n/a	25	1	n/a	n/a	n/a	n/a	n/a	left
2	297.825	0.468	correct	0.468	grate	n/a	n/a	n/a	n/a	n/a	n/a	25	1	n/a	n/a	n/a	n/a	n/a	right
2	298.808	0.453	correct	0.453	grate	n/a	n/a	n/a	n/a	n/a	n/a	25	1	n/a	n/a	n/a	n/a	n/a	right
2	299.775	0.478	correct	0.478	grate	n/a	n/a	n/a	n/a	n/a	n/a	25	1	n/a	n/a	n/a	n/a	n/a	left
2	300.774	0.100	incorrect	0.100	grate	n/a	n/a	n/a	n/a	n/a	n/a	25	1	n/a	n/a	n/a	n/a	n/a	left
2	302.007	3.000	remember	0.321	retrieval	retprac	object	face	scene	target	object	26	1	8	56	156	8	302.0	n/a
2	307.041	0.341	correct	0.341	grate	n/a	n/a	n/a	n/a	n/a	n/a	26	1	n/a	n/a	n/a	n/a	n/a	right
2	307.890	0.427	incorrect	0.427	grate	n/a	n/a	n/a	n/a	n/a	n/a	26	1	n/a	n/a	n/a	n/a	n/a	left
2	308.840	0.804	correct	0.804	grate	n/a	n/a	n/a	n/a	n/a	n/a	26	1	n/a	n/a	n/a	n/a	n/a	right
2	310.157	0.271	incorrect	0.271	grate	n/a	n/a	n/a	n/a	n/a	n/a	26	1	n/a	n/a	n/a	n/a	n/a	right
2	310.940	0.392	correct	0.392	grate	n/a	n/a	n/a	n/a	n/a	n/a	26	1	n/a	n/a	n/a	n/a	n/a	right
2	311.840	0.292	correct	0.292	grate	n/a	n/a	n/a	n/a	n/a	n/a	26	1	n/a	n/a	n/a	n/a	n/a	right
2	312.640	0.100	incorrect	0.100	grate	n/a	n/a	n/a	n/a	n/a	n/a	26	1	n/a	n/a	n/a	n/a	n/a	right
2	314.022	3.000	forget	0.378	retrieval	restudy	object	face	scene	competitor	face	27	1	1	49	149	1	314.0	n/a
2	319.056	0.845	correct	0.845	grate	n/a	n/a	n/a	n/a	n/a	n/a	27	1	n/a	n/a	n/a	n/a	n/a	left
2	320.423	0.302	incorrect	0.302	grate	n/a	n/a	n/a	n/a	n/a	n/a	27	1	n/a	n/a	n/a	n/a	n/a	right
2	321.239	0.485	correct	0.485	grate	n/a	n/a	n/a	n/a	n/a	n/a	27	1	n/a	n/a	n/a	n/a	n/a	right
2	322.239	0.309	correct	0.309	grate	n/a	n/a	n/a	n/a	n/a	n/a	27	1	n/a	n/a	n/a	n/a	n/a	right
2	323.072	0.404	correct	0.404	grate	n/a	n/a	n/a	n/a	n/a	n/a	27	1	n/a	n/a	n/a	n/a	n/a	left
2	324.006	0.517	incorrect	0.517	grate	n/a	n/a	n/a	n/a	n/a	n/a	27	1	n/a	n/a	n/a	n/a	n/a	right
2	326.021	3.000	forget	0.346	retrieval	retprac	object	face	scene	competitor	face	28	1	6	54	154	6	326.0	n/a
2	331.055	0.693	correct	0.693	grate	n/a	n/a	n/a	n/a	n/a	n/a	28	1	n/a	n/a	n/a	n/a	n/a	left
2	332.272	0.348	correct	0.348	grate	n/a	n/a	n/a	n/a	n/a	n/a	28	1	n/a	n/a	n/a	n/a	n/a	left
2	333.138	0.273	correct	0.273	grate	n/a	n/a	n/a	n/a	n/a	n/a	28	1	n/a	n/a	n/a	n/a	n/a	left
2	333.922	0.282	correct	0.282	grate	n/a	n/a	n/a	n/a	n/a	n/a	28	1	n/a	n/a	n/a	n/a	n/a	left
2	334.721	0.402	correct	0.402	grate	n/a	n/a	n/a	n/a	n/a	n/a	28	1	n/a	n/a	n/a	n/a	n/a	right
2	335.638	0.302	incorrect	0.302	grate	n/a	n/a	n/a	n/a	n/a	n/a	28	1	n/a	n/a	n/a	n/a	n/a	left
2	336.455	0.067	incorrect	0.067	grate	n/a	n/a	n/a	n/a	n/a	n/a	28	1	n/a	n/a	n/a	n/a	n/a	right
2	338.020	3.000	remember	0.275	retrieval	restudy	object	scene	face	target	object	29	1	121	73	173	225	338.0	n/a
2	343.054	0.557	correct	0.557	grate	n/a	n/a	n/a	n/a	n/a	n/a	29	1	n/a	n/a	n/a	n/a	n/a	left
2	344.120	0.283	correct	0.283	grate	n/a	n/a	n/a	n/a	n/a	n/a	29	1	n/a	n/a	n/a	n/a	n/a	left
2	344.921	0.275	correct	0.275	grate	n/a	n/a	n/a	n/a	n/a	n/a	29	1	n/a	n/a	n/a	n/a	n/a	left
2	345.704	0.405	correct	0.405	grate	n/a	n/a	n/a	n/a	n/a	n/a	29	1	n/a	n/a	n/a	n/a	n/a	right
2	346.620	0.399	incorrect	0.399	grate	n/a	n/a	n/a	n/a	n/a	n/a	29	1	n/a	n/a	n/a	n/a	n/a	right
2	347.537	0.482	correct	0.482	grate	n/a	n/a	n/a	n/a	n/a	n/a	29	1	n/a	n/a	n/a	n/a	n/a	left
2	348.537	0.100	incorrect	0.100	grate	n/a	n/a	n/a	n/a	n/a	n/a	29	1	n/a	n/a	n/a	n/a	n/a	left
2	350.019	3.000	remember	0.420	retrieval	restudy	scene	object	face	target	scene	30	1	73	121	273	125	350.0	n/a
2	355.053	0.606	correct	0.606	grate	n/a	n/a	n/a	n/a	n/a	n/a	30	1	n/a	n/a	n/a	n/a	n/a	left
2	356.170	0.459	correct	0.459	grate	n/a	n/a	n/a	n/a	n/a	n/a	30	1	n/a	n/a	n/a	n/a	n/a	left
2	357.136	0.467	correct	0.467	grate	n/a	n/a	n/a	n/a	n/a	n/a	30	1	n/a	n/a	n/a	n/a	n/a	right
2	358.119	0.292	correct	0.292	grate	n/a	n/a	n/a	n/a	n/a	n/a	30	1	n/a	n/a	n/a	n/a	n/a	right
2	358.919	0.420	correct	0.420	grate	n/a	n/a	n/a	n/a	n/a	n/a	30	1	n/a	n/a	n/a	n/a	n/a	left
2	359.852	0.526	correct	0.526	grate	n/a	n/a	n/a	n/a	n/a	n/a	30	1	n/a	n/a	n/a	n/a	n/a	right
2	360.902	0.100	incorrect	0.100	grate	n/a	n/a	n/a	n/a	n/a	n/a	30	1	n/a	n/a	n/a	n/a	n/a	right
2	362.018	3.000	forget	0.332	retrieval	restudy	face	scene	object	other	object	31	1	99	27	75	203	362.0	n/a
2	367.052	0.423	incorrect	0.423	grate	n/a	n/a	n/a	n/a	n/a	n/a	31	1	n/a	n/a	n/a	n/a	n/a	left
2	367.985	0.697	incorrect	0.697	grate	n/a	n/a	n/a	n/a	n/a	n/a	31	1	n/a	n/a	n/a	n/a	n/a	right
2	369.202	0.689	correct	0.689	grate	n/a	n/a	n/a	n/a	n/a	n/a	31	1	n/a	n/a	n/a	n/a	n/a	left
2	370.402	0.393	correct	0.393	grate	n/a	n/a	n/a	n/a	n/a	n/a	31	1	n/a	n/a	n/a	n/a	n/a	right
2	371.318	0.349	correct	0.349	grate	n/a	n/a	n/a	n/a	n/a	n/a	31	1	n/a	n/a	n/a	n/a	n/a	right
2	372.185	0.298	incorrect	0.298	grate	n/a	n/a	n/a	n/a	n/a	n/a	31	1	n/a	n/a	n/a	n/a	n/a	left
2	373.001	0.100	incorrect	0.100	grate	n/a	n/a	n/a	n/a	n/a	n/a	31	1	n/a	n/a	n/a	n/a	n/a	left
2	374.017	3.000	remember	0.309	retrieval	restudy	face	scene	object	target	face	32	1	97	25	73	201	374.0	n/a
2	379.051	0.487	correct	0.487	grate	n/a	n/a	n/a	n/a	n/a	n/a	32	1	n/a	n/a	n/a	n/a	n/a	left
2	380.051	0.312	correct	0.312	grate	n/a	n/a	n/a	n/a	n/a	n/a	32	1	n/a	n/a	n/a	n/a	n/a	left
2	380.884	0.415	correct	0.415	grate	n/a	n/a	n/a	n/a	n/a	n/a	32	1	n/a	n/a	n/a	n/a	n/a	right
2	381.817	0.489	correct	0.489	grate	n/a	n/a	n/a	n/a	n/a	n/a	32	1	n/a	n/a	n/a	n/a	n/a	left
2	382.817	0.369	correct	0.369	grate	n/a	n/a	n/a	n/a	n/a	n/a	32	1	n/a	n/a	n/a	n/a	n/a	left
2	383.700	0.383	correct	0.383	grate	n/a	n/a	n/a	n/a	n/a	n/a	32	1	n/a	n/a	n/a	n/a	n/a	right
2	384.600	0.100	incorrect	0.100	grate	n/a	n/a	n/a	n/a	n/a	n/a	32	1	n/a	n/a	n/a	n/a	n/a	right
2	386.016	3.000	forget	0.318	retrieval	retprac	face	object	scene	competitor	object	33	1	52	4	52	104	386.0	n/a
2	391.050	0.832	correct	0.832	grate	n/a	n/a	n/a	n/a	n/a	n/a	33	1	n/a	n/a	n/a	n/a	n/a	left
2	392.400	0.362	correct	0.362	grate	n/a	n/a	n/a	n/a	n/a	n/a	33	1	n/a	n/a	n/a	n/a	n/a	right
2	393.283	0.423	correct	0.423	grate	n/a	n/a	n/a	n/a	n/a	n/a	33	1	n/a	n/a	n/a	n/a	n/a	left
2	394.216	0.443	correct	0.443	grate	n/a	n/a	n/a	n/a	n/a	n/a	33	1	n/a	n/a	n/a	n/a	n/a	left
2	395.183	0.467	correct	0.467	grate	n/a	n/a	n/a	n/a	n/a	n/a	33	1	n/a	n/a	n/a	n/a	n/a	right
2	396.166	0.350	incorrect	0.350	grate	n/a	n/a	n/a	n/a	n/a	n/a	33	1	n/a	n/a	n/a	n/a	n/a	left
2	398.015	3.000	forget	0.399	retrieval	retprac	scene	object	face	competitor	object	34	1	76	124	276	128	398.0	n/a
2	403.049	0.425	correct	0.425	grate	n/a	n/a	n/a	n/a	n/a	n/a	34	1	n/a	n/a	n/a	n/a	n/a	right
2	403.982	0.285	correct	0.285	grate	n/a	n/a	n/a	n/a	n/a	n/a	34	1	n/a	n/a	n/a	n/a	n/a	right
2	404.782	0.348	correct	0.348	grate	n/a	n/a	n/a	n/a	n/a	n/a	34	1	n/a	n/a	n/a	n/a	n/a	left
2	405.648	0.281	correct	0.281	grate	n/a	n/a	n/a	n/a	n/a	n/a	34	1	n/a	n/a	n/a	n/a	n/a	left
2	406.448	0.313	correct	0.313	grate	n/a	n/a	n/a	n/a	n/a	n/a	34	1	n/a	n/a	n/a	n/a	n/a	left
2	407.282	0.280	incorrect	0.280	grate	n/a	n/a	n/a	n/a	n/a	n/a	34	1	n/a	n/a	n/a	n/a	n/a	right
2	408.082	0.433	incorrect	0.433	grate	n/a	n/a	n/a	n/a	n/a	n/a	34	1	n/a	n/a	n/a	n/a	n/a	left
2	410.014	3.000	forget	0.303	retrieval	restudy	scene	object	face	competitor	object	35	1	77	125	277	129	410.0	n/a
2	415.048	0.322	incorrect	0.322	grate	n/a	n/a	n/a	n/a	n/a	n/a	35	1	n/a	n/a	n/a	n/a	n/a	left
2	415.881	0.344	correct	0.344	grate	n/a	n/a	n/a	n/a	n/a	n/a	35	1	n/a	n/a	n/a	n/a	n/a	left
2	416.747	0.918	correct	0.918	grate	n/a	n/a	n/a	n/a	n/a	n/a	35	1	n/a	n/a	n/a	n/a	n/a	right
2	418.181	0.557	correct	0.557	grate	n/a	n/a	n/a	n/a	n/a	n/a	35	1	n/a	n/a	n/a	n/a	n/a	right
2	419.247	0.506	correct	0.506	grate	n/a	n/a	n/a	n/a	n/a	n/a	35	1	n/a	n/a	n/a	n/a	n/a	left
2	420.264	0.250	incorrect	0.250	grate	n/a	n/a	n/a	n/a	n/a	n/a	35	1	n/a	n/a	n/a	n/a	n/a	right
2	422.013	3.000	remember	0.272	retrieval	retprac	face	scene	object	target	face	36	1	100	28	76	204	422.0	n/a
2	427.047	0.506	correct	0.506	grate	n/a	n/a	n/a	n/a	n/a	n/a	36	1	n/a	n/a	n/a	n/a	n/a	right
2	428.063	0.291	incorrect	0.291	grate	n/a	n/a	n/a	n/a	n/a	n/a	36	1	n/a	n/a	n/a	n/a	n/a	left
2	428.863	0.386	correct	0.386	grate	n/a	n/a	n/a	n/a	n/a	n/a	36	1	n/a	n/a	n/a	n/a	n/a	left
2	429.780	0.357	correct	0.357	grate	n/a	n/a	n/a	n/a	n/a	n/a	36	1	n/a	n/a	n/a	n/a	n/a	left
2	430.646	0.283	incorrect	0.283	grate	n/a	n/a	n/a	n/a	n/a	n/a	36	1	n/a	n/a	n/a	n/a	n/a	right
2	431.446	0.017	correct	0.017	grate	n/a	n/a	n/a	n/a	n/a	n/a	36	1	n/a	n/a	n/a	n/a	n/a	right
2	431.980	0.532	incorrect	0.532	grate	n/a	n/a	n/a	n/a	n/a	n/a	36	1	n/a	n/a	n/a	n/a	n/a	left
2	434.012	3.000	forget	0.337	retrieval	restudy	object	face	scene	competitor	face	37	1	5	53	153	5	434.0	n/a
2	439.046	0.515	correct	0.515	grate	n/a	n/a	n/a	n/a	n/a	n/a	37	1	n/a	n/a	n/a	n/a	n/a	right
2	440.079	0.346	correct	0.346	grate	n/a	n/a	n/a	n/a	n/a	n/a	37	1	n/a	n/a	n/a	n/a	n/a	left
2	440.945	0.479	correct	0.479	grate	n/a	n/a	n/a	n/a	n/a	n/a	37	1	n/a	n/a	n/a	n/a	n/a	right
2	441.945	0.335	correct	0.335	grate	n/a	n/a	n/a	n/a	n/a	n/a	37	1	n/a	n/a	n/a	n/a	n/a	right
2	442.795	0.343	correct	0.343	grate	n/a	n/a	n/a	n/a	n/a	n/a	37	1	n/a	n/a	n/a	n/a	n/a	right
2	443.662	0.387	correct	0.387	grate	n/a	n/a	n/a	n/a	n/a	n/a	37	1	n/a	n/a	n/a	n/a	n/a	left
2	444.562	0.100	incorrect	0.100	grate	n/a	n/a	n/a	n/a	n/a	n/a	37	1	n/a	n/a	n/a	n/a	n/a	right
2	446.011	3.000	forget	0.314	retrieval	retprac	object	face	scene	competitor	face	38	1	4	52	152	4	446.0	n/a
2	451.045	0.388	correct	0.388	grate	n/a	n/a	n/a	n/a	n/a	n/a	38	1	n/a	n/a	n/a	n/a	n/a	right
2	451.944	0.272	incorrect	0.272	grate	n/a	n/a	n/a	n/a	n/a	n/a	38	1	n/a	n/a	n/a	n/a	n/a	left
2	452.727	0.313	incorrect	0.313	grate	n/a	n/a	n/a	n/a	n/a	n/a	38	1	n/a	n/a	n/a	n/a	n/a	right
2	453.561	0.359	correct	0.359	grate	n/a	n/a	n/a	n/a	n/a	n/a	38	1	n/a	n/a	n/a	n/a	n/a	right
2	454.444	0.516	correct	0.516	grate	n/a	n/a	n/a	n/a	n/a	n/a	38	1	n/a	n/a	n/a	n/a	n/a	left
2	455.477	0.563	correct	0.563	grate	n/a	n/a	n/a	n/a	n/a	n/a	38	1	n/a	n/a	n/a	n/a	n/a	right
2	456.560	0.100	incorrect	0.100	grate	n/a	n/a	n/a	n/a	n/a	n/a	38	1	n/a	n/a	n/a	n/a	n/a	right
2	458.009	3.000	forget	0.338	retrieval	restudy	scene	object	face	competitor	object	39	1	75	123	275	127	458.0	n/a
2	463.043	1.276	correct	1.276	grate	n/a	n/a	n/a	n/a	n/a	n/a	39	1	n/a	n/a	n/a	n/a	n/a	left
2	464.843	0.509	correct	0.509	grate	n/a	n/a	n/a	n/a	n/a	n/a	39	1	n/a	n/a	n/a	n/a	n/a	right
2	465.860	0.532	correct	0.532	grate	n/a	n/a	n/a	n/a	n/a	n/a	39	1	n/a	n/a	n/a	n/a	n/a	right
2	466.910	0.402	correct	0.402	grate	n/a	n/a	n/a	n/a	n/a	n/a	39	1	n/a	n/a	n/a	n/a	n/a	right
2	467.826	0.437	correct	0.437	grate	n/a	n/a	n/a	n/a	n/a	n/a	39	1	n/a	n/a	n/a	n/a	n/a	right
2	468.776	0.100	incorrect	0.100	grate	n/a	n/a	n/a	n/a	n/a	n/a	39	1	n/a	n/a	n/a	n/a	n/a	right
2	470.008	3.000	forget	0.315	retrieval	restudy	scene	object	face	other	face	40	1	79	127	279	131	470.0	n/a
2	475.042	0.421	correct	0.421	grate	n/a	n/a	n/a	n/a	n/a	n/a	40	1	n/a	n/a	n/a	n/a	n/a	right
2	475.975	0.353	correct	0.353	grate	n/a	n/a	n/a	n/a	n/a	n/a	40	1	n/a	n/a	n/a	n/a	n/a	right
2	477.058	0.389	correct	0.389	grate	n/a	n/a	n/a	n/a	n/a	n/a	40	1	n/a	n/a	n/a	n/a	n/a	left
2	477.959	0.305	incorrect	0.305	grate	n/a	n/a	n/a	n/a	n/a	n/a	40	1	n/a	n/a	n/a	n/a	n/a	right
2	478.775	0.368	incorrect	0.368	grate	n/a	n/a	n/a	n/a	n/a	n/a	40	1	n/a	n/a	n/a	n/a	n/a	left
2	479.658	0.525	correct	0.525	grate	n/a	n/a	n/a	n/a	n/a	n/a	40	1	n/a	n/a	n/a	n/a	n/a	left
2	480.692	0.100	incorrect	0.100	grate	n/a	n/a	n/a	n/a	n/a	n/a	40	1	n/a	n/a	n/a	n/a	n/a	left
2	482.007	3.000	forget	0.284	retrieval	retprac	face	scene	object	other	object	41	1	98	26	74	202	482.0	n/a
2	487.041	0.494	incorrect	0.494	grate	n/a	n/a	n/a	n/a	n/a	n/a	41	1	n/a	n/a	n/a	n/a	n/a	left
2	488.058	0.662	incorrect	0.662	grate	n/a	n/a	n/a	n/a	n/a	n/a	41	1	n/a	n/a	n/a	n/a	n/a	right
2	489.241	0.478	correct	0.478	grate	n/a	n/a	n/a	n/a	n/a	n/a	41	1	n/a	n/a	n/a	n/a	n/a	right
2	490.241	0.871	incorrect	0.871	grate	n/a	n/a	n/a	n/a	n/a	n/a	41	1	n/a	n/a	n/a	n/a	n/a	left
2	491.624	0.503	incorrect	0.503	grate	n/a	n/a	n/a	n/a	n/a	n/a	41	1	n/a	n/a	n/a	n/a	n/a	right
2	492.640	0.100	incorrect	0.100	grate	n/a	n/a	n/a	n/a	n/a	n/a	41	1	n/a	n/a	n/a	n/a	n/a	left
2	494.006	3.000	remember	0.572	retrieval	restudy	face	scene	object	target	face	42	1	103	31	79	207	494.0	n/a
2	499.040	0.446	correct	0.446	grate	n/a	n/a	n/a	n/a	n/a	n/a	42	1	n/a	n/a	n/a	n/a	n/a	right
2	500.007	0.712	incorrect	0.712	grate	n/a	n/a	n/a	n/a	n/a	n/a	42	1	n/a	n/a	n/a	n/a	n/a	left
2	501.240	0.391	correct	0.391	grate	n/a	n/a	n/a	n/a	n/a	n/a	42	1	n/a	n/a	n/a	n/a	n/a	left
2	502.140	0.443	incorrect	0.443	grate	n/a	n/a	n/a	n/a	n/a	n/a	42	1	n/a	n/a	n/a	n/a	n/a	left
2	503.106	0.324	correct	0.324	grate	n/a	n/a	n/a	n/a	n/a	n/a	42	1	n/a	n/a	n/a	n/a	n/a	right
2	503.940	0.356	incorrect	0.356	grate	n/a	n/a	n/a	n/a	n/a	n/a	42	1	n/a	n/a	n/a	n/a	n/a	right
2	504.806	0.100	incorrect	0.100	grate	n/a	n/a	n/a	n/a	n/a	n/a	42	1	n/a	n/a	n/a	n/a	n/a	left
2	506.022	3.000	remember	0.213	retrieval	retprac	scene	face	object	target	scene	43	1	28	100	252	28	506.0	n/a
2	511.056	0.631	incorrect	0.631	grate	n/a	n/a	n/a	n/a	n/a	n/a	43	1	n/a	n/a	n/a	n/a	n/a	left
2	512.206	0.498	incorrect	0.498	grate	n/a	n/a	n/a	n/a	n/a	n/a	43	1	n/a	n/a	n/a	n/a	n/a	right
2	513.222	0.472	incorrect	0.472	grate	n/a	n/a	n/a	n/a	n/a	n/a	43	1	n/a	n/a	n/a	n/a	n/a	right
2	514.205	0.353	incorrect	0.353	grate	n/a	n/a	n/a	n/a	n/a	n/a	43	1	n/a	n/a	n/a	n/a	n/a	right
2	515.072	0.342	incorrect	0.342	grate	n/a	n/a	n/a	n/a	n/a	n/a	43	1	n/a	n/a	n/a	n/a	n/a	right
2	515.922	0.493	incorrect	0.493	grate	n/a	n/a	n/a	n/a	n/a	n/a	43	1	n/a	n/a	n/a	n/a	n/a	left
2	516.938	0.100	incorrect	0.100	grate	n/a	n/a	n/a	n/a	n/a	n/a	43	1	n/a	n/a	n/a	n/a	n/a	right
2	518.021	3.000	remember	0.318	retrieval	restudy	face	object	scene	target	face	44	1	49	1	49	101	518.0	n/a
2	523.055	0.520	correct	0.520	grate	n/a	n/a	n/a	n/a	n/a	n/a	44	1	n/a	n/a	n/a	n/a	n/a	right
2	524.088	0.550	incorrect	0.550	grate	n/a	n/a	n/a	n/a	n/a	n/a	44	1	n/a	n/a	n/a	n/a	n/a	left
2	525.154	0.356	incorrect	0.356	grate	n/a	n/a	n/a	n/a	n/a	n/a	44	1	n/a	n/a	n/a	n/a	n/a	left
2	526.021	0.329	incorrect	0.329	grate	n/a	n/a	n/a	n/a	n/a	n/a	44	1	n/a	n/a	n/a	n/a	n/a	left
2	526.871	0.351	correct	0.351	grate	n/a	n/a	n/a	n/a	n/a	n/a	44	1	n/a	n/a	n/a	n/a	n/a	right
2	527.737	0.493	incorrect	0.493	grate	n/a	n/a	n/a	n/a	n/a	n/a	44	1	n/a	n/a	n/a	n/a	n/a	left
2	528.737	0.100	incorrect	0.100	grate	n/a	n/a	n/a	n/a	n/a	n/a	44	1	n/a	n/a	n/a	n/a	n/a	right
2	530.020	3.000	forget	0.286	retrieval	retprac	face	scene	object	competitor	scene	45	1	104	32	80	208	530.0	n/a
2	535.053	0.658	incorrect	0.658	grate	n/a	n/a	n/a	n/a	n/a	n/a	45	1	n/a	n/a	n/a	n/a	n/a	right
2	536.220	0.314	correct	0.314	grate	n/a	n/a	n/a	n/a	n/a	n/a	45	1	n/a	n/a	n/a	n/a	n/a	left
2	537.053	0.641	incorrect	0.641	grate	n/a	n/a	n/a	n/a	n/a	n/a	45	1	n/a	n/a	n/a	n/a	n/a	right
2	538.203	0.387	correct	0.387	grate	n/a	n/a	n/a	n/a	n/a	n/a	45	1	n/a	n/a	n/a	n/a	n/a	left
2	539.103	0.654	incorrect	0.654	grate	n/a	n/a	n/a	n/a	n/a	n/a	45	1	n/a	n/a	n/a	n/a	n/a	right
2	540.270	0.250	incorrect	0.250	grate	n/a	n/a	n/a	n/a	n/a	n/a	45	1	n/a	n/a	n/a	n/a	n/a	right
2	542.019	3.000	forget	0.311	retrieval	retprac	face	object	scene	competitor	object	46	1	56	8	56	108	542.0	n/a
2	547.053	0.473	incorrect	0.473	grate	n/a	n/a	n/a	n/a	n/a	n/a	46	1	n/a	n/a	n/a	n/a	n/a	left
2	548.036	0.378	incorrect	0.378	grate	n/a	n/a	n/a	n/a	n/a	n/a	46	1	n/a	n/a	n/a	n/a	n/a	left
2	548.935	0.334	incorrect	0.334	grate	n/a	n/a	n/a	n/a	n/a	n/a	46	1	n/a	n/a	n/a	n/a	n/a	left
2	549.786	0.364	incorrect	0.364	grate	n/a	n/a	n/a	n/a	n/a	n/a	46	1	n/a	n/a	n/a	n/a	n/a	left
2	550.669	0.449	incorrect	0.449	grate	n/a	n/a	n/a	n/a	n/a	n/a	46	1	n/a	n/a	n/a	n/a	n/a	right
2	551.635	0.274	incorrect	0.274	grate	n/a	n/a	n/a	n/a	n/a	n/a	46	1	n/a	n/a	n/a	n/a	n/a	right
2	552.419	0.100	incorrect	0.100	grate	n/a	n/a	n/a	n/a	n/a	n/a	46	1	n/a	n/a	n/a	n/a	n/a	left
2	554.017	3.000	forget	0.272	retrieval	restudy	object	scene	face	competitor	scene	47	1	125	77	177	229	554.0	n/a
2	559.051	0.490	incorrect	0.490	grate	n/a	n/a	n/a	n/a	n/a	n/a	47	1	n/a	n/a	n/a	n/a	n/a	right
2	560.051	0.298	incorrect	0.298	grate	n/a	n/a	n/a	n/a	n/a	n/a	47	1	n/a	n/a	n/a	n/a	n/a	right
2	560.868	0.434	incorrect	0.434	grate	n/a	n/a	n/a	n/a	n/a	n/a	47	1	n/a	n/a	n/a	n/a	n/a	right
2	561.818	0.483	incorrect	0.483	grate	n/a	n/a	n/a	n/a	n/a	n/a	47	1	n/a	n/a	n/a	n/a	n/a	right
2	562.818	0.499	incorrect	0.499	grate	n/a	n/a	n/a	n/a	n/a	n/a	47	1	n/a	n/a	n/a	n/a	n/a	left
2	563.834	0.299	correct	0.299	grate	n/a	n/a	n/a	n/a	n/a	n/a	47	1	n/a	n/a	n/a	n/a	n/a	right
2	564.651	0.100	incorrect	0.100	grate	n/a	n/a	n/a	n/a	n/a	n/a	47	1	n/a	n/a	n/a	n/a	n/a	left
2	566.016	3.000	forget	0.329	retrieval	retprac	face	scene	object	other	object	48	1	102	30	78	206	566.0	n/a
2	571.050	0.466	incorrect	0.466	grate	n/a	n/a	n/a	n/a	n/a	n/a	48	1	n/a	n/a	n/a	n/a	n/a	right
2	572.034	0.307	correct	0.307	grate	n/a	n/a	n/a	n/a	n/a	n/a	48	1	n/a	n/a	n/a	n/a	n/a	left
2	572.850	0.435	incorrect	0.435	grate	n/a	n/a	n/a	n/a	n/a	n/a	48	1	n/a	n/a	n/a	n/a	n/a	right
2	573.800	0.445	incorrect	0.445	grate	n/a	n/a	n/a	n/a	n/a	n/a	48	1	n/a	n/a	n/a	n/a	n/a	left
2	574.767	0.294	correct	0.294	grate	n/a	n/a	n/a	n/a	n/a	n/a	48	1	n/a	n/a	n/a	n/a	n/a	left
2	575.583	0.421	incorrect	0.421	grate	n/a	n/a	n/a	n/a	n/a	n/a	48	1	n/a	n/a	n/a	n/a	n/a	left
2	576.516	0.100	incorrect	0.100	grate	n/a	n/a	n/a	n/a	n/a	n/a	48	1	n/a	n/a	n/a	n/a	n/a	right
2	2.014	3.000	forget	0.318	retrieval	retprac	object	face	scene	competitor	face	1	2	16	64	164	16	2.0	n/a
2	7.049	0.608	incorrect	0.608	grate	n/a	n/a	n/a	n/a	n/a	n/a	1	2	n/a	n/a	n/a	n/a	n/a	right
2	8.165	0.332	incorrect	0.332	grate	n/a	n/a	n/a	n/a	n/a	n/a	1	2	n/a	n/a	n/a	n/a	n/a	right
2	9.015	0.435	incorrect	0.435	grate	n/a	n/a	n/a	n/a	n/a	n/a	1	2	n/a	n/a	n/a	n/a	n/a	left
2	9.965	0.324	incorrect	0.324	grate	n/a	n/a	n/a	n/a	n/a	n/a	1	2	n/a	n/a	n/a	n/a	n/a	left
2	10.798	0.468	incorrect	0.468	grate	n/a	n/a	n/a	n/a	n/a	n/a	1	2	n/a	n/a	n/a	n/a	n/a	right
2	11.781	0.428	incorrect	0.428	grate	n/a	n/a	n/a	n/a	n/a	n/a	1	2	n/a	n/a	n/a	n/a	n/a	right
2	12.731	0.100	incorrect	0.100	grate	n/a	n/a	n/a	n/a	n/a	n/a	1	2	n/a	n/a	n/a	n/a	n/a	right
2	14.014	3.000	remember	0.303	retrieval	restudy	scene	object	face	target	scene	2	2	85	133	285	137	14.0	n/a
2	19.048	0.410	incorrect	0.410	grate	n/a	n/a	n/a	n/a	n/a	n/a	2	2	n/a	n/a	n/a	n/a	n/a	right
2	19.980	0.453	incorrect	0.453	grate	n/a	n/a	n/a	n/a	n/a	n/a	2	2	n/a	n/a	n/a	n/a	n/a	left
2	20.947	0.326	incorrect	0.326	grate	n/a	n/a	n/a	n/a	n/a	n/a	2	2	n/a	n/a	n/a	n/a	n/a	left
2	21.780	0.397	incorrect	0.397	grate	n/a	n/a	n/a	n/a	n/a	n/a	2	2	n/a	n/a	n/a	n/a	n/a	right
2	22.697	0.488	incorrect	0.488	grate	n/a	n/a	n/a	n/a	n/a	n/a	2	2	n/a	n/a	n/a	n/a	n/a	left
2	23.697	0.465	incorrect	0.465	grate	n/a	n/a	n/a	n/a	n/a	n/a	2	2	n/a	n/a	n/a	n/a	n/a	left
2	24.680	0.100	incorrect	0.100	grate	n/a	n/a	n/a	n/a	n/a	n/a	2	2	n/a	n/a	n/a	n/a	n/a	right
2	26.012	3.000	forget	0.336	retrieval	restudy	object	face	scene	competitor	face	3	2	13	61	161	13	26.0	n/a
2	31.046	0.490	incorrect	0.490	grate	n/a	n/a	n/a	n/a	n/a	n/a	3	2	n/a	n/a	n/a	n/a	n/a	left
2	32.046	0.698	incorrect	0.698	grate	n/a	n/a	n/a	n/a	n/a	n/a	3	2	n/a	n/a	n/a	n/a	n/a	right
2	33.263	0.682	incorrect	0.682	grate	n/a	n/a	n/a	n/a	n/a	n/a	3	2	n/a	n/a	n/a	n/a	n/a	right
2	34.463	0.362	incorrect	0.362	grate	n/a	n/a	n/a	n/a	n/a	n/a	3	2	n/a	n/a	n/a	n/a	n/a	right
2	35.346	0.368	incorrect	0.368	grate	n/a	n/a	n/a	n/a	n/a	n/a	3	2	n/a	n/a	n/a	n/a	n/a	right
2	36.229	0.283	incorrect	0.283	grate	n/a	n/a	n/a	n/a	n/a	n/a	3	2	n/a	n/a	n/a	n/a	n/a	right
2	38.011	3.000	forget	0.361	retrieval	retprac	scene	face	object	competitor	face	4	2	36	108	260	36	38.0	n/a
2	43.045	0.451	incorrect	0.451	grate	n/a	n/a	n/a	n/a	n/a	n/a	4	2	n/a	n/a	n/a	n/a	n/a	right
2	44.012	0.316	incorrect	0.316	grate	n/a	n/a	n/a	n/a	n/a	n/a	4	2	n/a	n/a	n/a	n/a	n/a	right
2	44.845	0.283	incorrect	0.283	grate	n/a	n/a	n/a	n/a	n/a	n/a	4	2	n/a	n/a	n/a	n/a	n/a	right
2	45.645	0.307	incorrect	0.307	grate	n/a	n/a	n/a	n/a	n/a	n/a	4	2	n/a	n/a	n/a	n/a	n/a	right
2	46.462	0.299	correct	0.299	grate	n/a	n/a	n/a	n/a	n/a	n/a	4	2	n/a	n/a	n/a	n/a	n/a	left
2	47.278	0.410	incorrect	0.410	grate	n/a	n/a	n/a	n/a	n/a	n/a	4	2	n/a	n/a	n/a	n/a	n/a	right
2	48.211	0.300	incorrect	0.300	grate	n/a	n/a	n/a	n/a	n/a	n/a	4	2	n/a	n/a	n/a	n/a	n/a	right
2	50.010	3.000	forget	0.641	retrieval	retprac	scene	face	object	competitor	face	5	2	38	110	262	38	50.0	n/a
2	55.044	0.420	incorrect	0.420	grate	n/a	n/a	n/a	n/a	n/a	n/a	5	2	n/a	n/a	n/a	n/a	n/a	left
2	55.977	0.471	incorrect	0.471	grate	n/a	n/a	n/a	n/a	n/a	n/a	5	2	n/a	n/a	n/a	n/a	n/a	right
2	56.960	0.448	incorrect	0.448	grate	n/a	n/a	n/a	n/a	n/a	n/a	5	2	n/a	n/a	n/a	n/a	n/a	left
2	57.927	0.329	incorrect	0.329	grate	n/a	n/a	n/a	n/a	n/a	n/a	5	2	n/a	n/a	n/a	n/a	n/a	right
2	58.777	0.335	incorrect	0.335	grate	n/a	n/a	n/a	n/a	n/a	n/a	5	2	n/a	n/a	n/a	n/a	n/a	left
2	59.627	0.293	incorrect	0.293	grate	n/a	n/a	n/a	n/a	n/a	n/a	5	2	n/a	n/a	n/a	n/a	n/a	right
2	60.444	0.067	incorrect	0.067	grate	n/a	n/a	n/a	n/a	n/a	n/a	5	2	n/a	n/a	n/a	n/a	n/a	left
2	62.009	3.000	remember	0.298	retrieval	restudy	object	scene	face	target	object	6	2	133	85	185	237	62.0	n/a
2	67.043	1.052	incorrect	1.052	grate	n/a	n/a	n/a	n/a	n/a	n/a	6	2	n/a	n/a	n/a	n/a	n/a	right
2	68.610	0.358	incorrect	0.358	grate	n/a	n/a	n/a	n/a	n/a	n/a	6	2	n/a	n/a	n/a	n/a	n/a	left
2	69.476	0.443	incorrect	0.443	grate	n/a	n/a	n/a	n/a	n/a	n/a	6	2	n/a	n/a	n/a	n/a	n/a	left
2	70.443	0.437	incorrect	0.437	grate	n/a	n/a	n/a	n/a	n/a	n/a	6	2	n/a	n/a	n/a	n/a	n/a	right
2	71.393	0.439	incorrect	0.439	grate	n/a	n/a	n/a	n/a	n/a	n/a	6	2	n/a	n/a	n/a	n/a	n/a	left
2	72.343	0.167	incorrect	0.167	grate	n/a	n/a	n/a	n/a	n/a	n/a	6	2	n/a	n/a	n/a	n/a	n/a	left
2	74.008	3.000	remember	0.323	retrieval	retprac	scene	object	face	target	scene	7	2	84	132	284	136	74.0	n/a
2	79.042	0.597	incorrect	0.597	grate	n/a	n/a	n/a	n/a	n/a	n/a	7	2	n/a	n/a	n/a	n/a	n/a	left
2	80.159	0.345	incorrect	0.345	grate	n/a	n/a	n/a	n/a	n/a	n/a	7	2	n/a	n/a	n/a	n/a	n/a	left
2	81.025	0.278	correct	0.278	grate	n/a	n/a	n/a	n/a	n/a	n/a	7	2	n/a	n/a	n/a	n/a	n/a	right
2	81.825	0.543	incorrect	0.543	grate	n/a	n/a	n/a	n/a	n/a	n/a	7	2	n/a	n/a	n/a	n/a	n/a	right
2	82.875	0.284	incorrect	0.284	grate	n/a	n/a	n/a	n/a	n/a	n/a	7	2	n/a	n/a	n/a	n/a	n/a	right
2	83.675	0.292	correct	0.292	grate	n/a	n/a	n/a	n/a	n/a	n/a	7	2	n/a	n/a	n/a	n/a	n/a	left
2	84.475	0.033	incorrect	0.033	grate	n/a	n/a	n/a	n/a	n/a	n/a	7	2	n/a	n/a	n/a	n/a	n/a	left
2	86.007	3.000	remember	0.308	retrieval	retprac	face	object	scene	target	face	8	2	60	12	60	112	86.0	n/a
2	91.041	0.430	incorrect	0.430	grate	n/a	n/a	n/a	n/a	n/a	n/a	8	2	n/a	n/a	n/a	n/a	n/a	right
2	91.991	0.296	incorrect	0.296	grate	n/a	n/a	n/a	n/a	n/a	n/a	8	2	n/a	n/a	n/a	n/a	n/a	right
2	92.807	0.359	incorrect	0.359	grate	n/a	n/a	n/a	n/a	n/a	n/a	8	2	n/a	n/a	n/a	n/a	n/a	right
2	93.674	0.285	incorrect	0.285	grate	n/a	n/a	n/a	n/a	n/a	n/a	8	2	n/a	n/a	n/a	n/a	n/a	right
2	94.474	0.325	incorrect	0.325	grate	n/a	n/a	n/a	n/a	n/a	n/a	8	2	n/a	n/a	n/a	n/a	n/a	right
2	95.307	0.252	correct	0.252	grate	n/a	n/a	n/a	n/a	n/a	n/a	8	2	n/a	n/a	n/a	n/a	n/a	left
2	96.074	0.357	incorrect	0.357	grate	n/a	n/a	n/a	n/a	n/a	n/a	8	2	n/a	n/a	n/a	n/a	n/a	left
2	96.940	0.100	incorrect	0.100	grate	n/a	n/a	n/a	n/a	n/a	n/a	8	2	n/a	n/a	n/a	n/a	n/a	right
2	98.023	3.000	remember	0.261	retrieval	retprac	object	scene	face	target	object	9	2	130	82	182	234	98.0	n/a
2	103.057	0.422	incorrect	0.422	grate	n/a	n/a	n/a	n/a	n/a	n/a	9	2	n/a	n/a	n/a	n/a	n/a	left
2	103.990	0.425	incorrect	0.425	grate	n/a	n/a	n/a	n/a	n/a	n/a	9	2	n/a	n/a	n/a	n/a	n/a	left
2	104.923	0.419	incorrect	0.419	grate	n/a	n/a	n/a	n/a	n/a	n/a	9	2	n/a	n/a	n/a	n/a	n/a	right
2	105.856	0.472	incorrect	0.472	grate	n/a	n/a	n/a	n/a	n/a	n/a	9	2	n/a	n/a	n/a	n/a	n/a	left
2	106.840	0.528	incorrect	0.528	grate	n/a	n/a	n/a	n/a	n/a	n/a	9	2	n/a	n/a	n/a	n/a	n/a	right
2	107.889	0.374	incorrect	0.374	grate	n/a	n/a	n/a	n/a	n/a	n/a	9	2	n/a	n/a	n/a	n/a	n/a	right
2	108.773	0.100	incorrect	0.100	grate	n/a	n/a	n/a	n/a	n/a	n/a	9	2	n/a	n/a	n/a	n/a	n/a	left
2	110.022	3.000	remember	0.293	retrieval	restudy	face	object	scene	target	face	10	2	59	11	59	111	110.0	n/a
2	115.056	0.350	incorrect	0.350	grate	n/a	n/a	n/a	n/a	n/a	n/a	10	2	n/a	n/a	n/a	n/a	n/a	left
2	115.922	0.452	incorrect	0.452	grate	n/a	n/a	n/a	n/a	n/a	n/a	10	2	n/a	n/a	n/a	n/a	n/a	right
2	116.888	0.342	incorrect	0.342	grate	n/a	n/a	n/a	n/a	n/a	n/a	10	2	n/a	n/a	n/a	n/a	n/a	right
2	117.738	0.340	incorrect	0.340	grate	n/a	n/a	n/a	n/a	n/a	n/a	10	2	n/a	n/a	n/a	n/a	n/a	right
2	118.588	0.450	incorrect	0.450	grate	n/a	n/a	n/a	n/a	n/a	n/a	10	2	n/a	n/a	n/a	n/a	n/a	left
2	119.555	0.332	incorrect	0.332	grate	n/a	n/a	n/a	n/a	n/a	n/a	10	2	n/a	n/a	n/a	n/a	n/a	left
2	120.405	0.117	incorrect	0.117	grate	n/a	n/a	n/a	n/a	n/a	n/a	10	2	n/a	n/a	n/a	n/a	n/a	left
2	122.020	3.000	forget	0.245	retrieval	restudy	object	scene	face	competitor	scene	11	2	131	83	183	235	122.0	n/a
2	127.055	0.320	incorrect	0.320	grate	n/a	n/a	n/a	n/a	n/a	n/a	11	2	n/a	n/a	n/a	n/a	n/a	left
2	127.888	0.278	incorrect	0.278	grate	n/a	n/a	n/a	n/a	n/a	n/a	11	2	n/a	n/a	n/a	n/a	n/a	left
2	128.687	0.343	incorrect	0.343	grate	n/a	n/a	n/a	n/a	n/a	n/a	11	2	n/a	n/a	n/a	n/a	n/a	left
2	129.554	0.251	incorrect	0.251	grate	n/a	n/a	n/a	n/a	n/a	n/a	11	2	n/a	n/a	n/a	n/a	n/a	left
2	130.321	0.285	correct	0.285	grate	n/a	n/a	n/a	n/a	n/a	n/a	11	2	n/a	n/a	n/a	n/a	n/a	right
2	131.121	0.293	incorrect	0.293	grate	n/a	n/a	n/a	n/a	n/a	n/a	11	2	n/a	n/a	n/a	n/a	n/a	right
2	131.937	0.309	incorrect	0.309	grate	n/a	n/a	n/a	n/a	n/a	n/a	11	2	n/a	n/a	n/a	n/a	n/a	right
2	132.754	0.100	incorrect	0.100	grate	n/a	n/a	n/a	n/a	n/a	n/a	11	2	n/a	n/a	n/a	n/a	n/a	left
2	134.019	3.000	forget	0.247	retrieval	retprac	object	scene	face	competitor	scene	12	2	134	86	186	238	134.0	n/a
2	139.053	0.384	incorrect	0.384	grate	n/a	n/a	n/a	n/a	n/a	n/a	12	2	n/a	n/a	n/a	n/a	n/a	left
2	139.953	0.253	correct	0.253	grate	n/a	n/a	n/a	n/a	n/a	n/a	12	2	n/a	n/a	n/a	n/a	n/a	right
2	140.720	0.446	incorrect	0.446	grate	n/a	n/a	n/a	n/a	n/a	n/a	12	2	n/a	n/a	n/a	n/a	n/a	left
2	141.686	0.359	incorrect	0.359	grate	n/a	n/a	n/a	n/a	n/a	n/a	12	2	n/a	n/a	n/a	n/a	n/a	right
2	142.553	0.365	incorrect	0.365	grate	n/a	n/a	n/a	n/a	n/a	n/a	12	2	n/a	n/a	n/a	n/a	n/a	left
2	143.436	0.329	incorrect	0.329	grate	n/a	n/a	n/a	n/a	n/a	n/a	12	2	n/a	n/a	n/a	n/a	n/a	right
2	144.286	0.233	incorrect	0.233	grate	n/a	n/a	n/a	n/a	n/a	n/a	12	2	n/a	n/a	n/a	n/a	n/a	right
2	146.018	3.000	remember	0.270	retrieval	restudy	face	scene	object	target	face	13	2	111	39	87	215	146.0	n/a
2	151.052	0.569	incorrect	0.569	grate	n/a	n/a	n/a	n/a	n/a	n/a	13	2	n/a	n/a	n/a	n/a	n/a	right
2	152.136	0.286	incorrect	0.286	grate	n/a	n/a	n/a	n/a	n/a	n/a	13	2	n/a	n/a	n/a	n/a	n/a	right
2	152.935	0.206	correct	0.206	grate	n/a	n/a	n/a	n/a	n/a	n/a	13	2	n/a	n/a	n/a	n/a	n/a	left
2	153.652	0.409	incorrect	0.409	grate	n/a	n/a	n/a	n/a	n/a	n/a	13	2	n/a	n/a	n/a	n/a	n/a	right
2	154.569	0.412	incorrect	0.412	grate	n/a	n/a	n/a	n/a	n/a	n/a	13	2	n/a	n/a	n/a	n/a	n/a	right
2	155.502	0.327	incorrect	0.327	grate	n/a	n/a	n/a	n/a	n/a	n/a	13	2	n/a	n/a	n/a	n/a	n/a	right
2	156.352	0.167	incorrect	0.167	grate	n/a	n/a	n/a	n/a	n/a	n/a	13	2	n/a	n/a	n/a	n/a	n/a	left
2	158.017	3.000	remember	0.295	retrieval	restudy	object	face	scene	target	object	14	2	11	59	159	11	158.0	n/a
2	163.051	0.442	incorrect	0.442	grate	n/a	n/a	n/a	n/a	n/a	n/a	14	2	n/a	n/a	n/a	n/a	n/a	left
2	164.001	0.412	incorrect	0.412	grate	n/a	n/a	n/a	n/a	n/a	n/a	14	2	n/a	n/a	n/a	n/a	n/a	right
2	164.934	0.390	incorrect	0.390	grate	n/a	n/a	n/a	n/a	n/a	n/a	14	2	n/a	n/a	n/a	n/a	n/a	left
2	165.834	0.323	incorrect	0.323	grate	n/a	n/a	n/a	n/a	n/a	n/a	14	2	n/a	n/a	n/a	n/a	n/a	right
2	166.667	0.353	incorrect	0.353	grate	n/a	n/a	n/a	n/a	n/a	n/a	14	2	n/a	n/a	n/a	n/a	n/a	left
2	167.534	0.311	incorrect	0.311	grate	n/a	n/a	n/a	n/a	n/a	n/a	14	2	n/a	n/a	n/a	n/a	n/a	right
2	168.367	0.150	incorrect	0.150	grate	n/a	n/a	n/a	n/a	n/a	n/a	14	2	n/a	n/a	n/a	n/a	n/a	right
2	170.016	3.000	remember	0.320	retrieval	retprac	face	scene	object	target	face	15	2	112	40	88	216	170.0	n/a
2	175.050	0.739	incorrect	0.739	grate	n/a	n/a	n/a	n/a	n/a	n/a	15	2	n/a	n/a	n/a	n/a	n/a	left
2	176.300	0.401	incorrect	0.401	grate	n/a	n/a	n/a	n/a	n/a	n/a	15	2	n/a	n/a	n/a	n/a	n/a	left
2	177.217	0.284	incorrect	0.284	grate	n/a	n/a	n/a	n/a	n/a	n/a	15	2	n/a	n/a	n/a	n/a	n/a	left
2	178.016	0.284	incorrect	0.284	grate	n/a	n/a	n/a	n/a	n/a	n/a	15	2	n/a	n/a	n/a	n/a	n/a	left
2	178.816	0.404	incorrect	0.404	grate	n/a	n/a	n/a	n/a	n/a	n/a	15	2	n/a	n/a	n/a	n/a	n/a	right
2	179.733	0.479	incorrect	0.479	grate	n/a	n/a	n/a	n/a	n/a	n/a	15	2	n/a	n/a	n/a	n/a	n/a	left
2	180.733	0.100	incorrect	0.100	grate	n/a	n/a	n/a	n/a	n/a	n/a	15	2	n/a	n/a	n/a	n/a	n/a	left
2	182.015	3.000	remember	0.305	retrieval	restudy	object	scene	face	target	object	16	2	129	81	181	233	182.0	n/a
2	187.049	0.411	incorrect	0.411	grate	n/a	n/a	n/a	n/a	n/a	n/a	16	2	n/a	n/a	n/a	n/a	n/a	left
2	187.982	0.414	incorrect	0.414	grate	n/a	n/a	n/a	n/a	n/a	n/a	16	2	n/a	n/a	n/a	n/a	n/a	right
2	188.916	0.424	incorrect	0.424	grate	n/a	n/a	n/a	n/a	n/a	n/a	16	2	n/a	n/a	n/a	n/a	n/a	right
2	189.865	0.500	incorrect	0.500	grate	n/a	n/a	n/a	n/a	n/a	n/a	16	2	n/a	n/a	n/a	n/a	n/a	left
2	190.882	0.354	incorrect	0.354	grate	n/a	n/a	n/a	n/a	n/a	n/a	16	2	n/a	n/a	n/a	n/a	n/a	left
2	191.749	0.319	incorrect	0.319	grate	n/a	n/a	n/a	n/a	n/a	n/a	16	2	n/a	n/a	n/a	n/a	n/a	left
2	192.582	0.100	incorrect	0.100	grate	n/a	n/a	n/a	n/a	n/a	n/a	16	2	n/a	n/a	n/a	n/a	n/a	right
2	194.014	3.000	remember	0.305	retrieval	retprac	face	object	scene	target	face	17	2	58	10	58	110	194.0	n/a
2	199.048	0.356	incorrect	0.356	grate	n/a	n/a	n/a	n/a	n/a	n/a	17	2	n/a	n/a	n/a	n/a	n/a	left
2	199.914	0.330	incorrect	0.330	grate	n/a	n/a	n/a	n/a	n/a	n/a	17	2	n/a	n/a	n/a	n/a	n/a	right
2	200.764	0.304	correct	0.304	grate	n/a	n/a	n/a	n/a	n/a	n/a	17	2	n/a	n/a	n/a	n/a	n/a	left
2	201.581	0.423	incorrect	0.423	grate	n/a	n/a	n/a	n/a	n/a	n/a	17	2	n/a	n/a	n/a	n/a	n/a	left
2	202.514	0.426	incorrect	0.426	grate	n/a	n/a	n/a	n/a	n/a	n/a	17	2	n/a	n/a	n/a	n/a	n/a	right
2	203.464	0.316	incorrect	0.316	grate	n/a	n/a	n/a	n/a	n/a	n/a	17	2	n/a	n/a	n/a	n/a	n/a	left
2	204.297	0.217	incorrect	0.217	grate	n/a	n/a	n/a	n/a	n/a	n/a	17	2	n/a	n/a	n/a	n/a	n/a	right
2	206.013	3.000	forget	0.282	retrieval	restudy	object	face	scene	competitor	face	18	2	15	63	163	15	206.0	n/a
2	211.047	0.340	incorrect	0.340	grate	n/a	n/a	n/a	n/a	n/a	n/a	18	2	n/a	n/a	n/a	n/a	n/a	left
2	211.897	0.299	incorrect	0.299	grate	n/a	n/a	n/a	n/a	n/a	n/a	18	2	n/a	n/a	n/a	n/a	n/a	right
2	212.713	0.314	incorrect	0.314	grate	n/a	n/a	n/a	n/a	n/a	n/a	18	2	n/a	n/a	n/a	n/a	n/a	left
2	213.547	0.249	correct	0.249	grate	n/a	n/a	n/a	n/a	n/a	n/a	18	2	n/a	n/a	n/a	n/a	n/a	left
2	214.313	0.338	incorrect	0.338	grate	n/a	n/a	n/a	n/a	n/a	n/a	18	2	n/a	n/a	n/a	n/a	n/a	left
2	215.163	0.440	incorrect	0.440	grate	n/a	n/a	n/a	n/a	n/a	n/a	18	2	n/a	n/a	n/a	n/a	n/a	left
2	216.113	0.259	incorrect	0.259	grate	n/a	n/a	n/a	n/a	n/a	n/a	18	2	n/a	n/a	n/a	n/a	n/a	left
2	216.880	0.100	incorrect	0.100	grate	n/a	n/a	n/a	n/a	n/a	n/a	18	2	n/a	n/a	n/a	n/a	n/a	left
2	218.012	3.000	forget	0.259	retrieval	retprac	scene	face	object	competitor	face	19	2	34	106	258	34	218.0	n/a
2	223.046	0.413	incorrect	0.413	grate	n/a	n/a	n/a	n/a	n/a	n/a	19	2	n/a	n/a	n/a	n/a	n/a	left
2	223.979	0.273	incorrect	0.273	grate	n/a	n/a	n/a	n/a	n/a	n/a	19	2	n/a	n/a	n/a	n/a	n/a	left
2	224.762	0.458	incorrect	0.458	grate	n/a	n/a	n/a	n/a	n/a	n/a	19	2	n/a	n/a	n/a	n/a	n/a	right
2	225.729	0.274	incorrect	0.274	grate	n/a	n/a	n/a	n/a	n/a	n/a	19	2	n/a	n/a	n/a	n/a	n/a	right
2	226.512	0.323	incorrect	0.323	grate	n/a	n/a	n/a	n/a	n/a	n/a	19	2	n/a	n/a	n/a	n/a	n/a	right
2	227.345	0.273	incorrect	0.273	grate	n/a	n/a	n/a	n/a	n/a	n/a	19	2	n/a	n/a	n/a	n/a	n/a	right
2	228.129	0.234	correct	0.234	grate	n/a	n/a	n/a	n/a	n/a	n/a	19	2	n/a	n/a	n/a	n/a	n/a	left
2	228.879	0.100	incorrect	0.100	grate	n/a	n/a	n/a	n/a	n/a	n/a	19	2	n/a	n/a	n/a	n/a	n/a	right
2	230.011	3.000	remember	0.236	retrieval	restudy	scene	face	object	target	scene	20	2	35	107	259	35	230.0	n/a
2	235.045	0.318	incorrect	0.318	grate	n/a	n/a	n/a	n/a	n/a	n/a	20	2	n/a	n/a	n/a	n/a	n/a	right
2	235.878	0.133	incorrect	0.133	grate	n/a	n/a	n/a	n/a	n/a	n/a	20	2	n/a	n/a	n/a	n/a	n/a	right
2	236.528	0.443	incorrect	0.443	grate	n/a	n/a	n/a	n/a	n/a	n/a	20	2	n/a	n/a	n/a	n/a	n/a	left
2	237.478	0.221	incorrect	0.221	grate	n/a	n/a	n/a	n/a	n/a	n/a	20	2	n/a	n/a	n/a	n/a	n/a	left
2	238.211	0.519	incorrect	0.519	grate	n/a	n/a	n/a	n/a	n/a	n/a	20	2	n/a	n/a	n/a	n/a	n/a	right
2	239.244	0.318	incorrect	0.318	grate	n/a	n/a	n/a	n/a	n/a	n/a	20	2	n/a	n/a	n/a	n/a	n/a	right
2	240.078	0.433	incorrect	0.433	grate	n/a	n/a	n/a	n/a	n/a	n/a	20	2	n/a	n/a	n/a	n/a	n/a	right
2	242.010	3.000	remember	0.285	retrieval	restudy	face	object	scene	target	face	21	2	63	15	63	115	242.0	n/a
2	247.044	0.383	incorrect	0.383	grate	n/a	n/a	n/a	n/a	n/a	n/a	21	2	n/a	n/a	n/a	n/a	n/a	left
2	247.944	0.259	correct	0.259	grate	n/a	n/a	n/a	n/a	n/a	n/a	21	2	n/a	n/a	n/a	n/a	n/a	right
2	248.710	0.476	correct	0.476	grate	n/a	n/a	n/a	n/a	n/a	n/a	21	2	n/a	n/a	n/a	n/a	n/a	left
2	249.693	0.269	correct	0.269	grate	n/a	n/a	n/a	n/a	n/a	n/a	21	2	n/a	n/a	n/a	n/a	n/a	right
2	250.477	0.798	incorrect	0.798	grate	n/a	n/a	n/a	n/a	n/a	n/a	21	2	n/a	n/a	n/a	n/a	n/a	left
2	251.793	0.473	incorrect	0.473	grate	n/a	n/a	n/a	n/a	n/a	n/a	21	2	n/a	n/a	n/a	n/a	n/a	left
2	252.776	0.100	incorrect	0.100	grate	n/a	n/a	n/a	n/a	n/a	n/a	21	2	n/a	n/a	n/a	n/a	n/a	right
2	254.009	3.000	forget	0.246	retrieval	restudy	face	object	scene	competitor	object	22	2	61	13	61	113	254.0	n/a
2	259.043	0.567	incorrect	0.567	grate	n/a	n/a	n/a	n/a	n/a	n/a	22	2	n/a	n/a	n/a	n/a	n/a	right
2	260.126	0.412	incorrect	0.412	grate	n/a	n/a	n/a	n/a	n/a	n/a	22	2	n/a	n/a	n/a	n/a	n/a	left
2	261.059	0.383	incorrect	0.383	grate	n/a	n/a	n/a	n/a	n/a	n/a	22	2	n/a	n/a	n/a	n/a	n/a	left
2	261.959	0.395	incorrect	0.395	grate	n/a	n/a	n/a	n/a	n/a	n/a	22	2	n/a	n/a	n/a	n/a	n/a	right
2	262.876	0.318	incorrect	0.318	grate	n/a	n/a	n/a	n/a	n/a	n/a	22	2	n/a	n/a	n/a	n/a	n/a	right
2	263.709	0.302	incorrect	0.302	grate	n/a	n/a	n/a	n/a	n/a	n/a	22	2	n/a	n/a	n/a	n/a	n/a	right
2	264.525	0.100	incorrect	0.100	grate	n/a	n/a	n/a	n/a	n/a	n/a	22	2	n/a	n/a	n/a	n/a	n/a	right
2	266.008	3.000	remember	0.286	retrieval	retprac	face	scene	object	target	face	23	2	110	38	86	214	266.0	n/a
2	271.042	0.352	incorrect	0.352	grate	n/a	n/a	n/a	n/a	n/a	n/a	23	2	n/a	n/a	n/a	n/a	n/a	left
2	271.908	0.302	incorrect	0.302	grate	n/a	n/a	n/a	n/a	n/a	n/a	23	2	n/a	n/a	n/a	n/a	n/a	right
2	272.725	0.293	incorrect	0.293	grate	n/a	n/a	n/a	n/a	n/a	n/a	23	2	n/a	n/a	n/a	n/a	n/a	left
2	273.541	0.292	incorrect	0.292	grate	n/a	n/a	n/a	n/a	n/a	n/a	23	2	n/a	n/a	n/a	n/a	n/a	right
2	274.341	0.252	incorrect	0.252	grate	n/a	n/a	n/a	n/a	n/a	n/a	23	2	n/a	n/a	n/a	n/a	n/a	left
2	275.108	0.310	incorrect	0.310	grate	n/a	n/a	n/a	n/a	n/a	n/a	23	2	n/a	n/a	n/a	n/a	n/a	right
2	275.941	0.276	incorrect	0.276	grate	n/a	n/a	n/a	n/a	n/a	n/a	23	2	n/a	n/a	n/a	n/a	n/a	left
2	276.741	0.100	incorrect	0.100	grate	n/a	n/a	n/a	n/a	n/a	n/a	23	2	n/a	n/a	n/a	n/a	n/a	right
2	278.007	3.000	remember	0.278	retrieval	retprac	scene	face	object	target	scene	24	2	40	112	264	40	278.0	n/a
2	283.041	0.482	incorrect	0.482	grate	n/a	n/a	n/a	n/a	n/a	n/a	24	2	n/a	n/a	n/a	n/a	n/a	left
2	284.040	0.394	incorrect	0.394	grate	n/a	n/a	n/a	n/a	n/a	n/a	24	2	n/a	n/a	n/a	n/a	n/a	right
2	284.957	0.348	incorrect	0.348	grate	n/a	n/a	n/a	n/a	n/a	n/a	24	2	n/a	n/a	n/a	n/a	n/a	right
2	285.824	0.314	incorrect	0.314	grate	n/a	n/a	n/a	n/a	n/a	n/a	24	2	n/a	n/a	n/a	n/a	n/a	right
2	286.657	0.729	incorrect	0.729	grate	n/a	n/a	n/a	n/a	n/a	n/a	24	2	n/a	n/a	n/a	n/a	n/a	left
2	287.907	0.495	correct	0.495	grate	n/a	n/a	n/a	n/a	n/a	n/a	24	2	n/a	n/a	n/a	n/a	n/a	left
2	288.923	0.100	incorrect	0.100	grate	n/a	n/a	n/a	n/a	n/a	n/a	24	2	n/a	n/a	n/a	n/a	n/a	right
2	290.022	3.000	forget	0.335	retrieval	restudy	scene	face	object	competitor	face	25	2	39	111	263	39	290.0	n/a
2	295.056	0.417	incorrect	0.417	grate	n/a	n/a	n/a	n/a	n/a	n/a	25	2	n/a	n/a	n/a	n/a	n/a	right
2	295.989	0.276	incorrect	0.276	grate	n/a	n/a	n/a	n/a	n/a	n/a	25	2	n/a	n/a	n/a	n/a	n/a	right
2	296.773	0.334	incorrect	0.334	grate	n/a	n/a	n/a	n/a	n/a	n/a	25	2	n/a	n/a	n/a	n/a	n/a	right
2	297.622	0.467	incorrect	0.467	grate	n/a	n/a	n/a	n/a	n/a	n/a	25	2	n/a	n/a	n/a	n/a	n/a	left
2	298.606	0.763	incorrect	0.763	grate	n/a	n/a	n/a	n/a	n/a	n/a	25	2	n/a	n/a	n/a	n/a	n/a	left
2	299.889	0.272	incorrect	0.272	grate	n/a	n/a	n/a	n/a	n/a	n/a	25	2	n/a	n/a	n/a	n/a	n/a	left
2	300.672	0.100	incorrect	0.100	grate	n/a	n/a	n/a	n/a	n/a	n/a	25	2	n/a	n/a	n/a	n/a	n/a	left
2	302.021	3.000	forget	0.375	retrieval	restudy	scene	object	face	competitor	object	26	2	81	129	281	133	302.0	n/a
2	307.055	0.449	incorrect	0.449	grate	n/a	n/a	n/a	n/a	n/a	n/a	26	2	n/a	n/a	n/a	n/a	n/a	left
2	308.022	0.283	incorrect	0.283	grate	n/a	n/a	n/a	n/a	n/a	n/a	26	2	n/a	n/a	n/a	n/a	n/a	left
2	308.821	0.283	incorrect	0.283	grate	n/a	n/a	n/a	n/a	n/a	n/a	26	2	n/a	n/a	n/a	n/a	n/a	left
2	309.621	0.299	incorrect	0.299	grate	n/a	n/a	n/a	n/a	n/a	n/a	26	2	n/a	n/a	n/a	n/a	n/a	left
2	310.438	0.306	incorrect	0.306	grate	n/a	n/a	n/a	n/a	n/a	n/a	26	2	n/a	n/a	n/a	n/a	n/a	left
2	311.255	0.475	incorrect	0.475	grate	n/a	n/a	n/a	n/a	n/a	n/a	26	2	n/a	n/a	n/a	n/a	n/a	right
2	312.238	0.282	incorrect	0.282	grate	n/a	n/a	n/a	n/a	n/a	n/a	26	2	n/a	n/a	n/a	n/a	n/a	right
2	314.020	3.000	remember	0.304	retrieval	retprac	object	scene	face	target	object	27	2	136	88	188	240	314.0	n/a
2	319.054	0.338	incorrect	0.338	grate	n/a	n/a	n/a	n/a	n/a	n/a	27	2	n/a	n/a	n/a	n/a	n/a	left
2	319.904	0.282	correct	0.282	grate	n/a	n/a	n/a	n/a	n/a	n/a	27	2	n/a	n/a	n/a	n/a	n/a	right
2	320.704	0.424	incorrect	0.424	grate	n/a	n/a	n/a	n/a	n/a	n/a	27	2	n/a	n/a	n/a	n/a	n/a	right
2	321.637	0.460	incorrect	0.460	grate	n/a	n/a	n/a	n/a	n/a	n/a	27	2	n/a	n/a	n/a	n/a	n/a	left
2	322.620	0.412	incorrect	0.412	grate	n/a	n/a	n/a	n/a	n/a	n/a	27	2	n/a	n/a	n/a	n/a	n/a	right
2	323.553	0.431	incorrect	0.431	grate	n/a	n/a	n/a	n/a	n/a	n/a	27	2	n/a	n/a	n/a	n/a	n/a	left
2	324.503	0.017	incorrect	0.017	grate	n/a	n/a	n/a	n/a	n/a	n/a	27	2	n/a	n/a	n/a	n/a	n/a	right
2	326.019	3.000	forget	0.337	retrieval	retprac	object	face	scene	competitor	face	28	2	10	58	158	10	326.0	n/a
2	331.053	0.579	incorrect	0.579	grate	n/a	n/a	n/a	n/a	n/a	n/a	28	2	n/a	n/a	n/a	n/a	n/a	left
2	332.153	0.319	incorrect	0.319	grate	n/a	n/a	n/a	n/a	n/a	n/a	28	2	n/a	n/a	n/a	n/a	n/a	left
2	332.986	0.270	correct	0.270	grate	n/a	n/a	n/a	n/a	n/a	n/a	28	2	n/a	n/a	n/a	n/a	n/a	right
2	333.769	0.487	incorrect	0.487	grate	n/a	n/a	n/a	n/a	n/a	n/a	28	2	n/a	n/a	n/a	n/a	n/a	left
2	334.769	0.367	incorrect	0.367	grate	n/a	n/a	n/a	n/a	n/a	n/a	28	2	n/a	n/a	n/a	n/a	n/a	right
2	335.652	0.371	incorrect	0.371	grate	n/a	n/a	n/a	n/a	n/a	n/a	28	2	n/a	n/a	n/a	n/a	n/a	left
2	336.536	0.100	incorrect	0.100	grate	n/a	n/a	n/a	n/a	n/a	n/a	28	2	n/a	n/a	n/a	n/a	n/a	right
2	338.018	3.000	remember	0.306	retrieval	retprac	scene	object	face	target	scene	29	2	86	134	286	138	338.0	n/a
2	343.052	0.476	incorrect	0.476	grate	n/a	n/a	n/a	n/a	n/a	n/a	29	2	n/a	n/a	n/a	n/a	n/a	right
2	344.052	0.277	incorrect	0.277	grate	n/a	n/a	n/a	n/a	n/a	n/a	29	2	n/a	n/a	n/a	n/a	n/a	right
2	344.852	0.428	incorrect	0.428	grate	n/a	n/a	n/a	n/a	n/a	n/a	29	2	n/a	n/a	n/a	n/a	n/a	left
2	345.801	0.398	incorrect	0.398	grate	n/a	n/a	n/a	n/a	n/a	n/a	29	2	n/a	n/a	n/a	n/a	n/a	right
2	346.718	0.306	incorrect	0.306	grate	n/a	n/a	n/a	n/a	n/a	n/a	29	2	n/a	n/a	n/a	n/a	n/a	left
2	347.535	0.457	incorrect	0.457	grate	n/a	n/a	n/a	n/a	n/a	n/a	29	2	n/a	n/a	n/a	n/a	n/a	right
2	348.501	0.017	incorrect	0.017	grate	n/a	n/a	n/a	n/a	n/a	n/a	29	2	n/a	n/a	n/a	n/a	n/a	left
2	350.017	3.000	remember	0.315	retrieval	restudy	scene	face	object	target	scene	30	2	33	105	257	33	350.0	n/a
2	355.051	0.412	incorrect	0.412	grate	n/a	n/a	n/a	n/a	n/a	n/a	30	2	n/a	n/a	n/a	n/a	n/a	right
2	355.984	0.375	incorrect	0.375	grate	n/a	n/a	n/a	n/a	n/a	n/a	30	2	n/a	n/a	n/a	n/a	n/a	left
2	356.867	0.364	incorrect	0.364	grate	n/a	n/a	n/a	n/a	n/a	n/a	30	2	n/a	n/a	n/a	n/a	n/a	left
2	357.750	0.394	incorrect	0.394	grate	n/a	n/a	n/a	n/a	n/a	n/a	30	2	n/a	n/a	n/a	n/a	n/a	right
2	358.667	0.404	incorrect	0.404	grate	n/a	n/a	n/a	n/a	n/a	n/a	30	2	n/a	n/a	n/a	n/a	n/a	left
2	359.583	0.432	incorrect	0.432	grate	n/a	n/a	n/a	n/a	n/a	n/a	30	2	n/a	n/a	n/a	n/a	n/a	left
2	360.533	0.100	incorrect	0.100	grate	n/a	n/a	n/a	n/a	n/a	n/a	30	2	n/a	n/a	n/a	n/a	n/a	left
2	362.016	3.000	remember	0.339	retrieval	retprac	object	scene	face	target	object	31	2	132	84	184	236	362.0	n/a
2	367.050	0.494	incorrect	0.494	grate	n/a	n/a	n/a	n/a	n/a	n/a	31	2	n/a	n/a	n/a	n/a	n/a	right
2	368.066	0.301	incorrect	0.301	grate	n/a	n/a	n/a	n/a	n/a	n/a	31	2	n/a	n/a	n/a	n/a	n/a	right
2	368.883	0.309	incorrect	0.309	grate	n/a	n/a	n/a	n/a	n/a	n/a	31	2	n/a	n/a	n/a	n/a	n/a	left
2	369.699	0.419	correct	0.419	grate	n/a	n/a	n/a	n/a	n/a	n/a	31	2	n/a	n/a	n/a	n/a	n/a	right
2	370.633	0.438	correct	0.438	grate	n/a	n/a	n/a	n/a	n/a	n/a	31	2	n/a	n/a	n/a	n/a	n/a	right
2	371.582	0.321	incorrect	0.321	grate	n/a	n/a	n/a	n/a	n/a	n/a	31	2	n/a	n/a	n/a	n/a	n/a	right
2	372.416	0.100	incorrect	0.100	grate	n/a	n/a	n/a	n/a	n/a	n/a	31	2	n/a	n/a	n/a	n/a	n/a	left
2	374.015	3.000	remember	0.315	retrieval	restudy	object	face	scene	target	object	32	2	9	57	157	9	374.0	n/a
2	379.049	0.422	incorrect	0.422	grate	n/a	n/a	n/a	n/a	n/a	n/a	32	2	n/a	n/a	n/a	n/a	n/a	left
2	379.982	0.298	correct	0.298	grate	n/a	n/a	n/a	n/a	n/a	n/a	32	2	n/a	n/a	n/a	n/a	n/a	right
2	380.798	0.360	incorrect	0.360	grate	n/a	n/a	n/a	n/a	n/a	n/a	32	2	n/a	n/a	n/a	n/a	n/a	left
2	381.682	0.413	incorrect	0.413	grate	n/a	n/a	n/a	n/a	n/a	n/a	32	2	n/a	n/a	n/a	n/a	n/a	right
2	382.615	0.336	incorrect	0.336	grate	n/a	n/a	n/a	n/a	n/a	n/a	32	2	n/a	n/a	n/a	n/a	n/a	left
2	383.465	0.526	incorrect	0.526	grate	n/a	n/a	n/a	n/a	n/a	n/a	32	2	n/a	n/a	n/a	n/a	n/a	right
2	384.498	0.017	incorrect	0.017	grate	n/a	n/a	n/a	n/a	n/a	n/a	32	2	n/a	n/a	n/a	n/a	n/a	right
2	386.014	3.000	remember	0.277	retrieval	restudy	face	scene	object	target	face	33	2	107	35	83	211	386.0	n/a
2	391.048	0.407	incorrect	0.407	grate	n/a	n/a	n/a	n/a	n/a	n/a	33	2	n/a	n/a	n/a	n/a	n/a	left
2	391.964	0.459	incorrect	0.459	grate	n/a	n/a	n/a	n/a	n/a	n/a	33	2	n/a	n/a	n/a	n/a	n/a	right
2	392.931	0.387	incorrect	0.387	grate	n/a	n/a	n/a	n/a	n/a	n/a	33	2	n/a	n/a	n/a	n/a	n/a	right
2	393.830	0.400	incorrect	0.400	grate	n/a	n/a	n/a	n/a	n/a	n/a	33	2	n/a	n/a	n/a	n/a	n/a	left
2	394.747	0.419	incorrect	0.419	grate	n/a	n/a	n/a	n/a	n/a	n/a	33	2	n/a	n/a	n/a	n/a	n/a	left
2	395.680	0.366	incorrect	0.366	grate	n/a	n/a	n/a	n/a	n/a	n/a	33	2	n/a	n/a	n/a	n/a	n/a	right
2	396.564	0.100	incorrect	0.100	grate	n/a	n/a	n/a	n/a	n/a	n/a	33	2	n/a	n/a	n/a	n/a	n/a	left
2	398.013	3.000	forget	0.301	retrieval	retprac	face	object	scene	competitor	object	34	2	62	14	62	114	398.0	n/a
2	403.047	0.567	incorrect	0.567	grate	n/a	n/a	n/a	n/a	n/a	n/a	34	2	n/a	n/a	n/a	n/a	n/a	right
2	404.130	0.492	incorrect	0.492	grate	n/a	n/a	n/a	n/a	n/a	n/a	34	2	n/a	n/a	n/a	n/a	n/a	left
2	405.130	0.372	incorrect	0.372	grate	n/a	n/a	n/a	n/a	n/a	n/a	34	2	n/a	n/a	n/a	n/a	n/a	left
2	406.013	0.393	incorrect	0.393	grate	n/a	n/a	n/a	n/a	n/a	n/a	34	2	n/a	n/a	n/a	n/a	n/a	left
2	406.912	0.325	correct	0.325	grate	n/a	n/a	n/a	n/a	n/a	n/a	34	2	n/a	n/a	n/a	n/a	n/a	right
2	407.746	0.532	incorrect	0.532	grate	n/a	n/a	n/a	n/a	n/a	n/a	34	2	n/a	n/a	n/a	n/a	n/a	left
2	408.796	0.100	incorrect	0.100	grate	n/a	n/a	n/a	n/a	n/a	n/a	34	2	n/a	n/a	n/a	n/a	n/a	left
2	410.011	3.000	forget	0.246	retrieval	restudy	object	scene	face	other	face	35	2	135	87	187	239	410.0	n/a
2	415.045	0.568	incorrect	0.568	grate	n/a	n/a	n/a	n/a	n/a	n/a	35	2	n/a	n/a	n/a	n/a	n/a	left
2	416.128	0.349	incorrect	0.349	grate	n/a	n/a	n/a	n/a	n/a	n/a	35	2	n/a	n/a	n/a	n/a	n/a	right
2	416.995	0.346	incorrect	0.346	grate	n/a	n/a	n/a	n/a	n/a	n/a	35	2	n/a	n/a	n/a	n/a	n/a	right
2	417.862	0.320	incorrect	0.320	grate	n/a	n/a	n/a	n/a	n/a	n/a	35	2	n/a	n/a	n/a	n/a	n/a	right
2	418.695	0.295	incorrect	0.295	grate	n/a	n/a	n/a	n/a	n/a	n/a	35	2	n/a	n/a	n/a	n/a	n/a	right
2	419.511	0.278	correct	0.278	grate	n/a	n/a	n/a	n/a	n/a	n/a	35	2	n/a	n/a	n/a	n/a	n/a	left
2	420.312	0.200	incorrect	0.200	grate	n/a	n/a	n/a	n/a	n/a	n/a	35	2	n/a	n/a	n/a	n/a	n/a	right
2	422.010	3.000	remember	0.334	retrieval	retprac	scene	object	face	target	scene	36	2	88	136	288	140	422.0	n/a
2	427.044	0.401	incorrect	0.401	grate	n/a	n/a	n/a	n/a	n/a	n/a	36	2	n/a	n/a	n/a	n/a	n/a	left
2	427.961	0.284	correct	0.284	grate	n/a	n/a	n/a	n/a	n/a	n/a	36	2	n/a	n/a	n/a	n/a	n/a	right
2	428.761	0.445	incorrect	0.445	grate	n/a	n/a	n/a	n/a	n/a	n/a	36	2	n/a	n/a	n/a	n/a	n/a	left
2	429.727	0.646	incorrect	0.646	grate	n/a	n/a	n/a	n/a	n/a	n/a	36	2	n/a	n/a	n/a	n/a	n/a	left
2	430.894	0.431	incorrect	0.431	grate	n/a	n/a	n/a	n/a	n/a	n/a	36	2	n/a	n/a	n/a	n/a	n/a	right
2	431.844	0.410	incorrect	0.410	grate	n/a	n/a	n/a	n/a	n/a	n/a	36	2	n/a	n/a	n/a	n/a	n/a	right
2	432.777	0.100	incorrect	0.100	grate	n/a	n/a	n/a	n/a	n/a	n/a	36	2	n/a	n/a	n/a	n/a	n/a	right
2	434.009	3.000	forget	0.343	retrieval	restudy	scene	object	face	competitor	object	37	2	87	135	287	139	434.0	n/a
2	439.043	0.466	incorrect	0.466	grate	n/a	n/a	n/a	n/a	n/a	n/a	37	2	n/a	n/a	n/a	n/a	n/a	left
2	440.026	0.267	correct	0.267	grate	n/a	n/a	n/a	n/a	n/a	n/a	37	2	n/a	n/a	n/a	n/a	n/a	right
2	440.810	0.595	incorrect	0.595	grate	n/a	n/a	n/a	n/a	n/a	n/a	37	2	n/a	n/a	n/a	n/a	n/a	right
2	441.926	0.302	incorrect	0.302	grate	n/a	n/a	n/a	n/a	n/a	n/a	37	2	n/a	n/a	n/a	n/a	n/a	right
2	442.743	0.430	incorrect	0.430	grate	n/a	n/a	n/a	n/a	n/a	n/a	37	2	n/a	n/a	n/a	n/a	n/a	left
2	443.693	0.416	incorrect	0.416	grate	n/a	n/a	n/a	n/a	n/a	n/a	37	2	n/a	n/a	n/a	n/a	n/a	left
2	444.626	0.100	incorrect	0.100	grate	n/a	n/a	n/a	n/a	n/a	n/a	37	2	n/a	n/a	n/a	n/a	n/a	left
2	446.008	3.000	remember	0.256	retrieval	restudy	scene	face	object	target	scene	38	2	37	109	261	37	446.0	n/a
2	451.042	0.402	incorrect	0.402	grate	n/a	n/a	n/a	n/a	n/a	n/a	38	2	n/a	n/a	n/a	n/a	n/a	right
2	451.959	0.446	incorrect	0.446	grate	n/a	n/a	n/a	n/a	n/a	n/a	38	2	n/a	n/a	n/a	n/a	n/a	left
2	452.925	0.432	incorrect	0.432	grate	n/a	n/a	n/a	n/a	n/a	n/a	38	2	n/a	n/a	n/a	n/a	n/a	left
2	453.875	0.433	incorrect	0.433	grate	n/a	n/a	n/a	n/a	n/a	n/a	38	2	n/a	n/a	n/a	n/a	n/a	right
2	454.825	0.347	incorrect	0.347	grate	n/a	n/a	n/a	n/a	n/a	n/a	38	2	n/a	n/a	n/a	n/a	n/a	left
2	455.692	0.441	incorrect	0.441	grate	n/a	n/a	n/a	n/a	n/a	n/a	38	2	n/a	n/a	n/a	n/a	n/a	right
2	456.642	0.100	incorrect	0.100	grate	n/a	n/a	n/a	n/a	n/a	n/a	38	2	n/a	n/a	n/a	n/a	n/a	right
2	458.007	3.000	forget	0.697	retrieval	retprac	object	face	scene	competitor	face	39	2	12	60	160	12	458.0	n/a
2	463.041	0.443	incorrect	0.443	grate	n/a	n/a	n/a	n/a	n/a	n/a	39	2	n/a	n/a	n/a	n/a	n/a	left
2	464.008	0.428	incorrect	0.428	grate	n/a	n/a	n/a	n/a	n/a	n/a	39	2	n/a	n/a	n/a	n/a	n/a	right
2	464.958	0.350	incorrect	0.350	grate	n/a	n/a	n/a	n/a	n/a	n/a	39	2	n/a	n/a	n/a	n/a	n/a	right
2	465.824	0.428	incorrect	0.428	grate	n/a	n/a	n/a	n/a	n/a	n/a	39	2	n/a	n/a	n/a	n/a	n/a	left
2	466.774	0.358	incorrect	0.358	grate	n/a	n/a	n/a	n/a	n/a	n/a	39	2	n/a	n/a	n/a	n/a	n/a	left
2	467.641	0.299	incorrect	0.299	grate	n/a	n/a	n/a	n/a	n/a	n/a	39	2	n/a	n/a	n/a	n/a	n/a	left
2	468.457	0.050	incorrect	0.050	grate	n/a	n/a	n/a	n/a	n/a	n/a	39	2	n/a	n/a	n/a	n/a	n/a	right
2	470.006	3.000	remember	0.265	retrieval	retprac	face	object	scene	target	face	40	2	64	16	64	116	470.0	n/a
2	475.040	0.372	incorrect	0.372	grate	n/a	n/a	n/a	n/a	n/a	n/a	40	2	n/a	n/a	n/a	n/a	n/a	left
2	475.923	0.377	incorrect	0.377	grate	n/a	n/a	n/a	n/a	n/a	n/a	40	2	n/a	n/a	n/a	n/a	n/a	right
2	476.823	0.324	incorrect	0.324	grate	n/a	n/a	n/a	n/a	n/a	n/a	40	2	n/a	n/a	n/a	n/a	n/a	right
2	477.656	0.164	correct	0.164	grate	n/a	n/a	n/a	n/a	n/a	n/a	40	2	n/a	n/a	n/a	n/a	n/a	left
2	478.340	0.464	incorrect	0.464	grate	n/a	n/a	n/a	n/a	n/a	n/a	40	2	n/a	n/a	n/a	n/a	n/a	left
2	479.323	0.466	incorrect	0.466	grate	n/a	n/a	n/a	n/a	n/a	n/a	40	2	n/a	n/a	n/a	n/a	n/a	right
2	480.306	0.200	incorrect	0.200	grate	n/a	n/a	n/a	n/a	n/a	n/a	40	2	n/a	n/a	n/a	n/a	n/a	right
2	482.022	3.000	forget	0.337	retrieval	retprac	face	scene	object	competitor	scene	41	2	106	34	82	210	482.0	n/a
2	487.056	0.444	incorrect	0.444	grate	n/a	n/a	n/a	n/a	n/a	n/a	41	2	n/a	n/a	n/a	n/a	n/a	right
2	488.022	0.494	incorrect	0.494	grate	n/a	n/a	n/a	n/a	n/a	n/a	41	2	n/a	n/a	n/a	n/a	n/a	left
2	489.039	0.412	correct	0.412	grate	n/a	n/a	n/a	n/a	n/a	n/a	41	2	n/a	n/a	n/a	n/a	n/a	right
2	489.972	0.425	incorrect	0.425	grate	n/a	n/a	n/a	n/a	n/a	n/a	41	2	n/a	n/a	n/a	n/a	n/a	left
2	490.905	0.402	incorrect	0.402	grate	n/a	n/a	n/a	n/a	n/a	n/a	41	2	n/a	n/a	n/a	n/a	n/a	left
2	491.822	0.359	incorrect	0.359	grate	n/a	n/a	n/a	n/a	n/a	n/a	41	2	n/a	n/a	n/a	n/a	n/a	left
2	492.688	0.100	incorrect	0.100	grate	n/a	n/a	n/a	n/a	n/a	n/a	41	2	n/a	n/a	n/a	n/a	n/a	left
2	494.021	3.000	forget	0.250	retrieval	retprac	face	scene	object	other	object	42	2	108	36	84	212	494.0	n/a
2	499.055	0.588	incorrect	0.588	grate	n/a	n/a	n/a	n/a	n/a	n/a	42	2	n/a	n/a	n/a	n/a	n/a	right
2	500.154	0.313	correct	0.313	grate	n/a	n/a	n/a	n/a	n/a	n/a	42	2	n/a	n/a	n/a	n/a	n/a	left
2	500.987	0.496	incorrect	0.496	grate	n/a	n/a	n/a	n/a	n/a	n/a	42	2	n/a	n/a	n/a	n/a	n/a	left
2	502.004	0.335	incorrect	0.335	grate	n/a	n/a	n/a	n/a	n/a	n/a	42	2	n/a	n/a	n/a	n/a	n/a	left
2	502.854	0.365	incorrect	0.365	grate	n/a	n/a	n/a	n/a	n/a	n/a	42	2	n/a	n/a	n/a	n/a	n/a	left
2	503.737	0.306	incorrect	0.306	grate	n/a	n/a	n/a	n/a	n/a	n/a	42	2	n/a	n/a	n/a	n/a	n/a	left
2	504.554	0.100	incorrect	0.100	grate	n/a	n/a	n/a	n/a	n/a	n/a	42	2	n/a	n/a	n/a	n/a	n/a	right
2	506.020	3.000	forget	0.347	retrieval	retprac	scene	object	face	competitor	object	43	2	82	130	282	134	506.0	n/a
2	511.054	0.493	incorrect	0.493	grate	n/a	n/a	n/a	n/a	n/a	n/a	43	2	n/a	n/a	n/a	n/a	n/a	right
2	512.070	0.436	incorrect	0.436	grate	n/a	n/a	n/a	n/a	n/a	n/a	43	2	n/a	n/a	n/a	n/a	n/a	left
2	513.020	0.472	incorrect	0.472	grate	n/a	n/a	n/a	n/a	n/a	n/a	43	2	n/a	n/a	n/a	n/a	n/a	right
2	514.003	0.432	incorrect	0.432	grate	n/a	n/a	n/a	n/a	n/a	n/a	43	2	n/a	n/a	n/a	n/a	n/a	right
2	514.953	0.458	incorrect	0.458	grate	n/a	n/a	n/a	n/a	n/a	n/a	43	2	n/a	n/a	n/a	n/a	n/a	left
2	515.920	0.563	incorrect	0.563	grate	n/a	n/a	n/a	n/a	n/a	n/a	43	2	n/a	n/a	n/a	n/a	n/a	right
2	517.003	0.100	incorrect	0.100	grate	n/a	n/a	n/a	n/a	n/a	n/a	43	2	n/a	n/a	n/a	n/a	n/a	right
2	518.019	3.000	remember	0.620	retrieval	restudy	scene	object	face	target	scene	44	2	83	131	283	135	518.0	n/a
2	523.052	0.654	incorrect	0.654	grate	n/a	n/a	n/a	n/a	n/a	n/a	44	2	n/a	n/a	n/a	n/a	n/a	right
2	524.219	0.471	incorrect	0.471	grate	n/a	n/a	n/a	n/a	n/a	n/a	44	2	n/a	n/a	n/a	n/a	n/a	left
2	525.202	0.368	incorrect	0.368	grate	n/a	n/a	n/a	n/a	n/a	n/a	44	2	n/a	n/a	n/a	n/a	n/a	left
2	526.085	0.333	incorrect	0.333	grate	n/a	n/a	n/a	n/a	n/a	n/a	44	2	n/a	n/a	n/a	n/a	n/a	left
2	526.935	0.395	incorrect	0.395	grate	n/a	n/a	n/a	n/a	n/a	n/a	44	2	n/a	n/a	n/a	n/a	n/a	left
2	527.852	0.358	correct	0.358	grate	n/a	n/a	n/a	n/a	n/a	n/a	44	2	n/a	n/a	n/a	n/a	n/a	right
2	528.718	0.100	incorrect	0.100	grate	n/a	n/a	n/a	n/a	n/a	n/a	44	2	n/a	n/a	n/a	n/a	n/a	left
2	530.017	3.000	forget	0.252	retrieval	restudy	face	object	scene	other	scene	45	2	57	9	57	109	530.0	n/a
2	535.051	0.534	incorrect	0.534	grate	n/a	n/a	n/a	n/a	n/a	n/a	45	2	n/a	n/a	n/a	n/a	n/a	left
2	536.101	0.301	correct	0.301	grate	n/a	n/a	n/a	n/a	n/a	n/a	45	2	n/a	n/a	n/a	n/a	n/a	right
2	536.918	0.436	incorrect	0.436	grate	n/a	n/a	n/a	n/a	n/a	n/a	45	2	n/a	n/a	n/a	n/a	n/a	left
2	537.868	0.374	incorrect	0.374	grate	n/a	n/a	n/a	n/a	n/a	n/a	45	2	n/a	n/a	n/a	n/a	n/a	right
2	538.751	0.507	incorrect	0.507	grate	n/a	n/a	n/a	n/a	n/a	n/a	45	2	n/a	n/a	n/a	n/a	n/a	left
2	539.767	0.426	incorrect	0.426	grate	n/a	n/a	n/a	n/a	n/a	n/a	45	2	n/a	n/a	n/a	n/a	n/a	right
2	540.700	0.100	incorrect	0.100	grate	n/a	n/a	n/a	n/a	n/a	n/a	45	2	n/a	n/a	n/a	n/a	n/a	right
2	542.016	3.000	remember	0.341	retrieval	restudy	face	scene	object	target	face	46	2	109	37	85	213	542.0	n/a
2	547.050	0.543	incorrect	0.543	grate	n/a	n/a	n/a	n/a	n/a	n/a	46	2	n/a	n/a	n/a	n/a	n/a	right
2	548.117	0.397	incorrect	0.397	grate	n/a	n/a	n/a	n/a	n/a	n/a	46	2	n/a	n/a	n/a	n/a	n/a	right
2	549.033	0.296	incorrect	0.296	grate	n/a	n/a	n/a	n/a	n/a	n/a	46	2	n/a	n/a	n/a	n/a	n/a	right
2	549.850	0.328	correct	0.328	grate	n/a	n/a	n/a	n/a	n/a	n/a	46	2	n/a	n/a	n/a	n/a	n/a	left
2	550.700	0.286	incorrect	0.286	grate	n/a	n/a	n/a	n/a	n/a	n/a	46	2	n/a	n/a	n/a	n/a	n/a	left
2	551.500	0.270	incorrect	0.270	grate	n/a	n/a	n/a	n/a	n/a	n/a	46	2	n/a	n/a	n/a	n/a	n/a	left
2	552.283	0.233	incorrect	0.233	grate	n/a	n/a	n/a	n/a	n/a	n/a	46	2	n/a	n/a	n/a	n/a	n/a	left
2	554.015	3.000	remember	0.286	retrieval	retprac	object	face	scene	target	object	47	2	14	62	162	14	554.0	n/a
2	559.049	0.432	incorrect	0.432	grate	n/a	n/a	n/a	n/a	n/a	n/a	47	2	n/a	n/a	n/a	n/a	n/a	left
2	559.999	0.306	incorrect	0.306	grate	n/a	n/a	n/a	n/a	n/a	n/a	47	2	n/a	n/a	n/a	n/a	n/a	left
2	560.816	0.338	incorrect	0.338	grate	n/a	n/a	n/a	n/a	n/a	n/a	47	2	n/a	n/a	n/a	n/a	n/a	left
2	561.665	0.312	incorrect	0.312	grate	n/a	n/a	n/a	n/a	n/a	n/a	47	2	n/a	n/a	n/a	n/a	n/a	left
2	562.499	0.343	incorrect	0.343	grate	n/a	n/a	n/a	n/a	n/a	n/a	47	2	n/a	n/a	n/a	n/a	n/a	left
2	563.349	0.437	incorrect	0.437	grate	n/a	n/a	n/a	n/a	n/a	n/a	47	2	n/a	n/a	n/a	n/a	n/a	right
2	564.299	0.217	incorrect	0.217	grate	n/a	n/a	n/a	n/a	n/a	n/a	47	2	n/a	n/a	n/a	n/a	n/a	right
2	566.014	3.000	forget	0.238	retrieval	restudy	face	scene	object	competitor	scene	48	2	105	33	81	209	566.0	n/a
2	571.048	0.505	incorrect	0.505	grate	n/a	n/a	n/a	n/a	n/a	n/a	48	2	n/a	n/a	n/a	n/a	n/a	left
2	572.065	0.296	incorrect	0.296	grate	n/a	n/a	n/a	n/a	n/a	n/a	48	2	n/a	n/a	n/a	n/a	n/a	left
2	572.881	0.256	incorrect	0.256	grate	n/a	n/a	n/a	n/a	n/a	n/a	48	2	n/a	n/a	n/a	n/a	n/a	left
2	573.648	0.233	incorrect	0.233	grate	n/a	n/a	n/a	n/a	n/a	n/a	48	2	n/a	n/a	n/a	n/a	n/a	left
2	574.398	0.260	correct	0.260	grate	n/a	n/a	n/a	n/a	n/a	n/a	48	2	n/a	n/a	n/a	n/a	n/a	right
2	575.181	0.357	incorrect	0.357	grate	n/a	n/a	n/a	n/a	n/a	n/a	48	2	n/a	n/a	n/a	n/a	n/a	right
2	576.048	0.265	incorrect	0.265	grate	n/a	n/a	n/a	n/a	n/a	n/a	48	2	n/a	n/a	n/a	n/a	n/a	right
2	576.831	0.100	incorrect	0.100	grate	n/a	n/a	n/a	n/a	n/a	n/a	48	2	n/a	n/a	n/a	n/a	n/a	left
2	2.019	3.000	forget	0.307	retrieval	restudy	object	face	scene	competitor	face	1	3	19	67	167	19	2.0	n/a
2	7.054	1.453	correct	1.453	grate	n/a	n/a	n/a	n/a	n/a	n/a	1	3	n/a	n/a	n/a	n/a	n/a	right
2	9.020	0.343	correct	0.343	grate	n/a	n/a	n/a	n/a	n/a	n/a	1	3	n/a	n/a	n/a	n/a	n/a	right
2	9.886	0.341	correct	0.341	grate	n/a	n/a	n/a	n/a	n/a	n/a	1	3	n/a	n/a	n/a	n/a	n/a	right
2	10.736	1.027	incorrect	1.027	grate	n/a	n/a	n/a	n/a	n/a	n/a	1	3	n/a	n/a	n/a	n/a	n/a	left
2	12.286	0.233	incorrect	0.233	grate	n/a	n/a	n/a	n/a	n/a	n/a	1	3	n/a	n/a	n/a	n/a	n/a	right
2	14.018	3.000	forget	0.252	retrieval	retprac	scene	object	face	competitor	object	2	3	92	140	292	144	14.0	n/a
2	19.053	0.407	incorrect	0.407	grate	n/a	n/a	n/a	n/a	n/a	n/a	2	3	n/a	n/a	n/a	n/a	n/a	left
2	19.969	0.354	incorrect	0.354	grate	n/a	n/a	n/a	n/a	n/a	n/a	2	3	n/a	n/a	n/a	n/a	n/a	right
2	20.835	0.408	incorrect	0.408	grate	n/a	n/a	n/a	n/a	n/a	n/a	2	3	n/a	n/a	n/a	n/a	n/a	left
2	21.752	0.364	incorrect	0.364	grate	n/a	n/a	n/a	n/a	n/a	n/a	2	3	n/a	n/a	n/a	n/a	n/a	left
2	22.635	0.367	incorrect	0.367	grate	n/a	n/a	n/a	n/a	n/a	n/a	2	3	n/a	n/a	n/a	n/a	n/a	right
2	23.518	0.444	incorrect	0.444	grate	n/a	n/a	n/a	n/a	n/a	n/a	2	3	n/a	n/a	n/a	n/a	n/a	right
2	24.485	0.033	incorrect	0.033	grate	n/a	n/a	n/a	n/a	n/a	n/a	2	3	n/a	n/a	n/a	n/a	n/a	left
2	26.017	3.000	remember	0.285	retrieval	retprac	scene	face	object	target	scene	3	3	48	120	272	48	26.0	n/a
2	31.052	0.335	correct	0.335	grate	n/a	n/a	n/a	n/a	n/a	n/a	3	3	n/a	n/a	n/a	n/a	n/a	right
2	31.901	0.510	incorrect	0.510	grate	n/a	n/a	n/a	n/a	n/a	n/a	3	3	n/a	n/a	n/a	n/a	n/a	right
2	32.934	0.308	incorrect	0.308	grate	n/a	n/a	n/a	n/a	n/a	n/a	3	3	n/a	n/a	n/a	n/a	n/a	right
2	33.751	0.315	correct	0.315	grate	n/a	n/a	n/a	n/a	n/a	n/a	3	3	n/a	n/a	n/a	n/a	n/a	left
2	34.584	0.290	correct	0.290	grate	n/a	n/a	n/a	n/a	n/a	n/a	3	3	n/a	n/a	n/a	n/a	n/a	right
2	35.384	0.402	correct	0.402	grate	n/a	n/a	n/a	n/a	n/a	n/a	3	3	n/a	n/a	n/a	n/a	n/a	left
2	36.301	0.217	incorrect	0.217	grate	n/a	n/a	n/a	n/a	n/a	n/a	3	3	n/a	n/a	n/a	n/a	n/a	right
2	38.016	3.000	remember	0.302	retrieval	retprac	object	scene	face	target	object	4	3	144	96	196	248	38.0	n/a
2	43.050	0.568	incorrect	0.568	grate	n/a	n/a	n/a	n/a	n/a	n/a	4	3	n/a	n/a	n/a	n/a	n/a	right
2	44.133	0.293	incorrect	0.293	grate	n/a	n/a	n/a	n/a	n/a	n/a	4	3	n/a	n/a	n/a	n/a	n/a	right
2	44.933	0.285	incorrect	0.285	grate	n/a	n/a	n/a	n/a	n/a	n/a	4	3	n/a	n/a	n/a	n/a	n/a	right
2	45.733	0.301	incorrect	0.301	grate	n/a	n/a	n/a	n/a	n/a	n/a	4	3	n/a	n/a	n/a	n/a	n/a	right
2	46.550	0.406	incorrect	0.406	grate	n/a	n/a	n/a	n/a	n/a	n/a	4	3	n/a	n/a	n/a	n/a	n/a	left
2	47.466	0.248	correct	0.248	grate	n/a	n/a	n/a	n/a	n/a	n/a	4	3	n/a	n/a	n/a	n/a	n/a	right
2	48.233	0.283	incorrect	0.283	grate	n/a	n/a	n/a	n/a	n/a	n/a	4	3	n/a	n/a	n/a	n/a	n/a	left
2	50.015	3.000	forget	0.327	retrieval	retprac	object	face	scene	other	scene	5	3	20	68	168	20	50.0	n/a
2	55.049	0.649	incorrect	0.649	grate	n/a	n/a	n/a	n/a	n/a	n/a	5	3	n/a	n/a	n/a	n/a	n/a	left
2	56.216	0.474	incorrect	0.474	grate	n/a	n/a	n/a	n/a	n/a	n/a	5	3	n/a	n/a	n/a	n/a	n/a	right
2	57.199	0.539	incorrect	0.539	grate	n/a	n/a	n/a	n/a	n/a	n/a	5	3	n/a	n/a	n/a	n/a	n/a	left
2	58.249	0.401	incorrect	0.401	grate	n/a	n/a	n/a	n/a	n/a	n/a	5	3	n/a	n/a	n/a	n/a	n/a	left
2	59.165	0.348	incorrect	0.348	grate	n/a	n/a	n/a	n/a	n/a	n/a	5	3	n/a	n/a	n/a	n/a	n/a	left
2	60.032	0.338	correct	0.338	grate	n/a	n/a	n/a	n/a	n/a	n/a	5	3	n/a	n/a	n/a	n/a	n/a	right
2	60.882	0.100	incorrect	0.100	grate	n/a	n/a	n/a	n/a	n/a	n/a	5	3	n/a	n/a	n/a	n/a	n/a	left
2	62.014	3.000	forget	0.255	retrieval	restudy	scene	face	object	competitor	face	6	3	41	113	265	41	62.0	n/a
2	67.048	0.458	incorrect	0.458	grate	n/a	n/a	n/a	n/a	n/a	n/a	6	3	n/a	n/a	n/a	n/a	n/a	left
2	68.015	0.507	incorrect	0.507	grate	n/a	n/a	n/a	n/a	n/a	n/a	6	3	n/a	n/a	n/a	n/a	n/a	right
2	69.031	0.426	correct	0.426	grate	n/a	n/a	n/a	n/a	n/a	n/a	6	3	n/a	n/a	n/a	n/a	n/a	left
2	69.964	0.365	incorrect	0.365	grate	n/a	n/a	n/a	n/a	n/a	n/a	6	3	n/a	n/a	n/a	n/a	n/a	right
2	70.848	0.595	incorrect	0.595	grate	n/a	n/a	n/a	n/a	n/a	n/a	6	3	n/a	n/a	n/a	n/a	n/a	right
2	71.964	0.445	incorrect	0.445	grate	n/a	n/a	n/a	n/a	n/a	n/a	6	3	n/a	n/a	n/a	n/a	n/a	right
2	72.931	0.100	incorrect	0.100	grate	n/a	n/a	n/a	n/a	n/a	n/a	6	3	n/a	n/a	n/a	n/a	n/a	left
2	74.013	3.000	remember	0.312	retrieval	retprac	face	scene	object	target	face	7	3	118	46	94	222	74.0	n/a
2	79.047	0.458	incorrect	0.458	grate	n/a	n/a	n/a	n/a	n/a	n/a	7	3	n/a	n/a	n/a	n/a	n/a	right
2	80.013	0.332	incorrect	0.332	grate	n/a	n/a	n/a	n/a	n/a	n/a	7	3	n/a	n/a	n/a	n/a	n/a	right
2	80.863	0.386	incorrect	0.386	grate	n/a	n/a	n/a	n/a	n/a	n/a	7	3	n/a	n/a	n/a	n/a	n/a	left
2	81.763	0.599	incorrect	0.599	grate	n/a	n/a	n/a	n/a	n/a	n/a	7	3	n/a	n/a	n/a	n/a	n/a	right
2	82.880	0.505	incorrect	0.505	grate	n/a	n/a	n/a	n/a	n/a	n/a	7	3	n/a	n/a	n/a	n/a	n/a	right
2	83.896	0.409	incorrect	0.409	grate	n/a	n/a	n/a	n/a	n/a	n/a	7	3	n/a	n/a	n/a	n/a	n/a	left
2	84.830	0.100	incorrect	0.100	grate	n/a	n/a	n/a	n/a	n/a	n/a	7	3	n/a	n/a	n/a	n/a	n/a	right
2	86.012	3.000	remember	0.232	retrieval	retprac	object	scene	face	target	object	8	3	138	90	190	242	86.0	n/a
2	91.046	0.419	incorrect	0.419	grate	n/a	n/a	n/a	n/a	n/a	n/a	8	3	n/a	n/a	n/a	n/a	n/a	left
2	91.979	0.495	incorrect	0.495	grate	n/a	n/a	n/a	n/a	n/a	n/a	8	3	n/a	n/a	n/a	n/a	n/a	right
2	92.996	0.373	incorrect	0.373	grate	n/a	n/a	n/a	n/a	n/a	n/a	8	3	n/a	n/a	n/a	n/a	n/a	right
2	93.896	0.474	incorrect	0.474	grate	n/a	n/a	n/a	n/a	n/a	n/a	8	3	n/a	n/a	n/a	n/a	n/a	left
2	94.879	0.411	correct	0.411	grate	n/a	n/a	n/a	n/a	n/a	n/a	8	3	n/a	n/a	n/a	n/a	n/a	right
2	95.812	0.565	incorrect	0.565	grate	n/a	n/a	n/a	n/a	n/a	n/a	8	3	n/a	n/a	n/a	n/a	n/a	right
2	96.895	0.100	incorrect	0.100	grate	n/a	n/a	n/a	n/a	n/a	n/a	8	3	n/a	n/a	n/a	n/a	n/a	left
2	98.011	3.000	forget	0.290	retrieval	retprac	face	object	scene	other	scene	9	3	72	24	72	124	98.0	n/a
2	103.045	0.500	incorrect	0.500	grate	n/a	n/a	n/a	n/a	n/a	n/a	9	3	n/a	n/a	n/a	n/a	n/a	right
2	104.061	0.435	incorrect	0.435	grate	n/a	n/a	n/a	n/a	n/a	n/a	9	3	n/a	n/a	n/a	n/a	n/a	left
2	105.011	0.429	incorrect	0.429	grate	n/a	n/a	n/a	n/a	n/a	n/a	9	3	n/a	n/a	n/a	n/a	n/a	left
2	105.961	0.367	incorrect	0.367	grate	n/a	n/a	n/a	n/a	n/a	n/a	9	3	n/a	n/a	n/a	n/a	n/a	left
2	106.844	0.428	incorrect	0.428	grate	n/a	n/a	n/a	n/a	n/a	n/a	9	3	n/a	n/a	n/a	n/a	n/a	left
2	107.794	0.716	incorrect	0.716	grate	n/a	n/a	n/a	n/a	n/a	n/a	9	3	n/a	n/a	n/a	n/a	n/a	left
2	110.010	3.000	forget	0.362	retrieval	restudy	scene	object	face	other	face	10	3	93	141	293	145	110.0	n/a
2	115.044	0.485	incorrect	0.485	grate	n/a	n/a	n/a	n/a	n/a	n/a	10	3	n/a	n/a	n/a	n/a	n/a	right
2	116.044	0.389	incorrect	0.389	grate	n/a	n/a	n/a	n/a	n/a	n/a	10	3	n/a	n/a	n/a	n/a	n/a	left
2	116.944	0.392	correct	0.392	grate	n/a	n/a	n/a	n/a	n/a	n/a	10	3	n/a	n/a	n/a	n/a	n/a	right
2	117.860	0.588	incorrect	0.588	grate	n/a	n/a	n/a	n/a	n/a	n/a	10	3	n/a	n/a	n/a	n/a	n/a	right
2	118.960	0.456	incorrect	0.456	grate	n/a	n/a	n/a	n/a	n/a	n/a	10	3	n/a	n/a	n/a	n/a	n/a	left
2	119.927	0.369	incorrect	0.369	grate	n/a	n/a	n/a	n/a	n/a	n/a	10	3	n/a	n/a	n/a	n/a	n/a	left
2	120.810	0.100	incorrect	0.100	grate	n/a	n/a	n/a	n/a	n/a	n/a	10	3	n/a	n/a	n/a	n/a	n/a	right
2	122.009	3.000	remember	0.355	retrieval	restudy	scene	object	face	target	scene	11	3	91	139	291	143	122.0	n/a
2	127.043	0.509	incorrect	0.509	grate	n/a	n/a	n/a	n/a	n/a	n/a	11	3	n/a	n/a	n/a	n/a	n/a	left
2	128.076	0.420	incorrect	0.420	grate	n/a	n/a	n/a	n/a	n/a	n/a	11	3	n/a	n/a	n/a	n/a	n/a	right
2	129.009	0.456	incorrect	0.456	grate	n/a	n/a	n/a	n/a	n/a	n/a	11	3	n/a	n/a	n/a	n/a	n/a	left
2	129.976	0.489	incorrect	0.489	grate	n/a	n/a	n/a	n/a	n/a	n/a	11	3	n/a	n/a	n/a	n/a	n/a	left
2	130.976	0.512	incorrect	0.512	grate	n/a	n/a	n/a	n/a	n/a	n/a	11	3	n/a	n/a	n/a	n/a	n/a	right
2	132.009	0.367	incorrect	0.367	grate	n/a	n/a	n/a	n/a	n/a	n/a	11	3	n/a	n/a	n/a	n/a	n/a	right
2	132.892	0.100	incorrect	0.100	grate	n/a	n/a	n/a	n/a	n/a	n/a	11	3	n/a	n/a	n/a	n/a	n/a	left
2	134.008	3.000	remember	0.285	retrieval	restudy	face	object	scene	target	face	12	3	65	17	65	117	134.0	n/a
2	139.042	0.438	incorrect	0.438	grate	n/a	n/a	n/a	n/a	n/a	n/a	12	3	n/a	n/a	n/a	n/a	n/a	right
2	139.991	0.336	incorrect	0.336	grate	n/a	n/a	n/a	n/a	n/a	n/a	12	3	n/a	n/a	n/a	n/a	n/a	right
2	140.841	0.326	incorrect	0.326	grate	n/a	n/a	n/a	n/a	n/a	n/a	12	3	n/a	n/a	n/a	n/a	n/a	right
2	141.674	0.421	incorrect	0.421	grate	n/a	n/a	n/a	n/a	n/a	n/a	12	3	n/a	n/a	n/a	n/a	n/a	left
2	142.608	0.455	incorrect	0.455	grate	n/a	n/a	n/a	n/a	n/a	n/a	12	3	n/a	n/a	n/a	n/a	n/a	right
2	143.574	0.314	incorrect	0.314	grate	n/a	n/a	n/a	n/a	n/a	n/a	12	3	n/a	n/a	n/a	n/a	n/a	right
2	144.408	0.100	incorrect	0.100	grate	n/a	n/a	n/a	n/a	n/a	n/a	12	3	n/a	n/a	n/a	n/a	n/a	left
2	146.007	3.000	forget	0.252	retrieval	restudy	face	object	scene	competitor	object	13	3	71	23	71	123	146.0	n/a
2	151.041	0.430	incorrect	0.430	grate	n/a	n/a	n/a	n/a	n/a	n/a	13	3	n/a	n/a	n/a	n/a	n/a	left
2	151.990	0.298	incorrect	0.298	grate	n/a	n/a	n/a	n/a	n/a	n/a	13	3	n/a	n/a	n/a	n/a	n/a	left
2	152.807	0.456	incorrect	0.456	grate	n/a	n/a	n/a	n/a	n/a	n/a	13	3	n/a	n/a	n/a	n/a	n/a	right
2	153.773	0.362	incorrect	0.362	grate	n/a	n/a	n/a	n/a	n/a	n/a	13	3	n/a	n/a	n/a	n/a	n/a	right
2	154.657	0.310	incorrect	0.310	grate	n/a	n/a	n/a	n/a	n/a	n/a	13	3	n/a	n/a	n/a	n/a	n/a	right
2	155.490	0.269	incorrect	0.269	grate	n/a	n/a	n/a	n/a	n/a	n/a	13	3	n/a	n/a	n/a	n/a	n/a	right
2	156.273	0.233	incorrect	0.233	grate	n/a	n/a	n/a	n/a	n/a	n/a	13	3	n/a	n/a	n/a	n/a	n/a	left
2	158.022	3.000	remember	0.292	retrieval	restudy	face	scene	object	target	face	14	3	115	43	91	219	158.0	n/a
2	163.056	0.358	incorrect	0.358	grate	n/a	n/a	n/a	n/a	n/a	n/a	14	3	n/a	n/a	n/a	n/a	n/a	right
2	163.923	0.292	incorrect	0.292	grate	n/a	n/a	n/a	n/a	n/a	n/a	14	3	n/a	n/a	n/a	n/a	n/a	right
2	164.722	0.366	incorrect	0.366	grate	n/a	n/a	n/a	n/a	n/a	n/a	14	3	n/a	n/a	n/a	n/a	n/a	left
2	165.606	0.249	correct	0.249	grate	n/a	n/a	n/a	n/a	n/a	n/a	14	3	n/a	n/a	n/a	n/a	n/a	left
2	166.372	0.515	incorrect	0.515	grate	n/a	n/a	n/a	n/a	n/a	n/a	14	3	n/a	n/a	n/a	n/a	n/a	right
2	167.406	0.385	incorrect	0.385	grate	n/a	n/a	n/a	n/a	n/a	n/a	14	3	n/a	n/a	n/a	n/a	n/a	right
2	168.306	0.217	incorrect	0.217	grate	n/a	n/a	n/a	n/a	n/a	n/a	14	3	n/a	n/a	n/a	n/a	n/a	right
2	170.021	3.000	forget	0.237	retrieval	restudy	object	face	scene	other	scene	15	3	17	65	165	17	170.0	n/a
2	175.056	0.383	incorrect	0.383	grate	n/a	n/a	n/a	n/a	n/a	n/a	15	3	n/a	n/a	n/a	n/a	n/a	left
2	175.955	0.308	correct	0.308	grate	n/a	n/a	n/a	n/a	n/a	n/a	15	3	n/a	n/a	n/a	n/a	n/a	right
2	176.771	0.379	incorrect	0.379	grate	n/a	n/a	n/a	n/a	n/a	n/a	15	3	n/a	n/a	n/a	n/a	n/a	left
2	177.671	0.535	incorrect	0.535	grate	n/a	n/a	n/a	n/a	n/a	n/a	15	3	n/a	n/a	n/a	n/a	n/a	right
2	178.721	0.477	incorrect	0.477	grate	n/a	n/a	n/a	n/a	n/a	n/a	15	3	n/a	n/a	n/a	n/a	n/a	left
2	179.721	0.381	incorrect	0.381	grate	n/a	n/a	n/a	n/a	n/a	n/a	15	3	n/a	n/a	n/a	n/a	n/a	right
2	180.621	0.100	incorrect	0.100	grate	n/a	n/a	n/a	n/a	n/a	n/a	15	3	n/a	n/a	n/a	n/a	n/a	right
2	182.020	3.000	remember	0.246	retrieval	retprac	object	face	scene	target	object	16	3	24	72	172	24	182.0	n/a
2	187.055	0.463	incorrect	0.463	grate	n/a	n/a	n/a	n/a	n/a	n/a	16	3	n/a	n/a	n/a	n/a	n/a	right
2	188.037	0.273	incorrect	0.273	grate	n/a	n/a	n/a	n/a	n/a	n/a	16	3	n/a	n/a	n/a	n/a	n/a	right
2	188.820	0.386	incorrect	0.386	grate	n/a	n/a	n/a	n/a	n/a	n/a	16	3	n/a	n/a	n/a	n/a	n/a	left
2	189.720	0.350	incorrect	0.350	grate	n/a	n/a	n/a	n/a	n/a	n/a	16	3	n/a	n/a	n/a	n/a	n/a	left
2	190.587	0.460	incorrect	0.460	grate	n/a	n/a	n/a	n/a	n/a	n/a	16	3	n/a	n/a	n/a	n/a	n/a	right
2	191.570	0.524	incorrect	0.524	grate	n/a	n/a	n/a	n/a	n/a	n/a	16	3	n/a	n/a	n/a	n/a	n/a	left
2	192.603	0.100	incorrect	0.100	grate	n/a	n/a	n/a	n/a	n/a	n/a	16	3	n/a	n/a	n/a	n/a	n/a	left
2	194.019	3.000	remember	0.415	retrieval	restudy	scene	object	face	target	scene	17	3	95	143	295	147	194.0	n/a
2	199.053	0.384	incorrect	0.384	grate	n/a	n/a	n/a	n/a	n/a	n/a	17	3	n/a	n/a	n/a	n/a	n/a	right
2	199.953	0.565	incorrect	0.565	grate	n/a	n/a	n/a	n/a	n/a	n/a	17	3	n/a	n/a	n/a	n/a	n/a	left
2	201.036	0.474	incorrect	0.474	grate	n/a	n/a	n/a	n/a	n/a	n/a	17	3	n/a	n/a	n/a	n/a	n/a	right
2	202.019	0.435	incorrect	0.435	grate	n/a	n/a	n/a	n/a	n/a	n/a	17	3	n/a	n/a	n/a	n/a	n/a	left
2	202.969	0.397	incorrect	0.397	grate	n/a	n/a	n/a	n/a	n/a	n/a	17	3	n/a	n/a	n/a	n/a	n/a	right
2	203.886	0.376	incorrect	0.376	grate	n/a	n/a	n/a	n/a	n/a	n/a	17	3	n/a	n/a	n/a	n/a	n/a	left
2	204.769	0.100	incorrect	0.100	grate	n/a	n/a	n/a	n/a	n/a	n/a	17	3	n/a	n/a	n/a	n/a	n/a	left
2	206.018	3.000	remember	0.319	retrieval	retprac	face	object	scene	target	face	18	3	66	18	66	118	206.0	n/a
2	211.052	0.442	incorrect	0.442	grate	n/a	n/a	n/a	n/a	n/a	n/a	18	3	n/a	n/a	n/a	n/a	n/a	left
2	212.018	0.307	incorrect	0.307	grate	n/a	n/a	n/a	n/a	n/a	n/a	18	3	n/a	n/a	n/a	n/a	n/a	left
2	212.835	0.474	incorrect	0.474	grate	n/a	n/a	n/a	n/a	n/a	n/a	18	3	n/a	n/a	n/a	n/a	n/a	right
2	213.818	0.523	incorrect	0.523	grate	n/a	n/a	n/a	n/a	n/a	n/a	18	3	n/a	n/a	n/a	n/a	n/a	left
2	214.851	0.386	incorrect	0.386	grate	n/a	n/a	n/a	n/a	n/a	n/a	18	3	n/a	n/a	n/a	n/a	n/a	right
2	215.751	0.398	incorrect	0.398	grate	n/a	n/a	n/a	n/a	n/a	n/a	18	3	n/a	n/a	n/a	n/a	n/a	right
2	216.668	0.100	incorrect	0.100	grate	n/a	n/a	n/a	n/a	n/a	n/a	18	3	n/a	n/a	n/a	n/a	n/a	right
2	218.017	3.000	remember	0.552	retrieval	restudy	scene	face	object	target	scene	19	3	45	117	269	45	218.0	n/a
2	223.051	0.466	incorrect	0.466	grate	n/a	n/a	n/a	n/a	n/a	n/a	19	3	n/a	n/a	n/a	n/a	n/a	right
2	224.034	0.307	correct	0.307	grate	n/a	n/a	n/a	n/a	n/a	n/a	19	3	n/a	n/a	n/a	n/a	n/a	left
2	224.850	0.378	incorrect	0.378	grate	n/a	n/a	n/a	n/a	n/a	n/a	19	3	n/a	n/a	n/a	n/a	n/a	left
2	225.750	0.527	incorrect	0.527	grate	n/a	n/a	n/a	n/a	n/a	n/a	19	3	n/a	n/a	n/a	n/a	n/a	right
2	226.801	0.501	incorrect	0.501	grate	n/a	n/a	n/a	n/a	n/a	n/a	19	3	n/a	n/a	n/a	n/a	n/a	right
2	227.817	0.548	incorrect	0.548	grate	n/a	n/a	n/a	n/a	n/a	n/a	19	3	n/a	n/a	n/a	n/a	n/a	left
2	228.883	0.100	incorrect	0.100	grate	n/a	n/a	n/a	n/a	n/a	n/a	19	3	n/a	n/a	n/a	n/a	n/a	right
2	230.016	3.000	remember	0.242	retrieval	restudy	object	scene	face	target	object	20	3	143	95	195	247	230.0	n/a
2	235.050	0.339	incorrect	0.339	grate	n/a	n/a	n/a	n/a	n/a	n/a	20	3	n/a	n/a	n/a	n/a	n/a	right
2	235.900	0.273	correct	0.273	grate	n/a	n/a	n/a	n/a	n/a	n/a	20	3	n/a	n/a	n/a	n/a	n/a	left
2	236.683	0.315	correct	0.315	grate	n/a	n/a	n/a	n/a	n/a	n/a	20	3	n/a	n/a	n/a	n/a	n/a	right
2	237.516	0.474	correct	0.474	grate	n/a	n/a	n/a	n/a	n/a	n/a	20	3	n/a	n/a	n/a	n/a	n/a	left
2	238.499	0.513	incorrect	0.513	grate	n/a	n/a	n/a	n/a	n/a	n/a	20	3	n/a	n/a	n/a	n/a	n/a	left
2	239.533	0.400	incorrect	0.400	grate	n/a	n/a	n/a	n/a	n/a	n/a	20	3	n/a	n/a	n/a	n/a	n/a	left
2	240.449	0.067	incorrect	0.067	grate	n/a	n/a	n/a	n/a	n/a	n/a	20	3	n/a	n/a	n/a	n/a	n/a	right
2	242.015	3.000	remember	0.337	retrieval	retprac	scene	object	face	target	scene	21	3	96	144	296	148	242.0	n/a
2	247.049	0.571	incorrect	0.571	grate	n/a	n/a	n/a	n/a	n/a	n/a	21	3	n/a	n/a	n/a	n/a	n/a	left
2	248.132	0.449	incorrect	0.449	grate	n/a	n/a	n/a	n/a	n/a	n/a	21	3	n/a	n/a	n/a	n/a	n/a	right
2	249.098	0.362	incorrect	0.362	grate	n/a	n/a	n/a	n/a	n/a	n/a	21	3	n/a	n/a	n/a	n/a	n/a	right
2	249.982	0.359	incorrect	0.359	grate	n/a	n/a	n/a	n/a	n/a	n/a	21	3	n/a	n/a	n/a	n/a	n/a	right
2	250.848	0.340	incorrect	0.340	grate	n/a	n/a	n/a	n/a	n/a	n/a	21	3	n/a	n/a	n/a	n/a	n/a	right
2	251.698	0.362	incorrect	0.362	grate	n/a	n/a	n/a	n/a	n/a	n/a	21	3	n/a	n/a	n/a	n/a	n/a	right
2	252.581	0.100	incorrect	0.100	grate	n/a	n/a	n/a	n/a	n/a	n/a	21	3	n/a	n/a	n/a	n/a	n/a	left
2	254.014	3.000	forget	0.259	retrieval	restudy	scene	object	face	other	face	22	3	89	137	289	141	254.0	n/a
2	259.048	0.444	incorrect	0.444	grate	n/a	n/a	n/a	n/a	n/a	n/a	22	3	n/a	n/a	n/a	n/a	n/a	left
2	260.014	0.390	incorrect	0.390	grate	n/a	n/a	n/a	n/a	n/a	n/a	22	3	n/a	n/a	n/a	n/a	n/a	right
2	260.914	0.338	incorrect	0.338	grate	n/a	n/a	n/a	n/a	n/a	n/a	22	3	n/a	n/a	n/a	n/a	n/a	right
2	261.764	0.312	incorrect	0.312	grate	n/a	n/a	n/a	n/a	n/a	n/a	22	3	n/a	n/a	n/a	n/a	n/a	right
2	262.597	0.304	correct	0.304	grate	n/a	n/a	n/a	n/a	n/a	n/a	22	3	n/a	n/a	n/a	n/a	n/a	left
2	263.414	0.486	incorrect	0.486	grate	n/a	n/a	n/a	n/a	n/a	n/a	22	3	n/a	n/a	n/a	n/a	n/a	right
2	264.414	0.100	incorrect	0.100	grate	n/a	n/a	n/a	n/a	n/a	n/a	22	3	n/a	n/a	n/a	n/a	n/a	right
2	266.013	3.000	forget	0.331	retrieval	retprac	scene	object	face	other	face	23	3	90	138	290	142	266.0	n/a
2	271.047	0.364	incorrect	0.364	grate	n/a	n/a	n/a	n/a	n/a	n/a	23	3	n/a	n/a	n/a	n/a	n/a	left
2	271.929	0.450	incorrect	0.450	grate	n/a	n/a	n/a	n/a	n/a	n/a	23	3	n/a	n/a	n/a	n/a	n/a	right
2	272.896	0.331	incorrect	0.331	grate	n/a	n/a	n/a	n/a	n/a	n/a	23	3	n/a	n/a	n/a	n/a	n/a	right
2	273.746	0.409	incorrect	0.409	grate	n/a	n/a	n/a	n/a	n/a	n/a	23	3	n/a	n/a	n/a	n/a	n/a	left
2	274.662	0.373	incorrect	0.373	grate	n/a	n/a	n/a	n/a	n/a	n/a	23	3	n/a	n/a	n/a	n/a	n/a	left
2	275.546	0.313	incorrect	0.313	grate	n/a	n/a	n/a	n/a	n/a	n/a	23	3	n/a	n/a	n/a	n/a	n/a	left
2	276.379	0.133	incorrect	0.133	grate	n/a	n/a	n/a	n/a	n/a	n/a	23	3	n/a	n/a	n/a	n/a	n/a	left
2	278.011	3.000	remember	0.363	retrieval	restudy	scene	face	object	target	scene	24	3	43	115	267	43	278.0	n/a
2	283.046	0.478	incorrect	0.478	grate	n/a	n/a	n/a	n/a	n/a	n/a	24	3	n/a	n/a	n/a	n/a	n/a	right
2	284.045	0.294	incorrect	0.294	grate	n/a	n/a	n/a	n/a	n/a	n/a	24	3	n/a	n/a	n/a	n/a	n/a	right
2	284.862	0.285	incorrect	0.285	grate	n/a	n/a	n/a	n/a	n/a	n/a	24	3	n/a	n/a	n/a	n/a	n/a	right
2	285.662	0.302	incorrect	0.302	grate	n/a	n/a	n/a	n/a	n/a	n/a	24	3	n/a	n/a	n/a	n/a	n/a	right
2	286.478	0.261	correct	0.261	grate	n/a	n/a	n/a	n/a	n/a	n/a	24	3	n/a	n/a	n/a	n/a	n/a	left
2	287.261	0.382	correct	0.382	grate	n/a	n/a	n/a	n/a	n/a	n/a	24	3	n/a	n/a	n/a	n/a	n/a	right
2	288.162	0.307	incorrect	0.307	grate	n/a	n/a	n/a	n/a	n/a	n/a	24	3	n/a	n/a	n/a	n/a	n/a	right
2	288.978	0.100	incorrect	0.100	grate	n/a	n/a	n/a	n/a	n/a	n/a	24	3	n/a	n/a	n/a	n/a	n/a	left
2	290.010	3.000	forget	0.244	retrieval	restudy	face	object	scene	competitor	object	25	3	69	21	69	121	290.0	n/a
2	295.045	0.430	incorrect	0.430	grate	n/a	n/a	n/a	n/a	n/a	n/a	25	3	n/a	n/a	n/a	n/a	n/a	left
2	295.994	0.313	incorrect	0.313	grate	n/a	n/a	n/a	n/a	n/a	n/a	25	3	n/a	n/a	n/a	n/a	n/a	left
2	296.827	0.312	correct	0.312	grate	n/a	n/a	n/a	n/a	n/a	n/a	25	3	n/a	n/a	n/a	n/a	n/a	right
2	297.661	0.598	incorrect	0.598	grate	n/a	n/a	n/a	n/a	n/a	n/a	25	3	n/a	n/a	n/a	n/a	n/a	right
2	298.777	1.733	incorrect	1.733	grate	n/a	n/a	n/a	n/a	n/a	n/a	25	3	n/a	n/a	n/a	n/a	n/a	left
2	302.009	3.000	forget	0.349	retrieval	retprac	scene	object	face	other	face	26	3	94	142	294	146	302.0	n/a
2	307.044	0.608	incorrect	0.608	grate	n/a	n/a	n/a	n/a	n/a	n/a	26	3	n/a	n/a	n/a	n/a	n/a	right
2	308.160	0.707	incorrect	0.707	grate	n/a	n/a	n/a	n/a	n/a	n/a	26	3	n/a	n/a	n/a	n/a	n/a	left
2	309.376	0.402	incorrect	0.402	grate	n/a	n/a	n/a	n/a	n/a	n/a	26	3	n/a	n/a	n/a	n/a	n/a	left
2	310.293	0.287	incorrect	0.287	grate	n/a	n/a	n/a	n/a	n/a	n/a	26	3	n/a	n/a	n/a	n/a	n/a	left
2	311.093	0.285	incorrect	0.285	grate	n/a	n/a	n/a	n/a	n/a	n/a	26	3	n/a	n/a	n/a	n/a	n/a	left
2	311.893	0.438	incorrect	0.438	grate	n/a	n/a	n/a	n/a	n/a	n/a	26	3	n/a	n/a	n/a	n/a	n/a	right
2	312.843	0.100	incorrect	0.100	grate	n/a	n/a	n/a	n/a	n/a	n/a	26	3	n/a	n/a	n/a	n/a	n/a	right
2	314.008	3.000	forget	0.262	retrieval	restudy	object	scene	face	competitor	scene	27	3	141	93	193	245	314.0	n/a
2	319.042	0.457	incorrect	0.457	grate	n/a	n/a	n/a	n/a	n/a	n/a	27	3	n/a	n/a	n/a	n/a	n/a	left
2	320.009	0.689	incorrect	0.689	grate	n/a	n/a	n/a	n/a	n/a	n/a	27	3	n/a	n/a	n/a	n/a	n/a	right
2	321.209	0.362	incorrect	0.362	grate	n/a	n/a	n/a	n/a	n/a	n/a	27	3	n/a	n/a	n/a	n/a	n/a	right
2	322.092	0.342	incorrect	0.342	grate	n/a	n/a	n/a	n/a	n/a	n/a	27	3	n/a	n/a	n/a	n/a	n/a	right
2	322.958	0.373	correct	0.373	grate	n/a	n/a	n/a	n/a	n/a	n/a	27	3	n/a	n/a	n/a	n/a	n/a	left
2	323.842	0.520	incorrect	0.520	grate	n/a	n/a	n/a	n/a	n/a	n/a	27	3	n/a	n/a	n/a	n/a	n/a	right
2	324.875	0.100	incorrect	0.100	grate	n/a	n/a	n/a	n/a	n/a	n/a	27	3	n/a	n/a	n/a	n/a	n/a	left
2	326.007	3.000	remember	0.303	retrieval	retprac	object	scene	face	target	object	28	3	140	92	192	244	326.0	n/a
2	331.041	0.697	incorrect	0.697	grate	n/a	n/a	n/a	n/a	n/a	n/a	28	3	n/a	n/a	n/a	n/a	n/a	right
2	332.258	0.289	incorrect	0.289	grate	n/a	n/a	n/a	n/a	n/a	n/a	28	3	n/a	n/a	n/a	n/a	n/a	right
2	333.058	0.304	correct	0.304	grate	n/a	n/a	n/a	n/a	n/a	n/a	28	3	n/a	n/a	n/a	n/a	n/a	left
2	333.874	0.488	incorrect	0.488	grate	n/a	n/a	n/a	n/a	n/a	n/a	28	3	n/a	n/a	n/a	n/a	n/a	right
2	334.874	0.456	incorrect	0.456	grate	n/a	n/a	n/a	n/a	n/a	n/a	28	3	n/a	n/a	n/a	n/a	n/a	left
2	335.841	0.417	incorrect	0.417	grate	n/a	n/a	n/a	n/a	n/a	n/a	28	3	n/a	n/a	n/a	n/a	n/a	right
2	336.774	0.100	incorrect	0.100	grate	n/a	n/a	n/a	n/a	n/a	n/a	28	3	n/a	n/a	n/a	n/a	n/a	left
2	338.006	3.000	remember	0.351	retrieval	restudy	face	scene	object	target	face	29	3	117	45	93	221	338.0	n/a
2	343.040	0.481	incorrect	0.481	grate	n/a	n/a	n/a	n/a	n/a	n/a	29	3	n/a	n/a	n/a	n/a	n/a	left
2	344.040	0.298	incorrect	0.298	grate	n/a	n/a	n/a	n/a	n/a	n/a	29	3	n/a	n/a	n/a	n/a	n/a	left
2	344.856	0.329	incorrect	0.329	grate	n/a	n/a	n/a	n/a	n/a	n/a	29	3	n/a	n/a	n/a	n/a	n/a	left
2	345.706	0.383	incorrect	0.383	grate	n/a	n/a	n/a	n/a	n/a	n/a	29	3	n/a	n/a	n/a	n/a	n/a	left
2	346.606	0.587	incorrect	0.587	grate	n/a	n/a	n/a	n/a	n/a	n/a	29	3	n/a	n/a	n/a	n/a	n/a	right
2	347.706	0.271	incorrect	0.271	grate	n/a	n/a	n/a	n/a	n/a	n/a	29	3	n/a	n/a	n/a	n/a	n/a	right
2	348.489	0.017	incorrect	0.017	grate	n/a	n/a	n/a	n/a	n/a	n/a	29	3	n/a	n/a	n/a	n/a	n/a	left
2	350.022	3.000	remember	0.415	retrieval	retprac	face	scene	object	target	face	30	3	120	48	96	224	350.0	n/a
2	355.055	0.474	incorrect	0.474	grate	n/a	n/a	n/a	n/a	n/a	n/a	30	3	n/a	n/a	n/a	n/a	n/a	left
2	356.039	0.314	incorrect	0.314	grate	n/a	n/a	n/a	n/a	n/a	n/a	30	3	n/a	n/a	n/a	n/a	n/a	left
2	356.872	0.274	incorrect	0.274	grate	n/a	n/a	n/a	n/a	n/a	n/a	30	3	n/a	n/a	n/a	n/a	n/a	left
2	357.655	0.282	incorrect	0.282	grate	n/a	n/a	n/a	n/a	n/a	n/a	30	3	n/a	n/a	n/a	n/a	n/a	left
2	358.455	0.330	correct	0.330	grate	n/a	n/a	n/a	n/a	n/a	n/a	30	3	n/a	n/a	n/a	n/a	n/a	right
2	359.305	0.496	incorrect	0.496	grate	n/a	n/a	n/a	n/a	n/a	n/a	30	3	n/a	n/a	n/a	n/a	n/a	right
2	360.322	0.200	incorrect	0.200	grate	n/a	n/a	n/a	n/a	n/a	n/a	30	3	n/a	n/a	n/a	n/a	n/a	right
2	362.021	3.000	forget	0.232	retrieval	restudy	object	scene	face	competitor	scene	31	3	139	91	191	243	362.0	n/a
2	367.054	0.563	incorrect	0.563	grate	n/a	n/a	n/a	n/a	n/a	n/a	31	3	n/a	n/a	n/a	n/a	n/a	right
2	368.138	0.327	incorrect	0.327	grate	n/a	n/a	n/a	n/a	n/a	n/a	31	3	n/a	n/a	n/a	n/a	n/a	right
2	368.988	0.269	correct	0.269	grate	n/a	n/a	n/a	n/a	n/a	n/a	31	3	n/a	n/a	n/a	n/a	n/a	left
2	369.771	0.422	incorrect	0.422	grate	n/a	n/a	n/a	n/a	n/a	n/a	31	3	n/a	n/a	n/a	n/a	n/a	right
2	370.704	0.401	incorrect	0.401	grate	n/a	n/a	n/a	n/a	n/a	n/a	31	3	n/a	n/a	n/a	n/a	n/a	left
2	371.621	0.333	incorrect	0.333	grate	n/a	n/a	n/a	n/a	n/a	n/a	31	3	n/a	n/a	n/a	n/a	n/a	left
2	372.471	0.050	incorrect	0.050	grate	n/a	n/a	n/a	n/a	n/a	n/a	31	3	n/a	n/a	n/a	n/a	n/a	left
2	374.020	3.000	forget	0.248	retrieval	retprac	scene	face	object	other	object	32	3	44	116	268	44	374.0	n/a
2	379.053	0.739	incorrect	0.739	grate	n/a	n/a	n/a	n/a	n/a	n/a	32	3	n/a	n/a	n/a	n/a	n/a	right
2	380.303	0.289	incorrect	0.289	grate	n/a	n/a	n/a	n/a	n/a	n/a	32	3	n/a	n/a	n/a	n/a	n/a	right
2	381.103	0.473	incorrect	0.473	grate	n/a	n/a	n/a	n/a	n/a	n/a	32	3	n/a	n/a	n/a	n/a	n/a	left
2	382.086	0.266	correct	0.266	grate	n/a	n/a	n/a	n/a	n/a	n/a	32	3	n/a	n/a	n/a	n/a	n/a	right
2	382.870	0.355	incorrect	0.355	grate	n/a	n/a	n/a	n/a	n/a	n/a	32	3	n/a	n/a	n/a	n/a	n/a	right
2	383.736	0.416	incorrect	0.416	grate	n/a	n/a	n/a	n/a	n/a	n/a	32	3	n/a	n/a	n/a	n/a	n/a	left
2	384.669	0.100	incorrect	0.100	grate	n/a	n/a	n/a	n/a	n/a	n/a	32	3	n/a	n/a	n/a	n/a	n/a	right
2	386.018	3.000	remember	0.314	retrieval	retprac	face	object	scene	target	face	33	3	68	20	68	120	386.0	n/a
2	391.052	0.612	incorrect	0.612	grate	n/a	n/a	n/a	n/a	n/a	n/a	33	3	n/a	n/a	n/a	n/a	n/a	left
2	392.185	0.303	incorrect	0.303	grate	n/a	n/a	n/a	n/a	n/a	n/a	33	3	n/a	n/a	n/a	n/a	n/a	left
2	393.002	0.486	incorrect	0.486	grate	n/a	n/a	n/a	n/a	n/a	n/a	33	3	n/a	n/a	n/a	n/a	n/a	right
2	394.002	0.310	correct	0.310	grate	n/a	n/a	n/a	n/a	n/a	n/a	33	3	n/a	n/a	n/a	n/a	n/a	left
2	394.835	0.446	incorrect	0.446	grate	n/a	n/a	n/a	n/a	n/a	n/a	33	3	n/a	n/a	n/a	n/a	n/a	right
2	395.802	0.486	incorrect	0.486	grate	n/a	n/a	n/a	n/a	n/a	n/a	33	3	n/a	n/a	n/a	n/a	n/a	right
2	396.802	0.100	incorrect	0.100	grate	n/a	n/a	n/a	n/a	n/a	n/a	33	3	n/a	n/a	n/a	n/a	n/a	right
2	398.017	3.000	remember	0.306	retrieval	retprac	face	object	scene	target	face	34	3	70	22	70	122	398.0	n/a
2	403.051	0.517	incorrect	0.517	grate	n/a	n/a	n/a	n/a	n/a	n/a	34	3	n/a	n/a	n/a	n/a	n/a	left
2	404.084	0.300	incorrect	0.300	grate	n/a	n/a	n/a	n/a	n/a	n/a	34	3	n/a	n/a	n/a	n/a	n/a	left
2	404.901	0.379	correct	0.379	grate	n/a	n/a	n/a	n/a	n/a	n/a	34	3	n/a	n/a	n/a	n/a	n/a	right
2	405.801	0.343	correct	0.343	grate	n/a	n/a	n/a	n/a	n/a	n/a	34	3	n/a	n/a	n/a	n/a	n/a	left
2	406.651	0.381	incorrect	0.381	grate	n/a	n/a	n/a	n/a	n/a	n/a	34	3	n/a	n/a	n/a	n/a	n/a	left
2	407.551	0.481	incorrect	0.481	grate	n/a	n/a	n/a	n/a	n/a	n/a	34	3	n/a	n/a	n/a	n/a	n/a	right
2	408.551	0.100	incorrect	0.100	grate	n/a	n/a	n/a	n/a	n/a	n/a	34	3	n/a	n/a	n/a	n/a	n/a	left
2	410.016	3.000	forget	0.275	retrieval	retprac	object	face	scene	competitor	face	35	3	18	66	166	18	410.0	n/a
2	415.050	0.525	incorrect	0.525	grate	n/a	n/a	n/a	n/a	n/a	n/a	35	3	n/a	n/a	n/a	n/a	n/a	left
2	416.083	0.277	incorrect	0.277	grate	n/a	n/a	n/a	n/a	n/a	n/a	35	3	n/a	n/a	n/a	n/a	n/a	left
2	416.883	0.300	incorrect	0.300	grate	n/a	n/a	n/a	n/a	n/a	n/a	35	3	n/a	n/a	n/a	n/a	n/a	left
2	417.700	0.435	incorrect	0.435	grate	n/a	n/a	n/a	n/a	n/a	n/a	35	3	n/a	n/a	n/a	n/a	n/a	right
2	418.650	0.286	incorrect	0.286	grate	n/a	n/a	n/a	n/a	n/a	n/a	35	3	n/a	n/a	n/a	n/a	n/a	right
2	419.450	0.277	correct	0.277	grate	n/a	n/a	n/a	n/a	n/a	n/a	35	3	n/a	n/a	n/a	n/a	n/a	left
2	420.250	0.247	incorrect	0.247	grate	n/a	n/a	n/a	n/a	n/a	n/a	35	3	n/a	n/a	n/a	n/a	n/a	left
2	421.016	0.100	incorrect	0.100	grate	n/a	n/a	n/a	n/a	n/a	n/a	35	3	n/a	n/a	n/a	n/a	n/a	right
2	422.015	3.000	forget	0.236	retrieval	restudy	face	scene	object	competitor	scene	36	3	119	47	95	223	422.0	n/a
2	427.049	0.398	incorrect	0.398	grate	n/a	n/a	n/a	n/a	n/a	n/a	36	3	n/a	n/a	n/a	n/a	n/a	right
2	427.966	0.209	correct	0.209	grate	n/a	n/a	n/a	n/a	n/a	n/a	36	3	n/a	n/a	n/a	n/a	n/a	left
2	428.699	0.628	incorrect	0.628	grate	n/a	n/a	n/a	n/a	n/a	n/a	36	3	n/a	n/a	n/a	n/a	n/a	right
2	429.849	0.343	correct	0.343	grate	n/a	n/a	n/a	n/a	n/a	n/a	36	3	n/a	n/a	n/a	n/a	n/a	right
2	430.715	0.732	incorrect	0.732	grate	n/a	n/a	n/a	n/a	n/a	n/a	36	3	n/a	n/a	n/a	n/a	n/a	left
2	431.965	0.283	correct	0.283	grate	n/a	n/a	n/a	n/a	n/a	n/a	36	3	n/a	n/a	n/a	n/a	n/a	left
2	432.765	0.100	incorrect	0.100	grate	n/a	n/a	n/a	n/a	n/a	n/a	36	3	n/a	n/a	n/a	n/a	n/a	right
2	434.014	3.000	forget	0.308	retrieval	retprac	object	face	scene	competitor	face	37	3	22	70	170	22	434.0	n/a
2	439.048	0.383	incorrect	0.383	grate	n/a	n/a	n/a	n/a	n/a	n/a	37	3	n/a	n/a	n/a	n/a	n/a	left
2	439.948	0.475	incorrect	0.475	grate	n/a	n/a	n/a	n/a	n/a	n/a	37	3	n/a	n/a	n/a	n/a	n/a	left
2	440.931	0.396	incorrect	0.396	grate	n/a	n/a	n/a	n/a	n/a	n/a	37	3	n/a	n/a	n/a	n/a	n/a	left
2	441.848	0.479	incorrect	0.479	grate	n/a	n/a	n/a	n/a	n/a	n/a	37	3	n/a	n/a	n/a	n/a	n/a	right
2	442.848	0.279	correct	0.279	grate	n/a	n/a	n/a	n/a	n/a	n/a	37	3	n/a	n/a	n/a	n/a	n/a	left
2	443.648	0.311	incorrect	0.311	grate	n/a	n/a	n/a	n/a	n/a	n/a	37	3	n/a	n/a	n/a	n/a	n/a	left
2	444.481	0.034	incorrect	0.034	grate	n/a	n/a	n/a	n/a	n/a	n/a	37	3	n/a	n/a	n/a	n/a	n/a	left
2	446.013	3.000	forget	0.277	retrieval	retprac	face	scene	object	competitor	scene	38	3	116	44	92	220	446.0	n/a
2	451.047	0.384	incorrect	0.384	grate	n/a	n/a	n/a	n/a	n/a	n/a	38	3	n/a	n/a	n/a	n/a	n/a	right
2	451.947	0.284	incorrect	0.284	grate	n/a	n/a	n/a	n/a	n/a	n/a	38	3	n/a	n/a	n/a	n/a	n/a	right
2	452.747	0.275	incorrect	0.275	grate	n/a	n/a	n/a	n/a	n/a	n/a	38	3	n/a	n/a	n/a	n/a	n/a	right
2	453.530	0.253	correct	0.253	grate	n/a	n/a	n/a	n/a	n/a	n/a	38	3	n/a	n/a	n/a	n/a	n/a	left
2	454.297	0.461	incorrect	0.461	grate	n/a	n/a	n/a	n/a	n/a	n/a	38	3	n/a	n/a	n/a	n/a	n/a	right
2	455.280	0.470	incorrect	0.470	grate	n/a	n/a	n/a	n/a	n/a	n/a	38	3	n/a	n/a	n/a	n/a	n/a	right
2	456.263	0.250	incorrect	0.250	grate	n/a	n/a	n/a	n/a	n/a	n/a	38	3	n/a	n/a	n/a	n/a	n/a	right
2	458.012	3.000	forget	0.246	retrieval	retprac	object	scene	face	competitor	scene	39	3	142	94	194	246	458.0	n/a
2	463.046	0.472	incorrect	0.472	grate	n/a	n/a	n/a	n/a	n/a	n/a	39	3	n/a	n/a	n/a	n/a	n/a	left
2	464.029	0.281	correct	0.281	grate	n/a	n/a	n/a	n/a	n/a	n/a	39	3	n/a	n/a	n/a	n/a	n/a	right
2	464.829	2.209	incorrect	2.209	grate	n/a	n/a	n/a	n/a	n/a	n/a	39	3	n/a	n/a	n/a	n/a	n/a	right
2	467.562	0.300	incorrect	0.300	grate	n/a	n/a	n/a	n/a	n/a	n/a	39	3	n/a	n/a	n/a	n/a	n/a	right
2	468.379	0.133	incorrect	0.133	grate	n/a	n/a	n/a	n/a	n/a	n/a	39	3	n/a	n/a	n/a	n/a	n/a	left
2	470.011	3.000	remember	0.302	retrieval	restudy	object	face	scene	target	object	40	3	21	69	169	21	470.0	n/a
2	475.045	0.346	incorrect	0.346	grate	n/a	n/a	n/a	n/a	n/a	n/a	40	3	n/a	n/a	n/a	n/a	n/a	left
2	475.911	0.542	incorrect	0.542	grate	n/a	n/a	n/a	n/a	n/a	n/a	40	3	n/a	n/a	n/a	n/a	n/a	right
2	476.978	0.580	incorrect	0.580	grate	n/a	n/a	n/a	n/a	n/a	n/a	40	3	n/a	n/a	n/a	n/a	n/a	left
2	478.078	0.465	incorrect	0.465	grate	n/a	n/a	n/a	n/a	n/a	n/a	40	3	n/a	n/a	n/a	n/a	n/a	left
2	479.061	0.449	incorrect	0.449	grate	n/a	n/a	n/a	n/a	n/a	n/a	40	3	n/a	n/a	n/a	n/a	n/a	right
2	480.028	0.483	incorrect	0.483	grate	n/a	n/a	n/a	n/a	n/a	n/a	40	3	n/a	n/a	n/a	n/a	n/a	left
2	482.010	3.000	forget	0.375	retrieval	retprac	scene	face	object	competitor	face	41	3	42	114	266	42	482.0	n/a
2	487.044	0.450	incorrect	0.450	grate	n/a	n/a	n/a	n/a	n/a	n/a	41	3	n/a	n/a	n/a	n/a	n/a	right
2	488.010	0.419	incorrect	0.419	grate	n/a	n/a	n/a	n/a	n/a	n/a	41	3	n/a	n/a	n/a	n/a	n/a	left
2	488.943	0.406	correct	0.406	grate	n/a	n/a	n/a	n/a	n/a	n/a	41	3	n/a	n/a	n/a	n/a	n/a	right
2	489.860	0.513	incorrect	0.513	grate	n/a	n/a	n/a	n/a	n/a	n/a	41	3	n/a	n/a	n/a	n/a	n/a	right
2	490.893	0.305	incorrect	0.305	grate	n/a	n/a	n/a	n/a	n/a	n/a	41	3	n/a	n/a	n/a	n/a	n/a	right
2	491.710	0.295	incorrect	0.295	grate	n/a	n/a	n/a	n/a	n/a	n/a	41	3	n/a	n/a	n/a	n/a	n/a	right
2	492.526	0.100	incorrect	0.100	grate	n/a	n/a	n/a	n/a	n/a	n/a	41	3	n/a	n/a	n/a	n/a	n/a	left
2	494.009	3.000	remember	0.256	retrieval	retprac	scene	face	object	target	scene	42	3	46	118	270	46	494.0	n/a
2	499.043	0.459	incorrect	0.459	grate	n/a	n/a	n/a	n/a	n/a	n/a	42	3	n/a	n/a	n/a	n/a	n/a	left
2	500.009	0.412	incorrect	0.412	grate	n/a	n/a	n/a	n/a	n/a	n/a	42	3	n/a	n/a	n/a	n/a	n/a	left
2	500.942	0.680	incorrect	0.680	grate	n/a	n/a	n/a	n/a	n/a	n/a	42	3	n/a	n/a	n/a	n/a	n/a	right
2	502.142	1.198	incorrect	1.198	grate	n/a	n/a	n/a	n/a	n/a	n/a	42	3	n/a	n/a	n/a	n/a	n/a	right
2	503.859	0.530	incorrect	0.530	grate	n/a	n/a	n/a	n/a	n/a	n/a	42	3	n/a	n/a	n/a	n/a	n/a	right
2	504.909	0.100	incorrect	0.100	grate	n/a	n/a	n/a	n/a	n/a	n/a	42	3	n/a	n/a	n/a	n/a	n/a	left
2	506.008	3.000	forget	0.314	retrieval	restudy	object	scene	face	competitor	scene	43	3	137	89	189	241	506.0	n/a
2	511.042	0.667	incorrect	0.667	grate	n/a	n/a	n/a	n/a	n/a	n/a	43	3	n/a	n/a	n/a	n/a	n/a	left
2	512.225	0.516	incorrect	0.516	grate	n/a	n/a	n/a	n/a	n/a	n/a	43	3	n/a	n/a	n/a	n/a	n/a	right
2	513.258	0.442	incorrect	0.442	grate	n/a	n/a	n/a	n/a	n/a	n/a	43	3	n/a	n/a	n/a	n/a	n/a	right
2	514.208	0.524	incorrect	0.524	grate	n/a	n/a	n/a	n/a	n/a	n/a	43	3	n/a	n/a	n/a	n/a	n/a	right
2	515.241	0.467	incorrect	0.467	grate	n/a	n/a	n/a	n/a	n/a	n/a	43	3	n/a	n/a	n/a	n/a	n/a	left
2	516.225	0.283	incorrect	0.283	grate	n/a	n/a	n/a	n/a	n/a	n/a	43	3	n/a	n/a	n/a	n/a	n/a	right
2	518.007	3.000	forget	0.258	retrieval	restudy	face	object	scene	competitor	object	44	3	67	19	67	119	518.0	n/a
2	523.041	0.428	incorrect	0.428	grate	n/a	n/a	n/a	n/a	n/a	n/a	44	3	n/a	n/a	n/a	n/a	n/a	left
2	523.990	0.422	correct	0.422	grate	n/a	n/a	n/a	n/a	n/a	n/a	44	3	n/a	n/a	n/a	n/a	n/a	right
2	524.924	0.369	incorrect	0.369	grate	n/a	n/a	n/a	n/a	n/a	n/a	44	3	n/a	n/a	n/a	n/a	n/a	right
2	525.807	0.350	incorrect	0.350	grate	n/a	n/a	n/a	n/a	n/a	n/a	44	3	n/a	n/a	n/a	n/a	n/a	right
2	526.674	0.323	incorrect	0.323	grate	n/a	n/a	n/a	n/a	n/a	n/a	44	3	n/a	n/a	n/a	n/a	n/a	right
2	527.507	0.289	incorrect	0.289	grate	n/a	n/a	n/a	n/a	n/a	n/a	44	3	n/a	n/a	n/a	n/a	n/a	right
2	528.307	0.200	incorrect	0.200	grate	n/a	n/a	n/a	n/a	n/a	n/a	44	3	n/a	n/a	n/a	n/a	n/a	right
2	530.022	3.000	forget	0.225	retrieval	restudy	face	scene	object	competitor	scene	45	3	113	41	89	217	530.0	n/a
2	535.056	0.340	incorrect	0.340	grate	n/a	n/a	n/a	n/a	n/a	n/a	45	3	n/a	n/a	n/a	n/a	n/a	left
2	535.906	0.619	incorrect	0.619	grate	n/a	n/a	n/a	n/a	n/a	n/a	45	3	n/a	n/a	n/a	n/a	n/a	right
2	537.039	0.413	incorrect	0.413	grate	n/a	n/a	n/a	n/a	n/a	n/a	45	3	n/a	n/a	n/a	n/a	n/a	right
2	537.972	0.312	correct	0.312	grate	n/a	n/a	n/a	n/a	n/a	n/a	45	3	n/a	n/a	n/a	n/a	n/a	left
2	538.806	0.430	incorrect	0.430	grate	n/a	n/a	n/a	n/a	n/a	n/a	45	3	n/a	n/a	n/a	n/a	n/a	left
2	539.756	0.424	incorrect	0.424	grate	n/a	n/a	n/a	n/a	n/a	n/a	45	3	n/a	n/a	n/a	n/a	n/a	right
2	540.689	0.100	incorrect	0.100	grate	n/a	n/a	n/a	n/a	n/a	n/a	45	3	n/a	n/a	n/a	n/a	n/a	left
2	542.021	3.000	remember	0.266	retrieval	restudy	object	face	scene	target	object	46	3	23	71	171	23	542.0	n/a
2	547.055	0.492	incorrect	0.492	grate	n/a	n/a	n/a	n/a	n/a	n/a	46	3	n/a	n/a	n/a	n/a	n/a	right
2	548.071	0.292	incorrect	0.292	grate	n/a	n/a	n/a	n/a	n/a	n/a	46	3	n/a	n/a	n/a	n/a	n/a	right
2	548.872	0.301	incorrect	0.301	grate	n/a	n/a	n/a	n/a	n/a	n/a	46	3	n/a	n/a	n/a	n/a	n/a	right
2	549.688	0.443	incorrect	0.443	grate	n/a	n/a	n/a	n/a	n/a	n/a	46	3	n/a	n/a	n/a	n/a	n/a	left
2	550.654	0.317	incorrect	0.317	grate	n/a	n/a	n/a	n/a	n/a	n/a	46	3	n/a	n/a	n/a	n/a	n/a	left
2	551.488	0.549	incorrect	0.549	grate	n/a	n/a	n/a	n/a	n/a	n/a	46	3	n/a	n/a	n/a	n/a	n/a	right
2	552.555	0.100	incorrect	0.100	grate	n/a	n/a	n/a	n/a	n/a	n/a	46	3	n/a	n/a	n/a	n/a	n/a	right
2	554.020	3.000	remember	0.275	retrieval	restudy	scene	face	object	target	scene	47	3	47	119	271	47	554.0	n/a
2	559.054	0.445	incorrect	0.445	grate	n/a	n/a	n/a	n/a	n/a	n/a	47	3	n/a	n/a	n/a	n/a	n/a	left
2	560.021	0.351	incorrect	0.351	grate	n/a	n/a	n/a	n/a	n/a	n/a	47	3	n/a	n/a	n/a	n/a	n/a	left
2	560.887	0.396	incorrect	0.396	grate	n/a	n/a	n/a	n/a	n/a	n/a	47	3	n/a	n/a	n/a	n/a	n/a	left
2	561.804	0.336	incorrect	0.336	grate	n/a	n/a	n/a	n/a	n/a	n/a	47	3	n/a	n/a	n/a	n/a	n/a	left
2	562.654	1.430	incorrect	1.430	grate	n/a	n/a	n/a	n/a	n/a	n/a	47	3	n/a	n/a	n/a	n/a	n/a	right
2	564.603	0.100	incorrect	0.100	grate	n/a	n/a	n/a	n/a	n/a	n/a	47	3	n/a	n/a	n/a	n/a	n/a	left
2	566.019	3.000	remember	0.244	retrieval	retprac	face	scene	object	target	face	48	3	114	42	90	218	566.0	n/a
2	571.053	0.822	incorrect	0.822	grate	n/a	n/a	n/a	n/a	n/a	n/a	48	3	n/a	n/a	n/a	n/a	n/a	left
2	572.386	0.393	incorrect	0.393	grate	n/a	n/a	n/a	n/a	n/a	n/a	48	3	n/a	n/a	n/a	n/a	n/a	right
2	573.286	0.333	incorrect	0.333	grate	n/a	n/a	n/a	n/a	n/a	n/a	48	3	n/a	n/a	n/a	n/a	n/a	right
2	574.136	0.291	incorrect	0.291	grate	n/a	n/a	n/a	n/a	n/a	n/a	48	3	n/a	n/a	n/a	n/a	n/a	right
2	574.936	0.259	correct	0.259	grate	n/a	n/a	n/a	n/a	n/a	n/a	48	3	n/a	n/a	n/a	n/a	n/a	left
2	575.702	0.364	incorrect	0.364	grate	n/a	n/a	n/a	n/a	n/a	n/a	48	3	n/a	n/a	n/a	n/a	n/a	left
2	576.586	0.100	incorrect	0.100	grate	n/a	n/a	n/a	n/a	n/a	n/a	48	3	n/a	n/a	n/a	n/a	n/a	left
