sub_id	onset	duration	trial_type	response_time	task_type	update_cond	cate_c	cate_b	cate_o	response_type	response	trial_id	run_id	word_id	img_id	stim_c	stim_b	design_onset	grate_orientation
17	2.014	3.000	no response	n/a	retrieval	restudy	scene	face	object	no response	no response	1	1	29	101	253	29	2.0	n/a
17	7.048	1.164	correct	1.164	grate	n/a	n/a	n/a	n/a	n/a	n/a	1	1	n/a	n/a	n/a	n/a	n/a	right
17	8.731	0.912	correct	0.912	grate	n/a	n/a	n/a	n/a	n/a	n/a	1	1	n/a	n/a	n/a	n/a	n/a	right
17	10.164	2.350	incorrect	2.350	grate	n/a	n/a	n/a	n/a	n/a	n/a	1	1	n/a	n/a	n/a	n/a	n/a	right
17	14.013	3.000	no response	n/a	retrieval	restudy	face	scene	object	no response	no response	2	1	101	29	77	205	14.0	n/a
17	19.047	0.677	correct	0.677	grate	n/a	n/a	n/a	n/a	n/a	n/a	2	1	n/a	n/a	n/a	n/a	n/a	right
17	20.246	0.397	correct	0.397	grate	n/a	n/a	n/a	n/a	n/a	n/a	2	1	n/a	n/a	n/a	n/a	n/a	right
17	21.163	0.400	correct	0.400	grate	n/a	n/a	n/a	n/a	n/a	n/a	2	1	n/a	n/a	n/a	n/a	n/a	right
17	22.079	0.435	correct	0.435	grate	n/a	n/a	n/a	n/a	n/a	n/a	2	1	n/a	n/a	n/a	n/a	n/a	right
17	23.029	0.565	correct	0.565	grate	n/a	n/a	n/a	n/a	n/a	n/a	2	1	n/a	n/a	n/a	n/a	n/a	left
17	24.113	0.400	incorrect	0.400	grate	n/a	n/a	n/a	n/a	n/a	n/a	2	1	n/a	n/a	n/a	n/a	n/a	right
17	26.011	3.000	no response	n/a	retrieval	restudy	scene	face	object	no response	no response	3	1	31	103	255	31	26.0	n/a
17	31.045	0.493	correct	0.493	grate	n/a	n/a	n/a	n/a	n/a	n/a	3	1	n/a	n/a	n/a	n/a	n/a	right
17	32.062	0.333	correct	0.333	grate	n/a	n/a	n/a	n/a	n/a	n/a	3	1	n/a	n/a	n/a	n/a	n/a	right
17	32.912	0.411	correct	0.411	grate	n/a	n/a	n/a	n/a	n/a	n/a	3	1	n/a	n/a	n/a	n/a	n/a	left
17	33.845	0.349	correct	0.349	grate	n/a	n/a	n/a	n/a	n/a	n/a	3	1	n/a	n/a	n/a	n/a	n/a	left
17	34.712	0.354	correct	0.354	grate	n/a	n/a	n/a	n/a	n/a	n/a	3	1	n/a	n/a	n/a	n/a	n/a	left
17	35.578	0.400	correct	0.400	grate	n/a	n/a	n/a	n/a	n/a	n/a	3	1	n/a	n/a	n/a	n/a	n/a	left
17	36.495	0.017	incorrect	0.017	grate	n/a	n/a	n/a	n/a	n/a	n/a	3	1	n/a	n/a	n/a	n/a	n/a	right
17	38.010	3.000	remember	0.483	retrieval	retprac	face	object	scene	target	face	4	1	54	6	54	106	38.0	n/a
17	43.044	0.518	correct	0.518	grate	n/a	n/a	n/a	n/a	n/a	n/a	4	1	n/a	n/a	n/a	n/a	n/a	right
17	44.077	0.373	correct	0.373	grate	n/a	n/a	n/a	n/a	n/a	n/a	4	1	n/a	n/a	n/a	n/a	n/a	left
17	44.977	0.361	correct	0.361	grate	n/a	n/a	n/a	n/a	n/a	n/a	4	1	n/a	n/a	n/a	n/a	n/a	right
17	45.860	0.317	correct	0.317	grate	n/a	n/a	n/a	n/a	n/a	n/a	4	1	n/a	n/a	n/a	n/a	n/a	left
17	46.694	0.332	incorrect	0.332	grate	n/a	n/a	n/a	n/a	n/a	n/a	4	1	n/a	n/a	n/a	n/a	n/a	left
17	47.544	0.514	correct	0.514	grate	n/a	n/a	n/a	n/a	n/a	n/a	4	1	n/a	n/a	n/a	n/a	n/a	right
17	48.577	0.100	incorrect	0.100	grate	n/a	n/a	n/a	n/a	n/a	n/a	4	1	n/a	n/a	n/a	n/a	n/a	left
17	50.009	3.000	forget	0.484	retrieval	restudy	scene	object	face	competitor	object	5	1	79	127	279	131	50.0	n/a
17	55.043	0.495	correct	0.495	grate	n/a	n/a	n/a	n/a	n/a	n/a	5	1	n/a	n/a	n/a	n/a	n/a	right
17	56.059	0.358	correct	0.358	grate	n/a	n/a	n/a	n/a	n/a	n/a	5	1	n/a	n/a	n/a	n/a	n/a	left
17	56.926	0.323	correct	0.323	grate	n/a	n/a	n/a	n/a	n/a	n/a	5	1	n/a	n/a	n/a	n/a	n/a	right
17	57.759	0.290	correct	0.290	grate	n/a	n/a	n/a	n/a	n/a	n/a	5	1	n/a	n/a	n/a	n/a	n/a	left
17	58.559	0.314	correct	0.314	grate	n/a	n/a	n/a	n/a	n/a	n/a	5	1	n/a	n/a	n/a	n/a	n/a	right
17	59.392	0.306	correct	0.306	grate	n/a	n/a	n/a	n/a	n/a	n/a	5	1	n/a	n/a	n/a	n/a	n/a	left
17	60.209	0.300	incorrect	0.300	grate	n/a	n/a	n/a	n/a	n/a	n/a	5	1	n/a	n/a	n/a	n/a	n/a	left
17	62.008	3.000	forget	0.773	retrieval	retprac	object	face	scene	competitor	face	6	1	6	54	154	6	62.0	n/a
17	67.042	0.551	correct	0.551	grate	n/a	n/a	n/a	n/a	n/a	n/a	6	1	n/a	n/a	n/a	n/a	n/a	left
17	68.108	0.333	correct	0.333	grate	n/a	n/a	n/a	n/a	n/a	n/a	6	1	n/a	n/a	n/a	n/a	n/a	right
17	68.958	0.443	correct	0.443	grate	n/a	n/a	n/a	n/a	n/a	n/a	6	1	n/a	n/a	n/a	n/a	n/a	right
17	69.908	0.405	correct	0.405	grate	n/a	n/a	n/a	n/a	n/a	n/a	6	1	n/a	n/a	n/a	n/a	n/a	right
17	70.825	0.344	correct	0.344	grate	n/a	n/a	n/a	n/a	n/a	n/a	6	1	n/a	n/a	n/a	n/a	n/a	left
17	71.691	0.309	correct	0.309	grate	n/a	n/a	n/a	n/a	n/a	n/a	6	1	n/a	n/a	n/a	n/a	n/a	right
17	72.524	0.100	incorrect	0.100	grate	n/a	n/a	n/a	n/a	n/a	n/a	6	1	n/a	n/a	n/a	n/a	n/a	left
17	74.007	3.000	forget	0.653	retrieval	retprac	scene	face	object	other	object	7	1	28	100	252	28	74.0	n/a
17	79.040	0.352	correct	0.352	grate	n/a	n/a	n/a	n/a	n/a	n/a	7	1	n/a	n/a	n/a	n/a	n/a	right
17	79.907	0.343	correct	0.343	grate	n/a	n/a	n/a	n/a	n/a	n/a	7	1	n/a	n/a	n/a	n/a	n/a	left
17	80.773	0.412	correct	0.412	grate	n/a	n/a	n/a	n/a	n/a	n/a	7	1	n/a	n/a	n/a	n/a	n/a	left
17	81.707	0.366	incorrect	0.366	grate	n/a	n/a	n/a	n/a	n/a	n/a	7	1	n/a	n/a	n/a	n/a	n/a	right
17	82.590	0.330	correct	0.330	grate	n/a	n/a	n/a	n/a	n/a	n/a	7	1	n/a	n/a	n/a	n/a	n/a	left
17	83.440	0.424	correct	0.424	grate	n/a	n/a	n/a	n/a	n/a	n/a	7	1	n/a	n/a	n/a	n/a	n/a	left
17	84.373	0.133	incorrect	0.133	grate	n/a	n/a	n/a	n/a	n/a	n/a	7	1	n/a	n/a	n/a	n/a	n/a	left
17	86.022	3.000	remember	0.542	retrieval	retprac	scene	object	face	target	scene	8	1	76	124	276	128	86.0	n/a
17	91.056	0.473	correct	0.473	grate	n/a	n/a	n/a	n/a	n/a	n/a	8	1	n/a	n/a	n/a	n/a	n/a	left
17	92.039	0.369	correct	0.369	grate	n/a	n/a	n/a	n/a	n/a	n/a	8	1	n/a	n/a	n/a	n/a	n/a	left
17	92.922	0.342	correct	0.342	grate	n/a	n/a	n/a	n/a	n/a	n/a	8	1	n/a	n/a	n/a	n/a	n/a	right
17	93.772	0.388	correct	0.388	grate	n/a	n/a	n/a	n/a	n/a	n/a	8	1	n/a	n/a	n/a	n/a	n/a	right
17	94.672	0.368	correct	0.368	grate	n/a	n/a	n/a	n/a	n/a	n/a	8	1	n/a	n/a	n/a	n/a	n/a	left
17	95.555	0.308	correct	0.308	grate	n/a	n/a	n/a	n/a	n/a	n/a	8	1	n/a	n/a	n/a	n/a	n/a	right
17	96.389	0.133	incorrect	0.133	grate	n/a	n/a	n/a	n/a	n/a	n/a	8	1	n/a	n/a	n/a	n/a	n/a	left
17	98.021	3.000	forget	0.615	retrieval	restudy	object	face	scene	competitor	face	9	1	7	55	155	7	98.0	n/a
17	103.055	0.369	correct	0.369	grate	n/a	n/a	n/a	n/a	n/a	n/a	9	1	n/a	n/a	n/a	n/a	n/a	right
17	103.938	0.336	correct	0.336	grate	n/a	n/a	n/a	n/a	n/a	n/a	9	1	n/a	n/a	n/a	n/a	n/a	right
17	104.788	0.364	correct	0.364	grate	n/a	n/a	n/a	n/a	n/a	n/a	9	1	n/a	n/a	n/a	n/a	n/a	right
17	105.671	0.432	correct	0.432	grate	n/a	n/a	n/a	n/a	n/a	n/a	9	1	n/a	n/a	n/a	n/a	n/a	left
17	106.621	0.402	correct	0.402	grate	n/a	n/a	n/a	n/a	n/a	n/a	9	1	n/a	n/a	n/a	n/a	n/a	right
17	107.537	0.310	correct	0.310	grate	n/a	n/a	n/a	n/a	n/a	n/a	9	1	n/a	n/a	n/a	n/a	n/a	left
17	108.354	0.167	incorrect	0.167	grate	n/a	n/a	n/a	n/a	n/a	n/a	9	1	n/a	n/a	n/a	n/a	n/a	right
17	110.020	3.000	remember	0.543	retrieval	retprac	object	scene	face	target	object	10	1	122	74	174	226	110.0	n/a
17	115.053	0.673	correct	0.673	grate	n/a	n/a	n/a	n/a	n/a	n/a	10	1	n/a	n/a	n/a	n/a	n/a	left
17	116.236	0.378	correct	0.378	grate	n/a	n/a	n/a	n/a	n/a	n/a	10	1	n/a	n/a	n/a	n/a	n/a	left
17	117.136	0.358	correct	0.358	grate	n/a	n/a	n/a	n/a	n/a	n/a	10	1	n/a	n/a	n/a	n/a	n/a	right
17	118.003	0.436	correct	0.436	grate	n/a	n/a	n/a	n/a	n/a	n/a	10	1	n/a	n/a	n/a	n/a	n/a	right
17	118.953	0.351	correct	0.351	grate	n/a	n/a	n/a	n/a	n/a	n/a	10	1	n/a	n/a	n/a	n/a	n/a	right
17	119.820	0.331	correct	0.331	grate	n/a	n/a	n/a	n/a	n/a	n/a	10	1	n/a	n/a	n/a	n/a	n/a	left
17	120.669	0.100	incorrect	0.100	grate	n/a	n/a	n/a	n/a	n/a	n/a	10	1	n/a	n/a	n/a	n/a	n/a	left
17	122.018	3.000	remember	0.704	retrieval	restudy	face	object	scene	target	face	11	1	51	3	51	103	122.0	n/a
17	127.052	0.466	correct	0.466	grate	n/a	n/a	n/a	n/a	n/a	n/a	11	1	n/a	n/a	n/a	n/a	n/a	left
17	128.035	0.331	correct	0.331	grate	n/a	n/a	n/a	n/a	n/a	n/a	11	1	n/a	n/a	n/a	n/a	n/a	right
17	128.885	0.369	correct	0.369	grate	n/a	n/a	n/a	n/a	n/a	n/a	11	1	n/a	n/a	n/a	n/a	n/a	left
17	129.769	0.462	correct	0.462	grate	n/a	n/a	n/a	n/a	n/a	n/a	11	1	n/a	n/a	n/a	n/a	n/a	left
17	130.752	0.311	correct	0.311	grate	n/a	n/a	n/a	n/a	n/a	n/a	11	1	n/a	n/a	n/a	n/a	n/a	right
17	131.585	0.334	correct	0.334	grate	n/a	n/a	n/a	n/a	n/a	n/a	11	1	n/a	n/a	n/a	n/a	n/a	left
17	132.435	0.083	incorrect	0.083	grate	n/a	n/a	n/a	n/a	n/a	n/a	11	1	n/a	n/a	n/a	n/a	n/a	right
17	134.017	3.000	remember	0.705	retrieval	restudy	object	scene	face	target	object	12	1	123	75	175	227	134.0	n/a
17	139.051	0.371	correct	0.371	grate	n/a	n/a	n/a	n/a	n/a	n/a	12	1	n/a	n/a	n/a	n/a	n/a	right
17	139.934	0.377	correct	0.377	grate	n/a	n/a	n/a	n/a	n/a	n/a	12	1	n/a	n/a	n/a	n/a	n/a	left
17	140.834	0.292	correct	0.292	grate	n/a	n/a	n/a	n/a	n/a	n/a	12	1	n/a	n/a	n/a	n/a	n/a	right
17	141.651	0.355	correct	0.355	grate	n/a	n/a	n/a	n/a	n/a	n/a	12	1	n/a	n/a	n/a	n/a	n/a	left
17	142.517	0.304	correct	0.304	grate	n/a	n/a	n/a	n/a	n/a	n/a	12	1	n/a	n/a	n/a	n/a	n/a	right
17	143.334	0.304	correct	0.304	grate	n/a	n/a	n/a	n/a	n/a	n/a	12	1	n/a	n/a	n/a	n/a	n/a	left
17	144.150	0.367	incorrect	0.367	grate	n/a	n/a	n/a	n/a	n/a	n/a	12	1	n/a	n/a	n/a	n/a	n/a	left
17	146.016	3.000	forget	0.625	retrieval	retprac	object	face	scene	other	scene	13	1	2	50	150	2	146.0	n/a
17	151.050	0.436	correct	0.436	grate	n/a	n/a	n/a	n/a	n/a	n/a	13	1	n/a	n/a	n/a	n/a	n/a	left
17	152.000	0.334	correct	0.334	grate	n/a	n/a	n/a	n/a	n/a	n/a	13	1	n/a	n/a	n/a	n/a	n/a	left
17	152.850	0.332	correct	0.332	grate	n/a	n/a	n/a	n/a	n/a	n/a	13	1	n/a	n/a	n/a	n/a	n/a	left
17	153.699	0.458	correct	0.458	grate	n/a	n/a	n/a	n/a	n/a	n/a	13	1	n/a	n/a	n/a	n/a	n/a	right
17	154.666	0.436	correct	0.436	grate	n/a	n/a	n/a	n/a	n/a	n/a	13	1	n/a	n/a	n/a	n/a	n/a	right
17	155.616	0.325	incorrect	0.325	grate	n/a	n/a	n/a	n/a	n/a	n/a	13	1	n/a	n/a	n/a	n/a	n/a	left
17	156.449	0.067	incorrect	0.067	grate	n/a	n/a	n/a	n/a	n/a	n/a	13	1	n/a	n/a	n/a	n/a	n/a	right
17	158.015	3.000	forget	0.650	retrieval	retprac	face	object	scene	competitor	object	14	1	56	8	56	108	158.0	n/a
17	163.048	0.469	correct	0.469	grate	n/a	n/a	n/a	n/a	n/a	n/a	14	1	n/a	n/a	n/a	n/a	n/a	right
17	164.032	0.542	correct	0.542	grate	n/a	n/a	n/a	n/a	n/a	n/a	14	1	n/a	n/a	n/a	n/a	n/a	left
17	165.082	0.363	correct	0.363	grate	n/a	n/a	n/a	n/a	n/a	n/a	14	1	n/a	n/a	n/a	n/a	n/a	left
17	165.965	0.432	correct	0.432	grate	n/a	n/a	n/a	n/a	n/a	n/a	14	1	n/a	n/a	n/a	n/a	n/a	right
17	166.915	0.346	correct	0.346	grate	n/a	n/a	n/a	n/a	n/a	n/a	14	1	n/a	n/a	n/a	n/a	n/a	right
17	167.781	0.319	correct	0.319	grate	n/a	n/a	n/a	n/a	n/a	n/a	14	1	n/a	n/a	n/a	n/a	n/a	left
17	168.614	0.100	incorrect	0.100	grate	n/a	n/a	n/a	n/a	n/a	n/a	14	1	n/a	n/a	n/a	n/a	n/a	right
17	170.014	3.000	remember	0.835	retrieval	retprac	scene	face	object	target	scene	15	1	30	102	254	30	170.0	n/a
17	175.049	0.491	correct	0.491	grate	n/a	n/a	n/a	n/a	n/a	n/a	15	1	n/a	n/a	n/a	n/a	n/a	left
17	176.064	0.334	correct	0.334	grate	n/a	n/a	n/a	n/a	n/a	n/a	15	1	n/a	n/a	n/a	n/a	n/a	right
17	176.914	0.315	correct	0.315	grate	n/a	n/a	n/a	n/a	n/a	n/a	15	1	n/a	n/a	n/a	n/a	n/a	right
17	177.747	0.337	incorrect	0.337	grate	n/a	n/a	n/a	n/a	n/a	n/a	15	1	n/a	n/a	n/a	n/a	n/a	left
17	178.597	0.304	correct	0.304	grate	n/a	n/a	n/a	n/a	n/a	n/a	15	1	n/a	n/a	n/a	n/a	n/a	right
17	179.414	0.367	correct	0.367	grate	n/a	n/a	n/a	n/a	n/a	n/a	15	1	n/a	n/a	n/a	n/a	n/a	right
17	180.297	0.217	incorrect	0.217	grate	n/a	n/a	n/a	n/a	n/a	n/a	15	1	n/a	n/a	n/a	n/a	n/a	right
17	182.012	3.000	remember	0.555	retrieval	retprac	face	object	scene	target	face	16	1	50	2	50	102	182.0	n/a
17	187.046	0.422	correct	0.422	grate	n/a	n/a	n/a	n/a	n/a	n/a	16	1	n/a	n/a	n/a	n/a	n/a	right
17	187.979	0.401	correct	0.401	grate	n/a	n/a	n/a	n/a	n/a	n/a	16	1	n/a	n/a	n/a	n/a	n/a	right
17	188.896	0.428	correct	0.428	grate	n/a	n/a	n/a	n/a	n/a	n/a	16	1	n/a	n/a	n/a	n/a	n/a	left
17	189.846	0.367	correct	0.367	grate	n/a	n/a	n/a	n/a	n/a	n/a	16	1	n/a	n/a	n/a	n/a	n/a	left
17	190.729	0.363	correct	0.363	grate	n/a	n/a	n/a	n/a	n/a	n/a	16	1	n/a	n/a	n/a	n/a	n/a	left
17	191.612	0.327	correct	0.327	grate	n/a	n/a	n/a	n/a	n/a	n/a	16	1	n/a	n/a	n/a	n/a	n/a	left
17	192.462	0.050	incorrect	0.050	grate	n/a	n/a	n/a	n/a	n/a	n/a	16	1	n/a	n/a	n/a	n/a	n/a	right
17	194.011	3.000	forget	0.653	retrieval	restudy	object	face	scene	competitor	face	17	1	3	51	151	3	194.0	n/a
17	199.046	0.390	correct	0.390	grate	n/a	n/a	n/a	n/a	n/a	n/a	17	1	n/a	n/a	n/a	n/a	n/a	left
17	199.944	0.411	correct	0.411	grate	n/a	n/a	n/a	n/a	n/a	n/a	17	1	n/a	n/a	n/a	n/a	n/a	right
17	200.878	0.341	correct	0.341	grate	n/a	n/a	n/a	n/a	n/a	n/a	17	1	n/a	n/a	n/a	n/a	n/a	left
17	201.745	0.347	correct	0.347	grate	n/a	n/a	n/a	n/a	n/a	n/a	17	1	n/a	n/a	n/a	n/a	n/a	right
17	202.611	0.297	correct	0.297	grate	n/a	n/a	n/a	n/a	n/a	n/a	17	1	n/a	n/a	n/a	n/a	n/a	left
17	203.428	0.304	incorrect	0.304	grate	n/a	n/a	n/a	n/a	n/a	n/a	17	1	n/a	n/a	n/a	n/a	n/a	left
17	204.244	0.267	incorrect	0.267	grate	n/a	n/a	n/a	n/a	n/a	n/a	17	1	n/a	n/a	n/a	n/a	n/a	left
17	206.010	3.000	remember	0.389	retrieval	retprac	scene	face	object	target	scene	18	1	32	104	256	32	206.0	n/a
17	211.044	0.455	correct	0.455	grate	n/a	n/a	n/a	n/a	n/a	n/a	18	1	n/a	n/a	n/a	n/a	n/a	left
17	212.010	0.369	correct	0.369	grate	n/a	n/a	n/a	n/a	n/a	n/a	18	1	n/a	n/a	n/a	n/a	n/a	left
17	212.893	0.365	correct	0.365	grate	n/a	n/a	n/a	n/a	n/a	n/a	18	1	n/a	n/a	n/a	n/a	n/a	right
17	213.777	0.378	correct	0.378	grate	n/a	n/a	n/a	n/a	n/a	n/a	18	1	n/a	n/a	n/a	n/a	n/a	right
17	214.677	0.334	correct	0.334	grate	n/a	n/a	n/a	n/a	n/a	n/a	18	1	n/a	n/a	n/a	n/a	n/a	left
17	215.527	0.412	correct	0.412	grate	n/a	n/a	n/a	n/a	n/a	n/a	18	1	n/a	n/a	n/a	n/a	n/a	left
17	216.460	0.050	incorrect	0.050	grate	n/a	n/a	n/a	n/a	n/a	n/a	18	1	n/a	n/a	n/a	n/a	n/a	left
17	218.009	3.000	forget	0.454	retrieval	retprac	face	object	scene	competitor	object	19	1	52	4	52	104	218.0	n/a
17	223.043	0.423	correct	0.423	grate	n/a	n/a	n/a	n/a	n/a	n/a	19	1	n/a	n/a	n/a	n/a	n/a	right
17	223.975	0.435	correct	0.435	grate	n/a	n/a	n/a	n/a	n/a	n/a	19	1	n/a	n/a	n/a	n/a	n/a	left
17	224.926	0.318	correct	0.318	grate	n/a	n/a	n/a	n/a	n/a	n/a	19	1	n/a	n/a	n/a	n/a	n/a	right
17	225.759	0.419	correct	0.419	grate	n/a	n/a	n/a	n/a	n/a	n/a	19	1	n/a	n/a	n/a	n/a	n/a	right
17	226.692	0.398	correct	0.398	grate	n/a	n/a	n/a	n/a	n/a	n/a	19	1	n/a	n/a	n/a	n/a	n/a	right
17	227.609	0.346	incorrect	0.346	grate	n/a	n/a	n/a	n/a	n/a	n/a	19	1	n/a	n/a	n/a	n/a	n/a	left
17	228.475	0.034	incorrect	0.034	grate	n/a	n/a	n/a	n/a	n/a	n/a	19	1	n/a	n/a	n/a	n/a	n/a	left
17	230.007	3.000	forget	0.535	retrieval	retprac	scene	object	face	other	face	20	1	78	126	278	130	230.0	n/a
17	235.042	0.384	correct	0.384	grate	n/a	n/a	n/a	n/a	n/a	n/a	20	1	n/a	n/a	n/a	n/a	n/a	left
17	235.941	0.357	correct	0.357	grate	n/a	n/a	n/a	n/a	n/a	n/a	20	1	n/a	n/a	n/a	n/a	n/a	right
17	236.808	0.338	correct	0.338	grate	n/a	n/a	n/a	n/a	n/a	n/a	20	1	n/a	n/a	n/a	n/a	n/a	right
17	237.657	0.328	correct	0.328	grate	n/a	n/a	n/a	n/a	n/a	n/a	20	1	n/a	n/a	n/a	n/a	n/a	left
17	238.507	0.350	correct	0.350	grate	n/a	n/a	n/a	n/a	n/a	n/a	20	1	n/a	n/a	n/a	n/a	n/a	left
17	239.374	0.332	correct	0.332	grate	n/a	n/a	n/a	n/a	n/a	n/a	20	1	n/a	n/a	n/a	n/a	n/a	right
17	240.224	0.284	incorrect	0.284	grate	n/a	n/a	n/a	n/a	n/a	n/a	20	1	n/a	n/a	n/a	n/a	n/a	left
17	242.023	3.000	forget	0.566	retrieval	restudy	object	scene	face	competitor	scene	21	1	127	79	179	231	242.0	n/a
17	247.057	0.408	correct	0.408	grate	n/a	n/a	n/a	n/a	n/a	n/a	21	1	n/a	n/a	n/a	n/a	n/a	left
17	247.973	0.500	correct	0.500	grate	n/a	n/a	n/a	n/a	n/a	n/a	21	1	n/a	n/a	n/a	n/a	n/a	right
17	248.990	0.356	correct	0.356	grate	n/a	n/a	n/a	n/a	n/a	n/a	21	1	n/a	n/a	n/a	n/a	n/a	left
17	249.856	0.313	correct	0.313	grate	n/a	n/a	n/a	n/a	n/a	n/a	21	1	n/a	n/a	n/a	n/a	n/a	right
17	250.690	0.384	correct	0.384	grate	n/a	n/a	n/a	n/a	n/a	n/a	21	1	n/a	n/a	n/a	n/a	n/a	right
17	251.590	0.468	correct	0.468	grate	n/a	n/a	n/a	n/a	n/a	n/a	21	1	n/a	n/a	n/a	n/a	n/a	left
17	252.573	0.100	incorrect	0.100	grate	n/a	n/a	n/a	n/a	n/a	n/a	21	1	n/a	n/a	n/a	n/a	n/a	left
17	254.022	3.000	forget	0.767	retrieval	restudy	scene	object	face	competitor	object	22	1	73	121	273	125	254.0	n/a
17	259.056	0.369	correct	0.369	grate	n/a	n/a	n/a	n/a	n/a	n/a	22	1	n/a	n/a	n/a	n/a	n/a	right
17	259.939	0.350	correct	0.350	grate	n/a	n/a	n/a	n/a	n/a	n/a	22	1	n/a	n/a	n/a	n/a	n/a	left
17	260.805	0.348	correct	0.348	grate	n/a	n/a	n/a	n/a	n/a	n/a	22	1	n/a	n/a	n/a	n/a	n/a	left
17	261.672	0.361	correct	0.361	grate	n/a	n/a	n/a	n/a	n/a	n/a	22	1	n/a	n/a	n/a	n/a	n/a	left
17	262.555	0.375	correct	0.375	grate	n/a	n/a	n/a	n/a	n/a	n/a	22	1	n/a	n/a	n/a	n/a	n/a	left
17	263.438	0.370	correct	0.370	grate	n/a	n/a	n/a	n/a	n/a	n/a	22	1	n/a	n/a	n/a	n/a	n/a	right
17	264.322	0.200	incorrect	0.200	grate	n/a	n/a	n/a	n/a	n/a	n/a	22	1	n/a	n/a	n/a	n/a	n/a	left
17	266.020	3.000	forget	0.608	retrieval	retprac	scene	face	object	other	object	23	1	26	98	250	26	266.0	n/a
17	271.055	0.635	correct	0.635	grate	n/a	n/a	n/a	n/a	n/a	n/a	23	1	n/a	n/a	n/a	n/a	n/a	left
17	272.204	0.364	correct	0.364	grate	n/a	n/a	n/a	n/a	n/a	n/a	23	1	n/a	n/a	n/a	n/a	n/a	left
17	273.087	0.321	correct	0.321	grate	n/a	n/a	n/a	n/a	n/a	n/a	23	1	n/a	n/a	n/a	n/a	n/a	left
17	273.920	0.304	correct	0.304	grate	n/a	n/a	n/a	n/a	n/a	n/a	23	1	n/a	n/a	n/a	n/a	n/a	left
17	274.737	0.303	correct	0.303	grate	n/a	n/a	n/a	n/a	n/a	n/a	23	1	n/a	n/a	n/a	n/a	n/a	right
17	275.554	0.447	correct	0.447	grate	n/a	n/a	n/a	n/a	n/a	n/a	23	1	n/a	n/a	n/a	n/a	n/a	right
17	276.520	0.000	incorrect	0.000	grate	n/a	n/a	n/a	n/a	n/a	n/a	23	1	n/a	n/a	n/a	n/a	n/a	right
17	278.019	3.000	remember	0.730	retrieval	restudy	face	object	scene	target	face	24	1	53	5	53	105	278.0	n/a
17	283.054	0.418	correct	0.418	grate	n/a	n/a	n/a	n/a	n/a	n/a	24	1	n/a	n/a	n/a	n/a	n/a	left
17	283.986	0.438	correct	0.438	grate	n/a	n/a	n/a	n/a	n/a	n/a	24	1	n/a	n/a	n/a	n/a	n/a	left
17	284.936	0.400	correct	0.400	grate	n/a	n/a	n/a	n/a	n/a	n/a	24	1	n/a	n/a	n/a	n/a	n/a	left
17	285.853	0.363	correct	0.363	grate	n/a	n/a	n/a	n/a	n/a	n/a	24	1	n/a	n/a	n/a	n/a	n/a	right
17	286.736	0.328	correct	0.328	grate	n/a	n/a	n/a	n/a	n/a	n/a	24	1	n/a	n/a	n/a	n/a	n/a	left
17	287.586	0.326	correct	0.326	grate	n/a	n/a	n/a	n/a	n/a	n/a	24	1	n/a	n/a	n/a	n/a	n/a	right
17	288.419	0.100	incorrect	0.100	grate	n/a	n/a	n/a	n/a	n/a	n/a	24	1	n/a	n/a	n/a	n/a	n/a	right
17	290.018	3.000	remember	0.745	retrieval	restudy	scene	object	face	target	scene	25	1	77	125	277	129	290.0	n/a
17	295.052	0.467	correct	0.467	grate	n/a	n/a	n/a	n/a	n/a	n/a	25	1	n/a	n/a	n/a	n/a	n/a	right
17	296.035	0.452	correct	0.452	grate	n/a	n/a	n/a	n/a	n/a	n/a	25	1	n/a	n/a	n/a	n/a	n/a	right
17	297.002	0.390	correct	0.390	grate	n/a	n/a	n/a	n/a	n/a	n/a	25	1	n/a	n/a	n/a	n/a	n/a	left
17	297.901	0.434	correct	0.434	grate	n/a	n/a	n/a	n/a	n/a	n/a	25	1	n/a	n/a	n/a	n/a	n/a	left
17	298.851	0.357	correct	0.357	grate	n/a	n/a	n/a	n/a	n/a	n/a	25	1	n/a	n/a	n/a	n/a	n/a	left
17	299.718	0.281	incorrect	0.281	grate	n/a	n/a	n/a	n/a	n/a	n/a	25	1	n/a	n/a	n/a	n/a	n/a	left
17	300.518	0.000	incorrect	0.000	grate	n/a	n/a	n/a	n/a	n/a	n/a	25	1	n/a	n/a	n/a	n/a	n/a	left
17	302.017	3.000	forget	0.714	retrieval	retprac	object	scene	face	other	face	26	1	126	78	178	230	302.0	n/a
17	307.051	0.372	correct	0.372	grate	n/a	n/a	n/a	n/a	n/a	n/a	26	1	n/a	n/a	n/a	n/a	n/a	right
17	307.934	0.385	correct	0.385	grate	n/a	n/a	n/a	n/a	n/a	n/a	26	1	n/a	n/a	n/a	n/a	n/a	right
17	308.834	0.381	correct	0.381	grate	n/a	n/a	n/a	n/a	n/a	n/a	26	1	n/a	n/a	n/a	n/a	n/a	left
17	309.734	0.425	correct	0.425	grate	n/a	n/a	n/a	n/a	n/a	n/a	26	1	n/a	n/a	n/a	n/a	n/a	right
17	310.667	0.396	correct	0.396	grate	n/a	n/a	n/a	n/a	n/a	n/a	26	1	n/a	n/a	n/a	n/a	n/a	right
17	311.583	0.368	correct	0.368	grate	n/a	n/a	n/a	n/a	n/a	n/a	26	1	n/a	n/a	n/a	n/a	n/a	right
17	312.467	0.050	incorrect	0.050	grate	n/a	n/a	n/a	n/a	n/a	n/a	26	1	n/a	n/a	n/a	n/a	n/a	left
17	314.016	3.000	remember	0.747	retrieval	restudy	face	object	scene	target	face	27	1	55	7	55	107	314.0	n/a
17	319.050	0.364	correct	0.364	grate	n/a	n/a	n/a	n/a	n/a	n/a	27	1	n/a	n/a	n/a	n/a	n/a	right
17	319.933	0.330	correct	0.330	grate	n/a	n/a	n/a	n/a	n/a	n/a	27	1	n/a	n/a	n/a	n/a	n/a	left
17	320.782	0.408	correct	0.408	grate	n/a	n/a	n/a	n/a	n/a	n/a	27	1	n/a	n/a	n/a	n/a	n/a	left
17	321.715	0.339	correct	0.339	grate	n/a	n/a	n/a	n/a	n/a	n/a	27	1	n/a	n/a	n/a	n/a	n/a	right
17	322.566	0.417	correct	0.417	grate	n/a	n/a	n/a	n/a	n/a	n/a	27	1	n/a	n/a	n/a	n/a	n/a	right
17	323.499	0.443	correct	0.443	grate	n/a	n/a	n/a	n/a	n/a	n/a	27	1	n/a	n/a	n/a	n/a	n/a	right
17	324.465	0.050	incorrect	0.050	grate	n/a	n/a	n/a	n/a	n/a	n/a	27	1	n/a	n/a	n/a	n/a	n/a	right
17	326.014	3.000	forget	0.500	retrieval	retprac	scene	object	face	competitor	object	28	1	74	122	274	126	326.0	n/a
17	331.049	0.533	incorrect	0.533	grate	n/a	n/a	n/a	n/a	n/a	n/a	28	1	n/a	n/a	n/a	n/a	n/a	left
17	332.098	0.628	incorrect	0.628	grate	n/a	n/a	n/a	n/a	n/a	n/a	28	1	n/a	n/a	n/a	n/a	n/a	left
17	333.248	0.542	correct	0.542	grate	n/a	n/a	n/a	n/a	n/a	n/a	28	1	n/a	n/a	n/a	n/a	n/a	right
17	334.298	0.780	correct	0.780	grate	n/a	n/a	n/a	n/a	n/a	n/a	28	1	n/a	n/a	n/a	n/a	n/a	left
17	335.598	0.472	correct	0.472	grate	n/a	n/a	n/a	n/a	n/a	n/a	28	1	n/a	n/a	n/a	n/a	n/a	left
17	336.581	0.100	incorrect	0.100	grate	n/a	n/a	n/a	n/a	n/a	n/a	28	1	n/a	n/a	n/a	n/a	n/a	right
17	338.013	3.000	forget	0.524	retrieval	restudy	face	scene	object	competitor	scene	29	1	97	25	73	201	338.0	n/a
17	343.048	0.422	correct	0.422	grate	n/a	n/a	n/a	n/a	n/a	n/a	29	1	n/a	n/a	n/a	n/a	n/a	right
17	343.980	0.369	correct	0.369	grate	n/a	n/a	n/a	n/a	n/a	n/a	29	1	n/a	n/a	n/a	n/a	n/a	right
17	344.863	0.374	correct	0.374	grate	n/a	n/a	n/a	n/a	n/a	n/a	29	1	n/a	n/a	n/a	n/a	n/a	right
17	345.747	0.459	correct	0.459	grate	n/a	n/a	n/a	n/a	n/a	n/a	29	1	n/a	n/a	n/a	n/a	n/a	left
17	346.713	0.397	correct	0.397	grate	n/a	n/a	n/a	n/a	n/a	n/a	29	1	n/a	n/a	n/a	n/a	n/a	left
17	347.630	0.375	correct	0.375	grate	n/a	n/a	n/a	n/a	n/a	n/a	29	1	n/a	n/a	n/a	n/a	n/a	right
17	348.530	0.100	incorrect	0.100	grate	n/a	n/a	n/a	n/a	n/a	n/a	29	1	n/a	n/a	n/a	n/a	n/a	right
17	350.012	3.000	remember	0.589	retrieval	restudy	scene	face	object	target	scene	30	1	25	97	249	25	350.0	n/a
17	355.046	0.575	correct	0.575	grate	n/a	n/a	n/a	n/a	n/a	n/a	30	1	n/a	n/a	n/a	n/a	n/a	left
17	356.129	0.421	correct	0.421	grate	n/a	n/a	n/a	n/a	n/a	n/a	30	1	n/a	n/a	n/a	n/a	n/a	left
17	357.062	0.319	correct	0.319	grate	n/a	n/a	n/a	n/a	n/a	n/a	30	1	n/a	n/a	n/a	n/a	n/a	right
17	357.895	0.413	correct	0.413	grate	n/a	n/a	n/a	n/a	n/a	n/a	30	1	n/a	n/a	n/a	n/a	n/a	right
17	358.828	0.400	correct	0.400	grate	n/a	n/a	n/a	n/a	n/a	n/a	30	1	n/a	n/a	n/a	n/a	n/a	right
17	359.745	0.436	correct	0.436	grate	n/a	n/a	n/a	n/a	n/a	n/a	30	1	n/a	n/a	n/a	n/a	n/a	left
17	360.695	0.100	incorrect	0.100	grate	n/a	n/a	n/a	n/a	n/a	n/a	30	1	n/a	n/a	n/a	n/a	n/a	right
17	362.011	3.000	forget	0.422	retrieval	restudy	object	face	scene	competitor	face	31	1	1	49	149	1	362.0	n/a
17	367.045	0.503	correct	0.503	grate	n/a	n/a	n/a	n/a	n/a	n/a	31	1	n/a	n/a	n/a	n/a	n/a	left
17	368.061	0.328	correct	0.328	grate	n/a	n/a	n/a	n/a	n/a	n/a	31	1	n/a	n/a	n/a	n/a	n/a	right
17	368.911	0.333	correct	0.333	grate	n/a	n/a	n/a	n/a	n/a	n/a	31	1	n/a	n/a	n/a	n/a	n/a	left
17	369.761	0.420	correct	0.420	grate	n/a	n/a	n/a	n/a	n/a	n/a	31	1	n/a	n/a	n/a	n/a	n/a	left
17	370.694	0.310	correct	0.310	grate	n/a	n/a	n/a	n/a	n/a	n/a	31	1	n/a	n/a	n/a	n/a	n/a	right
17	371.527	0.293	correct	0.293	grate	n/a	n/a	n/a	n/a	n/a	n/a	31	1	n/a	n/a	n/a	n/a	n/a	left
17	372.344	0.167	incorrect	0.167	grate	n/a	n/a	n/a	n/a	n/a	n/a	31	1	n/a	n/a	n/a	n/a	n/a	right
17	374.009	3.000	remember	0.694	retrieval	restudy	face	object	scene	target	face	32	1	49	1	49	101	374.0	n/a
17	379.043	0.529	correct	0.529	grate	n/a	n/a	n/a	n/a	n/a	n/a	32	1	n/a	n/a	n/a	n/a	n/a	left
17	380.093	0.439	correct	0.439	grate	n/a	n/a	n/a	n/a	n/a	n/a	32	1	n/a	n/a	n/a	n/a	n/a	left
17	381.043	0.385	correct	0.385	grate	n/a	n/a	n/a	n/a	n/a	n/a	32	1	n/a	n/a	n/a	n/a	n/a	left
17	381.943	0.357	correct	0.357	grate	n/a	n/a	n/a	n/a	n/a	n/a	32	1	n/a	n/a	n/a	n/a	n/a	right
17	382.809	0.394	correct	0.394	grate	n/a	n/a	n/a	n/a	n/a	n/a	32	1	n/a	n/a	n/a	n/a	n/a	left
17	383.726	0.318	correct	0.318	grate	n/a	n/a	n/a	n/a	n/a	n/a	32	1	n/a	n/a	n/a	n/a	n/a	right
17	384.559	0.100	incorrect	0.100	grate	n/a	n/a	n/a	n/a	n/a	n/a	32	1	n/a	n/a	n/a	n/a	n/a	right
17	386.008	3.000	no response	n/a	retrieval	retprac	face	scene	object	no response	no response	33	1	104	32	80	208	386.0	n/a
17	391.043	0.465	correct	0.465	grate	n/a	n/a	n/a	n/a	n/a	n/a	33	1	n/a	n/a	n/a	n/a	n/a	right
17	392.025	0.386	correct	0.386	grate	n/a	n/a	n/a	n/a	n/a	n/a	33	1	n/a	n/a	n/a	n/a	n/a	left
17	392.925	0.374	correct	0.374	grate	n/a	n/a	n/a	n/a	n/a	n/a	33	1	n/a	n/a	n/a	n/a	n/a	left
17	393.808	0.275	correct	0.275	grate	n/a	n/a	n/a	n/a	n/a	n/a	33	1	n/a	n/a	n/a	n/a	n/a	right
17	394.591	0.300	correct	0.300	grate	n/a	n/a	n/a	n/a	n/a	n/a	33	1	n/a	n/a	n/a	n/a	n/a	left
17	395.408	0.404	correct	0.404	grate	n/a	n/a	n/a	n/a	n/a	n/a	33	1	n/a	n/a	n/a	n/a	n/a	left
17	396.325	0.183	incorrect	0.183	grate	n/a	n/a	n/a	n/a	n/a	n/a	33	1	n/a	n/a	n/a	n/a	n/a	right
17	398.007	3.000	forget	0.344	retrieval	retprac	scene	object	face	competitor	object	34	1	80	128	280	132	398.0	n/a
17	403.041	0.465	correct	0.465	grate	n/a	n/a	n/a	n/a	n/a	n/a	34	1	n/a	n/a	n/a	n/a	n/a	left
17	404.024	0.363	correct	0.363	grate	n/a	n/a	n/a	n/a	n/a	n/a	34	1	n/a	n/a	n/a	n/a	n/a	left
17	404.907	0.360	correct	0.360	grate	n/a	n/a	n/a	n/a	n/a	n/a	34	1	n/a	n/a	n/a	n/a	n/a	right
17	405.790	0.318	correct	0.318	grate	n/a	n/a	n/a	n/a	n/a	n/a	34	1	n/a	n/a	n/a	n/a	n/a	left
17	406.624	0.299	correct	0.299	grate	n/a	n/a	n/a	n/a	n/a	n/a	34	1	n/a	n/a	n/a	n/a	n/a	right
17	407.440	0.370	correct	0.370	grate	n/a	n/a	n/a	n/a	n/a	n/a	34	1	n/a	n/a	n/a	n/a	n/a	right
17	408.323	0.184	incorrect	0.184	grate	n/a	n/a	n/a	n/a	n/a	n/a	34	1	n/a	n/a	n/a	n/a	n/a	left
17	410.022	3.000	forget	0.632	retrieval	restudy	object	face	scene	competitor	face	35	1	5	53	153	5	410.0	n/a
17	415.056	0.402	correct	0.402	grate	n/a	n/a	n/a	n/a	n/a	n/a	35	1	n/a	n/a	n/a	n/a	n/a	left
17	415.973	0.334	correct	0.334	grate	n/a	n/a	n/a	n/a	n/a	n/a	35	1	n/a	n/a	n/a	n/a	n/a	right
17	416.823	0.419	correct	0.419	grate	n/a	n/a	n/a	n/a	n/a	n/a	35	1	n/a	n/a	n/a	n/a	n/a	right
17	417.756	0.391	correct	0.391	grate	n/a	n/a	n/a	n/a	n/a	n/a	35	1	n/a	n/a	n/a	n/a	n/a	right
17	418.656	0.514	correct	0.514	grate	n/a	n/a	n/a	n/a	n/a	n/a	35	1	n/a	n/a	n/a	n/a	n/a	right
17	419.689	0.401	correct	0.401	grate	n/a	n/a	n/a	n/a	n/a	n/a	35	1	n/a	n/a	n/a	n/a	n/a	right
17	420.605	0.100	incorrect	0.100	grate	n/a	n/a	n/a	n/a	n/a	n/a	35	1	n/a	n/a	n/a	n/a	n/a	left
17	422.021	3.000	forget	0.673	retrieval	retprac	object	scene	face	competitor	scene	36	1	128	80	180	232	422.0	n/a
17	427.056	0.387	correct	0.387	grate	n/a	n/a	n/a	n/a	n/a	n/a	36	1	n/a	n/a	n/a	n/a	n/a	right
17	427.955	0.343	correct	0.343	grate	n/a	n/a	n/a	n/a	n/a	n/a	36	1	n/a	n/a	n/a	n/a	n/a	left
17	428.821	0.356	correct	0.356	grate	n/a	n/a	n/a	n/a	n/a	n/a	36	1	n/a	n/a	n/a	n/a	n/a	left
17	429.688	0.482	correct	0.482	grate	n/a	n/a	n/a	n/a	n/a	n/a	36	1	n/a	n/a	n/a	n/a	n/a	left
17	430.688	0.339	correct	0.339	grate	n/a	n/a	n/a	n/a	n/a	n/a	36	1	n/a	n/a	n/a	n/a	n/a	left
17	431.538	0.384	correct	0.384	grate	n/a	n/a	n/a	n/a	n/a	n/a	36	1	n/a	n/a	n/a	n/a	n/a	left
17	432.438	0.083	incorrect	0.083	grate	n/a	n/a	n/a	n/a	n/a	n/a	36	1	n/a	n/a	n/a	n/a	n/a	right
17	434.020	3.000	remember	0.737	retrieval	restudy	scene	face	object	target	scene	37	1	27	99	251	27	434.0	n/a
17	439.054	0.363	correct	0.363	grate	n/a	n/a	n/a	n/a	n/a	n/a	37	1	n/a	n/a	n/a	n/a	n/a	right
17	439.937	0.305	correct	0.305	grate	n/a	n/a	n/a	n/a	n/a	n/a	37	1	n/a	n/a	n/a	n/a	n/a	left
17	440.754	0.368	correct	0.368	grate	n/a	n/a	n/a	n/a	n/a	n/a	37	1	n/a	n/a	n/a	n/a	n/a	right
17	441.637	0.349	correct	0.349	grate	n/a	n/a	n/a	n/a	n/a	n/a	37	1	n/a	n/a	n/a	n/a	n/a	right
17	442.503	0.322	correct	0.322	grate	n/a	n/a	n/a	n/a	n/a	n/a	37	1	n/a	n/a	n/a	n/a	n/a	left
17	443.337	0.297	correct	0.297	grate	n/a	n/a	n/a	n/a	n/a	n/a	37	1	n/a	n/a	n/a	n/a	n/a	right
17	444.153	0.328	correct	0.328	grate	n/a	n/a	n/a	n/a	n/a	n/a	37	1	n/a	n/a	n/a	n/a	n/a	left
17	445.003	0.100	incorrect	0.100	grate	n/a	n/a	n/a	n/a	n/a	n/a	37	1	n/a	n/a	n/a	n/a	n/a	left
17	446.019	3.000	remember	0.826	retrieval	retprac	face	scene	object	target	face	38	1	98	26	74	202	446.0	n/a
17	451.053	0.428	correct	0.428	grate	n/a	n/a	n/a	n/a	n/a	n/a	38	1	n/a	n/a	n/a	n/a	n/a	left
17	452.002	0.334	correct	0.334	grate	n/a	n/a	n/a	n/a	n/a	n/a	38	1	n/a	n/a	n/a	n/a	n/a	right
17	452.852	0.388	correct	0.388	grate	n/a	n/a	n/a	n/a	n/a	n/a	38	1	n/a	n/a	n/a	n/a	n/a	left
17	453.752	0.448	correct	0.448	grate	n/a	n/a	n/a	n/a	n/a	n/a	38	1	n/a	n/a	n/a	n/a	n/a	left
17	454.719	0.458	correct	0.458	grate	n/a	n/a	n/a	n/a	n/a	n/a	38	1	n/a	n/a	n/a	n/a	n/a	left
17	455.685	0.364	correct	0.364	grate	n/a	n/a	n/a	n/a	n/a	n/a	38	1	n/a	n/a	n/a	n/a	n/a	left
17	456.569	0.100	incorrect	0.100	grate	n/a	n/a	n/a	n/a	n/a	n/a	38	1	n/a	n/a	n/a	n/a	n/a	right
17	458.018	3.000	remember	0.555	retrieval	restudy	object	scene	face	target	object	39	1	121	73	173	225	458.0	n/a
17	463.052	0.396	correct	0.396	grate	n/a	n/a	n/a	n/a	n/a	n/a	39	1	n/a	n/a	n/a	n/a	n/a	right
17	463.968	0.481	correct	0.481	grate	n/a	n/a	n/a	n/a	n/a	n/a	39	1	n/a	n/a	n/a	n/a	n/a	right
17	464.968	0.377	incorrect	0.377	grate	n/a	n/a	n/a	n/a	n/a	n/a	39	1	n/a	n/a	n/a	n/a	n/a	left
17	465.867	0.365	correct	0.365	grate	n/a	n/a	n/a	n/a	n/a	n/a	39	1	n/a	n/a	n/a	n/a	n/a	right
17	466.751	0.305	correct	0.305	grate	n/a	n/a	n/a	n/a	n/a	n/a	39	1	n/a	n/a	n/a	n/a	n/a	left
17	467.568	0.321	correct	0.321	grate	n/a	n/a	n/a	n/a	n/a	n/a	39	1	n/a	n/a	n/a	n/a	n/a	right
17	468.401	0.117	incorrect	0.117	grate	n/a	n/a	n/a	n/a	n/a	n/a	39	1	n/a	n/a	n/a	n/a	n/a	right
17	470.016	3.000	remember	0.795	retrieval	restudy	scene	object	face	target	scene	40	1	75	123	275	127	470.0	n/a
17	475.051	0.421	correct	0.421	grate	n/a	n/a	n/a	n/a	n/a	n/a	40	1	n/a	n/a	n/a	n/a	n/a	left
17	475.983	0.329	correct	0.329	grate	n/a	n/a	n/a	n/a	n/a	n/a	40	1	n/a	n/a	n/a	n/a	n/a	right
17	476.833	0.319	correct	0.319	grate	n/a	n/a	n/a	n/a	n/a	n/a	40	1	n/a	n/a	n/a	n/a	n/a	left
17	477.666	0.389	correct	0.389	grate	n/a	n/a	n/a	n/a	n/a	n/a	40	1	n/a	n/a	n/a	n/a	n/a	left
17	478.566	0.370	correct	0.370	grate	n/a	n/a	n/a	n/a	n/a	n/a	40	1	n/a	n/a	n/a	n/a	n/a	left
17	479.450	0.383	correct	0.383	grate	n/a	n/a	n/a	n/a	n/a	n/a	40	1	n/a	n/a	n/a	n/a	n/a	right
17	480.350	0.167	incorrect	0.167	grate	n/a	n/a	n/a	n/a	n/a	n/a	40	1	n/a	n/a	n/a	n/a	n/a	left
17	482.015	3.000	remember	0.564	retrieval	retprac	face	scene	object	target	face	41	1	100	28	76	204	482.0	n/a
17	487.049	0.646	incorrect	0.646	grate	n/a	n/a	n/a	n/a	n/a	n/a	41	1	n/a	n/a	n/a	n/a	n/a	left
17	488.215	0.664	correct	0.664	grate	n/a	n/a	n/a	n/a	n/a	n/a	41	1	n/a	n/a	n/a	n/a	n/a	left
17	489.399	0.401	correct	0.401	grate	n/a	n/a	n/a	n/a	n/a	n/a	41	1	n/a	n/a	n/a	n/a	n/a	left
17	490.315	0.428	correct	0.428	grate	n/a	n/a	n/a	n/a	n/a	n/a	41	1	n/a	n/a	n/a	n/a	n/a	left
17	491.265	0.438	correct	0.438	grate	n/a	n/a	n/a	n/a	n/a	n/a	41	1	n/a	n/a	n/a	n/a	n/a	right
17	492.215	0.300	incorrect	0.300	grate	n/a	n/a	n/a	n/a	n/a	n/a	41	1	n/a	n/a	n/a	n/a	n/a	right
17	494.014	3.000	forget	0.533	retrieval	restudy	object	scene	face	other	face	42	1	125	77	177	229	494.0	n/a
17	499.048	0.551	correct	0.551	grate	n/a	n/a	n/a	n/a	n/a	n/a	42	1	n/a	n/a	n/a	n/a	n/a	left
17	500.114	0.373	correct	0.373	grate	n/a	n/a	n/a	n/a	n/a	n/a	42	1	n/a	n/a	n/a	n/a	n/a	left
17	500.997	0.473	correct	0.473	grate	n/a	n/a	n/a	n/a	n/a	n/a	42	1	n/a	n/a	n/a	n/a	n/a	right
17	501.981	0.458	correct	0.458	grate	n/a	n/a	n/a	n/a	n/a	n/a	42	1	n/a	n/a	n/a	n/a	n/a	right
17	502.947	0.380	correct	0.380	grate	n/a	n/a	n/a	n/a	n/a	n/a	42	1	n/a	n/a	n/a	n/a	n/a	right
17	503.847	0.344	correct	0.344	grate	n/a	n/a	n/a	n/a	n/a	n/a	42	1	n/a	n/a	n/a	n/a	n/a	left
17	504.714	0.100	incorrect	0.100	grate	n/a	n/a	n/a	n/a	n/a	n/a	42	1	n/a	n/a	n/a	n/a	n/a	right
17	506.013	3.000	forget	0.590	retrieval	retprac	object	scene	face	competitor	scene	43	1	124	76	176	228	506.0	n/a
17	511.047	0.416	correct	0.416	grate	n/a	n/a	n/a	n/a	n/a	n/a	43	1	n/a	n/a	n/a	n/a	n/a	left
17	511.980	0.395	correct	0.395	grate	n/a	n/a	n/a	n/a	n/a	n/a	43	1	n/a	n/a	n/a	n/a	n/a	left
17	512.896	0.302	correct	0.302	grate	n/a	n/a	n/a	n/a	n/a	n/a	43	1	n/a	n/a	n/a	n/a	n/a	right
17	513.713	0.406	correct	0.406	grate	n/a	n/a	n/a	n/a	n/a	n/a	43	1	n/a	n/a	n/a	n/a	n/a	left
17	514.629	0.417	correct	0.417	grate	n/a	n/a	n/a	n/a	n/a	n/a	43	1	n/a	n/a	n/a	n/a	n/a	left
17	515.563	0.340	incorrect	0.340	grate	n/a	n/a	n/a	n/a	n/a	n/a	43	1	n/a	n/a	n/a	n/a	n/a	left
17	516.413	0.100	incorrect	0.100	grate	n/a	n/a	n/a	n/a	n/a	n/a	43	1	n/a	n/a	n/a	n/a	n/a	right
17	518.011	3.000	no response	n/a	retrieval	restudy	face	scene	object	no response	no response	44	1	99	27	75	203	518.0	n/a
17	523.045	0.353	correct	0.353	grate	n/a	n/a	n/a	n/a	n/a	n/a	44	1	n/a	n/a	n/a	n/a	n/a	right
17	523.912	0.334	correct	0.334	grate	n/a	n/a	n/a	n/a	n/a	n/a	44	1	n/a	n/a	n/a	n/a	n/a	right
17	524.762	0.340	correct	0.340	grate	n/a	n/a	n/a	n/a	n/a	n/a	44	1	n/a	n/a	n/a	n/a	n/a	right
17	525.611	0.372	incorrect	0.372	grate	n/a	n/a	n/a	n/a	n/a	n/a	44	1	n/a	n/a	n/a	n/a	n/a	right
17	526.495	0.335	correct	0.335	grate	n/a	n/a	n/a	n/a	n/a	n/a	44	1	n/a	n/a	n/a	n/a	n/a	right
17	527.345	0.325	correct	0.325	grate	n/a	n/a	n/a	n/a	n/a	n/a	44	1	n/a	n/a	n/a	n/a	n/a	right
17	528.178	0.292	incorrect	0.292	grate	n/a	n/a	n/a	n/a	n/a	n/a	44	1	n/a	n/a	n/a	n/a	n/a	left
17	528.995	0.100	incorrect	0.100	grate	n/a	n/a	n/a	n/a	n/a	n/a	44	1	n/a	n/a	n/a	n/a	n/a	right
17	530.010	3.000	remember	0.383	retrieval	retprac	face	scene	object	target	face	45	1	102	30	78	206	530.0	n/a
17	535.045	0.385	correct	0.385	grate	n/a	n/a	n/a	n/a	n/a	n/a	45	1	n/a	n/a	n/a	n/a	n/a	right
17	535.944	0.342	correct	0.342	grate	n/a	n/a	n/a	n/a	n/a	n/a	45	1	n/a	n/a	n/a	n/a	n/a	left
17	536.794	0.332	correct	0.332	grate	n/a	n/a	n/a	n/a	n/a	n/a	45	1	n/a	n/a	n/a	n/a	n/a	right
17	537.644	0.313	correct	0.313	grate	n/a	n/a	n/a	n/a	n/a	n/a	45	1	n/a	n/a	n/a	n/a	n/a	left
17	538.477	0.288	correct	0.288	grate	n/a	n/a	n/a	n/a	n/a	n/a	45	1	n/a	n/a	n/a	n/a	n/a	right
17	539.277	0.304	correct	0.304	grate	n/a	n/a	n/a	n/a	n/a	n/a	45	1	n/a	n/a	n/a	n/a	n/a	left
17	540.093	0.264	correct	0.264	grate	n/a	n/a	n/a	n/a	n/a	n/a	45	1	n/a	n/a	n/a	n/a	n/a	right
17	540.877	0.100	incorrect	0.100	grate	n/a	n/a	n/a	n/a	n/a	n/a	45	1	n/a	n/a	n/a	n/a	n/a	right
17	542.009	3.000	forget	0.312	retrieval	retprac	object	face	scene	competitor	face	46	1	4	52	152	4	542.0	n/a
17	547.043	0.306	correct	0.306	grate	n/a	n/a	n/a	n/a	n/a	n/a	46	1	n/a	n/a	n/a	n/a	n/a	right
17	547.859	0.410	correct	0.410	grate	n/a	n/a	n/a	n/a	n/a	n/a	46	1	n/a	n/a	n/a	n/a	n/a	left
17	548.776	0.438	correct	0.438	grate	n/a	n/a	n/a	n/a	n/a	n/a	46	1	n/a	n/a	n/a	n/a	n/a	left
17	549.726	0.408	correct	0.408	grate	n/a	n/a	n/a	n/a	n/a	n/a	46	1	n/a	n/a	n/a	n/a	n/a	left
17	550.642	0.370	correct	0.370	grate	n/a	n/a	n/a	n/a	n/a	n/a	46	1	n/a	n/a	n/a	n/a	n/a	right
17	551.525	0.311	correct	0.311	grate	n/a	n/a	n/a	n/a	n/a	n/a	46	1	n/a	n/a	n/a	n/a	n/a	left
17	552.359	0.150	incorrect	0.150	grate	n/a	n/a	n/a	n/a	n/a	n/a	46	1	n/a	n/a	n/a	n/a	n/a	right
17	554.024	3.000	forget	0.864	retrieval	restudy	face	scene	object	competitor	scene	47	1	103	31	79	207	554.0	n/a
17	559.058	0.386	correct	0.386	grate	n/a	n/a	n/a	n/a	n/a	n/a	47	1	n/a	n/a	n/a	n/a	n/a	right
17	559.958	0.466	correct	0.466	grate	n/a	n/a	n/a	n/a	n/a	n/a	47	1	n/a	n/a	n/a	n/a	n/a	right
17	560.941	0.375	correct	0.375	grate	n/a	n/a	n/a	n/a	n/a	n/a	47	1	n/a	n/a	n/a	n/a	n/a	left
17	561.825	0.292	correct	0.292	grate	n/a	n/a	n/a	n/a	n/a	n/a	47	1	n/a	n/a	n/a	n/a	n/a	right
17	562.624	0.373	correct	0.373	grate	n/a	n/a	n/a	n/a	n/a	n/a	47	1	n/a	n/a	n/a	n/a	n/a	right
17	563.508	0.369	correct	0.369	grate	n/a	n/a	n/a	n/a	n/a	n/a	47	1	n/a	n/a	n/a	n/a	n/a	left
17	564.391	0.134	incorrect	0.134	grate	n/a	n/a	n/a	n/a	n/a	n/a	47	1	n/a	n/a	n/a	n/a	n/a	right
17	566.007	3.000	remember	0.657	retrieval	retprac	object	face	scene	target	object	48	1	8	56	156	8	566.0	n/a
17	571.040	0.324	correct	0.324	grate	n/a	n/a	n/a	n/a	n/a	n/a	48	1	n/a	n/a	n/a	n/a	n/a	right
17	571.873	0.387	correct	0.387	grate	n/a	n/a	n/a	n/a	n/a	n/a	48	1	n/a	n/a	n/a	n/a	n/a	left
17	572.773	0.295	correct	0.295	grate	n/a	n/a	n/a	n/a	n/a	n/a	48	1	n/a	n/a	n/a	n/a	n/a	right
17	573.590	0.382	correct	0.382	grate	n/a	n/a	n/a	n/a	n/a	n/a	48	1	n/a	n/a	n/a	n/a	n/a	right
17	574.490	0.418	correct	0.418	grate	n/a	n/a	n/a	n/a	n/a	n/a	48	1	n/a	n/a	n/a	n/a	n/a	left
17	575.423	0.269	correct	0.269	grate	n/a	n/a	n/a	n/a	n/a	n/a	48	1	n/a	n/a	n/a	n/a	n/a	right
17	576.206	0.300	incorrect	0.300	grate	n/a	n/a	n/a	n/a	n/a	n/a	48	1	n/a	n/a	n/a	n/a	n/a	right
17	2.011	3.000	remember	0.653	retrieval	retprac	scene	face	object	target	scene	1	2	40	112	264	40	2.0	n/a
17	7.045	0.727	correct	0.727	grate	n/a	n/a	n/a	n/a	n/a	n/a	1	2	n/a	n/a	n/a	n/a	n/a	right
17	8.294	0.469	correct	0.469	grate	n/a	n/a	n/a	n/a	n/a	n/a	1	2	n/a	n/a	n/a	n/a	n/a	right
17	9.277	0.511	correct	0.511	grate	n/a	n/a	n/a	n/a	n/a	n/a	1	2	n/a	n/a	n/a	n/a	n/a	right
17	10.311	0.397	correct	0.397	grate	n/a	n/a	n/a	n/a	n/a	n/a	1	2	n/a	n/a	n/a	n/a	n/a	right
17	11.227	0.352	correct	0.352	grate	n/a	n/a	n/a	n/a	n/a	n/a	1	2	n/a	n/a	n/a	n/a	n/a	right
17	12.094	0.366	correct	0.366	grate	n/a	n/a	n/a	n/a	n/a	n/a	1	2	n/a	n/a	n/a	n/a	n/a	left
17	12.977	0.100	incorrect	0.100	grate	n/a	n/a	n/a	n/a	n/a	n/a	1	2	n/a	n/a	n/a	n/a	n/a	left
17	14.026	3.000	forget	0.541	retrieval	restudy	object	scene	face	competitor	scene	2	2	135	87	187	239	14.0	n/a
17	19.060	0.367	correct	0.367	grate	n/a	n/a	n/a	n/a	n/a	n/a	2	2	n/a	n/a	n/a	n/a	n/a	right
17	19.943	0.404	correct	0.404	grate	n/a	n/a	n/a	n/a	n/a	n/a	2	2	n/a	n/a	n/a	n/a	n/a	right
17	20.860	0.465	correct	0.465	grate	n/a	n/a	n/a	n/a	n/a	n/a	2	2	n/a	n/a	n/a	n/a	n/a	left
17	21.843	0.296	correct	0.296	grate	n/a	n/a	n/a	n/a	n/a	n/a	2	2	n/a	n/a	n/a	n/a	n/a	right
17	22.659	0.376	correct	0.376	grate	n/a	n/a	n/a	n/a	n/a	n/a	2	2	n/a	n/a	n/a	n/a	n/a	right
17	23.559	0.339	correct	0.339	grate	n/a	n/a	n/a	n/a	n/a	n/a	2	2	n/a	n/a	n/a	n/a	n/a	left
17	24.426	0.100	incorrect	0.100	grate	n/a	n/a	n/a	n/a	n/a	n/a	2	2	n/a	n/a	n/a	n/a	n/a	left
17	26.008	3.000	forget	0.582	retrieval	restudy	scene	object	face	competitor	object	3	2	81	129	281	133	26.0	n/a
17	31.042	0.376	correct	0.376	grate	n/a	n/a	n/a	n/a	n/a	n/a	3	2	n/a	n/a	n/a	n/a	n/a	right
17	31.942	0.293	correct	0.293	grate	n/a	n/a	n/a	n/a	n/a	n/a	3	2	n/a	n/a	n/a	n/a	n/a	left
17	32.742	0.301	correct	0.301	grate	n/a	n/a	n/a	n/a	n/a	n/a	3	2	n/a	n/a	n/a	n/a	n/a	right
17	33.558	0.292	correct	0.292	grate	n/a	n/a	n/a	n/a	n/a	n/a	3	2	n/a	n/a	n/a	n/a	n/a	left
17	34.375	0.611	correct	0.611	grate	n/a	n/a	n/a	n/a	n/a	n/a	3	2	n/a	n/a	n/a	n/a	n/a	left
17	35.508	0.318	correct	0.318	grate	n/a	n/a	n/a	n/a	n/a	n/a	3	2	n/a	n/a	n/a	n/a	n/a	right
17	36.341	0.167	incorrect	0.167	grate	n/a	n/a	n/a	n/a	n/a	n/a	3	2	n/a	n/a	n/a	n/a	n/a	left
17	38.007	3.000	remember	0.511	retrieval	retprac	scene	object	face	target	scene	4	2	86	134	286	138	38.0	n/a
17	43.041	0.465	correct	0.465	grate	n/a	n/a	n/a	n/a	n/a	n/a	4	2	n/a	n/a	n/a	n/a	n/a	left
17	44.024	0.353	correct	0.353	grate	n/a	n/a	n/a	n/a	n/a	n/a	4	2	n/a	n/a	n/a	n/a	n/a	right
17	44.891	0.359	correct	0.359	grate	n/a	n/a	n/a	n/a	n/a	n/a	4	2	n/a	n/a	n/a	n/a	n/a	left
17	45.774	0.276	incorrect	0.276	grate	n/a	n/a	n/a	n/a	n/a	n/a	4	2	n/a	n/a	n/a	n/a	n/a	left
17	46.574	0.396	correct	0.396	grate	n/a	n/a	n/a	n/a	n/a	n/a	4	2	n/a	n/a	n/a	n/a	n/a	right
17	47.490	0.424	correct	0.424	grate	n/a	n/a	n/a	n/a	n/a	n/a	4	2	n/a	n/a	n/a	n/a	n/a	right
17	48.423	0.083	incorrect	0.083	grate	n/a	n/a	n/a	n/a	n/a	n/a	4	2	n/a	n/a	n/a	n/a	n/a	left
17	50.006	3.000	forget	0.656	retrieval	retprac	face	scene	object	competitor	scene	5	2	110	38	86	214	50.0	n/a
17	55.040	0.378	correct	0.378	grate	n/a	n/a	n/a	n/a	n/a	n/a	5	2	n/a	n/a	n/a	n/a	n/a	right
17	55.939	0.399	correct	0.399	grate	n/a	n/a	n/a	n/a	n/a	n/a	5	2	n/a	n/a	n/a	n/a	n/a	right
17	56.856	0.370	correct	0.370	grate	n/a	n/a	n/a	n/a	n/a	n/a	5	2	n/a	n/a	n/a	n/a	n/a	right
17	57.739	0.662	correct	0.662	grate	n/a	n/a	n/a	n/a	n/a	n/a	5	2	n/a	n/a	n/a	n/a	n/a	right
17	58.922	0.375	correct	0.375	grate	n/a	n/a	n/a	n/a	n/a	n/a	5	2	n/a	n/a	n/a	n/a	n/a	right
17	59.806	0.380	correct	0.380	grate	n/a	n/a	n/a	n/a	n/a	n/a	5	2	n/a	n/a	n/a	n/a	n/a	left
17	60.706	0.100	incorrect	0.100	grate	n/a	n/a	n/a	n/a	n/a	n/a	5	2	n/a	n/a	n/a	n/a	n/a	right
17	62.021	3.000	remember	0.496	retrieval	restudy	scene	object	face	target	scene	6	2	85	133	285	137	62.0	n/a
17	67.055	0.370	correct	0.370	grate	n/a	n/a	n/a	n/a	n/a	n/a	6	2	n/a	n/a	n/a	n/a	n/a	right
17	67.938	0.351	correct	0.351	grate	n/a	n/a	n/a	n/a	n/a	n/a	6	2	n/a	n/a	n/a	n/a	n/a	right
17	68.805	0.396	correct	0.396	grate	n/a	n/a	n/a	n/a	n/a	n/a	6	2	n/a	n/a	n/a	n/a	n/a	left
17	69.721	0.463	correct	0.463	grate	n/a	n/a	n/a	n/a	n/a	n/a	6	2	n/a	n/a	n/a	n/a	n/a	left
17	70.705	0.344	correct	0.344	grate	n/a	n/a	n/a	n/a	n/a	n/a	6	2	n/a	n/a	n/a	n/a	n/a	left
17	71.571	0.326	correct	0.326	grate	n/a	n/a	n/a	n/a	n/a	n/a	6	2	n/a	n/a	n/a	n/a	n/a	right
17	72.404	0.117	incorrect	0.117	grate	n/a	n/a	n/a	n/a	n/a	n/a	6	2	n/a	n/a	n/a	n/a	n/a	right
17	74.020	3.000	forget	0.680	retrieval	retprac	object	scene	face	competitor	scene	7	2	132	84	184	236	74.0	n/a
17	79.054	0.563	correct	0.563	grate	n/a	n/a	n/a	n/a	n/a	n/a	7	2	n/a	n/a	n/a	n/a	n/a	left
17	80.137	0.320	correct	0.320	grate	n/a	n/a	n/a	n/a	n/a	n/a	7	2	n/a	n/a	n/a	n/a	n/a	left
17	80.970	0.438	correct	0.438	grate	n/a	n/a	n/a	n/a	n/a	n/a	7	2	n/a	n/a	n/a	n/a	n/a	right
17	81.920	0.384	incorrect	0.384	grate	n/a	n/a	n/a	n/a	n/a	n/a	7	2	n/a	n/a	n/a	n/a	n/a	right
17	82.820	0.412	correct	0.412	grate	n/a	n/a	n/a	n/a	n/a	n/a	7	2	n/a	n/a	n/a	n/a	n/a	left
17	83.753	0.279	correct	0.279	grate	n/a	n/a	n/a	n/a	n/a	n/a	7	2	n/a	n/a	n/a	n/a	n/a	right
17	84.553	0.100	incorrect	0.100	grate	n/a	n/a	n/a	n/a	n/a	n/a	7	2	n/a	n/a	n/a	n/a	n/a	left
17	86.019	3.000	remember	0.633	retrieval	retprac	face	scene	object	target	face	8	2	112	40	88	216	86.0	n/a
17	91.053	0.387	correct	0.387	grate	n/a	n/a	n/a	n/a	n/a	n/a	8	2	n/a	n/a	n/a	n/a	n/a	right
17	91.952	0.377	correct	0.377	grate	n/a	n/a	n/a	n/a	n/a	n/a	8	2	n/a	n/a	n/a	n/a	n/a	left
17	92.852	0.372	correct	0.372	grate	n/a	n/a	n/a	n/a	n/a	n/a	8	2	n/a	n/a	n/a	n/a	n/a	left
17	93.736	0.344	correct	0.344	grate	n/a	n/a	n/a	n/a	n/a	n/a	8	2	n/a	n/a	n/a	n/a	n/a	left
17	94.602	0.326	correct	0.326	grate	n/a	n/a	n/a	n/a	n/a	n/a	8	2	n/a	n/a	n/a	n/a	n/a	right
17	95.435	0.300	correct	0.300	grate	n/a	n/a	n/a	n/a	n/a	n/a	8	2	n/a	n/a	n/a	n/a	n/a	left
17	96.252	0.267	incorrect	0.267	grate	n/a	n/a	n/a	n/a	n/a	n/a	8	2	n/a	n/a	n/a	n/a	n/a	right
17	98.018	3.000	remember	0.642	retrieval	retprac	face	object	scene	target	face	9	2	62	14	62	114	98.0	n/a
17	103.052	0.340	correct	0.340	grate	n/a	n/a	n/a	n/a	n/a	n/a	9	2	n/a	n/a	n/a	n/a	n/a	right
17	103.901	0.370	correct	0.370	grate	n/a	n/a	n/a	n/a	n/a	n/a	9	2	n/a	n/a	n/a	n/a	n/a	left
17	104.784	0.319	correct	0.319	grate	n/a	n/a	n/a	n/a	n/a	n/a	9	2	n/a	n/a	n/a	n/a	n/a	right
17	105.618	0.294	correct	0.294	grate	n/a	n/a	n/a	n/a	n/a	n/a	9	2	n/a	n/a	n/a	n/a	n/a	left
17	106.434	0.381	correct	0.381	grate	n/a	n/a	n/a	n/a	n/a	n/a	9	2	n/a	n/a	n/a	n/a	n/a	left
17	107.334	0.353	correct	0.353	grate	n/a	n/a	n/a	n/a	n/a	n/a	9	2	n/a	n/a	n/a	n/a	n/a	left
17	108.201	0.317	incorrect	0.317	grate	n/a	n/a	n/a	n/a	n/a	n/a	9	2	n/a	n/a	n/a	n/a	n/a	left
17	110.016	3.000	no response	n/a	retrieval	restudy	scene	face	object	no response	no response	10	2	39	111	263	39	110.0	n/a
17	115.050	0.398	correct	0.398	grate	n/a	n/a	n/a	n/a	n/a	n/a	10	2	n/a	n/a	n/a	n/a	n/a	right
17	115.967	0.360	correct	0.360	grate	n/a	n/a	n/a	n/a	n/a	n/a	10	2	n/a	n/a	n/a	n/a	n/a	right
17	116.850	0.341	incorrect	0.341	grate	n/a	n/a	n/a	n/a	n/a	n/a	10	2	n/a	n/a	n/a	n/a	n/a	left
17	117.700	0.403	correct	0.403	grate	n/a	n/a	n/a	n/a	n/a	n/a	10	2	n/a	n/a	n/a	n/a	n/a	left
17	118.616	0.374	correct	0.374	grate	n/a	n/a	n/a	n/a	n/a	n/a	10	2	n/a	n/a	n/a	n/a	n/a	right
17	119.516	0.372	correct	0.372	grate	n/a	n/a	n/a	n/a	n/a	n/a	10	2	n/a	n/a	n/a	n/a	n/a	right
17	120.399	0.117	incorrect	0.117	grate	n/a	n/a	n/a	n/a	n/a	n/a	10	2	n/a	n/a	n/a	n/a	n/a	right
17	122.015	3.000	forget	0.691	retrieval	restudy	scene	face	object	other	object	11	2	35	107	259	35	122.0	n/a
17	127.049	0.342	correct	0.342	grate	n/a	n/a	n/a	n/a	n/a	n/a	11	2	n/a	n/a	n/a	n/a	n/a	right
17	127.899	0.476	correct	0.476	grate	n/a	n/a	n/a	n/a	n/a	n/a	11	2	n/a	n/a	n/a	n/a	n/a	left
17	128.882	0.333	correct	0.333	grate	n/a	n/a	n/a	n/a	n/a	n/a	11	2	n/a	n/a	n/a	n/a	n/a	right
17	129.732	0.395	correct	0.395	grate	n/a	n/a	n/a	n/a	n/a	n/a	11	2	n/a	n/a	n/a	n/a	n/a	right
17	130.648	0.350	correct	0.350	grate	n/a	n/a	n/a	n/a	n/a	n/a	11	2	n/a	n/a	n/a	n/a	n/a	left
17	131.515	0.355	incorrect	0.355	grate	n/a	n/a	n/a	n/a	n/a	n/a	11	2	n/a	n/a	n/a	n/a	n/a	left
17	132.382	0.133	incorrect	0.133	grate	n/a	n/a	n/a	n/a	n/a	n/a	11	2	n/a	n/a	n/a	n/a	n/a	left
17	134.014	3.000	forget	0.676	retrieval	retprac	scene	face	object	other	object	12	2	34	106	258	34	134.0	n/a
17	139.048	0.502	correct	0.502	grate	n/a	n/a	n/a	n/a	n/a	n/a	12	2	n/a	n/a	n/a	n/a	n/a	left
17	140.064	0.454	correct	0.454	grate	n/a	n/a	n/a	n/a	n/a	n/a	12	2	n/a	n/a	n/a	n/a	n/a	left
17	141.030	0.303	correct	0.303	grate	n/a	n/a	n/a	n/a	n/a	n/a	12	2	n/a	n/a	n/a	n/a	n/a	left
17	141.847	0.351	correct	0.351	grate	n/a	n/a	n/a	n/a	n/a	n/a	12	2	n/a	n/a	n/a	n/a	n/a	right
17	142.714	0.365	correct	0.365	grate	n/a	n/a	n/a	n/a	n/a	n/a	12	2	n/a	n/a	n/a	n/a	n/a	left
17	143.597	0.329	correct	0.329	grate	n/a	n/a	n/a	n/a	n/a	n/a	12	2	n/a	n/a	n/a	n/a	n/a	right
17	144.447	0.067	incorrect	0.067	grate	n/a	n/a	n/a	n/a	n/a	n/a	12	2	n/a	n/a	n/a	n/a	n/a	right
17	146.013	3.000	remember	0.413	retrieval	restudy	face	scene	object	target	face	13	2	109	37	85	213	146.0	n/a
17	151.046	0.431	correct	0.431	grate	n/a	n/a	n/a	n/a	n/a	n/a	13	2	n/a	n/a	n/a	n/a	n/a	left
17	151.996	0.338	correct	0.338	grate	n/a	n/a	n/a	n/a	n/a	n/a	13	2	n/a	n/a	n/a	n/a	n/a	left
17	152.846	0.343	correct	0.343	grate	n/a	n/a	n/a	n/a	n/a	n/a	13	2	n/a	n/a	n/a	n/a	n/a	left
17	153.713	0.436	correct	0.436	grate	n/a	n/a	n/a	n/a	n/a	n/a	13	2	n/a	n/a	n/a	n/a	n/a	right
17	154.663	0.351	correct	0.351	grate	n/a	n/a	n/a	n/a	n/a	n/a	13	2	n/a	n/a	n/a	n/a	n/a	left
17	155.529	0.372	correct	0.372	grate	n/a	n/a	n/a	n/a	n/a	n/a	13	2	n/a	n/a	n/a	n/a	n/a	right
17	156.412	0.100	incorrect	0.100	grate	n/a	n/a	n/a	n/a	n/a	n/a	13	2	n/a	n/a	n/a	n/a	n/a	right
17	158.011	3.000	forget	0.527	retrieval	restudy	object	scene	face	competitor	scene	14	2	129	81	181	233	158.0	n/a
17	163.045	0.432	correct	0.432	grate	n/a	n/a	n/a	n/a	n/a	n/a	14	2	n/a	n/a	n/a	n/a	n/a	left
17	163.995	0.410	correct	0.410	grate	n/a	n/a	n/a	n/a	n/a	n/a	14	2	n/a	n/a	n/a	n/a	n/a	left
17	164.912	0.303	correct	0.303	grate	n/a	n/a	n/a	n/a	n/a	n/a	14	2	n/a	n/a	n/a	n/a	n/a	left
17	165.728	0.341	correct	0.341	grate	n/a	n/a	n/a	n/a	n/a	n/a	14	2	n/a	n/a	n/a	n/a	n/a	right
17	166.578	0.404	correct	0.404	grate	n/a	n/a	n/a	n/a	n/a	n/a	14	2	n/a	n/a	n/a	n/a	n/a	left
17	167.495	0.398	correct	0.398	grate	n/a	n/a	n/a	n/a	n/a	n/a	14	2	n/a	n/a	n/a	n/a	n/a	left
17	168.411	0.100	incorrect	0.100	grate	n/a	n/a	n/a	n/a	n/a	n/a	14	2	n/a	n/a	n/a	n/a	n/a	right
17	170.010	3.000	forget	0.526	retrieval	retprac	scene	object	face	other	face	15	2	84	132	284	136	170.0	n/a
17	175.044	0.345	correct	0.345	grate	n/a	n/a	n/a	n/a	n/a	n/a	15	2	n/a	n/a	n/a	n/a	n/a	right
17	175.910	0.430	correct	0.430	grate	n/a	n/a	n/a	n/a	n/a	n/a	15	2	n/a	n/a	n/a	n/a	n/a	left
17	176.860	0.400	correct	0.400	grate	n/a	n/a	n/a	n/a	n/a	n/a	15	2	n/a	n/a	n/a	n/a	n/a	right
17	177.777	0.364	correct	0.364	grate	n/a	n/a	n/a	n/a	n/a	n/a	15	2	n/a	n/a	n/a	n/a	n/a	right
17	178.660	0.368	correct	0.368	grate	n/a	n/a	n/a	n/a	n/a	n/a	15	2	n/a	n/a	n/a	n/a	n/a	left
17	179.543	0.365	correct	0.365	grate	n/a	n/a	n/a	n/a	n/a	n/a	15	2	n/a	n/a	n/a	n/a	n/a	left
17	180.427	0.084	incorrect	0.084	grate	n/a	n/a	n/a	n/a	n/a	n/a	15	2	n/a	n/a	n/a	n/a	n/a	right
17	182.009	3.000	remember	0.743	retrieval	restudy	face	scene	object	target	face	16	2	111	39	87	215	182.0	n/a
17	187.043	0.441	correct	0.441	grate	n/a	n/a	n/a	n/a	n/a	n/a	16	2	n/a	n/a	n/a	n/a	n/a	left
17	187.993	0.371	correct	0.371	grate	n/a	n/a	n/a	n/a	n/a	n/a	16	2	n/a	n/a	n/a	n/a	n/a	right
17	188.876	0.312	correct	0.312	grate	n/a	n/a	n/a	n/a	n/a	n/a	16	2	n/a	n/a	n/a	n/a	n/a	left
17	189.709	0.511	correct	0.511	grate	n/a	n/a	n/a	n/a	n/a	n/a	16	2	n/a	n/a	n/a	n/a	n/a	left
17	190.742	0.389	correct	0.389	grate	n/a	n/a	n/a	n/a	n/a	n/a	16	2	n/a	n/a	n/a	n/a	n/a	right
17	191.642	0.345	correct	0.345	grate	n/a	n/a	n/a	n/a	n/a	n/a	16	2	n/a	n/a	n/a	n/a	n/a	left
17	192.509	0.000	incorrect	0.000	grate	n/a	n/a	n/a	n/a	n/a	n/a	16	2	n/a	n/a	n/a	n/a	n/a	right
17	194.008	3.000	forget	0.520	retrieval	retprac	face	scene	object	competitor	scene	17	2	106	34	82	210	194.0	n/a
17	199.042	0.378	correct	0.378	grate	n/a	n/a	n/a	n/a	n/a	n/a	17	2	n/a	n/a	n/a	n/a	n/a	left
17	199.941	0.343	correct	0.343	grate	n/a	n/a	n/a	n/a	n/a	n/a	17	2	n/a	n/a	n/a	n/a	n/a	left
17	200.791	0.332	correct	0.332	grate	n/a	n/a	n/a	n/a	n/a	n/a	17	2	n/a	n/a	n/a	n/a	n/a	left
17	201.641	0.322	correct	0.322	grate	n/a	n/a	n/a	n/a	n/a	n/a	17	2	n/a	n/a	n/a	n/a	n/a	left
17	202.474	0.497	correct	0.497	grate	n/a	n/a	n/a	n/a	n/a	n/a	17	2	n/a	n/a	n/a	n/a	n/a	right
17	203.491	0.280	incorrect	0.280	grate	n/a	n/a	n/a	n/a	n/a	n/a	17	2	n/a	n/a	n/a	n/a	n/a	right
17	204.291	0.217	incorrect	0.217	grate	n/a	n/a	n/a	n/a	n/a	n/a	17	2	n/a	n/a	n/a	n/a	n/a	right
17	206.007	3.000	no response	n/a	retrieval	restudy	object	scene	face	no response	no response	18	2	131	83	183	235	206.0	n/a
17	211.040	0.596	correct	0.596	grate	n/a	n/a	n/a	n/a	n/a	n/a	18	2	n/a	n/a	n/a	n/a	n/a	left
17	212.157	0.406	correct	0.406	grate	n/a	n/a	n/a	n/a	n/a	n/a	18	2	n/a	n/a	n/a	n/a	n/a	right
17	213.073	0.345	correct	0.345	grate	n/a	n/a	n/a	n/a	n/a	n/a	18	2	n/a	n/a	n/a	n/a	n/a	right
17	213.940	0.367	correct	0.367	grate	n/a	n/a	n/a	n/a	n/a	n/a	18	2	n/a	n/a	n/a	n/a	n/a	left
17	214.823	0.317	incorrect	0.317	grate	n/a	n/a	n/a	n/a	n/a	n/a	18	2	n/a	n/a	n/a	n/a	n/a	left
17	215.656	0.370	correct	0.370	grate	n/a	n/a	n/a	n/a	n/a	n/a	18	2	n/a	n/a	n/a	n/a	n/a	right
17	216.540	0.100	incorrect	0.100	grate	n/a	n/a	n/a	n/a	n/a	n/a	18	2	n/a	n/a	n/a	n/a	n/a	right
17	218.022	3.000	forget	0.432	retrieval	retprac	scene	object	face	other	face	19	2	88	136	288	140	218.0	n/a
17	223.056	0.347	correct	0.347	grate	n/a	n/a	n/a	n/a	n/a	n/a	19	2	n/a	n/a	n/a	n/a	n/a	right
17	223.922	0.401	correct	0.401	grate	n/a	n/a	n/a	n/a	n/a	n/a	19	2	n/a	n/a	n/a	n/a	n/a	right
17	224.839	0.396	correct	0.396	grate	n/a	n/a	n/a	n/a	n/a	n/a	19	2	n/a	n/a	n/a	n/a	n/a	left
17	225.755	0.351	correct	0.351	grate	n/a	n/a	n/a	n/a	n/a	n/a	19	2	n/a	n/a	n/a	n/a	n/a	right
17	226.622	0.372	correct	0.372	grate	n/a	n/a	n/a	n/a	n/a	n/a	19	2	n/a	n/a	n/a	n/a	n/a	right
17	227.505	0.345	correct	0.345	grate	n/a	n/a	n/a	n/a	n/a	n/a	19	2	n/a	n/a	n/a	n/a	n/a	right
17	228.372	0.150	incorrect	0.150	grate	n/a	n/a	n/a	n/a	n/a	n/a	19	2	n/a	n/a	n/a	n/a	n/a	right
17	230.021	3.000	remember	0.393	retrieval	restudy	object	face	scene	target	object	20	2	11	59	159	11	230.0	n/a
17	235.055	0.379	correct	0.379	grate	n/a	n/a	n/a	n/a	n/a	n/a	20	2	n/a	n/a	n/a	n/a	n/a	right
17	235.954	0.447	correct	0.447	grate	n/a	n/a	n/a	n/a	n/a	n/a	20	2	n/a	n/a	n/a	n/a	n/a	left
17	236.921	0.354	correct	0.354	grate	n/a	n/a	n/a	n/a	n/a	n/a	20	2	n/a	n/a	n/a	n/a	n/a	right
17	237.788	0.407	correct	0.407	grate	n/a	n/a	n/a	n/a	n/a	n/a	20	2	n/a	n/a	n/a	n/a	n/a	left
17	238.704	0.298	correct	0.298	grate	n/a	n/a	n/a	n/a	n/a	n/a	20	2	n/a	n/a	n/a	n/a	n/a	right
17	239.521	0.409	correct	0.409	grate	n/a	n/a	n/a	n/a	n/a	n/a	20	2	n/a	n/a	n/a	n/a	n/a	right
17	240.437	0.083	incorrect	0.083	grate	n/a	n/a	n/a	n/a	n/a	n/a	20	2	n/a	n/a	n/a	n/a	n/a	right
17	242.020	3.000	forget	0.570	retrieval	restudy	scene	face	object	competitor	face	21	2	37	109	261	37	242.0	n/a
17	247.053	0.332	correct	0.332	grate	n/a	n/a	n/a	n/a	n/a	n/a	21	2	n/a	n/a	n/a	n/a	n/a	right
17	247.903	0.370	correct	0.370	grate	n/a	n/a	n/a	n/a	n/a	n/a	21	2	n/a	n/a	n/a	n/a	n/a	right
17	248.786	0.327	correct	0.327	grate	n/a	n/a	n/a	n/a	n/a	n/a	21	2	n/a	n/a	n/a	n/a	n/a	right
17	249.636	0.334	correct	0.334	grate	n/a	n/a	n/a	n/a	n/a	n/a	21	2	n/a	n/a	n/a	n/a	n/a	left
17	250.486	0.347	correct	0.347	grate	n/a	n/a	n/a	n/a	n/a	n/a	21	2	n/a	n/a	n/a	n/a	n/a	right
17	251.353	0.313	correct	0.313	grate	n/a	n/a	n/a	n/a	n/a	n/a	21	2	n/a	n/a	n/a	n/a	n/a	left
17	252.186	0.303	correct	0.303	grate	n/a	n/a	n/a	n/a	n/a	n/a	21	2	n/a	n/a	n/a	n/a	n/a	right
17	253.003	0.100	incorrect	0.100	grate	n/a	n/a	n/a	n/a	n/a	n/a	21	2	n/a	n/a	n/a	n/a	n/a	right
17	254.018	3.000	forget	0.515	retrieval	restudy	face	scene	object	other	object	22	2	107	35	83	211	254.0	n/a
17	259.052	0.605	correct	0.605	grate	n/a	n/a	n/a	n/a	n/a	n/a	22	2	n/a	n/a	n/a	n/a	n/a	left
17	260.169	0.290	correct	0.290	grate	n/a	n/a	n/a	n/a	n/a	n/a	22	2	n/a	n/a	n/a	n/a	n/a	right
17	260.969	0.312	correct	0.312	grate	n/a	n/a	n/a	n/a	n/a	n/a	22	2	n/a	n/a	n/a	n/a	n/a	left
17	261.802	0.328	correct	0.328	grate	n/a	n/a	n/a	n/a	n/a	n/a	22	2	n/a	n/a	n/a	n/a	n/a	right
17	262.652	0.293	correct	0.293	grate	n/a	n/a	n/a	n/a	n/a	n/a	22	2	n/a	n/a	n/a	n/a	n/a	left
17	263.468	0.294	correct	0.294	grate	n/a	n/a	n/a	n/a	n/a	n/a	22	2	n/a	n/a	n/a	n/a	n/a	right
17	264.285	0.233	incorrect	0.233	grate	n/a	n/a	n/a	n/a	n/a	n/a	22	2	n/a	n/a	n/a	n/a	n/a	right
17	266.017	3.000	remember	0.675	retrieval	retprac	object	scene	face	target	object	23	2	134	86	186	238	266.0	n/a
17	271.051	0.421	correct	0.421	grate	n/a	n/a	n/a	n/a	n/a	n/a	23	2	n/a	n/a	n/a	n/a	n/a	right
17	271.984	4.533	incorrect	4.533	grate	n/a	n/a	n/a	n/a	n/a	n/a	23	2	n/a	n/a	n/a	n/a	n/a	left
17	278.016	3.000	forget	0.692	retrieval	retprac	object	face	scene	other	scene	24	2	12	60	160	12	278.0	n/a
17	283.049	0.447	correct	0.447	grate	n/a	n/a	n/a	n/a	n/a	n/a	24	2	n/a	n/a	n/a	n/a	n/a	right
17	284.016	4.500	incorrect	4.500	grate	n/a	n/a	n/a	n/a	n/a	n/a	24	2	n/a	n/a	n/a	n/a	n/a	left
17	290.015	3.000	forget	0.741	retrieval	restudy	object	face	scene	competitor	face	25	2	9	57	157	9	290.0	n/a
17	295.049	0.343	correct	0.343	grate	n/a	n/a	n/a	n/a	n/a	n/a	25	2	n/a	n/a	n/a	n/a	n/a	right
17	295.915	0.485	correct	0.485	grate	n/a	n/a	n/a	n/a	n/a	n/a	25	2	n/a	n/a	n/a	n/a	n/a	right
17	296.915	0.325	correct	0.325	grate	n/a	n/a	n/a	n/a	n/a	n/a	25	2	n/a	n/a	n/a	n/a	n/a	right
17	297.748	0.307	correct	0.307	grate	n/a	n/a	n/a	n/a	n/a	n/a	25	2	n/a	n/a	n/a	n/a	n/a	right
17	298.565	0.331	correct	0.331	grate	n/a	n/a	n/a	n/a	n/a	n/a	25	2	n/a	n/a	n/a	n/a	n/a	right
17	299.415	1.100	incorrect	1.100	grate	n/a	n/a	n/a	n/a	n/a	n/a	25	2	n/a	n/a	n/a	n/a	n/a	left
17	302.013	3.000	remember	0.454	retrieval	restudy	scene	object	face	target	scene	26	2	87	135	287	139	302.0	n/a
17	307.047	2.384	correct	2.384	grate	n/a	n/a	n/a	n/a	n/a	n/a	26	2	n/a	n/a	n/a	n/a	n/a	left
17	309.947	0.380	correct	0.380	grate	n/a	n/a	n/a	n/a	n/a	n/a	26	2	n/a	n/a	n/a	n/a	n/a	right
17	310.847	0.360	correct	0.360	grate	n/a	n/a	n/a	n/a	n/a	n/a	26	2	n/a	n/a	n/a	n/a	n/a	right
17	311.730	0.389	correct	0.389	grate	n/a	n/a	n/a	n/a	n/a	n/a	26	2	n/a	n/a	n/a	n/a	n/a	left
17	312.630	0.100	incorrect	0.100	grate	n/a	n/a	n/a	n/a	n/a	n/a	26	2	n/a	n/a	n/a	n/a	n/a	right
17	314.012	3.000	remember	0.462	retrieval	retprac	scene	face	object	target	scene	27	2	38	110	262	38	314.0	n/a
17	319.046	0.466	correct	0.466	grate	n/a	n/a	n/a	n/a	n/a	n/a	27	2	n/a	n/a	n/a	n/a	n/a	right
17	320.029	0.369	correct	0.369	grate	n/a	n/a	n/a	n/a	n/a	n/a	27	2	n/a	n/a	n/a	n/a	n/a	left
17	320.912	0.342	correct	0.342	grate	n/a	n/a	n/a	n/a	n/a	n/a	27	2	n/a	n/a	n/a	n/a	n/a	right
17	321.762	0.524	correct	0.524	grate	n/a	n/a	n/a	n/a	n/a	n/a	27	2	n/a	n/a	n/a	n/a	n/a	right
17	322.795	0.363	correct	0.363	grate	n/a	n/a	n/a	n/a	n/a	n/a	27	2	n/a	n/a	n/a	n/a	n/a	left
17	323.679	0.496	correct	0.496	grate	n/a	n/a	n/a	n/a	n/a	n/a	27	2	n/a	n/a	n/a	n/a	n/a	left
17	324.695	0.100	incorrect	0.100	grate	n/a	n/a	n/a	n/a	n/a	n/a	27	2	n/a	n/a	n/a	n/a	n/a	left
17	326.011	3.000	forget	0.639	retrieval	retprac	face	object	scene	competitor	object	28	2	58	10	58	110	326.0	n/a
17	331.045	0.346	correct	0.346	grate	n/a	n/a	n/a	n/a	n/a	n/a	28	2	n/a	n/a	n/a	n/a	n/a	right
17	331.911	0.360	correct	0.360	grate	n/a	n/a	n/a	n/a	n/a	n/a	28	2	n/a	n/a	n/a	n/a	n/a	right
17	332.795	0.363	correct	0.363	grate	n/a	n/a	n/a	n/a	n/a	n/a	28	2	n/a	n/a	n/a	n/a	n/a	left
17	333.678	0.376	correct	0.376	grate	n/a	n/a	n/a	n/a	n/a	n/a	28	2	n/a	n/a	n/a	n/a	n/a	left
17	334.561	0.341	correct	0.341	grate	n/a	n/a	n/a	n/a	n/a	n/a	28	2	n/a	n/a	n/a	n/a	n/a	right
17	335.411	0.467	correct	0.467	grate	n/a	n/a	n/a	n/a	n/a	n/a	28	2	n/a	n/a	n/a	n/a	n/a	right
17	336.394	0.117	incorrect	0.117	grate	n/a	n/a	n/a	n/a	n/a	n/a	28	2	n/a	n/a	n/a	n/a	n/a	left
17	338.010	3.000	forget	0.632	retrieval	retprac	object	face	scene	competitor	face	29	2	10	58	158	10	338.0	n/a
17	343.044	0.474	correct	0.474	grate	n/a	n/a	n/a	n/a	n/a	n/a	29	2	n/a	n/a	n/a	n/a	n/a	left
17	344.043	0.362	correct	0.362	grate	n/a	n/a	n/a	n/a	n/a	n/a	29	2	n/a	n/a	n/a	n/a	n/a	left
17	344.927	0.351	correct	0.351	grate	n/a	n/a	n/a	n/a	n/a	n/a	29	2	n/a	n/a	n/a	n/a	n/a	left
17	345.793	0.325	correct	0.325	grate	n/a	n/a	n/a	n/a	n/a	n/a	29	2	n/a	n/a	n/a	n/a	n/a	left
17	346.626	0.387	correct	0.387	grate	n/a	n/a	n/a	n/a	n/a	n/a	29	2	n/a	n/a	n/a	n/a	n/a	right
17	347.526	0.391	correct	0.391	grate	n/a	n/a	n/a	n/a	n/a	n/a	29	2	n/a	n/a	n/a	n/a	n/a	right
17	348.426	0.083	incorrect	0.083	grate	n/a	n/a	n/a	n/a	n/a	n/a	29	2	n/a	n/a	n/a	n/a	n/a	left
17	350.009	3.000	forget	0.497	retrieval	restudy	face	object	scene	other	scene	30	2	61	13	61	113	350.0	n/a
17	355.042	0.531	correct	0.531	grate	n/a	n/a	n/a	n/a	n/a	n/a	30	2	n/a	n/a	n/a	n/a	n/a	left
17	356.092	0.354	correct	0.354	grate	n/a	n/a	n/a	n/a	n/a	n/a	30	2	n/a	n/a	n/a	n/a	n/a	left
17	356.959	0.334	correct	0.334	grate	n/a	n/a	n/a	n/a	n/a	n/a	30	2	n/a	n/a	n/a	n/a	n/a	right
17	357.809	0.348	correct	0.348	grate	n/a	n/a	n/a	n/a	n/a	n/a	30	2	n/a	n/a	n/a	n/a	n/a	right
17	358.675	0.314	correct	0.314	grate	n/a	n/a	n/a	n/a	n/a	n/a	30	2	n/a	n/a	n/a	n/a	n/a	right
17	359.509	0.321	correct	0.321	grate	n/a	n/a	n/a	n/a	n/a	n/a	30	2	n/a	n/a	n/a	n/a	n/a	right
17	360.341	0.167	incorrect	0.167	grate	n/a	n/a	n/a	n/a	n/a	n/a	30	2	n/a	n/a	n/a	n/a	n/a	right
17	362.007	3.000	forget	0.409	retrieval	retprac	object	scene	face	competitor	scene	31	2	130	82	182	234	362.0	n/a
17	367.041	0.331	correct	0.331	grate	n/a	n/a	n/a	n/a	n/a	n/a	31	2	n/a	n/a	n/a	n/a	n/a	left
17	367.891	0.395	correct	0.395	grate	n/a	n/a	n/a	n/a	n/a	n/a	31	2	n/a	n/a	n/a	n/a	n/a	left
17	368.808	0.309	incorrect	0.309	grate	n/a	n/a	n/a	n/a	n/a	n/a	31	2	n/a	n/a	n/a	n/a	n/a	right
17	369.624	0.324	correct	0.324	grate	n/a	n/a	n/a	n/a	n/a	n/a	31	2	n/a	n/a	n/a	n/a	n/a	left
17	370.457	0.315	incorrect	0.315	grate	n/a	n/a	n/a	n/a	n/a	n/a	31	2	n/a	n/a	n/a	n/a	n/a	left
17	371.291	0.938	correct	0.938	grate	n/a	n/a	n/a	n/a	n/a	n/a	31	2	n/a	n/a	n/a	n/a	n/a	left
17	372.740	0.100	incorrect	0.100	grate	n/a	n/a	n/a	n/a	n/a	n/a	31	2	n/a	n/a	n/a	n/a	n/a	right
17	374.006	3.000	forget	0.514	retrieval	restudy	object	scene	face	competitor	scene	32	2	133	85	185	237	374.0	n/a
17	379.040	0.388	correct	0.388	grate	n/a	n/a	n/a	n/a	n/a	n/a	32	2	n/a	n/a	n/a	n/a	n/a	left
17	379.940	0.472	correct	0.472	grate	n/a	n/a	n/a	n/a	n/a	n/a	32	2	n/a	n/a	n/a	n/a	n/a	left
17	380.923	0.393	correct	0.393	grate	n/a	n/a	n/a	n/a	n/a	n/a	32	2	n/a	n/a	n/a	n/a	n/a	left
17	381.823	0.390	correct	0.390	grate	n/a	n/a	n/a	n/a	n/a	n/a	32	2	n/a	n/a	n/a	n/a	n/a	right
17	382.723	0.305	correct	0.305	grate	n/a	n/a	n/a	n/a	n/a	n/a	32	2	n/a	n/a	n/a	n/a	n/a	left
17	383.539	0.392	correct	0.392	grate	n/a	n/a	n/a	n/a	n/a	n/a	32	2	n/a	n/a	n/a	n/a	n/a	left
17	384.456	0.050	incorrect	0.050	grate	n/a	n/a	n/a	n/a	n/a	n/a	32	2	n/a	n/a	n/a	n/a	n/a	right
17	386.022	3.000	forget	0.530	retrieval	restudy	object	face	scene	competitor	face	33	2	15	63	163	15	386.0	n/a
17	391.055	0.396	correct	0.396	grate	n/a	n/a	n/a	n/a	n/a	n/a	33	2	n/a	n/a	n/a	n/a	n/a	right
17	391.972	0.416	correct	0.416	grate	n/a	n/a	n/a	n/a	n/a	n/a	33	2	n/a	n/a	n/a	n/a	n/a	right
17	392.905	0.338	correct	0.338	grate	n/a	n/a	n/a	n/a	n/a	n/a	33	2	n/a	n/a	n/a	n/a	n/a	right
17	393.755	0.384	correct	0.384	grate	n/a	n/a	n/a	n/a	n/a	n/a	33	2	n/a	n/a	n/a	n/a	n/a	right
17	394.655	0.357	correct	0.357	grate	n/a	n/a	n/a	n/a	n/a	n/a	33	2	n/a	n/a	n/a	n/a	n/a	right
17	395.521	0.314	correct	0.314	grate	n/a	n/a	n/a	n/a	n/a	n/a	33	2	n/a	n/a	n/a	n/a	n/a	right
17	396.355	0.167	incorrect	0.167	grate	n/a	n/a	n/a	n/a	n/a	n/a	33	2	n/a	n/a	n/a	n/a	n/a	left
17	398.020	3.000	remember	0.546	retrieval	retprac	scene	object	face	target	scene	34	2	82	130	282	134	398.0	n/a
17	403.054	0.477	correct	0.477	grate	n/a	n/a	n/a	n/a	n/a	n/a	34	2	n/a	n/a	n/a	n/a	n/a	left
17	404.054	0.373	correct	0.373	grate	n/a	n/a	n/a	n/a	n/a	n/a	34	2	n/a	n/a	n/a	n/a	n/a	right
17	404.937	0.394	correct	0.394	grate	n/a	n/a	n/a	n/a	n/a	n/a	34	2	n/a	n/a	n/a	n/a	n/a	right
17	405.854	0.349	correct	0.349	grate	n/a	n/a	n/a	n/a	n/a	n/a	34	2	n/a	n/a	n/a	n/a	n/a	left
17	406.720	0.307	correct	0.307	grate	n/a	n/a	n/a	n/a	n/a	n/a	34	2	n/a	n/a	n/a	n/a	n/a	right
17	407.537	0.314	correct	0.314	grate	n/a	n/a	n/a	n/a	n/a	n/a	34	2	n/a	n/a	n/a	n/a	n/a	left
17	408.370	0.150	incorrect	0.150	grate	n/a	n/a	n/a	n/a	n/a	n/a	34	2	n/a	n/a	n/a	n/a	n/a	right
17	410.019	3.000	forget	0.452	retrieval	restudy	face	object	scene	other	scene	35	2	57	9	57	109	410.0	n/a
17	415.053	0.374	correct	0.374	grate	n/a	n/a	n/a	n/a	n/a	n/a	35	2	n/a	n/a	n/a	n/a	n/a	right
17	415.953	0.338	correct	0.338	grate	n/a	n/a	n/a	n/a	n/a	n/a	35	2	n/a	n/a	n/a	n/a	n/a	left
17	416.803	0.592	correct	0.592	grate	n/a	n/a	n/a	n/a	n/a	n/a	35	2	n/a	n/a	n/a	n/a	n/a	left
17	417.919	0.299	correct	0.299	grate	n/a	n/a	n/a	n/a	n/a	n/a	35	2	n/a	n/a	n/a	n/a	n/a	right
17	418.736	0.507	correct	0.507	grate	n/a	n/a	n/a	n/a	n/a	n/a	35	2	n/a	n/a	n/a	n/a	n/a	left
17	419.752	0.411	correct	0.411	grate	n/a	n/a	n/a	n/a	n/a	n/a	35	2	n/a	n/a	n/a	n/a	n/a	left
17	420.686	0.100	incorrect	0.100	grate	n/a	n/a	n/a	n/a	n/a	n/a	35	2	n/a	n/a	n/a	n/a	n/a	right
17	422.018	3.000	remember	0.396	retrieval	retprac	object	face	scene	target	object	36	2	14	62	162	14	422.0	n/a
17	427.052	0.431	correct	0.431	grate	n/a	n/a	n/a	n/a	n/a	n/a	36	2	n/a	n/a	n/a	n/a	n/a	right
17	428.002	0.321	correct	0.321	grate	n/a	n/a	n/a	n/a	n/a	n/a	36	2	n/a	n/a	n/a	n/a	n/a	left
17	428.835	0.335	correct	0.335	grate	n/a	n/a	n/a	n/a	n/a	n/a	36	2	n/a	n/a	n/a	n/a	n/a	right
17	429.685	0.429	correct	0.429	grate	n/a	n/a	n/a	n/a	n/a	n/a	36	2	n/a	n/a	n/a	n/a	n/a	right
17	430.635	0.320	correct	0.320	grate	n/a	n/a	n/a	n/a	n/a	n/a	36	2	n/a	n/a	n/a	n/a	n/a	left
17	431.468	0.286	correct	0.286	grate	n/a	n/a	n/a	n/a	n/a	n/a	36	2	n/a	n/a	n/a	n/a	n/a	right
17	432.268	0.250	incorrect	0.250	grate	n/a	n/a	n/a	n/a	n/a	n/a	36	2	n/a	n/a	n/a	n/a	n/a	right
17	434.017	3.000	forget	0.581	retrieval	restudy	scene	object	face	competitor	object	37	2	83	131	283	135	434.0	n/a
17	439.050	0.399	correct	0.399	grate	n/a	n/a	n/a	n/a	n/a	n/a	37	2	n/a	n/a	n/a	n/a	n/a	left
17	439.967	0.275	correct	0.275	grate	n/a	n/a	n/a	n/a	n/a	n/a	37	2	n/a	n/a	n/a	n/a	n/a	right
17	440.750	0.547	correct	0.547	grate	n/a	n/a	n/a	n/a	n/a	n/a	37	2	n/a	n/a	n/a	n/a	n/a	right
17	441.817	0.361	correct	0.361	grate	n/a	n/a	n/a	n/a	n/a	n/a	37	2	n/a	n/a	n/a	n/a	n/a	right
17	442.700	0.470	correct	0.470	grate	n/a	n/a	n/a	n/a	n/a	n/a	37	2	n/a	n/a	n/a	n/a	n/a	right
17	443.683	0.486	correct	0.486	grate	n/a	n/a	n/a	n/a	n/a	n/a	37	2	n/a	n/a	n/a	n/a	n/a	right
17	444.683	0.100	incorrect	0.100	grate	n/a	n/a	n/a	n/a	n/a	n/a	37	2	n/a	n/a	n/a	n/a	n/a	right
17	446.015	3.000	forget	0.717	retrieval	restudy	face	scene	object	competitor	scene	38	2	105	33	81	209	446.0	n/a
17	451.049	0.416	correct	0.416	grate	n/a	n/a	n/a	n/a	n/a	n/a	38	2	n/a	n/a	n/a	n/a	n/a	right
17	451.982	0.355	incorrect	0.355	grate	n/a	n/a	n/a	n/a	n/a	n/a	38	2	n/a	n/a	n/a	n/a	n/a	left
17	452.849	0.288	correct	0.288	grate	n/a	n/a	n/a	n/a	n/a	n/a	38	2	n/a	n/a	n/a	n/a	n/a	right
17	453.649	0.344	correct	0.344	grate	n/a	n/a	n/a	n/a	n/a	n/a	38	2	n/a	n/a	n/a	n/a	n/a	left
17	454.516	0.421	correct	0.421	grate	n/a	n/a	n/a	n/a	n/a	n/a	38	2	n/a	n/a	n/a	n/a	n/a	left
17	455.449	0.312	correct	0.312	grate	n/a	n/a	n/a	n/a	n/a	n/a	38	2	n/a	n/a	n/a	n/a	n/a	right
17	456.282	0.233	incorrect	0.233	grate	n/a	n/a	n/a	n/a	n/a	n/a	38	2	n/a	n/a	n/a	n/a	n/a	right
17	458.014	3.000	forget	0.718	retrieval	retprac	object	scene	face	competitor	scene	39	2	136	88	188	240	458.0	n/a
17	463.048	0.345	correct	0.345	grate	n/a	n/a	n/a	n/a	n/a	n/a	39	2	n/a	n/a	n/a	n/a	n/a	right
17	463.915	0.374	correct	0.374	grate	n/a	n/a	n/a	n/a	n/a	n/a	39	2	n/a	n/a	n/a	n/a	n/a	left
17	464.798	0.339	correct	0.339	grate	n/a	n/a	n/a	n/a	n/a	n/a	39	2	n/a	n/a	n/a	n/a	n/a	right
17	465.648	0.401	correct	0.401	grate	n/a	n/a	n/a	n/a	n/a	n/a	39	2	n/a	n/a	n/a	n/a	n/a	right
17	466.564	0.397	correct	0.397	grate	n/a	n/a	n/a	n/a	n/a	n/a	39	2	n/a	n/a	n/a	n/a	n/a	left
17	467.481	0.407	correct	0.407	grate	n/a	n/a	n/a	n/a	n/a	n/a	39	2	n/a	n/a	n/a	n/a	n/a	left
17	468.414	0.100	incorrect	0.100	grate	n/a	n/a	n/a	n/a	n/a	n/a	39	2	n/a	n/a	n/a	n/a	n/a	left
17	470.013	3.000	remember	0.519	retrieval	retprac	scene	face	object	target	scene	40	2	36	108	260	36	470.0	n/a
17	475.047	0.361	correct	0.361	grate	n/a	n/a	n/a	n/a	n/a	n/a	40	2	n/a	n/a	n/a	n/a	n/a	right
17	475.930	0.294	correct	0.294	grate	n/a	n/a	n/a	n/a	n/a	n/a	40	2	n/a	n/a	n/a	n/a	n/a	left
17	476.747	0.317	correct	0.317	grate	n/a	n/a	n/a	n/a	n/a	n/a	40	2	n/a	n/a	n/a	n/a	n/a	right
17	477.580	0.284	correct	0.284	grate	n/a	n/a	n/a	n/a	n/a	n/a	40	2	n/a	n/a	n/a	n/a	n/a	left
17	478.380	0.548	correct	0.548	grate	n/a	n/a	n/a	n/a	n/a	n/a	40	2	n/a	n/a	n/a	n/a	n/a	left
17	479.446	0.298	correct	0.298	grate	n/a	n/a	n/a	n/a	n/a	n/a	40	2	n/a	n/a	n/a	n/a	n/a	right
17	480.263	0.250	incorrect	0.250	grate	n/a	n/a	n/a	n/a	n/a	n/a	40	2	n/a	n/a	n/a	n/a	n/a	left
17	482.012	3.000	forget	0.584	retrieval	retprac	face	object	scene	competitor	object	41	2	60	12	60	112	482.0	n/a
17	487.046	0.570	correct	0.570	grate	n/a	n/a	n/a	n/a	n/a	n/a	41	2	n/a	n/a	n/a	n/a	n/a	left
17	488.129	0.407	correct	0.407	grate	n/a	n/a	n/a	n/a	n/a	n/a	41	2	n/a	n/a	n/a	n/a	n/a	right
17	489.045	0.306	correct	0.306	grate	n/a	n/a	n/a	n/a	n/a	n/a	41	2	n/a	n/a	n/a	n/a	n/a	left
17	489.862	0.393	correct	0.393	grate	n/a	n/a	n/a	n/a	n/a	n/a	41	2	n/a	n/a	n/a	n/a	n/a	left
17	490.779	0.357	correct	0.357	grate	n/a	n/a	n/a	n/a	n/a	n/a	41	2	n/a	n/a	n/a	n/a	n/a	right
17	491.645	0.387	correct	0.387	grate	n/a	n/a	n/a	n/a	n/a	n/a	41	2	n/a	n/a	n/a	n/a	n/a	right
17	492.545	0.100	incorrect	0.100	grate	n/a	n/a	n/a	n/a	n/a	n/a	41	2	n/a	n/a	n/a	n/a	n/a	left
17	494.011	3.000	remember	0.529	retrieval	retprac	face	scene	object	target	face	42	2	108	36	84	212	494.0	n/a
17	499.044	0.362	correct	0.362	grate	n/a	n/a	n/a	n/a	n/a	n/a	42	2	n/a	n/a	n/a	n/a	n/a	right
17	499.928	0.464	correct	0.464	grate	n/a	n/a	n/a	n/a	n/a	n/a	42	2	n/a	n/a	n/a	n/a	n/a	right
17	500.911	0.320	correct	0.320	grate	n/a	n/a	n/a	n/a	n/a	n/a	42	2	n/a	n/a	n/a	n/a	n/a	left
17	501.744	0.311	correct	0.311	grate	n/a	n/a	n/a	n/a	n/a	n/a	42	2	n/a	n/a	n/a	n/a	n/a	right
17	502.577	0.310	correct	0.310	grate	n/a	n/a	n/a	n/a	n/a	n/a	42	2	n/a	n/a	n/a	n/a	n/a	left
17	503.411	0.316	correct	0.316	grate	n/a	n/a	n/a	n/a	n/a	n/a	42	2	n/a	n/a	n/a	n/a	n/a	right
17	504.244	0.267	incorrect	0.267	grate	n/a	n/a	n/a	n/a	n/a	n/a	42	2	n/a	n/a	n/a	n/a	n/a	left
17	506.009	3.000	forget	0.577	retrieval	retprac	face	object	scene	competitor	object	43	2	64	16	64	116	506.0	n/a
17	511.043	0.339	correct	0.339	grate	n/a	n/a	n/a	n/a	n/a	n/a	43	2	n/a	n/a	n/a	n/a	n/a	right
17	511.893	0.274	incorrect	0.274	grate	n/a	n/a	n/a	n/a	n/a	n/a	43	2	n/a	n/a	n/a	n/a	n/a	right
17	512.676	0.322	correct	0.322	grate	n/a	n/a	n/a	n/a	n/a	n/a	43	2	n/a	n/a	n/a	n/a	n/a	right
17	513.510	0.361	correct	0.361	grate	n/a	n/a	n/a	n/a	n/a	n/a	43	2	n/a	n/a	n/a	n/a	n/a	left
17	514.393	0.310	correct	0.310	grate	n/a	n/a	n/a	n/a	n/a	n/a	43	2	n/a	n/a	n/a	n/a	n/a	right
17	515.226	0.397	correct	0.397	grate	n/a	n/a	n/a	n/a	n/a	n/a	43	2	n/a	n/a	n/a	n/a	n/a	right
17	516.143	0.367	incorrect	0.367	grate	n/a	n/a	n/a	n/a	n/a	n/a	43	2	n/a	n/a	n/a	n/a	n/a	left
17	518.008	3.000	forget	0.554	retrieval	restudy	face	object	scene	competitor	object	44	2	63	15	63	115	518.0	n/a
17	523.042	0.404	correct	0.404	grate	n/a	n/a	n/a	n/a	n/a	n/a	44	2	n/a	n/a	n/a	n/a	n/a	left
17	523.958	0.360	incorrect	0.360	grate	n/a	n/a	n/a	n/a	n/a	n/a	44	2	n/a	n/a	n/a	n/a	n/a	left
17	524.825	0.389	correct	0.389	grate	n/a	n/a	n/a	n/a	n/a	n/a	44	2	n/a	n/a	n/a	n/a	n/a	right
17	525.725	0.385	correct	0.385	grate	n/a	n/a	n/a	n/a	n/a	n/a	44	2	n/a	n/a	n/a	n/a	n/a	right
17	526.625	0.454	correct	0.454	grate	n/a	n/a	n/a	n/a	n/a	n/a	44	2	n/a	n/a	n/a	n/a	n/a	left
17	527.591	0.318	correct	0.318	grate	n/a	n/a	n/a	n/a	n/a	n/a	44	2	n/a	n/a	n/a	n/a	n/a	right
17	528.425	0.083	incorrect	0.083	grate	n/a	n/a	n/a	n/a	n/a	n/a	44	2	n/a	n/a	n/a	n/a	n/a	left
17	530.007	3.000	forget	0.459	retrieval	restudy	object	face	scene	other	scene	45	2	13	61	161	13	530.0	n/a
17	535.041	0.341	correct	0.341	grate	n/a	n/a	n/a	n/a	n/a	n/a	45	2	n/a	n/a	n/a	n/a	n/a	left
17	535.890	0.380	correct	0.380	grate	n/a	n/a	n/a	n/a	n/a	n/a	45	2	n/a	n/a	n/a	n/a	n/a	left
17	536.790	0.351	correct	0.351	grate	n/a	n/a	n/a	n/a	n/a	n/a	45	2	n/a	n/a	n/a	n/a	n/a	left
17	537.657	0.293	correct	0.293	grate	n/a	n/a	n/a	n/a	n/a	n/a	45	2	n/a	n/a	n/a	n/a	n/a	left
17	538.457	0.317	correct	0.317	grate	n/a	n/a	n/a	n/a	n/a	n/a	45	2	n/a	n/a	n/a	n/a	n/a	left
17	539.290	0.412	correct	0.412	grate	n/a	n/a	n/a	n/a	n/a	n/a	45	2	n/a	n/a	n/a	n/a	n/a	right
17	540.224	0.283	incorrect	0.283	grate	n/a	n/a	n/a	n/a	n/a	n/a	45	2	n/a	n/a	n/a	n/a	n/a	left
17	542.022	3.000	remember	0.587	retrieval	restudy	scene	face	object	target	scene	46	2	33	105	257	33	542.0	n/a
17	547.056	0.381	correct	0.381	grate	n/a	n/a	n/a	n/a	n/a	n/a	46	2	n/a	n/a	n/a	n/a	n/a	right
17	547.956	0.377	correct	0.377	grate	n/a	n/a	n/a	n/a	n/a	n/a	46	2	n/a	n/a	n/a	n/a	n/a	right
17	548.856	0.405	correct	0.405	grate	n/a	n/a	n/a	n/a	n/a	n/a	46	2	n/a	n/a	n/a	n/a	n/a	right
17	549.772	0.376	correct	0.376	grate	n/a	n/a	n/a	n/a	n/a	n/a	46	2	n/a	n/a	n/a	n/a	n/a	left
17	550.672	0.365	correct	0.365	grate	n/a	n/a	n/a	n/a	n/a	n/a	46	2	n/a	n/a	n/a	n/a	n/a	left
17	551.556	0.385	correct	0.385	grate	n/a	n/a	n/a	n/a	n/a	n/a	46	2	n/a	n/a	n/a	n/a	n/a	right
17	552.456	0.067	incorrect	0.067	grate	n/a	n/a	n/a	n/a	n/a	n/a	46	2	n/a	n/a	n/a	n/a	n/a	left
17	554.021	3.000	forget	0.491	retrieval	retprac	object	face	scene	competitor	face	47	2	16	64	164	16	554.0	n/a
17	559.055	0.389	correct	0.389	grate	n/a	n/a	n/a	n/a	n/a	n/a	47	2	n/a	n/a	n/a	n/a	n/a	left
17	559.955	0.354	correct	0.354	grate	n/a	n/a	n/a	n/a	n/a	n/a	47	2	n/a	n/a	n/a	n/a	n/a	right
17	560.821	0.295	correct	0.295	grate	n/a	n/a	n/a	n/a	n/a	n/a	47	2	n/a	n/a	n/a	n/a	n/a	left
17	561.638	0.366	correct	0.366	grate	n/a	n/a	n/a	n/a	n/a	n/a	47	2	n/a	n/a	n/a	n/a	n/a	right
17	562.521	0.275	correct	0.275	grate	n/a	n/a	n/a	n/a	n/a	n/a	47	2	n/a	n/a	n/a	n/a	n/a	left
17	563.304	0.316	correct	0.316	grate	n/a	n/a	n/a	n/a	n/a	n/a	47	2	n/a	n/a	n/a	n/a	n/a	right
17	564.138	0.283	correct	0.283	grate	n/a	n/a	n/a	n/a	n/a	n/a	47	2	n/a	n/a	n/a	n/a	n/a	left
17	564.938	0.100	incorrect	0.100	grate	n/a	n/a	n/a	n/a	n/a	n/a	47	2	n/a	n/a	n/a	n/a	n/a	right
17	566.020	3.000	forget	0.332	retrieval	restudy	face	object	scene	competitor	object	48	2	59	11	59	111	566.0	n/a
17	571.054	0.390	correct	0.390	grate	n/a	n/a	n/a	n/a	n/a	n/a	48	2	n/a	n/a	n/a	n/a	n/a	right
17	571.954	0.347	correct	0.347	grate	n/a	n/a	n/a	n/a	n/a	n/a	48	2	n/a	n/a	n/a	n/a	n/a	left
17	572.820	0.448	correct	0.448	grate	n/a	n/a	n/a	n/a	n/a	n/a	48	2	n/a	n/a	n/a	n/a	n/a	left
17	573.787	0.313	correct	0.313	grate	n/a	n/a	n/a	n/a	n/a	n/a	48	2	n/a	n/a	n/a	n/a	n/a	right
17	574.620	0.320	correct	0.320	grate	n/a	n/a	n/a	n/a	n/a	n/a	48	2	n/a	n/a	n/a	n/a	n/a	left
17	575.453	0.319	correct	0.319	grate	n/a	n/a	n/a	n/a	n/a	n/a	48	2	n/a	n/a	n/a	n/a	n/a	right
17	576.286	0.234	incorrect	0.234	grate	n/a	n/a	n/a	n/a	n/a	n/a	48	2	n/a	n/a	n/a	n/a	n/a	left
17	2.008	3.000	remember	0.736	retrieval	restudy	scene	object	face	target	scene	1	3	93	141	293	145	2.0	n/a
17	7.041	0.570	correct	0.570	grate	n/a	n/a	n/a	n/a	n/a	n/a	1	3	n/a	n/a	n/a	n/a	n/a	left
17	8.125	0.439	correct	0.439	grate	n/a	n/a	n/a	n/a	n/a	n/a	1	3	n/a	n/a	n/a	n/a	n/a	left
17	9.074	0.369	correct	0.369	grate	n/a	n/a	n/a	n/a	n/a	n/a	1	3	n/a	n/a	n/a	n/a	n/a	left
17	9.958	0.317	correct	0.317	grate	n/a	n/a	n/a	n/a	n/a	n/a	1	3	n/a	n/a	n/a	n/a	n/a	left
17	10.791	0.333	correct	0.333	grate	n/a	n/a	n/a	n/a	n/a	n/a	1	3	n/a	n/a	n/a	n/a	n/a	left
17	11.641	0.322	correct	0.322	grate	n/a	n/a	n/a	n/a	n/a	n/a	1	3	n/a	n/a	n/a	n/a	n/a	left
17	12.491	0.017	incorrect	0.017	grate	n/a	n/a	n/a	n/a	n/a	n/a	1	3	n/a	n/a	n/a	n/a	n/a	right
17	14.006	3.000	remember	0.328	retrieval	retprac	face	object	scene	target	face	2	3	68	20	68	120	14.0	n/a
17	19.040	0.323	correct	0.323	grate	n/a	n/a	n/a	n/a	n/a	n/a	2	3	n/a	n/a	n/a	n/a	n/a	right
17	19.873	0.281	correct	0.281	grate	n/a	n/a	n/a	n/a	n/a	n/a	2	3	n/a	n/a	n/a	n/a	n/a	left
17	20.673	0.354	correct	0.354	grate	n/a	n/a	n/a	n/a	n/a	n/a	2	3	n/a	n/a	n/a	n/a	n/a	left
17	21.540	0.335	correct	0.335	grate	n/a	n/a	n/a	n/a	n/a	n/a	2	3	n/a	n/a	n/a	n/a	n/a	left
17	22.390	0.341	correct	0.341	grate	n/a	n/a	n/a	n/a	n/a	n/a	2	3	n/a	n/a	n/a	n/a	n/a	left
17	23.240	0.283	incorrect	0.283	grate	n/a	n/a	n/a	n/a	n/a	n/a	2	3	n/a	n/a	n/a	n/a	n/a	right
17	24.040	0.371	correct	0.371	grate	n/a	n/a	n/a	n/a	n/a	n/a	2	3	n/a	n/a	n/a	n/a	n/a	right
17	24.923	0.100	incorrect	0.100	grate	n/a	n/a	n/a	n/a	n/a	n/a	2	3	n/a	n/a	n/a	n/a	n/a	left
17	26.022	3.000	remember	0.528	retrieval	retprac	object	face	scene	target	object	3	3	20	68	168	20	26.0	n/a
17	31.056	0.355	correct	0.355	grate	n/a	n/a	n/a	n/a	n/a	n/a	3	3	n/a	n/a	n/a	n/a	n/a	left
17	31.922	0.529	correct	0.529	grate	n/a	n/a	n/a	n/a	n/a	n/a	3	3	n/a	n/a	n/a	n/a	n/a	left
17	32.972	0.287	correct	0.287	grate	n/a	n/a	n/a	n/a	n/a	n/a	3	3	n/a	n/a	n/a	n/a	n/a	right
17	33.772	0.262	correct	0.262	grate	n/a	n/a	n/a	n/a	n/a	n/a	3	3	n/a	n/a	n/a	n/a	n/a	left
17	34.555	0.352	incorrect	0.352	grate	n/a	n/a	n/a	n/a	n/a	n/a	3	3	n/a	n/a	n/a	n/a	n/a	left
17	35.422	0.380	correct	0.380	grate	n/a	n/a	n/a	n/a	n/a	n/a	3	3	n/a	n/a	n/a	n/a	n/a	right
17	36.322	0.200	incorrect	0.200	grate	n/a	n/a	n/a	n/a	n/a	n/a	3	3	n/a	n/a	n/a	n/a	n/a	left
17	38.021	3.000	remember	0.569	retrieval	retprac	object	face	scene	target	object	4	3	24	72	172	24	38.0	n/a
17	43.055	0.299	correct	0.299	grate	n/a	n/a	n/a	n/a	n/a	n/a	4	3	n/a	n/a	n/a	n/a	n/a	left
17	43.871	0.355	correct	0.355	grate	n/a	n/a	n/a	n/a	n/a	n/a	4	3	n/a	n/a	n/a	n/a	n/a	left
17	44.738	0.312	correct	0.312	grate	n/a	n/a	n/a	n/a	n/a	n/a	4	3	n/a	n/a	n/a	n/a	n/a	left
17	45.571	0.343	correct	0.343	grate	n/a	n/a	n/a	n/a	n/a	n/a	4	3	n/a	n/a	n/a	n/a	n/a	left
17	46.420	0.349	incorrect	0.349	grate	n/a	n/a	n/a	n/a	n/a	n/a	4	3	n/a	n/a	n/a	n/a	n/a	left
17	47.287	0.306	correct	0.306	grate	n/a	n/a	n/a	n/a	n/a	n/a	4	3	n/a	n/a	n/a	n/a	n/a	left
17	48.104	0.330	correct	0.330	grate	n/a	n/a	n/a	n/a	n/a	n/a	4	3	n/a	n/a	n/a	n/a	n/a	right
17	48.954	0.100	incorrect	0.100	grate	n/a	n/a	n/a	n/a	n/a	n/a	4	3	n/a	n/a	n/a	n/a	n/a	right
17	50.020	3.000	remember	0.450	retrieval	retprac	object	scene	face	target	object	5	3	138	90	190	242	50.0	n/a
17	55.053	0.380	correct	0.380	grate	n/a	n/a	n/a	n/a	n/a	n/a	5	3	n/a	n/a	n/a	n/a	n/a	left
17	55.953	0.464	correct	0.464	grate	n/a	n/a	n/a	n/a	n/a	n/a	5	3	n/a	n/a	n/a	n/a	n/a	left
17	56.936	0.385	correct	0.385	grate	n/a	n/a	n/a	n/a	n/a	n/a	5	3	n/a	n/a	n/a	n/a	n/a	left
17	57.836	0.349	correct	0.349	grate	n/a	n/a	n/a	n/a	n/a	n/a	5	3	n/a	n/a	n/a	n/a	n/a	left
17	58.703	1.355	correct	1.355	grate	n/a	n/a	n/a	n/a	n/a	n/a	5	3	n/a	n/a	n/a	n/a	n/a	right
17	60.569	0.100	incorrect	0.100	grate	n/a	n/a	n/a	n/a	n/a	n/a	5	3	n/a	n/a	n/a	n/a	n/a	left
17	62.018	3.000	remember	0.530	retrieval	restudy	object	face	scene	target	object	6	3	21	69	169	21	62.0	n/a
17	67.052	0.374	correct	0.374	grate	n/a	n/a	n/a	n/a	n/a	n/a	6	3	n/a	n/a	n/a	n/a	n/a	right
17	67.952	0.289	correct	0.289	grate	n/a	n/a	n/a	n/a	n/a	n/a	6	3	n/a	n/a	n/a	n/a	n/a	right
17	68.752	0.313	correct	0.313	grate	n/a	n/a	n/a	n/a	n/a	n/a	6	3	n/a	n/a	n/a	n/a	n/a	right
17	69.585	0.384	correct	0.384	grate	n/a	n/a	n/a	n/a	n/a	n/a	6	3	n/a	n/a	n/a	n/a	n/a	left
17	70.485	0.452	correct	0.452	grate	n/a	n/a	n/a	n/a	n/a	n/a	6	3	n/a	n/a	n/a	n/a	n/a	left
17	71.452	0.390	correct	0.390	grate	n/a	n/a	n/a	n/a	n/a	n/a	6	3	n/a	n/a	n/a	n/a	n/a	right
17	72.351	0.167	incorrect	0.167	grate	n/a	n/a	n/a	n/a	n/a	n/a	6	3	n/a	n/a	n/a	n/a	n/a	left
17	74.017	3.000	remember	0.347	retrieval	retprac	face	object	scene	target	face	7	3	66	18	66	118	74.0	n/a
17	79.051	0.398	correct	0.398	grate	n/a	n/a	n/a	n/a	n/a	n/a	7	3	n/a	n/a	n/a	n/a	n/a	right
17	79.967	0.329	correct	0.329	grate	n/a	n/a	n/a	n/a	n/a	n/a	7	3	n/a	n/a	n/a	n/a	n/a	left
17	80.817	0.399	correct	0.399	grate	n/a	n/a	n/a	n/a	n/a	n/a	7	3	n/a	n/a	n/a	n/a	n/a	left
17	81.734	0.371	correct	0.371	grate	n/a	n/a	n/a	n/a	n/a	n/a	7	3	n/a	n/a	n/a	n/a	n/a	right
17	82.617	0.399	correct	0.399	grate	n/a	n/a	n/a	n/a	n/a	n/a	7	3	n/a	n/a	n/a	n/a	n/a	right
17	83.534	0.339	correct	0.339	grate	n/a	n/a	n/a	n/a	n/a	n/a	7	3	n/a	n/a	n/a	n/a	n/a	right
17	84.384	0.133	incorrect	0.133	grate	n/a	n/a	n/a	n/a	n/a	n/a	7	3	n/a	n/a	n/a	n/a	n/a	left
17	86.016	3.000	remember	0.444	retrieval	retprac	scene	object	face	target	scene	8	3	96	144	296	148	86.0	n/a
17	91.049	0.351	correct	0.351	grate	n/a	n/a	n/a	n/a	n/a	n/a	8	3	n/a	n/a	n/a	n/a	n/a	left
17	91.916	0.389	incorrect	0.389	grate	n/a	n/a	n/a	n/a	n/a	n/a	8	3	n/a	n/a	n/a	n/a	n/a	left
17	92.816	0.464	correct	0.464	grate	n/a	n/a	n/a	n/a	n/a	n/a	8	3	n/a	n/a	n/a	n/a	n/a	left
17	93.799	0.345	correct	0.345	grate	n/a	n/a	n/a	n/a	n/a	n/a	8	3	n/a	n/a	n/a	n/a	n/a	left
17	94.666	0.318	correct	0.318	grate	n/a	n/a	n/a	n/a	n/a	n/a	8	3	n/a	n/a	n/a	n/a	n/a	left
17	95.499	0.317	correct	0.317	grate	n/a	n/a	n/a	n/a	n/a	n/a	8	3	n/a	n/a	n/a	n/a	n/a	left
17	96.332	0.183	incorrect	0.183	grate	n/a	n/a	n/a	n/a	n/a	n/a	8	3	n/a	n/a	n/a	n/a	n/a	right
17	98.015	3.000	remember	0.365	retrieval	retprac	face	scene	object	target	face	9	3	118	46	94	222	98.0	n/a
17	103.049	0.399	correct	0.399	grate	n/a	n/a	n/a	n/a	n/a	n/a	9	3	n/a	n/a	n/a	n/a	n/a	right
17	103.965	0.411	correct	0.411	grate	n/a	n/a	n/a	n/a	n/a	n/a	9	3	n/a	n/a	n/a	n/a	n/a	left
17	104.898	0.309	correct	0.309	grate	n/a	n/a	n/a	n/a	n/a	n/a	9	3	n/a	n/a	n/a	n/a	n/a	right
17	105.732	0.388	correct	0.388	grate	n/a	n/a	n/a	n/a	n/a	n/a	9	3	n/a	n/a	n/a	n/a	n/a	right
17	106.631	0.376	correct	0.376	grate	n/a	n/a	n/a	n/a	n/a	n/a	9	3	n/a	n/a	n/a	n/a	n/a	right
17	107.531	0.364	correct	0.364	grate	n/a	n/a	n/a	n/a	n/a	n/a	9	3	n/a	n/a	n/a	n/a	n/a	left
17	108.414	0.100	incorrect	0.100	grate	n/a	n/a	n/a	n/a	n/a	n/a	9	3	n/a	n/a	n/a	n/a	n/a	left
17	110.013	3.000	remember	0.542	retrieval	restudy	scene	face	object	target	scene	10	3	41	113	265	41	110.0	n/a
17	115.047	0.336	correct	0.336	grate	n/a	n/a	n/a	n/a	n/a	n/a	10	3	n/a	n/a	n/a	n/a	n/a	left
17	115.897	0.366	correct	0.366	grate	n/a	n/a	n/a	n/a	n/a	n/a	10	3	n/a	n/a	n/a	n/a	n/a	left
17	116.780	0.340	correct	0.340	grate	n/a	n/a	n/a	n/a	n/a	n/a	10	3	n/a	n/a	n/a	n/a	n/a	left
17	117.630	0.409	correct	0.409	grate	n/a	n/a	n/a	n/a	n/a	n/a	10	3	n/a	n/a	n/a	n/a	n/a	right
17	118.547	0.268	incorrect	0.268	grate	n/a	n/a	n/a	n/a	n/a	n/a	10	3	n/a	n/a	n/a	n/a	n/a	right
17	119.330	0.397	correct	0.397	grate	n/a	n/a	n/a	n/a	n/a	n/a	10	3	n/a	n/a	n/a	n/a	n/a	right
17	120.247	0.267	incorrect	0.267	grate	n/a	n/a	n/a	n/a	n/a	n/a	10	3	n/a	n/a	n/a	n/a	n/a	right
17	122.012	3.000	forget	0.678	retrieval	restudy	scene	face	object	competitor	face	11	3	47	119	271	47	122.0	n/a
17	127.046	0.416	correct	0.416	grate	n/a	n/a	n/a	n/a	n/a	n/a	11	3	n/a	n/a	n/a	n/a	n/a	left
17	127.979	0.363	correct	0.363	grate	n/a	n/a	n/a	n/a	n/a	n/a	11	3	n/a	n/a	n/a	n/a	n/a	right
17	128.862	0.448	correct	0.448	grate	n/a	n/a	n/a	n/a	n/a	n/a	11	3	n/a	n/a	n/a	n/a	n/a	left
17	129.829	0.410	correct	0.410	grate	n/a	n/a	n/a	n/a	n/a	n/a	11	3	n/a	n/a	n/a	n/a	n/a	right
17	130.762	0.356	correct	0.356	grate	n/a	n/a	n/a	n/a	n/a	n/a	11	3	n/a	n/a	n/a	n/a	n/a	right
17	131.629	0.378	correct	0.378	grate	n/a	n/a	n/a	n/a	n/a	n/a	11	3	n/a	n/a	n/a	n/a	n/a	left
17	132.529	0.100	incorrect	0.100	grate	n/a	n/a	n/a	n/a	n/a	n/a	11	3	n/a	n/a	n/a	n/a	n/a	left
17	134.011	3.000	remember	0.607	retrieval	restudy	scene	object	face	target	scene	12	3	89	137	289	141	134.0	n/a
17	139.045	0.393	correct	0.393	grate	n/a	n/a	n/a	n/a	n/a	n/a	12	3	n/a	n/a	n/a	n/a	n/a	right
17	139.961	0.341	correct	0.341	grate	n/a	n/a	n/a	n/a	n/a	n/a	12	3	n/a	n/a	n/a	n/a	n/a	left
17	140.811	0.347	correct	0.347	grate	n/a	n/a	n/a	n/a	n/a	n/a	12	3	n/a	n/a	n/a	n/a	n/a	right
17	141.678	0.304	correct	0.304	grate	n/a	n/a	n/a	n/a	n/a	n/a	12	3	n/a	n/a	n/a	n/a	n/a	left
17	142.494	0.320	correct	0.320	grate	n/a	n/a	n/a	n/a	n/a	n/a	12	3	n/a	n/a	n/a	n/a	n/a	right
17	143.328	0.375	correct	0.375	grate	n/a	n/a	n/a	n/a	n/a	n/a	12	3	n/a	n/a	n/a	n/a	n/a	right
17	144.211	0.300	incorrect	0.300	grate	n/a	n/a	n/a	n/a	n/a	n/a	12	3	n/a	n/a	n/a	n/a	n/a	left
17	146.010	3.000	forget	0.641	retrieval	restudy	object	scene	face	other	face	13	3	139	91	191	243	146.0	n/a
17	151.044	0.314	correct	0.314	grate	n/a	n/a	n/a	n/a	n/a	n/a	13	3	n/a	n/a	n/a	n/a	n/a	left
17	151.877	0.337	correct	0.337	grate	n/a	n/a	n/a	n/a	n/a	n/a	13	3	n/a	n/a	n/a	n/a	n/a	left
17	152.727	0.319	incorrect	0.319	grate	n/a	n/a	n/a	n/a	n/a	n/a	13	3	n/a	n/a	n/a	n/a	n/a	right
17	153.560	0.333	correct	0.333	grate	n/a	n/a	n/a	n/a	n/a	n/a	13	3	n/a	n/a	n/a	n/a	n/a	left
17	154.410	0.372	correct	0.372	grate	n/a	n/a	n/a	n/a	n/a	n/a	13	3	n/a	n/a	n/a	n/a	n/a	right
17	155.293	0.352	correct	0.352	grate	n/a	n/a	n/a	n/a	n/a	n/a	13	3	n/a	n/a	n/a	n/a	n/a	left
17	156.160	0.350	incorrect	0.350	grate	n/a	n/a	n/a	n/a	n/a	n/a	13	3	n/a	n/a	n/a	n/a	n/a	left
17	158.008	3.000	forget	0.400	retrieval	restudy	face	scene	object	competitor	scene	14	3	119	47	95	223	158.0	n/a
17	163.042	0.379	correct	0.379	grate	n/a	n/a	n/a	n/a	n/a	n/a	14	3	n/a	n/a	n/a	n/a	n/a	right
17	163.942	0.439	correct	0.439	grate	n/a	n/a	n/a	n/a	n/a	n/a	14	3	n/a	n/a	n/a	n/a	n/a	right
17	164.892	0.401	correct	0.401	grate	n/a	n/a	n/a	n/a	n/a	n/a	14	3	n/a	n/a	n/a	n/a	n/a	right
17	165.809	0.308	correct	0.308	grate	n/a	n/a	n/a	n/a	n/a	n/a	14	3	n/a	n/a	n/a	n/a	n/a	left
17	166.625	0.316	correct	0.316	grate	n/a	n/a	n/a	n/a	n/a	n/a	14	3	n/a	n/a	n/a	n/a	n/a	right
17	167.458	0.314	correct	0.314	grate	n/a	n/a	n/a	n/a	n/a	n/a	14	3	n/a	n/a	n/a	n/a	n/a	left
17	168.292	0.217	incorrect	0.217	grate	n/a	n/a	n/a	n/a	n/a	n/a	14	3	n/a	n/a	n/a	n/a	n/a	right
17	170.007	3.000	forget	0.665	retrieval	restudy	object	face	scene	competitor	face	15	3	19	67	167	19	170.0	n/a
17	175.041	0.307	correct	0.307	grate	n/a	n/a	n/a	n/a	n/a	n/a	15	3	n/a	n/a	n/a	n/a	n/a	right
17	175.858	0.428	correct	0.428	grate	n/a	n/a	n/a	n/a	n/a	n/a	15	3	n/a	n/a	n/a	n/a	n/a	left
17	176.808	0.277	correct	0.277	grate	n/a	n/a	n/a	n/a	n/a	n/a	15	3	n/a	n/a	n/a	n/a	n/a	right
17	177.607	0.461	correct	0.461	grate	n/a	n/a	n/a	n/a	n/a	n/a	15	3	n/a	n/a	n/a	n/a	n/a	right
17	178.591	0.350	correct	0.350	grate	n/a	n/a	n/a	n/a	n/a	n/a	15	3	n/a	n/a	n/a	n/a	n/a	left
17	179.457	0.547	correct	0.547	grate	n/a	n/a	n/a	n/a	n/a	n/a	15	3	n/a	n/a	n/a	n/a	n/a	left
17	180.524	0.100	incorrect	0.100	grate	n/a	n/a	n/a	n/a	n/a	n/a	15	3	n/a	n/a	n/a	n/a	n/a	right
17	182.006	3.000	remember	0.547	retrieval	retprac	scene	object	face	target	scene	16	3	94	142	294	146	182.0	n/a
17	187.040	0.332	correct	0.332	grate	n/a	n/a	n/a	n/a	n/a	n/a	16	3	n/a	n/a	n/a	n/a	n/a	right
17	187.890	0.419	correct	0.419	grate	n/a	n/a	n/a	n/a	n/a	n/a	16	3	n/a	n/a	n/a	n/a	n/a	right
17	188.823	0.374	correct	0.374	grate	n/a	n/a	n/a	n/a	n/a	n/a	16	3	n/a	n/a	n/a	n/a	n/a	left
17	189.706	0.314	correct	0.314	grate	n/a	n/a	n/a	n/a	n/a	n/a	16	3	n/a	n/a	n/a	n/a	n/a	left
17	190.539	0.385	correct	0.385	grate	n/a	n/a	n/a	n/a	n/a	n/a	16	3	n/a	n/a	n/a	n/a	n/a	right
17	191.439	0.293	correct	0.293	grate	n/a	n/a	n/a	n/a	n/a	n/a	16	3	n/a	n/a	n/a	n/a	n/a	left
17	192.239	0.267	incorrect	0.267	grate	n/a	n/a	n/a	n/a	n/a	n/a	16	3	n/a	n/a	n/a	n/a	n/a	left
17	194.022	3.000	no response	n/a	retrieval	restudy	object	scene	face	no response	no response	17	3	141	93	193	245	194.0	n/a
17	199.055	0.308	correct	0.308	grate	n/a	n/a	n/a	n/a	n/a	n/a	17	3	n/a	n/a	n/a	n/a	n/a	right
17	199.872	0.347	correct	0.347	grate	n/a	n/a	n/a	n/a	n/a	n/a	17	3	n/a	n/a	n/a	n/a	n/a	right
17	200.738	0.401	correct	0.401	grate	n/a	n/a	n/a	n/a	n/a	n/a	17	3	n/a	n/a	n/a	n/a	n/a	left
17	201.655	0.325	correct	0.325	grate	n/a	n/a	n/a	n/a	n/a	n/a	17	3	n/a	n/a	n/a	n/a	n/a	left
17	202.488	0.307	correct	0.307	grate	n/a	n/a	n/a	n/a	n/a	n/a	17	3	n/a	n/a	n/a	n/a	n/a	left
17	203.305	0.394	correct	0.394	grate	n/a	n/a	n/a	n/a	n/a	n/a	17	3	n/a	n/a	n/a	n/a	n/a	right
17	204.221	0.294	correct	0.294	grate	n/a	n/a	n/a	n/a	n/a	n/a	17	3	n/a	n/a	n/a	n/a	n/a	left
17	206.020	3.000	forget	0.650	retrieval	retprac	face	object	scene	competitor	object	18	3	70	22	70	122	206.0	n/a
17	211.054	0.333	correct	0.333	grate	n/a	n/a	n/a	n/a	n/a	n/a	18	3	n/a	n/a	n/a	n/a	n/a	left
17	211.904	0.395	correct	0.395	grate	n/a	n/a	n/a	n/a	n/a	n/a	18	3	n/a	n/a	n/a	n/a	n/a	right
17	212.821	0.278	correct	0.278	grate	n/a	n/a	n/a	n/a	n/a	n/a	18	3	n/a	n/a	n/a	n/a	n/a	left
17	213.620	0.407	correct	0.407	grate	n/a	n/a	n/a	n/a	n/a	n/a	18	3	n/a	n/a	n/a	n/a	n/a	left
17	214.537	1.202	correct	1.202	grate	n/a	n/a	n/a	n/a	n/a	n/a	18	3	n/a	n/a	n/a	n/a	n/a	right
17	216.253	0.267	incorrect	0.267	grate	n/a	n/a	n/a	n/a	n/a	n/a	18	3	n/a	n/a	n/a	n/a	n/a	right
17	218.019	3.000	remember	0.579	retrieval	restudy	face	object	scene	target	face	19	3	67	19	67	119	218.0	n/a
17	223.053	0.550	incorrect	0.550	grate	n/a	n/a	n/a	n/a	n/a	n/a	19	3	n/a	n/a	n/a	n/a	n/a	left
17	224.119	0.627	incorrect	0.627	grate	n/a	n/a	n/a	n/a	n/a	n/a	19	3	n/a	n/a	n/a	n/a	n/a	left
17	225.269	0.397	correct	0.397	grate	n/a	n/a	n/a	n/a	n/a	n/a	19	3	n/a	n/a	n/a	n/a	n/a	right
17	226.186	0.417	correct	0.417	grate	n/a	n/a	n/a	n/a	n/a	n/a	19	3	n/a	n/a	n/a	n/a	n/a	right
17	227.119	0.363	correct	0.363	grate	n/a	n/a	n/a	n/a	n/a	n/a	19	3	n/a	n/a	n/a	n/a	n/a	left
17	228.002	0.320	correct	0.320	grate	n/a	n/a	n/a	n/a	n/a	n/a	19	3	n/a	n/a	n/a	n/a	n/a	right
17	228.836	0.100	incorrect	0.100	grate	n/a	n/a	n/a	n/a	n/a	n/a	19	3	n/a	n/a	n/a	n/a	n/a	right
17	230.018	3.000	forget	0.596	retrieval	restudy	object	scene	face	competitor	scene	20	3	137	89	189	241	230.0	n/a
17	235.052	0.527	correct	0.527	grate	n/a	n/a	n/a	n/a	n/a	n/a	20	3	n/a	n/a	n/a	n/a	n/a	left
17	236.102	0.300	correct	0.300	grate	n/a	n/a	n/a	n/a	n/a	n/a	20	3	n/a	n/a	n/a	n/a	n/a	right
17	236.918	0.380	correct	0.380	grate	n/a	n/a	n/a	n/a	n/a	n/a	20	3	n/a	n/a	n/a	n/a	n/a	right
17	237.818	0.312	correct	0.312	grate	n/a	n/a	n/a	n/a	n/a	n/a	20	3	n/a	n/a	n/a	n/a	n/a	left
17	238.651	0.439	correct	0.439	grate	n/a	n/a	n/a	n/a	n/a	n/a	20	3	n/a	n/a	n/a	n/a	n/a	left
17	239.601	0.281	incorrect	0.281	grate	n/a	n/a	n/a	n/a	n/a	n/a	20	3	n/a	n/a	n/a	n/a	n/a	left
17	240.401	0.117	incorrect	0.117	grate	n/a	n/a	n/a	n/a	n/a	n/a	20	3	n/a	n/a	n/a	n/a	n/a	left
17	242.017	3.000	forget	0.693	retrieval	retprac	object	scene	face	other	face	21	3	144	96	196	248	242.0	n/a
17	247.051	0.383	correct	0.383	grate	n/a	n/a	n/a	n/a	n/a	n/a	21	3	n/a	n/a	n/a	n/a	n/a	right
17	247.950	0.427	correct	0.427	grate	n/a	n/a	n/a	n/a	n/a	n/a	21	3	n/a	n/a	n/a	n/a	n/a	right
17	248.900	0.389	incorrect	0.389	grate	n/a	n/a	n/a	n/a	n/a	n/a	21	3	n/a	n/a	n/a	n/a	n/a	left
17	249.817	0.545	correct	0.545	grate	n/a	n/a	n/a	n/a	n/a	n/a	21	3	n/a	n/a	n/a	n/a	n/a	left
17	250.883	0.382	correct	0.382	grate	n/a	n/a	n/a	n/a	n/a	n/a	21	3	n/a	n/a	n/a	n/a	n/a	left
17	251.783	0.402	correct	0.402	grate	n/a	n/a	n/a	n/a	n/a	n/a	21	3	n/a	n/a	n/a	n/a	n/a	right
17	252.700	0.100	incorrect	0.100	grate	n/a	n/a	n/a	n/a	n/a	n/a	21	3	n/a	n/a	n/a	n/a	n/a	right
17	254.015	3.000	forget	0.478	retrieval	restudy	face	scene	object	other	object	22	3	115	43	91	219	254.0	n/a
17	259.049	0.368	correct	0.368	grate	n/a	n/a	n/a	n/a	n/a	n/a	22	3	n/a	n/a	n/a	n/a	n/a	right
17	259.932	0.380	correct	0.380	grate	n/a	n/a	n/a	n/a	n/a	n/a	22	3	n/a	n/a	n/a	n/a	n/a	right
17	260.832	0.361	correct	0.361	grate	n/a	n/a	n/a	n/a	n/a	n/a	22	3	n/a	n/a	n/a	n/a	n/a	left
17	261.715	0.293	correct	0.293	grate	n/a	n/a	n/a	n/a	n/a	n/a	22	3	n/a	n/a	n/a	n/a	n/a	right
17	262.532	0.317	correct	0.317	grate	n/a	n/a	n/a	n/a	n/a	n/a	22	3	n/a	n/a	n/a	n/a	n/a	left
17	263.365	0.451	correct	0.451	grate	n/a	n/a	n/a	n/a	n/a	n/a	22	3	n/a	n/a	n/a	n/a	n/a	left
17	264.332	0.183	incorrect	0.183	grate	n/a	n/a	n/a	n/a	n/a	n/a	22	3	n/a	n/a	n/a	n/a	n/a	right
17	266.014	3.000	remember	0.318	retrieval	retprac	face	scene	object	target	face	23	3	120	48	96	224	266.0	n/a
17	271.048	0.392	correct	0.392	grate	n/a	n/a	n/a	n/a	n/a	n/a	23	3	n/a	n/a	n/a	n/a	n/a	right
17	271.948	0.397	correct	0.397	grate	n/a	n/a	n/a	n/a	n/a	n/a	23	3	n/a	n/a	n/a	n/a	n/a	right
17	272.864	0.360	correct	0.360	grate	n/a	n/a	n/a	n/a	n/a	n/a	23	3	n/a	n/a	n/a	n/a	n/a	right
17	273.748	0.405	correct	0.405	grate	n/a	n/a	n/a	n/a	n/a	n/a	23	3	n/a	n/a	n/a	n/a	n/a	right
17	274.664	0.328	correct	0.328	grate	n/a	n/a	n/a	n/a	n/a	n/a	23	3	n/a	n/a	n/a	n/a	n/a	right
17	275.514	0.327	correct	0.327	grate	n/a	n/a	n/a	n/a	n/a	n/a	23	3	n/a	n/a	n/a	n/a	n/a	right
17	276.364	0.150	incorrect	0.150	grate	n/a	n/a	n/a	n/a	n/a	n/a	23	3	n/a	n/a	n/a	n/a	n/a	right
17	278.013	3.000	remember	0.351	retrieval	restudy	face	object	scene	target	face	24	3	65	17	65	117	278.0	n/a
17	283.047	0.530	correct	0.530	grate	n/a	n/a	n/a	n/a	n/a	n/a	24	3	n/a	n/a	n/a	n/a	n/a	left
17	284.097	0.383	correct	0.383	grate	n/a	n/a	n/a	n/a	n/a	n/a	24	3	n/a	n/a	n/a	n/a	n/a	left
17	284.997	0.331	correct	0.331	grate	n/a	n/a	n/a	n/a	n/a	n/a	24	3	n/a	n/a	n/a	n/a	n/a	left
17	285.846	0.410	correct	0.410	grate	n/a	n/a	n/a	n/a	n/a	n/a	24	3	n/a	n/a	n/a	n/a	n/a	right
17	286.780	0.300	correct	0.300	grate	n/a	n/a	n/a	n/a	n/a	n/a	24	3	n/a	n/a	n/a	n/a	n/a	right
17	287.596	0.333	correct	0.333	grate	n/a	n/a	n/a	n/a	n/a	n/a	24	3	n/a	n/a	n/a	n/a	n/a	right
17	288.446	0.067	incorrect	0.067	grate	n/a	n/a	n/a	n/a	n/a	n/a	24	3	n/a	n/a	n/a	n/a	n/a	right
17	290.012	3.000	forget	0.568	retrieval	restudy	face	scene	object	competitor	scene	25	3	117	45	93	221	290.0	n/a
17	295.046	0.506	correct	0.506	grate	n/a	n/a	n/a	n/a	n/a	n/a	25	3	n/a	n/a	n/a	n/a	n/a	left
17	296.079	0.393	correct	0.393	grate	n/a	n/a	n/a	n/a	n/a	n/a	25	3	n/a	n/a	n/a	n/a	n/a	left
17	296.978	0.389	correct	0.389	grate	n/a	n/a	n/a	n/a	n/a	n/a	25	3	n/a	n/a	n/a	n/a	n/a	right
17	297.879	0.393	correct	0.393	grate	n/a	n/a	n/a	n/a	n/a	n/a	25	3	n/a	n/a	n/a	n/a	n/a	right
17	298.795	0.317	correct	0.317	grate	n/a	n/a	n/a	n/a	n/a	n/a	25	3	n/a	n/a	n/a	n/a	n/a	right
17	299.628	0.299	correct	0.299	grate	n/a	n/a	n/a	n/a	n/a	n/a	25	3	n/a	n/a	n/a	n/a	n/a	right
17	300.445	0.067	incorrect	0.067	grate	n/a	n/a	n/a	n/a	n/a	n/a	25	3	n/a	n/a	n/a	n/a	n/a	left
17	302.010	3.000	remember	0.544	retrieval	retprac	scene	face	object	target	scene	26	3	46	118	270	46	302.0	n/a
17	307.044	0.338	correct	0.338	grate	n/a	n/a	n/a	n/a	n/a	n/a	26	3	n/a	n/a	n/a	n/a	n/a	left
17	307.894	0.321	correct	0.321	grate	n/a	n/a	n/a	n/a	n/a	n/a	26	3	n/a	n/a	n/a	n/a	n/a	left
17	308.727	0.304	incorrect	0.304	grate	n/a	n/a	n/a	n/a	n/a	n/a	26	3	n/a	n/a	n/a	n/a	n/a	right
17	309.544	0.415	correct	0.415	grate	n/a	n/a	n/a	n/a	n/a	n/a	26	3	n/a	n/a	n/a	n/a	n/a	right
17	310.477	0.346	correct	0.346	grate	n/a	n/a	n/a	n/a	n/a	n/a	26	3	n/a	n/a	n/a	n/a	n/a	right
17	311.344	0.391	correct	0.391	grate	n/a	n/a	n/a	n/a	n/a	n/a	26	3	n/a	n/a	n/a	n/a	n/a	left
17	312.260	0.250	incorrect	0.250	grate	n/a	n/a	n/a	n/a	n/a	n/a	26	3	n/a	n/a	n/a	n/a	n/a	right
17	314.009	3.000	remember	0.409	retrieval	restudy	scene	face	object	target	scene	27	3	45	117	269	45	314.0	n/a
17	319.043	0.372	correct	0.372	grate	n/a	n/a	n/a	n/a	n/a	n/a	27	3	n/a	n/a	n/a	n/a	n/a	left
17	319.926	0.424	correct	0.424	grate	n/a	n/a	n/a	n/a	n/a	n/a	27	3	n/a	n/a	n/a	n/a	n/a	left
17	320.859	0.371	correct	0.371	grate	n/a	n/a	n/a	n/a	n/a	n/a	27	3	n/a	n/a	n/a	n/a	n/a	right
17	321.743	0.305	correct	0.305	grate	n/a	n/a	n/a	n/a	n/a	n/a	27	3	n/a	n/a	n/a	n/a	n/a	left
17	322.559	0.295	correct	0.295	grate	n/a	n/a	n/a	n/a	n/a	n/a	27	3	n/a	n/a	n/a	n/a	n/a	right
17	323.376	0.303	correct	0.303	grate	n/a	n/a	n/a	n/a	n/a	n/a	27	3	n/a	n/a	n/a	n/a	n/a	left
17	324.193	0.294	correct	0.294	grate	n/a	n/a	n/a	n/a	n/a	n/a	27	3	n/a	n/a	n/a	n/a	n/a	right
17	325.009	0.100	incorrect	0.100	grate	n/a	n/a	n/a	n/a	n/a	n/a	27	3	n/a	n/a	n/a	n/a	n/a	right
17	326.008	3.000	remember	0.354	retrieval	retprac	face	scene	object	target	face	28	3	116	44	92	220	326.0	n/a
17	331.042	0.300	correct	0.300	grate	n/a	n/a	n/a	n/a	n/a	n/a	28	3	n/a	n/a	n/a	n/a	n/a	right
17	331.858	0.291	correct	0.291	grate	n/a	n/a	n/a	n/a	n/a	n/a	28	3	n/a	n/a	n/a	n/a	n/a	left
17	332.658	0.260	correct	0.260	grate	n/a	n/a	n/a	n/a	n/a	n/a	28	3	n/a	n/a	n/a	n/a	n/a	right
17	333.442	0.260	incorrect	0.260	grate	n/a	n/a	n/a	n/a	n/a	n/a	28	3	n/a	n/a	n/a	n/a	n/a	right
17	334.225	0.390	correct	0.390	grate	n/a	n/a	n/a	n/a	n/a	n/a	28	3	n/a	n/a	n/a	n/a	n/a	right
17	335.125	0.937	correct	0.937	grate	n/a	n/a	n/a	n/a	n/a	n/a	28	3	n/a	n/a	n/a	n/a	n/a	left
17	336.575	0.100	incorrect	0.100	grate	n/a	n/a	n/a	n/a	n/a	n/a	28	3	n/a	n/a	n/a	n/a	n/a	right
17	338.007	3.000	forget	0.731	retrieval	restudy	face	scene	object	competitor	scene	29	3	113	41	89	217	338.0	n/a
17	343.041	0.293	correct	0.293	grate	n/a	n/a	n/a	n/a	n/a	n/a	29	3	n/a	n/a	n/a	n/a	n/a	left
17	343.857	0.397	correct	0.397	grate	n/a	n/a	n/a	n/a	n/a	n/a	29	3	n/a	n/a	n/a	n/a	n/a	right
17	344.774	0.288	correct	0.288	grate	n/a	n/a	n/a	n/a	n/a	n/a	29	3	n/a	n/a	n/a	n/a	n/a	left
17	345.574	0.409	correct	0.409	grate	n/a	n/a	n/a	n/a	n/a	n/a	29	3	n/a	n/a	n/a	n/a	n/a	left
17	346.490	0.331	incorrect	0.331	grate	n/a	n/a	n/a	n/a	n/a	n/a	29	3	n/a	n/a	n/a	n/a	n/a	right
17	347.340	0.481	correct	0.481	grate	n/a	n/a	n/a	n/a	n/a	n/a	29	3	n/a	n/a	n/a	n/a	n/a	right
17	348.340	0.167	incorrect	0.167	grate	n/a	n/a	n/a	n/a	n/a	n/a	29	3	n/a	n/a	n/a	n/a	n/a	left
17	350.022	3.000	forget	0.243	retrieval	retprac	scene	face	object	competitor	face	30	3	42	114	266	42	350.0	n/a
17	355.056	0.957	correct	0.957	grate	n/a	n/a	n/a	n/a	n/a	n/a	30	3	n/a	n/a	n/a	n/a	n/a	left
17	356.523	0.308	correct	0.308	grate	n/a	n/a	n/a	n/a	n/a	n/a	30	3	n/a	n/a	n/a	n/a	n/a	right
17	357.339	0.418	correct	0.418	grate	n/a	n/a	n/a	n/a	n/a	n/a	30	3	n/a	n/a	n/a	n/a	n/a	right
17	358.272	0.381	correct	0.381	grate	n/a	n/a	n/a	n/a	n/a	n/a	30	3	n/a	n/a	n/a	n/a	n/a	left
17	359.172	0.296	correct	0.296	grate	n/a	n/a	n/a	n/a	n/a	n/a	30	3	n/a	n/a	n/a	n/a	n/a	right
17	359.989	0.320	correct	0.320	grate	n/a	n/a	n/a	n/a	n/a	n/a	30	3	n/a	n/a	n/a	n/a	n/a	left
17	360.822	0.100	incorrect	0.100	grate	n/a	n/a	n/a	n/a	n/a	n/a	30	3	n/a	n/a	n/a	n/a	n/a	right
17	362.021	3.000	remember	0.403	retrieval	restudy	object	face	scene	target	object	31	3	23	71	171	23	362.0	n/a
17	367.055	0.334	correct	0.334	grate	n/a	n/a	n/a	n/a	n/a	n/a	31	3	n/a	n/a	n/a	n/a	n/a	left
17	367.905	0.308	correct	0.308	grate	n/a	n/a	n/a	n/a	n/a	n/a	31	3	n/a	n/a	n/a	n/a	n/a	right
17	368.721	0.283	correct	0.283	grate	n/a	n/a	n/a	n/a	n/a	n/a	31	3	n/a	n/a	n/a	n/a	n/a	left
17	369.521	0.339	correct	0.339	grate	n/a	n/a	n/a	n/a	n/a	n/a	31	3	n/a	n/a	n/a	n/a	n/a	right
17	370.371	0.554	correct	0.554	grate	n/a	n/a	n/a	n/a	n/a	n/a	31	3	n/a	n/a	n/a	n/a	n/a	right
17	371.438	0.439	correct	0.439	grate	n/a	n/a	n/a	n/a	n/a	n/a	31	3	n/a	n/a	n/a	n/a	n/a	right
17	372.388	0.133	incorrect	0.133	grate	n/a	n/a	n/a	n/a	n/a	n/a	31	3	n/a	n/a	n/a	n/a	n/a	right
17	374.020	3.000	remember	0.541	retrieval	retprac	scene	object	face	target	scene	32	3	90	138	290	142	374.0	n/a
17	379.054	0.390	correct	0.390	grate	n/a	n/a	n/a	n/a	n/a	n/a	32	3	n/a	n/a	n/a	n/a	n/a	right
17	379.954	0.402	correct	0.402	grate	n/a	n/a	n/a	n/a	n/a	n/a	32	3	n/a	n/a	n/a	n/a	n/a	left
17	380.870	0.438	correct	0.438	grate	n/a	n/a	n/a	n/a	n/a	n/a	32	3	n/a	n/a	n/a	n/a	n/a	left
17	381.820	0.408	correct	0.408	grate	n/a	n/a	n/a	n/a	n/a	n/a	32	3	n/a	n/a	n/a	n/a	n/a	left
17	382.737	0.356	correct	0.356	grate	n/a	n/a	n/a	n/a	n/a	n/a	32	3	n/a	n/a	n/a	n/a	n/a	left
17	383.620	0.312	correct	0.312	grate	n/a	n/a	n/a	n/a	n/a	n/a	32	3	n/a	n/a	n/a	n/a	n/a	left
17	384.453	0.067	incorrect	0.067	grate	n/a	n/a	n/a	n/a	n/a	n/a	32	3	n/a	n/a	n/a	n/a	n/a	right
17	386.019	3.000	forget	0.581	retrieval	retprac	face	object	scene	competitor	object	33	3	72	24	72	124	386.0	n/a
17	391.053	0.312	correct	0.312	grate	n/a	n/a	n/a	n/a	n/a	n/a	33	3	n/a	n/a	n/a	n/a	n/a	right
17	391.886	0.406	correct	0.406	grate	n/a	n/a	n/a	n/a	n/a	n/a	33	3	n/a	n/a	n/a	n/a	n/a	left
17	392.802	0.394	correct	0.394	grate	n/a	n/a	n/a	n/a	n/a	n/a	33	3	n/a	n/a	n/a	n/a	n/a	left
17	393.719	0.382	correct	0.382	grate	n/a	n/a	n/a	n/a	n/a	n/a	33	3	n/a	n/a	n/a	n/a	n/a	left
17	394.619	0.362	correct	0.362	grate	n/a	n/a	n/a	n/a	n/a	n/a	33	3	n/a	n/a	n/a	n/a	n/a	right
17	395.502	0.461	correct	0.461	grate	n/a	n/a	n/a	n/a	n/a	n/a	33	3	n/a	n/a	n/a	n/a	n/a	right
17	396.485	0.034	incorrect	0.034	grate	n/a	n/a	n/a	n/a	n/a	n/a	33	3	n/a	n/a	n/a	n/a	n/a	right
17	398.017	3.000	forget	0.469	retrieval	retprac	scene	object	face	competitor	object	34	3	92	140	292	144	398.0	n/a
17	403.051	0.520	correct	0.520	grate	n/a	n/a	n/a	n/a	n/a	n/a	34	3	n/a	n/a	n/a	n/a	n/a	left
17	404.084	0.319	correct	0.319	grate	n/a	n/a	n/a	n/a	n/a	n/a	34	3	n/a	n/a	n/a	n/a	n/a	right
17	404.918	0.309	correct	0.309	grate	n/a	n/a	n/a	n/a	n/a	n/a	34	3	n/a	n/a	n/a	n/a	n/a	left
17	405.734	0.413	correct	0.413	grate	n/a	n/a	n/a	n/a	n/a	n/a	34	3	n/a	n/a	n/a	n/a	n/a	left
17	406.667	0.351	correct	0.351	grate	n/a	n/a	n/a	n/a	n/a	n/a	34	3	n/a	n/a	n/a	n/a	n/a	right
17	407.534	0.277	correct	0.277	grate	n/a	n/a	n/a	n/a	n/a	n/a	34	3	n/a	n/a	n/a	n/a	n/a	left
17	408.334	0.184	incorrect	0.184	grate	n/a	n/a	n/a	n/a	n/a	n/a	34	3	n/a	n/a	n/a	n/a	n/a	left
17	410.016	3.000	forget	0.542	retrieval	retprac	object	face	scene	competitor	face	35	3	22	70	170	22	410.0	n/a
17	415.050	0.408	correct	0.408	grate	n/a	n/a	n/a	n/a	n/a	n/a	35	3	n/a	n/a	n/a	n/a	n/a	left
17	415.983	0.347	correct	0.347	grate	n/a	n/a	n/a	n/a	n/a	n/a	35	3	n/a	n/a	n/a	n/a	n/a	left
17	416.850	0.417	correct	0.417	grate	n/a	n/a	n/a	n/a	n/a	n/a	35	3	n/a	n/a	n/a	n/a	n/a	right
17	417.783	0.459	correct	0.459	grate	n/a	n/a	n/a	n/a	n/a	n/a	35	3	n/a	n/a	n/a	n/a	n/a	right
17	418.766	0.493	incorrect	0.493	grate	n/a	n/a	n/a	n/a	n/a	n/a	35	3	n/a	n/a	n/a	n/a	n/a	left
17	419.783	0.484	correct	0.484	grate	n/a	n/a	n/a	n/a	n/a	n/a	35	3	n/a	n/a	n/a	n/a	n/a	left
17	420.783	0.100	incorrect	0.100	grate	n/a	n/a	n/a	n/a	n/a	n/a	35	3	n/a	n/a	n/a	n/a	n/a	left
17	422.015	3.000	forget	0.823	retrieval	restudy	scene	object	face	other	face	36	3	95	143	295	147	422.0	n/a
17	427.049	0.401	correct	0.401	grate	n/a	n/a	n/a	n/a	n/a	n/a	36	3	n/a	n/a	n/a	n/a	n/a	right
17	427.965	0.429	correct	0.429	grate	n/a	n/a	n/a	n/a	n/a	n/a	36	3	n/a	n/a	n/a	n/a	n/a	right
17	428.915	0.368	correct	0.368	grate	n/a	n/a	n/a	n/a	n/a	n/a	36	3	n/a	n/a	n/a	n/a	n/a	left
17	429.798	0.348	correct	0.348	grate	n/a	n/a	n/a	n/a	n/a	n/a	36	3	n/a	n/a	n/a	n/a	n/a	right
17	430.665	0.409	correct	0.409	grate	n/a	n/a	n/a	n/a	n/a	n/a	36	3	n/a	n/a	n/a	n/a	n/a	right
17	431.581	0.356	correct	0.356	grate	n/a	n/a	n/a	n/a	n/a	n/a	36	3	n/a	n/a	n/a	n/a	n/a	right
17	432.448	0.067	incorrect	0.067	grate	n/a	n/a	n/a	n/a	n/a	n/a	36	3	n/a	n/a	n/a	n/a	n/a	left
17	434.014	3.000	remember	0.575	retrieval	retprac	scene	face	object	target	scene	37	3	48	120	272	48	434.0	n/a
17	439.048	0.330	correct	0.330	grate	n/a	n/a	n/a	n/a	n/a	n/a	37	3	n/a	n/a	n/a	n/a	n/a	left
17	439.897	0.344	correct	0.344	grate	n/a	n/a	n/a	n/a	n/a	n/a	37	3	n/a	n/a	n/a	n/a	n/a	right
17	440.764	0.333	correct	0.333	grate	n/a	n/a	n/a	n/a	n/a	n/a	37	3	n/a	n/a	n/a	n/a	n/a	left
17	441.614	0.404	correct	0.404	grate	n/a	n/a	n/a	n/a	n/a	n/a	37	3	n/a	n/a	n/a	n/a	n/a	left
17	442.530	0.295	correct	0.295	grate	n/a	n/a	n/a	n/a	n/a	n/a	37	3	n/a	n/a	n/a	n/a	n/a	right
17	443.347	0.270	correct	0.270	grate	n/a	n/a	n/a	n/a	n/a	n/a	37	3	n/a	n/a	n/a	n/a	n/a	left
17	444.130	0.295	correct	0.295	grate	n/a	n/a	n/a	n/a	n/a	n/a	37	3	n/a	n/a	n/a	n/a	n/a	right
17	444.947	0.100	incorrect	0.100	grate	n/a	n/a	n/a	n/a	n/a	n/a	37	3	n/a	n/a	n/a	n/a	n/a	left
17	446.013	3.000	forget	0.418	retrieval	retprac	scene	face	object	other	object	38	3	44	116	268	44	446.0	n/a
17	451.046	0.379	correct	0.379	grate	n/a	n/a	n/a	n/a	n/a	n/a	38	3	n/a	n/a	n/a	n/a	n/a	right
17	451.946	0.423	correct	0.423	grate	n/a	n/a	n/a	n/a	n/a	n/a	38	3	n/a	n/a	n/a	n/a	n/a	right
17	452.879	0.331	correct	0.331	grate	n/a	n/a	n/a	n/a	n/a	n/a	38	3	n/a	n/a	n/a	n/a	n/a	right
17	453.729	0.392	correct	0.392	grate	n/a	n/a	n/a	n/a	n/a	n/a	38	3	n/a	n/a	n/a	n/a	n/a	left
17	454.646	0.379	correct	0.379	grate	n/a	n/a	n/a	n/a	n/a	n/a	38	3	n/a	n/a	n/a	n/a	n/a	right
17	455.546	0.295	correct	0.295	grate	n/a	n/a	n/a	n/a	n/a	n/a	38	3	n/a	n/a	n/a	n/a	n/a	left
17	456.362	0.150	incorrect	0.150	grate	n/a	n/a	n/a	n/a	n/a	n/a	38	3	n/a	n/a	n/a	n/a	n/a	right
17	458.011	3.000	remember	0.361	retrieval	retprac	object	scene	face	target	object	39	3	140	92	192	244	458.0	n/a
17	463.045	0.405	correct	0.405	grate	n/a	n/a	n/a	n/a	n/a	n/a	39	3	n/a	n/a	n/a	n/a	n/a	left
17	463.961	0.383	correct	0.383	grate	n/a	n/a	n/a	n/a	n/a	n/a	39	3	n/a	n/a	n/a	n/a	n/a	right
17	464.862	0.299	incorrect	0.299	grate	n/a	n/a	n/a	n/a	n/a	n/a	39	3	n/a	n/a	n/a	n/a	n/a	right
17	465.678	0.378	correct	0.378	grate	n/a	n/a	n/a	n/a	n/a	n/a	39	3	n/a	n/a	n/a	n/a	n/a	left
17	466.578	0.303	correct	0.303	grate	n/a	n/a	n/a	n/a	n/a	n/a	39	3	n/a	n/a	n/a	n/a	n/a	right
17	467.395	0.326	correct	0.326	grate	n/a	n/a	n/a	n/a	n/a	n/a	39	3	n/a	n/a	n/a	n/a	n/a	left
17	468.228	0.283	incorrect	0.283	grate	n/a	n/a	n/a	n/a	n/a	n/a	39	3	n/a	n/a	n/a	n/a	n/a	left
17	470.010	3.000	forget	0.562	retrieval	restudy	face	object	scene	other	scene	40	3	69	21	69	121	470.0	n/a
17	475.044	0.357	correct	0.357	grate	n/a	n/a	n/a	n/a	n/a	n/a	40	3	n/a	n/a	n/a	n/a	n/a	left
17	475.910	0.410	correct	0.410	grate	n/a	n/a	n/a	n/a	n/a	n/a	40	3	n/a	n/a	n/a	n/a	n/a	left
17	476.844	0.364	correct	0.364	grate	n/a	n/a	n/a	n/a	n/a	n/a	40	3	n/a	n/a	n/a	n/a	n/a	right
17	477.727	0.321	correct	0.321	grate	n/a	n/a	n/a	n/a	n/a	n/a	40	3	n/a	n/a	n/a	n/a	n/a	right
17	478.560	0.337	correct	0.337	grate	n/a	n/a	n/a	n/a	n/a	n/a	40	3	n/a	n/a	n/a	n/a	n/a	left
17	479.410	0.286	correct	0.286	grate	n/a	n/a	n/a	n/a	n/a	n/a	40	3	n/a	n/a	n/a	n/a	n/a	right
17	480.210	0.300	incorrect	0.300	grate	n/a	n/a	n/a	n/a	n/a	n/a	40	3	n/a	n/a	n/a	n/a	n/a	left
17	482.009	3.000	forget	0.443	retrieval	retprac	object	face	scene	competitor	face	41	3	18	66	166	18	482.0	n/a
17	487.043	0.333	correct	0.333	grate	n/a	n/a	n/a	n/a	n/a	n/a	41	3	n/a	n/a	n/a	n/a	n/a	right
17	487.893	0.324	correct	0.324	grate	n/a	n/a	n/a	n/a	n/a	n/a	41	3	n/a	n/a	n/a	n/a	n/a	left
17	488.726	0.299	correct	0.299	grate	n/a	n/a	n/a	n/a	n/a	n/a	41	3	n/a	n/a	n/a	n/a	n/a	right
17	489.542	0.433	correct	0.433	grate	n/a	n/a	n/a	n/a	n/a	n/a	41	3	n/a	n/a	n/a	n/a	n/a	right
17	490.492	0.395	correct	0.395	grate	n/a	n/a	n/a	n/a	n/a	n/a	41	3	n/a	n/a	n/a	n/a	n/a	right
17	491.409	0.390	correct	0.390	grate	n/a	n/a	n/a	n/a	n/a	n/a	41	3	n/a	n/a	n/a	n/a	n/a	left
17	492.309	0.200	incorrect	0.200	grate	n/a	n/a	n/a	n/a	n/a	n/a	41	3	n/a	n/a	n/a	n/a	n/a	left
17	494.008	3.000	remember	0.459	retrieval	retprac	object	scene	face	target	object	42	3	142	94	194	246	494.0	n/a
17	499.042	0.359	correct	0.359	grate	n/a	n/a	n/a	n/a	n/a	n/a	42	3	n/a	n/a	n/a	n/a	n/a	right
17	499.908	0.283	correct	0.283	grate	n/a	n/a	n/a	n/a	n/a	n/a	42	3	n/a	n/a	n/a	n/a	n/a	left
17	500.708	0.491	correct	0.491	grate	n/a	n/a	n/a	n/a	n/a	n/a	42	3	n/a	n/a	n/a	n/a	n/a	left
17	501.708	0.484	correct	0.484	grate	n/a	n/a	n/a	n/a	n/a	n/a	42	3	n/a	n/a	n/a	n/a	n/a	left
17	502.708	0.355	correct	0.355	grate	n/a	n/a	n/a	n/a	n/a	n/a	42	3	n/a	n/a	n/a	n/a	n/a	left
17	503.574	0.344	correct	0.344	grate	n/a	n/a	n/a	n/a	n/a	n/a	42	3	n/a	n/a	n/a	n/a	n/a	right
17	504.441	0.067	incorrect	0.067	grate	n/a	n/a	n/a	n/a	n/a	n/a	42	3	n/a	n/a	n/a	n/a	n/a	right
17	506.023	3.000	forget	0.467	retrieval	restudy	object	scene	face	competitor	scene	43	3	143	95	195	247	506.0	n/a
17	511.057	0.333	correct	0.333	grate	n/a	n/a	n/a	n/a	n/a	n/a	43	3	n/a	n/a	n/a	n/a	n/a	right
17	511.907	0.348	incorrect	0.348	grate	n/a	n/a	n/a	n/a	n/a	n/a	43	3	n/a	n/a	n/a	n/a	n/a	right
17	512.773	0.361	correct	0.361	grate	n/a	n/a	n/a	n/a	n/a	n/a	43	3	n/a	n/a	n/a	n/a	n/a	right
17	513.657	0.326	correct	0.326	grate	n/a	n/a	n/a	n/a	n/a	n/a	43	3	n/a	n/a	n/a	n/a	n/a	right
17	514.490	0.341	correct	0.341	grate	n/a	n/a	n/a	n/a	n/a	n/a	43	3	n/a	n/a	n/a	n/a	n/a	right
17	515.340	0.284	correct	0.284	grate	n/a	n/a	n/a	n/a	n/a	n/a	43	3	n/a	n/a	n/a	n/a	n/a	right
17	516.140	0.259	correct	0.259	grate	n/a	n/a	n/a	n/a	n/a	n/a	43	3	n/a	n/a	n/a	n/a	n/a	right
17	516.923	0.100	incorrect	0.100	grate	n/a	n/a	n/a	n/a	n/a	n/a	43	3	n/a	n/a	n/a	n/a	n/a	right
17	518.022	3.000	remember	0.724	retrieval	restudy	scene	face	object	target	scene	44	3	43	115	267	43	518.0	n/a
17	523.056	0.542	correct	0.542	grate	n/a	n/a	n/a	n/a	n/a	n/a	44	3	n/a	n/a	n/a	n/a	n/a	left
17	524.122	0.325	correct	0.325	grate	n/a	n/a	n/a	n/a	n/a	n/a	44	3	n/a	n/a	n/a	n/a	n/a	left
17	524.955	0.291	correct	0.291	grate	n/a	n/a	n/a	n/a	n/a	n/a	44	3	n/a	n/a	n/a	n/a	n/a	left
17	525.755	0.299	correct	0.299	grate	n/a	n/a	n/a	n/a	n/a	n/a	44	3	n/a	n/a	n/a	n/a	n/a	left
17	526.572	0.386	correct	0.386	grate	n/a	n/a	n/a	n/a	n/a	n/a	44	3	n/a	n/a	n/a	n/a	n/a	right
17	527.472	0.438	correct	0.438	grate	n/a	n/a	n/a	n/a	n/a	n/a	44	3	n/a	n/a	n/a	n/a	n/a	right
17	528.422	0.100	incorrect	0.100	grate	n/a	n/a	n/a	n/a	n/a	n/a	44	3	n/a	n/a	n/a	n/a	n/a	right
17	530.021	3.000	remember	0.461	retrieval	restudy	face	object	scene	target	face	45	3	71	23	71	123	530.0	n/a
17	535.055	0.303	correct	0.303	grate	n/a	n/a	n/a	n/a	n/a	n/a	45	3	n/a	n/a	n/a	n/a	n/a	right
17	535.871	0.311	correct	0.311	grate	n/a	n/a	n/a	n/a	n/a	n/a	45	3	n/a	n/a	n/a	n/a	n/a	right
17	536.704	0.277	correct	0.277	grate	n/a	n/a	n/a	n/a	n/a	n/a	45	3	n/a	n/a	n/a	n/a	n/a	right
17	537.504	0.238	incorrect	0.238	grate	n/a	n/a	n/a	n/a	n/a	n/a	45	3	n/a	n/a	n/a	n/a	n/a	left
17	538.254	0.311	correct	0.311	grate	n/a	n/a	n/a	n/a	n/a	n/a	45	3	n/a	n/a	n/a	n/a	n/a	right
17	539.087	0.310	correct	0.310	grate	n/a	n/a	n/a	n/a	n/a	n/a	45	3	n/a	n/a	n/a	n/a	n/a	left
17	539.921	0.293	correct	0.293	grate	n/a	n/a	n/a	n/a	n/a	n/a	45	3	n/a	n/a	n/a	n/a	n/a	right
17	540.720	0.100	incorrect	0.100	grate	n/a	n/a	n/a	n/a	n/a	n/a	45	3	n/a	n/a	n/a	n/a	n/a	right
17	542.019	3.000	remember	0.495	retrieval	restudy	scene	object	face	target	scene	46	3	91	139	291	143	542.0	n/a
17	547.053	0.424	correct	0.424	grate	n/a	n/a	n/a	n/a	n/a	n/a	46	3	n/a	n/a	n/a	n/a	n/a	right
17	547.986	0.386	correct	0.386	grate	n/a	n/a	n/a	n/a	n/a	n/a	46	3	n/a	n/a	n/a	n/a	n/a	right
17	548.886	0.462	correct	0.462	grate	n/a	n/a	n/a	n/a	n/a	n/a	46	3	n/a	n/a	n/a	n/a	n/a	left
17	549.870	0.448	correct	0.448	grate	n/a	n/a	n/a	n/a	n/a	n/a	46	3	n/a	n/a	n/a	n/a	n/a	right
17	550.836	0.378	correct	0.378	grate	n/a	n/a	n/a	n/a	n/a	n/a	46	3	n/a	n/a	n/a	n/a	n/a	right
17	551.736	0.437	correct	0.437	grate	n/a	n/a	n/a	n/a	n/a	n/a	46	3	n/a	n/a	n/a	n/a	n/a	left
17	552.686	0.100	incorrect	0.100	grate	n/a	n/a	n/a	n/a	n/a	n/a	46	3	n/a	n/a	n/a	n/a	n/a	right
17	554.018	3.000	remember	0.518	retrieval	restudy	object	face	scene	target	object	47	3	17	65	165	17	554.0	n/a
17	559.052	0.440	correct	0.440	grate	n/a	n/a	n/a	n/a	n/a	n/a	47	3	n/a	n/a	n/a	n/a	n/a	left
17	560.002	0.395	correct	0.395	grate	n/a	n/a	n/a	n/a	n/a	n/a	47	3	n/a	n/a	n/a	n/a	n/a	left
17	560.918	0.366	correct	0.366	grate	n/a	n/a	n/a	n/a	n/a	n/a	47	3	n/a	n/a	n/a	n/a	n/a	right
17	561.802	0.387	correct	0.387	grate	n/a	n/a	n/a	n/a	n/a	n/a	47	3	n/a	n/a	n/a	n/a	n/a	right
17	562.702	0.344	correct	0.344	grate	n/a	n/a	n/a	n/a	n/a	n/a	47	3	n/a	n/a	n/a	n/a	n/a	left
17	563.568	0.388	correct	0.388	grate	n/a	n/a	n/a	n/a	n/a	n/a	47	3	n/a	n/a	n/a	n/a	n/a	left
17	564.468	0.051	incorrect	0.051	grate	n/a	n/a	n/a	n/a	n/a	n/a	47	3	n/a	n/a	n/a	n/a	n/a	left
17	566.017	3.000	forget	0.416	retrieval	retprac	face	scene	object	competitor	scene	48	3	114	42	90	218	566.0	n/a
17	571.051	0.409	correct	0.409	grate	n/a	n/a	n/a	n/a	n/a	n/a	48	3	n/a	n/a	n/a	n/a	n/a	left
17	571.967	0.389	correct	0.389	grate	n/a	n/a	n/a	n/a	n/a	n/a	48	3	n/a	n/a	n/a	n/a	n/a	left
17	572.867	0.337	correct	0.337	grate	n/a	n/a	n/a	n/a	n/a	n/a	48	3	n/a	n/a	n/a	n/a	n/a	left
17	573.717	0.327	incorrect	0.327	grate	n/a	n/a	n/a	n/a	n/a	n/a	48	3	n/a	n/a	n/a	n/a	n/a	right
17	574.567	0.389	correct	0.389	grate	n/a	n/a	n/a	n/a	n/a	n/a	48	3	n/a	n/a	n/a	n/a	n/a	left
17	575.467	0.362	correct	0.362	grate	n/a	n/a	n/a	n/a	n/a	n/a	48	3	n/a	n/a	n/a	n/a	n/a	left
17	576.350	0.167	incorrect	0.167	grate	n/a	n/a	n/a	n/a	n/a	n/a	48	3	n/a	n/a	n/a	n/a	n/a	right
