sub_id	onset	duration	trial_type	response_time	task_type	update_cond	cate_c	cate_b	cate_o	response_type	response	trial_id	run_id	word_id	img_id	stim_c	stim_b	design_onset	grate_orientation
18	2.010	3.000	remember	0.309	retrieval	restudy	object	scene	face	target	object	1	1	128	80	180	232	2.0	n/a
18	7.044	0.569	correct	0.569	grate	n/a	n/a	n/a	n/a	n/a	n/a	1	1	n/a	n/a	n/a	n/a	n/a	left
18	8.127	0.324	correct	0.324	grate	n/a	n/a	n/a	n/a	n/a	n/a	1	1	n/a	n/a	n/a	n/a	n/a	right
18	8.960	0.412	correct	0.412	grate	n/a	n/a	n/a	n/a	n/a	n/a	1	1	n/a	n/a	n/a	n/a	n/a	right
18	9.893	0.414	correct	0.414	grate	n/a	n/a	n/a	n/a	n/a	n/a	1	1	n/a	n/a	n/a	n/a	n/a	right
18	10.827	0.377	correct	0.377	grate	n/a	n/a	n/a	n/a	n/a	n/a	1	1	n/a	n/a	n/a	n/a	n/a	right
18	11.726	0.341	correct	0.341	grate	n/a	n/a	n/a	n/a	n/a	n/a	1	1	n/a	n/a	n/a	n/a	n/a	right
18	12.576	0.100	incorrect	0.100	grate	n/a	n/a	n/a	n/a	n/a	n/a	1	1	n/a	n/a	n/a	n/a	n/a	left
18	14.009	3.000	forget	0.374	retrieval	restudy	object	face	scene	competitor	face	2	1	6	54	154	6	14.0	n/a
18	19.043	0.560	correct	0.560	grate	n/a	n/a	n/a	n/a	n/a	n/a	2	1	n/a	n/a	n/a	n/a	n/a	right
18	20.126	0.461	correct	0.461	grate	n/a	n/a	n/a	n/a	n/a	n/a	2	1	n/a	n/a	n/a	n/a	n/a	left
18	21.109	0.406	correct	0.406	grate	n/a	n/a	n/a	n/a	n/a	n/a	2	1	n/a	n/a	n/a	n/a	n/a	left
18	22.025	0.298	incorrect	0.298	grate	n/a	n/a	n/a	n/a	n/a	n/a	2	1	n/a	n/a	n/a	n/a	n/a	right
18	22.842	0.593	correct	0.593	grate	n/a	n/a	n/a	n/a	n/a	n/a	2	1	n/a	n/a	n/a	n/a	n/a	right
18	23.942	0.389	correct	0.389	grate	n/a	n/a	n/a	n/a	n/a	n/a	2	1	n/a	n/a	n/a	n/a	n/a	right
18	24.842	0.100	incorrect	0.100	grate	n/a	n/a	n/a	n/a	n/a	n/a	2	1	n/a	n/a	n/a	n/a	n/a	right
18	26.024	3.000	remember	0.526	retrieval	restudy	scene	face	object	target	scene	3	1	32	104	256	32	26.0	n/a
18	31.058	0.505	correct	0.505	grate	n/a	n/a	n/a	n/a	n/a	n/a	3	1	n/a	n/a	n/a	n/a	n/a	right
18	32.074	0.360	correct	0.360	grate	n/a	n/a	n/a	n/a	n/a	n/a	3	1	n/a	n/a	n/a	n/a	n/a	right
18	32.958	0.445	correct	0.445	grate	n/a	n/a	n/a	n/a	n/a	n/a	3	1	n/a	n/a	n/a	n/a	n/a	left
18	33.924	0.518	correct	0.518	grate	n/a	n/a	n/a	n/a	n/a	n/a	3	1	n/a	n/a	n/a	n/a	n/a	right
18	34.957	0.389	incorrect	0.389	grate	n/a	n/a	n/a	n/a	n/a	n/a	3	1	n/a	n/a	n/a	n/a	n/a	right
18	35.857	0.473	correct	0.473	grate	n/a	n/a	n/a	n/a	n/a	n/a	3	1	n/a	n/a	n/a	n/a	n/a	right
18	36.841	0.100	incorrect	0.100	grate	n/a	n/a	n/a	n/a	n/a	n/a	3	1	n/a	n/a	n/a	n/a	n/a	right
18	38.006	3.000	forget	0.639	retrieval	retprac	face	object	scene	competitor	object	4	1	55	7	55	107	38.0	n/a
18	43.040	0.482	correct	0.482	grate	n/a	n/a	n/a	n/a	n/a	n/a	4	1	n/a	n/a	n/a	n/a	n/a	right
18	44.040	0.435	correct	0.435	grate	n/a	n/a	n/a	n/a	n/a	n/a	4	1	n/a	n/a	n/a	n/a	n/a	left
18	44.990	0.396	correct	0.396	grate	n/a	n/a	n/a	n/a	n/a	n/a	4	1	n/a	n/a	n/a	n/a	n/a	left
18	45.906	0.375	correct	0.375	grate	n/a	n/a	n/a	n/a	n/a	n/a	4	1	n/a	n/a	n/a	n/a	n/a	left
18	46.790	0.444	correct	0.444	grate	n/a	n/a	n/a	n/a	n/a	n/a	4	1	n/a	n/a	n/a	n/a	n/a	right
18	47.756	0.446	correct	0.446	grate	n/a	n/a	n/a	n/a	n/a	n/a	4	1	n/a	n/a	n/a	n/a	n/a	left
18	48.723	0.100	incorrect	0.100	grate	n/a	n/a	n/a	n/a	n/a	n/a	4	1	n/a	n/a	n/a	n/a	n/a	left
18	50.022	3.000	remember	0.416	retrieval	restudy	face	scene	object	target	face	5	1	102	30	78	206	50.0	n/a
18	55.056	0.522	correct	0.522	grate	n/a	n/a	n/a	n/a	n/a	n/a	5	1	n/a	n/a	n/a	n/a	n/a	right
18	56.089	0.369	correct	0.369	grate	n/a	n/a	n/a	n/a	n/a	n/a	5	1	n/a	n/a	n/a	n/a	n/a	right
18	56.972	0.319	correct	0.319	grate	n/a	n/a	n/a	n/a	n/a	n/a	5	1	n/a	n/a	n/a	n/a	n/a	right
18	57.805	0.316	correct	0.316	grate	n/a	n/a	n/a	n/a	n/a	n/a	5	1	n/a	n/a	n/a	n/a	n/a	right
18	58.638	0.371	correct	0.371	grate	n/a	n/a	n/a	n/a	n/a	n/a	5	1	n/a	n/a	n/a	n/a	n/a	left
18	59.521	0.408	incorrect	0.408	grate	n/a	n/a	n/a	n/a	n/a	n/a	5	1	n/a	n/a	n/a	n/a	n/a	left
18	60.438	0.083	incorrect	0.083	grate	n/a	n/a	n/a	n/a	n/a	n/a	5	1	n/a	n/a	n/a	n/a	n/a	left
18	62.020	3.000	forget	0.664	retrieval	retprac	scene	object	face	other	face	6	1	73	121	273	125	62.0	n/a
18	67.054	0.347	incorrect	0.347	grate	n/a	n/a	n/a	n/a	n/a	n/a	6	1	n/a	n/a	n/a	n/a	n/a	left
18	67.921	0.512	correct	0.512	grate	n/a	n/a	n/a	n/a	n/a	n/a	6	1	n/a	n/a	n/a	n/a	n/a	left
18	68.954	0.480	correct	0.480	grate	n/a	n/a	n/a	n/a	n/a	n/a	6	1	n/a	n/a	n/a	n/a	n/a	right
18	69.954	0.431	correct	0.431	grate	n/a	n/a	n/a	n/a	n/a	n/a	6	1	n/a	n/a	n/a	n/a	n/a	right
18	70.904	0.465	correct	0.465	grate	n/a	n/a	n/a	n/a	n/a	n/a	6	1	n/a	n/a	n/a	n/a	n/a	left
18	71.887	0.386	correct	0.386	grate	n/a	n/a	n/a	n/a	n/a	n/a	6	1	n/a	n/a	n/a	n/a	n/a	right
18	72.787	0.100	incorrect	0.100	grate	n/a	n/a	n/a	n/a	n/a	n/a	6	1	n/a	n/a	n/a	n/a	n/a	right
18	74.019	3.000	forget	0.585	retrieval	retprac	scene	face	object	competitor	face	7	1	25	97	249	25	74.0	n/a
18	79.053	0.371	correct	0.371	grate	n/a	n/a	n/a	n/a	n/a	n/a	7	1	n/a	n/a	n/a	n/a	n/a	right
18	79.936	0.425	correct	0.425	grate	n/a	n/a	n/a	n/a	n/a	n/a	7	1	n/a	n/a	n/a	n/a	n/a	left
18	80.869	0.411	correct	0.411	grate	n/a	n/a	n/a	n/a	n/a	n/a	7	1	n/a	n/a	n/a	n/a	n/a	right
18	81.803	0.406	correct	0.406	grate	n/a	n/a	n/a	n/a	n/a	n/a	7	1	n/a	n/a	n/a	n/a	n/a	left
18	82.719	0.441	correct	0.441	grate	n/a	n/a	n/a	n/a	n/a	n/a	7	1	n/a	n/a	n/a	n/a	n/a	right
18	83.669	0.443	correct	0.443	grate	n/a	n/a	n/a	n/a	n/a	n/a	7	1	n/a	n/a	n/a	n/a	n/a	left
18	84.636	0.100	incorrect	0.100	grate	n/a	n/a	n/a	n/a	n/a	n/a	7	1	n/a	n/a	n/a	n/a	n/a	right
18	86.018	3.000	forget	0.722	retrieval	retprac	scene	face	object	competitor	face	8	1	27	99	251	27	86.0	n/a
18	91.052	0.420	correct	0.420	grate	n/a	n/a	n/a	n/a	n/a	n/a	8	1	n/a	n/a	n/a	n/a	n/a	right
18	91.985	0.423	correct	0.423	grate	n/a	n/a	n/a	n/a	n/a	n/a	8	1	n/a	n/a	n/a	n/a	n/a	right
18	92.918	0.338	correct	0.338	grate	n/a	n/a	n/a	n/a	n/a	n/a	8	1	n/a	n/a	n/a	n/a	n/a	right
18	93.768	0.448	correct	0.448	grate	n/a	n/a	n/a	n/a	n/a	n/a	8	1	n/a	n/a	n/a	n/a	n/a	left
18	94.735	0.513	incorrect	0.513	grate	n/a	n/a	n/a	n/a	n/a	n/a	8	1	n/a	n/a	n/a	n/a	n/a	left
18	95.768	0.416	correct	0.416	grate	n/a	n/a	n/a	n/a	n/a	n/a	8	1	n/a	n/a	n/a	n/a	n/a	left
18	96.701	0.100	incorrect	0.100	grate	n/a	n/a	n/a	n/a	n/a	n/a	8	1	n/a	n/a	n/a	n/a	n/a	right
18	98.017	3.000	don't know	0.611	retrieval	restudy	scene	object	face	don't know	don't know	9	1	76	124	276	128	98.0	n/a
18	103.051	0.677	correct	0.677	grate	n/a	n/a	n/a	n/a	n/a	n/a	9	1	n/a	n/a	n/a	n/a	n/a	right
18	104.250	0.421	correct	0.421	grate	n/a	n/a	n/a	n/a	n/a	n/a	9	1	n/a	n/a	n/a	n/a	n/a	right
18	105.184	0.480	correct	0.480	grate	n/a	n/a	n/a	n/a	n/a	n/a	9	1	n/a	n/a	n/a	n/a	n/a	left
18	106.183	0.368	correct	0.368	grate	n/a	n/a	n/a	n/a	n/a	n/a	9	1	n/a	n/a	n/a	n/a	n/a	left
18	107.067	0.342	correct	0.342	grate	n/a	n/a	n/a	n/a	n/a	n/a	9	1	n/a	n/a	n/a	n/a	n/a	left
18	107.917	0.395	correct	0.395	grate	n/a	n/a	n/a	n/a	n/a	n/a	9	1	n/a	n/a	n/a	n/a	n/a	left
18	108.833	0.100	incorrect	0.100	grate	n/a	n/a	n/a	n/a	n/a	n/a	9	1	n/a	n/a	n/a	n/a	n/a	left
18	110.016	3.000	forget	0.707	retrieval	retprac	scene	object	face	competitor	object	10	1	79	127	279	131	110.0	n/a
18	115.049	0.574	correct	0.574	grate	n/a	n/a	n/a	n/a	n/a	n/a	10	1	n/a	n/a	n/a	n/a	n/a	right
18	116.132	0.506	correct	0.506	grate	n/a	n/a	n/a	n/a	n/a	n/a	10	1	n/a	n/a	n/a	n/a	n/a	right
18	117.149	0.474	correct	0.474	grate	n/a	n/a	n/a	n/a	n/a	n/a	10	1	n/a	n/a	n/a	n/a	n/a	right
18	118.132	0.531	correct	0.531	grate	n/a	n/a	n/a	n/a	n/a	n/a	10	1	n/a	n/a	n/a	n/a	n/a	left
18	119.182	0.457	correct	0.457	grate	n/a	n/a	n/a	n/a	n/a	n/a	10	1	n/a	n/a	n/a	n/a	n/a	right
18	120.149	0.367	incorrect	0.367	grate	n/a	n/a	n/a	n/a	n/a	n/a	10	1	n/a	n/a	n/a	n/a	n/a	left
18	122.014	3.000	forget	0.972	retrieval	restudy	face	object	scene	other	scene	11	1	56	8	56	108	122.0	n/a
18	127.048	0.542	correct	0.542	grate	n/a	n/a	n/a	n/a	n/a	n/a	11	1	n/a	n/a	n/a	n/a	n/a	right
18	128.098	0.396	correct	0.396	grate	n/a	n/a	n/a	n/a	n/a	n/a	11	1	n/a	n/a	n/a	n/a	n/a	right
18	129.015	0.513	correct	0.513	grate	n/a	n/a	n/a	n/a	n/a	n/a	11	1	n/a	n/a	n/a	n/a	n/a	left
18	130.048	0.639	correct	0.639	grate	n/a	n/a	n/a	n/a	n/a	n/a	11	1	n/a	n/a	n/a	n/a	n/a	right
18	131.198	0.401	correct	0.401	grate	n/a	n/a	n/a	n/a	n/a	n/a	11	1	n/a	n/a	n/a	n/a	n/a	left
18	132.114	0.400	incorrect	0.400	grate	n/a	n/a	n/a	n/a	n/a	n/a	11	1	n/a	n/a	n/a	n/a	n/a	left
18	134.013	3.000	forget	0.573	retrieval	restudy	object	scene	face	competitor	scene	12	1	126	78	178	230	134.0	n/a
18	139.047	0.359	correct	0.359	grate	n/a	n/a	n/a	n/a	n/a	n/a	12	1	n/a	n/a	n/a	n/a	n/a	right
18	139.930	0.444	correct	0.444	grate	n/a	n/a	n/a	n/a	n/a	n/a	12	1	n/a	n/a	n/a	n/a	n/a	left
18	140.897	0.414	correct	0.414	grate	n/a	n/a	n/a	n/a	n/a	n/a	12	1	n/a	n/a	n/a	n/a	n/a	left
18	141.830	0.456	correct	0.456	grate	n/a	n/a	n/a	n/a	n/a	n/a	12	1	n/a	n/a	n/a	n/a	n/a	right
18	142.796	0.625	correct	0.625	grate	n/a	n/a	n/a	n/a	n/a	n/a	12	1	n/a	n/a	n/a	n/a	n/a	right
18	143.946	0.567	incorrect	0.567	grate	n/a	n/a	n/a	n/a	n/a	n/a	12	1	n/a	n/a	n/a	n/a	n/a	left
18	146.012	3.000	no response	n/a	retrieval	retprac	object	scene	face	no response	no response	13	1	121	73	173	225	146.0	n/a
18	151.046	0.480	correct	0.480	grate	n/a	n/a	n/a	n/a	n/a	n/a	13	1	n/a	n/a	n/a	n/a	n/a	left
18	152.046	0.384	correct	0.384	grate	n/a	n/a	n/a	n/a	n/a	n/a	13	1	n/a	n/a	n/a	n/a	n/a	left
18	152.945	0.428	correct	0.428	grate	n/a	n/a	n/a	n/a	n/a	n/a	13	1	n/a	n/a	n/a	n/a	n/a	left
18	153.895	0.398	correct	0.398	grate	n/a	n/a	n/a	n/a	n/a	n/a	13	1	n/a	n/a	n/a	n/a	n/a	right
18	154.812	0.465	correct	0.465	grate	n/a	n/a	n/a	n/a	n/a	n/a	13	1	n/a	n/a	n/a	n/a	n/a	right
18	155.795	0.378	correct	0.378	grate	n/a	n/a	n/a	n/a	n/a	n/a	13	1	n/a	n/a	n/a	n/a	n/a	right
18	156.695	0.100	incorrect	0.100	grate	n/a	n/a	n/a	n/a	n/a	n/a	13	1	n/a	n/a	n/a	n/a	n/a	left
18	158.011	3.000	forget	0.358	retrieval	retprac	object	face	scene	competitor	face	14	1	3	51	151	3	158.0	n/a
18	163.044	0.392	correct	0.392	grate	n/a	n/a	n/a	n/a	n/a	n/a	14	1	n/a	n/a	n/a	n/a	n/a	right
18	163.944	0.493	correct	0.493	grate	n/a	n/a	n/a	n/a	n/a	n/a	14	1	n/a	n/a	n/a	n/a	n/a	left
18	164.944	0.374	correct	0.374	grate	n/a	n/a	n/a	n/a	n/a	n/a	14	1	n/a	n/a	n/a	n/a	n/a	left
18	165.844	0.401	correct	0.401	grate	n/a	n/a	n/a	n/a	n/a	n/a	14	1	n/a	n/a	n/a	n/a	n/a	left
18	166.760	0.380	correct	0.380	grate	n/a	n/a	n/a	n/a	n/a	n/a	14	1	n/a	n/a	n/a	n/a	n/a	left
18	167.660	0.320	incorrect	0.320	grate	n/a	n/a	n/a	n/a	n/a	n/a	14	1	n/a	n/a	n/a	n/a	n/a	right
18	168.494	0.017	incorrect	0.017	grate	n/a	n/a	n/a	n/a	n/a	n/a	14	1	n/a	n/a	n/a	n/a	n/a	right
18	170.009	3.000	remember	0.408	retrieval	retprac	scene	face	object	target	scene	15	1	31	103	255	31	170.0	n/a
18	175.044	0.385	correct	0.385	grate	n/a	n/a	n/a	n/a	n/a	n/a	15	1	n/a	n/a	n/a	n/a	n/a	right
18	175.943	0.501	correct	0.501	grate	n/a	n/a	n/a	n/a	n/a	n/a	15	1	n/a	n/a	n/a	n/a	n/a	left
18	176.960	0.469	correct	0.469	grate	n/a	n/a	n/a	n/a	n/a	n/a	15	1	n/a	n/a	n/a	n/a	n/a	left
18	177.943	0.350	correct	0.350	grate	n/a	n/a	n/a	n/a	n/a	n/a	15	1	n/a	n/a	n/a	n/a	n/a	left
18	178.809	0.420	correct	0.420	grate	n/a	n/a	n/a	n/a	n/a	n/a	15	1	n/a	n/a	n/a	n/a	n/a	right
18	179.743	0.382	correct	0.382	grate	n/a	n/a	n/a	n/a	n/a	n/a	15	1	n/a	n/a	n/a	n/a	n/a	left
18	180.643	0.100	incorrect	0.100	grate	n/a	n/a	n/a	n/a	n/a	n/a	15	1	n/a	n/a	n/a	n/a	n/a	left
18	182.008	3.000	remember	0.360	retrieval	retprac	face	object	scene	target	face	16	1	51	3	51	103	182.0	n/a
18	187.043	0.442	correct	0.442	grate	n/a	n/a	n/a	n/a	n/a	n/a	16	1	n/a	n/a	n/a	n/a	n/a	left
18	187.992	0.404	correct	0.404	grate	n/a	n/a	n/a	n/a	n/a	n/a	16	1	n/a	n/a	n/a	n/a	n/a	right
18	188.908	0.391	correct	0.391	grate	n/a	n/a	n/a	n/a	n/a	n/a	16	1	n/a	n/a	n/a	n/a	n/a	right
18	189.808	0.404	correct	0.404	grate	n/a	n/a	n/a	n/a	n/a	n/a	16	1	n/a	n/a	n/a	n/a	n/a	left
18	190.725	0.407	correct	0.407	grate	n/a	n/a	n/a	n/a	n/a	n/a	16	1	n/a	n/a	n/a	n/a	n/a	left
18	191.641	0.434	correct	0.434	grate	n/a	n/a	n/a	n/a	n/a	n/a	16	1	n/a	n/a	n/a	n/a	n/a	left
18	192.591	0.100	incorrect	0.100	grate	n/a	n/a	n/a	n/a	n/a	n/a	16	1	n/a	n/a	n/a	n/a	n/a	left
18	194.007	3.000	forget	0.800	retrieval	restudy	object	scene	face	other	face	17	1	124	76	176	228	194.0	n/a
18	199.041	0.450	correct	0.450	grate	n/a	n/a	n/a	n/a	n/a	n/a	17	1	n/a	n/a	n/a	n/a	n/a	left
18	200.007	0.445	correct	0.445	grate	n/a	n/a	n/a	n/a	n/a	n/a	17	1	n/a	n/a	n/a	n/a	n/a	left
18	200.974	0.503	correct	0.503	grate	n/a	n/a	n/a	n/a	n/a	n/a	17	1	n/a	n/a	n/a	n/a	n/a	right
18	201.990	0.390	correct	0.390	grate	n/a	n/a	n/a	n/a	n/a	n/a	17	1	n/a	n/a	n/a	n/a	n/a	right
18	202.890	0.465	correct	0.465	grate	n/a	n/a	n/a	n/a	n/a	n/a	17	1	n/a	n/a	n/a	n/a	n/a	right
18	203.874	0.346	correct	0.346	grate	n/a	n/a	n/a	n/a	n/a	n/a	17	1	n/a	n/a	n/a	n/a	n/a	right
18	204.740	0.100	incorrect	0.100	grate	n/a	n/a	n/a	n/a	n/a	n/a	17	1	n/a	n/a	n/a	n/a	n/a	right
18	206.006	3.000	remember	0.465	retrieval	retprac	object	face	scene	target	object	18	1	1	49	149	1	206.0	n/a
18	211.040	0.379	correct	0.379	grate	n/a	n/a	n/a	n/a	n/a	n/a	18	1	n/a	n/a	n/a	n/a	n/a	right
18	211.939	0.327	correct	0.327	grate	n/a	n/a	n/a	n/a	n/a	n/a	18	1	n/a	n/a	n/a	n/a	n/a	right
18	212.789	0.310	correct	0.310	grate	n/a	n/a	n/a	n/a	n/a	n/a	18	1	n/a	n/a	n/a	n/a	n/a	right
18	213.606	0.445	correct	0.445	grate	n/a	n/a	n/a	n/a	n/a	n/a	18	1	n/a	n/a	n/a	n/a	n/a	left
18	214.573	0.398	correct	0.398	grate	n/a	n/a	n/a	n/a	n/a	n/a	18	1	n/a	n/a	n/a	n/a	n/a	left
18	215.489	0.362	correct	0.362	grate	n/a	n/a	n/a	n/a	n/a	n/a	18	1	n/a	n/a	n/a	n/a	n/a	left
18	216.372	0.134	incorrect	0.134	grate	n/a	n/a	n/a	n/a	n/a	n/a	18	1	n/a	n/a	n/a	n/a	n/a	left
18	218.021	3.000	forget	0.553	retrieval	retprac	object	scene	face	competitor	scene	19	1	123	75	175	227	218.0	n/a
18	223.056	0.435	correct	0.435	grate	n/a	n/a	n/a	n/a	n/a	n/a	19	1	n/a	n/a	n/a	n/a	n/a	left
18	224.005	0.342	correct	0.342	grate	n/a	n/a	n/a	n/a	n/a	n/a	19	1	n/a	n/a	n/a	n/a	n/a	left
18	224.855	0.348	correct	0.348	grate	n/a	n/a	n/a	n/a	n/a	n/a	19	1	n/a	n/a	n/a	n/a	n/a	left
18	225.721	0.369	correct	0.369	grate	n/a	n/a	n/a	n/a	n/a	n/a	19	1	n/a	n/a	n/a	n/a	n/a	left
18	226.605	0.310	correct	0.310	grate	n/a	n/a	n/a	n/a	n/a	n/a	19	1	n/a	n/a	n/a	n/a	n/a	left
18	227.438	0.478	correct	0.478	grate	n/a	n/a	n/a	n/a	n/a	n/a	19	1	n/a	n/a	n/a	n/a	n/a	right
18	228.438	0.084	incorrect	0.084	grate	n/a	n/a	n/a	n/a	n/a	n/a	19	1	n/a	n/a	n/a	n/a	n/a	left
18	230.020	3.000	remember	0.418	retrieval	retprac	face	object	scene	target	face	20	1	53	5	53	105	230.0	n/a
18	235.054	0.364	correct	0.364	grate	n/a	n/a	n/a	n/a	n/a	n/a	20	1	n/a	n/a	n/a	n/a	n/a	right
18	235.937	0.305	incorrect	0.305	grate	n/a	n/a	n/a	n/a	n/a	n/a	20	1	n/a	n/a	n/a	n/a	n/a	left
18	236.753	0.426	incorrect	0.426	grate	n/a	n/a	n/a	n/a	n/a	n/a	20	1	n/a	n/a	n/a	n/a	n/a	left
18	237.687	0.467	correct	0.467	grate	n/a	n/a	n/a	n/a	n/a	n/a	20	1	n/a	n/a	n/a	n/a	n/a	left
18	238.670	0.428	correct	0.428	grate	n/a	n/a	n/a	n/a	n/a	n/a	20	1	n/a	n/a	n/a	n/a	n/a	left
18	239.620	0.558	correct	0.558	grate	n/a	n/a	n/a	n/a	n/a	n/a	20	1	n/a	n/a	n/a	n/a	n/a	right
18	240.687	0.100	incorrect	0.100	grate	n/a	n/a	n/a	n/a	n/a	n/a	20	1	n/a	n/a	n/a	n/a	n/a	left
18	242.019	3.000	forget	0.570	retrieval	restudy	face	object	scene	competitor	object	21	1	52	4	52	104	242.0	n/a
18	247.053	0.404	correct	0.404	grate	n/a	n/a	n/a	n/a	n/a	n/a	21	1	n/a	n/a	n/a	n/a	n/a	right
18	247.969	0.417	correct	0.417	grate	n/a	n/a	n/a	n/a	n/a	n/a	21	1	n/a	n/a	n/a	n/a	n/a	right
18	248.902	0.371	correct	0.371	grate	n/a	n/a	n/a	n/a	n/a	n/a	21	1	n/a	n/a	n/a	n/a	n/a	right
18	249.786	0.408	incorrect	0.408	grate	n/a	n/a	n/a	n/a	n/a	n/a	21	1	n/a	n/a	n/a	n/a	n/a	left
18	250.702	0.500	correct	0.500	grate	n/a	n/a	n/a	n/a	n/a	n/a	21	1	n/a	n/a	n/a	n/a	n/a	left
18	251.719	0.387	correct	0.387	grate	n/a	n/a	n/a	n/a	n/a	n/a	21	1	n/a	n/a	n/a	n/a	n/a	left
18	252.619	0.100	incorrect	0.100	grate	n/a	n/a	n/a	n/a	n/a	n/a	21	1	n/a	n/a	n/a	n/a	n/a	left
18	254.018	3.000	remember	0.419	retrieval	restudy	face	object	scene	target	face	22	1	54	6	54	106	254.0	n/a
18	259.052	0.454	correct	0.454	grate	n/a	n/a	n/a	n/a	n/a	n/a	22	1	n/a	n/a	n/a	n/a	n/a	right
18	260.018	0.399	correct	0.399	grate	n/a	n/a	n/a	n/a	n/a	n/a	22	1	n/a	n/a	n/a	n/a	n/a	right
18	260.934	0.395	correct	0.395	grate	n/a	n/a	n/a	n/a	n/a	n/a	22	1	n/a	n/a	n/a	n/a	n/a	right
18	261.851	0.470	correct	0.470	grate	n/a	n/a	n/a	n/a	n/a	n/a	22	1	n/a	n/a	n/a	n/a	n/a	left
18	262.834	0.431	correct	0.431	grate	n/a	n/a	n/a	n/a	n/a	n/a	22	1	n/a	n/a	n/a	n/a	n/a	left
18	263.784	0.505	correct	0.505	grate	n/a	n/a	n/a	n/a	n/a	n/a	22	1	n/a	n/a	n/a	n/a	n/a	right
18	264.801	0.100	incorrect	0.100	grate	n/a	n/a	n/a	n/a	n/a	n/a	22	1	n/a	n/a	n/a	n/a	n/a	right
18	266.016	3.000	remember	0.613	retrieval	retprac	object	scene	face	target	object	23	1	125	77	177	229	266.0	n/a
18	271.051	0.406	correct	0.406	grate	n/a	n/a	n/a	n/a	n/a	n/a	23	1	n/a	n/a	n/a	n/a	n/a	left
18	271.967	0.434	correct	0.434	grate	n/a	n/a	n/a	n/a	n/a	n/a	23	1	n/a	n/a	n/a	n/a	n/a	right
18	272.917	0.437	correct	0.437	grate	n/a	n/a	n/a	n/a	n/a	n/a	23	1	n/a	n/a	n/a	n/a	n/a	left
18	273.866	0.575	correct	0.575	grate	n/a	n/a	n/a	n/a	n/a	n/a	23	1	n/a	n/a	n/a	n/a	n/a	left
18	274.950	0.355	correct	0.355	grate	n/a	n/a	n/a	n/a	n/a	n/a	23	1	n/a	n/a	n/a	n/a	n/a	left
18	275.816	0.368	incorrect	0.368	grate	n/a	n/a	n/a	n/a	n/a	n/a	23	1	n/a	n/a	n/a	n/a	n/a	right
18	276.699	0.100	incorrect	0.100	grate	n/a	n/a	n/a	n/a	n/a	n/a	23	1	n/a	n/a	n/a	n/a	n/a	left
18	278.015	3.000	remember	0.461	retrieval	restudy	face	object	scene	target	face	24	1	50	2	50	102	278.0	n/a
18	283.050	0.510	correct	0.510	grate	n/a	n/a	n/a	n/a	n/a	n/a	24	1	n/a	n/a	n/a	n/a	n/a	left
18	284.082	0.398	correct	0.398	grate	n/a	n/a	n/a	n/a	n/a	n/a	24	1	n/a	n/a	n/a	n/a	n/a	left
18	284.999	0.465	correct	0.465	grate	n/a	n/a	n/a	n/a	n/a	n/a	24	1	n/a	n/a	n/a	n/a	n/a	left
18	285.982	0.434	correct	0.434	grate	n/a	n/a	n/a	n/a	n/a	n/a	24	1	n/a	n/a	n/a	n/a	n/a	left
18	286.932	0.356	correct	0.356	grate	n/a	n/a	n/a	n/a	n/a	n/a	24	1	n/a	n/a	n/a	n/a	n/a	left
18	287.798	0.394	correct	0.394	grate	n/a	n/a	n/a	n/a	n/a	n/a	24	1	n/a	n/a	n/a	n/a	n/a	left
18	288.715	0.100	incorrect	0.100	grate	n/a	n/a	n/a	n/a	n/a	n/a	24	1	n/a	n/a	n/a	n/a	n/a	right
18	290.014	3.000	remember	0.390	retrieval	restudy	face	scene	object	target	face	25	1	100	28	76	204	290.0	n/a
18	295.048	0.423	correct	0.423	grate	n/a	n/a	n/a	n/a	n/a	n/a	25	1	n/a	n/a	n/a	n/a	n/a	right
18	295.981	0.467	correct	0.467	grate	n/a	n/a	n/a	n/a	n/a	n/a	25	1	n/a	n/a	n/a	n/a	n/a	left
18	296.964	0.419	correct	0.419	grate	n/a	n/a	n/a	n/a	n/a	n/a	25	1	n/a	n/a	n/a	n/a	n/a	right
18	297.897	0.430	correct	0.430	grate	n/a	n/a	n/a	n/a	n/a	n/a	25	1	n/a	n/a	n/a	n/a	n/a	left
18	298.847	0.496	correct	0.496	grate	n/a	n/a	n/a	n/a	n/a	n/a	25	1	n/a	n/a	n/a	n/a	n/a	left
18	299.864	0.408	correct	0.408	grate	n/a	n/a	n/a	n/a	n/a	n/a	25	1	n/a	n/a	n/a	n/a	n/a	left
18	300.780	0.100	incorrect	0.100	grate	n/a	n/a	n/a	n/a	n/a	n/a	25	1	n/a	n/a	n/a	n/a	n/a	left
18	302.013	3.000	remember	0.534	retrieval	retprac	object	scene	face	target	object	26	1	127	79	179	231	302.0	n/a
18	307.047	0.344	correct	0.344	grate	n/a	n/a	n/a	n/a	n/a	n/a	26	1	n/a	n/a	n/a	n/a	n/a	right
18	307.913	0.471	correct	0.471	grate	n/a	n/a	n/a	n/a	n/a	n/a	26	1	n/a	n/a	n/a	n/a	n/a	left
18	308.896	0.407	correct	0.407	grate	n/a	n/a	n/a	n/a	n/a	n/a	26	1	n/a	n/a	n/a	n/a	n/a	right
18	309.813	0.378	correct	0.378	grate	n/a	n/a	n/a	n/a	n/a	n/a	26	1	n/a	n/a	n/a	n/a	n/a	right
18	310.713	0.502	correct	0.502	grate	n/a	n/a	n/a	n/a	n/a	n/a	26	1	n/a	n/a	n/a	n/a	n/a	right
18	311.729	0.446	correct	0.446	grate	n/a	n/a	n/a	n/a	n/a	n/a	26	1	n/a	n/a	n/a	n/a	n/a	left
18	312.696	0.100	incorrect	0.100	grate	n/a	n/a	n/a	n/a	n/a	n/a	26	1	n/a	n/a	n/a	n/a	n/a	right
18	314.011	3.000	remember	0.383	retrieval	restudy	scene	object	face	target	scene	27	1	78	126	278	130	314.0	n/a
18	319.045	0.465	correct	0.465	grate	n/a	n/a	n/a	n/a	n/a	n/a	27	1	n/a	n/a	n/a	n/a	n/a	left
18	320.028	0.442	correct	0.442	grate	n/a	n/a	n/a	n/a	n/a	n/a	27	1	n/a	n/a	n/a	n/a	n/a	right
18	320.978	0.468	correct	0.468	grate	n/a	n/a	n/a	n/a	n/a	n/a	27	1	n/a	n/a	n/a	n/a	n/a	left
18	321.962	0.533	correct	0.533	grate	n/a	n/a	n/a	n/a	n/a	n/a	27	1	n/a	n/a	n/a	n/a	n/a	right
18	323.012	0.515	correct	0.515	grate	n/a	n/a	n/a	n/a	n/a	n/a	27	1	n/a	n/a	n/a	n/a	n/a	right
18	324.045	0.417	correct	0.417	grate	n/a	n/a	n/a	n/a	n/a	n/a	27	1	n/a	n/a	n/a	n/a	n/a	left
18	324.978	0.100	incorrect	0.100	grate	n/a	n/a	n/a	n/a	n/a	n/a	27	1	n/a	n/a	n/a	n/a	n/a	right
18	326.010	3.000	remember	0.577	retrieval	retprac	face	object	scene	target	face	28	1	49	1	49	101	326.0	n/a
18	331.044	0.434	correct	0.434	grate	n/a	n/a	n/a	n/a	n/a	n/a	28	1	n/a	n/a	n/a	n/a	n/a	left
18	331.994	0.420	correct	0.420	grate	n/a	n/a	n/a	n/a	n/a	n/a	28	1	n/a	n/a	n/a	n/a	n/a	right
18	332.927	0.455	correct	0.455	grate	n/a	n/a	n/a	n/a	n/a	n/a	28	1	n/a	n/a	n/a	n/a	n/a	left
18	333.894	0.480	correct	0.480	grate	n/a	n/a	n/a	n/a	n/a	n/a	28	1	n/a	n/a	n/a	n/a	n/a	left
18	334.894	0.464	correct	0.464	grate	n/a	n/a	n/a	n/a	n/a	n/a	28	1	n/a	n/a	n/a	n/a	n/a	right
18	335.877	0.545	correct	0.545	grate	n/a	n/a	n/a	n/a	n/a	n/a	28	1	n/a	n/a	n/a	n/a	n/a	left
18	336.943	0.100	incorrect	0.100	grate	n/a	n/a	n/a	n/a	n/a	n/a	28	1	n/a	n/a	n/a	n/a	n/a	right
18	338.009	3.000	remember	0.784	retrieval	restudy	scene	object	face	target	scene	29	1	74	122	274	126	338.0	n/a
18	343.043	0.427	correct	0.427	grate	n/a	n/a	n/a	n/a	n/a	n/a	29	1	n/a	n/a	n/a	n/a	n/a	right
18	343.993	0.510	correct	0.510	grate	n/a	n/a	n/a	n/a	n/a	n/a	29	1	n/a	n/a	n/a	n/a	n/a	right
18	345.026	0.388	correct	0.388	grate	n/a	n/a	n/a	n/a	n/a	n/a	29	1	n/a	n/a	n/a	n/a	n/a	right
18	345.926	0.456	correct	0.456	grate	n/a	n/a	n/a	n/a	n/a	n/a	29	1	n/a	n/a	n/a	n/a	n/a	left
18	346.892	0.475	correct	0.475	grate	n/a	n/a	n/a	n/a	n/a	n/a	29	1	n/a	n/a	n/a	n/a	n/a	right
18	347.875	0.434	correct	0.434	grate	n/a	n/a	n/a	n/a	n/a	n/a	29	1	n/a	n/a	n/a	n/a	n/a	right
18	348.826	0.100	incorrect	0.100	grate	n/a	n/a	n/a	n/a	n/a	n/a	29	1	n/a	n/a	n/a	n/a	n/a	right
18	350.008	3.000	forget	0.457	retrieval	restudy	face	scene	object	competitor	scene	30	1	104	32	80	208	350.0	n/a
18	355.041	0.420	correct	0.420	grate	n/a	n/a	n/a	n/a	n/a	n/a	30	1	n/a	n/a	n/a	n/a	n/a	right
18	355.975	0.470	correct	0.470	grate	n/a	n/a	n/a	n/a	n/a	n/a	30	1	n/a	n/a	n/a	n/a	n/a	left
18	356.958	0.471	correct	0.471	grate	n/a	n/a	n/a	n/a	n/a	n/a	30	1	n/a	n/a	n/a	n/a	n/a	left
18	357.941	0.408	correct	0.408	grate	n/a	n/a	n/a	n/a	n/a	n/a	30	1	n/a	n/a	n/a	n/a	n/a	right
18	358.858	0.491	correct	0.491	grate	n/a	n/a	n/a	n/a	n/a	n/a	30	1	n/a	n/a	n/a	n/a	n/a	left
18	359.858	0.563	correct	0.563	grate	n/a	n/a	n/a	n/a	n/a	n/a	30	1	n/a	n/a	n/a	n/a	n/a	right
18	360.941	0.100	incorrect	0.100	grate	n/a	n/a	n/a	n/a	n/a	n/a	30	1	n/a	n/a	n/a	n/a	n/a	left
18	362.007	3.000	remember	0.474	retrieval	restudy	face	scene	object	target	face	31	1	98	26	74	202	362.0	n/a
18	367.040	0.517	correct	0.517	grate	n/a	n/a	n/a	n/a	n/a	n/a	31	1	n/a	n/a	n/a	n/a	n/a	right
18	368.074	0.403	correct	0.403	grate	n/a	n/a	n/a	n/a	n/a	n/a	31	1	n/a	n/a	n/a	n/a	n/a	right
18	368.990	0.471	correct	0.471	grate	n/a	n/a	n/a	n/a	n/a	n/a	31	1	n/a	n/a	n/a	n/a	n/a	left
18	369.973	0.479	correct	0.479	grate	n/a	n/a	n/a	n/a	n/a	n/a	31	1	n/a	n/a	n/a	n/a	n/a	right
18	370.973	0.455	correct	0.455	grate	n/a	n/a	n/a	n/a	n/a	n/a	31	1	n/a	n/a	n/a	n/a	n/a	left
18	371.940	0.448	correct	0.448	grate	n/a	n/a	n/a	n/a	n/a	n/a	31	1	n/a	n/a	n/a	n/a	n/a	left
18	372.906	0.100	incorrect	0.100	grate	n/a	n/a	n/a	n/a	n/a	n/a	31	1	n/a	n/a	n/a	n/a	n/a	right
18	374.022	3.000	forget	0.450	retrieval	restudy	scene	face	object	other	object	32	1	30	102	254	30	374.0	n/a
18	379.056	0.492	correct	0.492	grate	n/a	n/a	n/a	n/a	n/a	n/a	32	1	n/a	n/a	n/a	n/a	n/a	left
18	380.056	0.436	correct	0.436	grate	n/a	n/a	n/a	n/a	n/a	n/a	32	1	n/a	n/a	n/a	n/a	n/a	right
18	381.006	0.471	correct	0.471	grate	n/a	n/a	n/a	n/a	n/a	n/a	32	1	n/a	n/a	n/a	n/a	n/a	right
18	381.989	0.415	correct	0.415	grate	n/a	n/a	n/a	n/a	n/a	n/a	32	1	n/a	n/a	n/a	n/a	n/a	right
18	382.922	0.394	correct	0.394	grate	n/a	n/a	n/a	n/a	n/a	n/a	32	1	n/a	n/a	n/a	n/a	n/a	right
18	383.838	0.341	correct	0.341	grate	n/a	n/a	n/a	n/a	n/a	n/a	32	1	n/a	n/a	n/a	n/a	n/a	right
18	384.689	0.100	incorrect	0.100	grate	n/a	n/a	n/a	n/a	n/a	n/a	32	1	n/a	n/a	n/a	n/a	n/a	right
18	386.021	3.000	remember	0.299	retrieval	retprac	face	scene	object	target	face	33	1	97	25	73	201	386.0	n/a
18	391.055	0.397	correct	0.397	grate	n/a	n/a	n/a	n/a	n/a	n/a	33	1	n/a	n/a	n/a	n/a	n/a	left
18	391.971	0.472	correct	0.472	grate	n/a	n/a	n/a	n/a	n/a	n/a	33	1	n/a	n/a	n/a	n/a	n/a	right
18	392.954	0.425	correct	0.425	grate	n/a	n/a	n/a	n/a	n/a	n/a	33	1	n/a	n/a	n/a	n/a	n/a	right
18	393.887	0.324	correct	0.324	grate	n/a	n/a	n/a	n/a	n/a	n/a	33	1	n/a	n/a	n/a	n/a	n/a	right
18	394.721	0.340	correct	0.340	grate	n/a	n/a	n/a	n/a	n/a	n/a	33	1	n/a	n/a	n/a	n/a	n/a	right
18	395.571	0.441	correct	0.441	grate	n/a	n/a	n/a	n/a	n/a	n/a	33	1	n/a	n/a	n/a	n/a	n/a	left
18	396.521	0.000	incorrect	0.000	grate	n/a	n/a	n/a	n/a	n/a	n/a	33	1	n/a	n/a	n/a	n/a	n/a	left
18	398.020	3.000	forget	0.340	retrieval	retprac	face	scene	object	other	object	34	1	99	27	75	203	398.0	n/a
18	403.053	0.446	correct	0.446	grate	n/a	n/a	n/a	n/a	n/a	n/a	34	1	n/a	n/a	n/a	n/a	n/a	left
18	404.020	0.423	correct	0.423	grate	n/a	n/a	n/a	n/a	n/a	n/a	34	1	n/a	n/a	n/a	n/a	n/a	left
18	404.953	0.458	correct	0.458	grate	n/a	n/a	n/a	n/a	n/a	n/a	34	1	n/a	n/a	n/a	n/a	n/a	right
18	405.920	0.411	correct	0.411	grate	n/a	n/a	n/a	n/a	n/a	n/a	34	1	n/a	n/a	n/a	n/a	n/a	right
18	406.853	0.487	correct	0.487	grate	n/a	n/a	n/a	n/a	n/a	n/a	34	1	n/a	n/a	n/a	n/a	n/a	left
18	407.853	0.414	correct	0.414	grate	n/a	n/a	n/a	n/a	n/a	n/a	34	1	n/a	n/a	n/a	n/a	n/a	left
18	408.786	0.100	incorrect	0.100	grate	n/a	n/a	n/a	n/a	n/a	n/a	34	1	n/a	n/a	n/a	n/a	n/a	left
18	410.018	3.000	forget	0.308	retrieval	restudy	object	face	scene	competitor	face	35	1	4	52	152	4	410.0	n/a
18	415.052	0.479	correct	0.479	grate	n/a	n/a	n/a	n/a	n/a	n/a	35	1	n/a	n/a	n/a	n/a	n/a	left
18	416.052	0.430	correct	0.430	grate	n/a	n/a	n/a	n/a	n/a	n/a	35	1	n/a	n/a	n/a	n/a	n/a	left
18	417.002	0.401	correct	0.401	grate	n/a	n/a	n/a	n/a	n/a	n/a	35	1	n/a	n/a	n/a	n/a	n/a	left
18	417.919	0.381	correct	0.381	grate	n/a	n/a	n/a	n/a	n/a	n/a	35	1	n/a	n/a	n/a	n/a	n/a	left
18	418.818	0.400	correct	0.400	grate	n/a	n/a	n/a	n/a	n/a	n/a	35	1	n/a	n/a	n/a	n/a	n/a	left
18	419.735	0.531	correct	0.531	grate	n/a	n/a	n/a	n/a	n/a	n/a	35	1	n/a	n/a	n/a	n/a	n/a	right
18	420.785	0.100	incorrect	0.100	grate	n/a	n/a	n/a	n/a	n/a	n/a	35	1	n/a	n/a	n/a	n/a	n/a	right
18	422.017	3.000	remember	0.365	retrieval	retprac	scene	object	face	target	scene	36	1	75	123	275	127	422.0	n/a
18	427.051	0.543	correct	0.543	grate	n/a	n/a	n/a	n/a	n/a	n/a	36	1	n/a	n/a	n/a	n/a	n/a	right
18	428.101	0.406	correct	0.406	grate	n/a	n/a	n/a	n/a	n/a	n/a	36	1	n/a	n/a	n/a	n/a	n/a	left
18	429.017	0.513	correct	0.513	grate	n/a	n/a	n/a	n/a	n/a	n/a	36	1	n/a	n/a	n/a	n/a	n/a	right
18	430.051	0.487	correct	0.487	grate	n/a	n/a	n/a	n/a	n/a	n/a	36	1	n/a	n/a	n/a	n/a	n/a	right
18	431.051	0.415	correct	0.415	grate	n/a	n/a	n/a	n/a	n/a	n/a	36	1	n/a	n/a	n/a	n/a	n/a	right
18	431.984	0.386	correct	0.386	grate	n/a	n/a	n/a	n/a	n/a	n/a	36	1	n/a	n/a	n/a	n/a	n/a	left
18	432.884	0.100	incorrect	0.100	grate	n/a	n/a	n/a	n/a	n/a	n/a	36	1	n/a	n/a	n/a	n/a	n/a	right
18	434.016	3.000	remember	0.461	retrieval	restudy	scene	object	face	target	scene	37	1	80	128	280	132	434.0	n/a
18	439.050	0.408	correct	0.408	grate	n/a	n/a	n/a	n/a	n/a	n/a	37	1	n/a	n/a	n/a	n/a	n/a	left
18	439.966	0.499	correct	0.499	grate	n/a	n/a	n/a	n/a	n/a	n/a	37	1	n/a	n/a	n/a	n/a	n/a	right
18	440.983	0.444	correct	0.444	grate	n/a	n/a	n/a	n/a	n/a	n/a	37	1	n/a	n/a	n/a	n/a	n/a	left
18	441.949	0.548	correct	0.548	grate	n/a	n/a	n/a	n/a	n/a	n/a	37	1	n/a	n/a	n/a	n/a	n/a	left
18	443.016	0.425	correct	0.425	grate	n/a	n/a	n/a	n/a	n/a	n/a	37	1	n/a	n/a	n/a	n/a	n/a	left
18	443.949	0.452	correct	0.452	grate	n/a	n/a	n/a	n/a	n/a	n/a	37	1	n/a	n/a	n/a	n/a	n/a	right
18	444.916	0.100	incorrect	0.100	grate	n/a	n/a	n/a	n/a	n/a	n/a	37	1	n/a	n/a	n/a	n/a	n/a	left
18	446.015	3.000	remember	0.310	retrieval	retprac	face	scene	object	target	face	38	1	103	31	79	207	446.0	n/a
18	451.048	0.377	correct	0.377	grate	n/a	n/a	n/a	n/a	n/a	n/a	38	1	n/a	n/a	n/a	n/a	n/a	right
18	451.948	0.460	correct	0.460	grate	n/a	n/a	n/a	n/a	n/a	n/a	38	1	n/a	n/a	n/a	n/a	n/a	left
18	452.932	0.397	correct	0.397	grate	n/a	n/a	n/a	n/a	n/a	n/a	38	1	n/a	n/a	n/a	n/a	n/a	right
18	453.848	0.449	correct	0.449	grate	n/a	n/a	n/a	n/a	n/a	n/a	38	1	n/a	n/a	n/a	n/a	n/a	left
18	454.815	0.402	correct	0.402	grate	n/a	n/a	n/a	n/a	n/a	n/a	38	1	n/a	n/a	n/a	n/a	n/a	right
18	455.731	0.429	correct	0.429	grate	n/a	n/a	n/a	n/a	n/a	n/a	38	1	n/a	n/a	n/a	n/a	n/a	right
18	456.681	0.100	incorrect	0.100	grate	n/a	n/a	n/a	n/a	n/a	n/a	38	1	n/a	n/a	n/a	n/a	n/a	left
18	458.013	3.000	forget	0.447	retrieval	restudy	object	face	scene	competitor	face	39	1	2	50	150	2	458.0	n/a
18	463.047	0.425	correct	0.425	grate	n/a	n/a	n/a	n/a	n/a	n/a	39	1	n/a	n/a	n/a	n/a	n/a	left
18	463.981	0.412	correct	0.412	grate	n/a	n/a	n/a	n/a	n/a	n/a	39	1	n/a	n/a	n/a	n/a	n/a	left
18	464.914	0.455	correct	0.455	grate	n/a	n/a	n/a	n/a	n/a	n/a	39	1	n/a	n/a	n/a	n/a	n/a	left
18	465.880	0.497	correct	0.497	grate	n/a	n/a	n/a	n/a	n/a	n/a	39	1	n/a	n/a	n/a	n/a	n/a	right
18	466.897	0.385	correct	0.385	grate	n/a	n/a	n/a	n/a	n/a	n/a	39	1	n/a	n/a	n/a	n/a	n/a	left
18	467.797	0.428	correct	0.428	grate	n/a	n/a	n/a	n/a	n/a	n/a	39	1	n/a	n/a	n/a	n/a	n/a	left
18	468.747	0.100	incorrect	0.100	grate	n/a	n/a	n/a	n/a	n/a	n/a	39	1	n/a	n/a	n/a	n/a	n/a	left
18	470.012	3.000	forget	0.528	retrieval	restudy	object	face	scene	competitor	face	40	1	8	56	156	8	470.0	n/a
18	475.046	0.410	correct	0.410	grate	n/a	n/a	n/a	n/a	n/a	n/a	40	1	n/a	n/a	n/a	n/a	n/a	left
18	475.979	0.397	correct	0.397	grate	n/a	n/a	n/a	n/a	n/a	n/a	40	1	n/a	n/a	n/a	n/a	n/a	right
18	476.896	0.472	correct	0.472	grate	n/a	n/a	n/a	n/a	n/a	n/a	40	1	n/a	n/a	n/a	n/a	n/a	left
18	477.879	0.449	correct	0.449	grate	n/a	n/a	n/a	n/a	n/a	n/a	40	1	n/a	n/a	n/a	n/a	n/a	left
18	478.846	0.450	correct	0.450	grate	n/a	n/a	n/a	n/a	n/a	n/a	40	1	n/a	n/a	n/a	n/a	n/a	left
18	479.812	0.435	correct	0.435	grate	n/a	n/a	n/a	n/a	n/a	n/a	40	1	n/a	n/a	n/a	n/a	n/a	left
18	480.762	0.100	incorrect	0.100	grate	n/a	n/a	n/a	n/a	n/a	n/a	40	1	n/a	n/a	n/a	n/a	n/a	left
18	482.011	3.000	remember	0.448	retrieval	retprac	scene	object	face	target	scene	41	1	77	125	277	129	482.0	n/a
18	487.045	0.363	correct	0.363	grate	n/a	n/a	n/a	n/a	n/a	n/a	41	1	n/a	n/a	n/a	n/a	n/a	left
18	487.928	0.480	correct	0.480	grate	n/a	n/a	n/a	n/a	n/a	n/a	41	1	n/a	n/a	n/a	n/a	n/a	left
18	488.928	0.456	correct	0.456	grate	n/a	n/a	n/a	n/a	n/a	n/a	41	1	n/a	n/a	n/a	n/a	n/a	right
18	489.895	0.377	correct	0.377	grate	n/a	n/a	n/a	n/a	n/a	n/a	41	1	n/a	n/a	n/a	n/a	n/a	right
18	490.794	0.445	correct	0.445	grate	n/a	n/a	n/a	n/a	n/a	n/a	41	1	n/a	n/a	n/a	n/a	n/a	left
18	491.761	0.382	correct	0.382	grate	n/a	n/a	n/a	n/a	n/a	n/a	41	1	n/a	n/a	n/a	n/a	n/a	left
18	492.661	0.100	incorrect	0.100	grate	n/a	n/a	n/a	n/a	n/a	n/a	41	1	n/a	n/a	n/a	n/a	n/a	right
18	494.010	3.000	forget	0.361	retrieval	restudy	scene	face	object	competitor	face	42	1	28	100	252	28	494.0	n/a
18	499.044	0.380	correct	0.380	grate	n/a	n/a	n/a	n/a	n/a	n/a	42	1	n/a	n/a	n/a	n/a	n/a	right
18	499.943	0.359	correct	0.359	grate	n/a	n/a	n/a	n/a	n/a	n/a	42	1	n/a	n/a	n/a	n/a	n/a	right
18	500.827	0.454	correct	0.454	grate	n/a	n/a	n/a	n/a	n/a	n/a	42	1	n/a	n/a	n/a	n/a	n/a	left
18	501.793	0.390	correct	0.390	grate	n/a	n/a	n/a	n/a	n/a	n/a	42	1	n/a	n/a	n/a	n/a	n/a	left
18	502.693	0.450	incorrect	0.450	grate	n/a	n/a	n/a	n/a	n/a	n/a	42	1	n/a	n/a	n/a	n/a	n/a	right
18	503.660	0.507	correct	0.507	grate	n/a	n/a	n/a	n/a	n/a	n/a	42	1	n/a	n/a	n/a	n/a	n/a	right
18	504.676	0.100	incorrect	0.100	grate	n/a	n/a	n/a	n/a	n/a	n/a	42	1	n/a	n/a	n/a	n/a	n/a	right
18	506.009	3.000	remember	0.370	retrieval	retprac	scene	face	object	target	scene	43	1	29	101	253	29	506.0	n/a
18	511.042	0.396	correct	0.396	grate	n/a	n/a	n/a	n/a	n/a	n/a	43	1	n/a	n/a	n/a	n/a	n/a	right
18	511.959	0.360	correct	0.360	grate	n/a	n/a	n/a	n/a	n/a	n/a	43	1	n/a	n/a	n/a	n/a	n/a	right
18	512.842	0.476	correct	0.476	grate	n/a	n/a	n/a	n/a	n/a	n/a	43	1	n/a	n/a	n/a	n/a	n/a	left
18	513.842	0.508	correct	0.508	grate	n/a	n/a	n/a	n/a	n/a	n/a	43	1	n/a	n/a	n/a	n/a	n/a	left
18	514.859	0.492	correct	0.492	grate	n/a	n/a	n/a	n/a	n/a	n/a	43	1	n/a	n/a	n/a	n/a	n/a	right
18	515.859	0.468	correct	0.468	grate	n/a	n/a	n/a	n/a	n/a	n/a	43	1	n/a	n/a	n/a	n/a	n/a	right
18	516.842	0.100	incorrect	0.100	grate	n/a	n/a	n/a	n/a	n/a	n/a	43	1	n/a	n/a	n/a	n/a	n/a	right
18	518.007	3.000	remember	0.354	retrieval	restudy	object	scene	face	target	object	44	1	122	74	174	226	518.0	n/a
18	523.041	0.445	correct	0.445	grate	n/a	n/a	n/a	n/a	n/a	n/a	44	1	n/a	n/a	n/a	n/a	n/a	right
18	524.008	0.343	correct	0.343	grate	n/a	n/a	n/a	n/a	n/a	n/a	44	1	n/a	n/a	n/a	n/a	n/a	right
18	524.858	0.444	correct	0.444	grate	n/a	n/a	n/a	n/a	n/a	n/a	44	1	n/a	n/a	n/a	n/a	n/a	right
18	525.824	0.366	incorrect	0.366	grate	n/a	n/a	n/a	n/a	n/a	n/a	44	1	n/a	n/a	n/a	n/a	n/a	left
18	526.707	0.530	correct	0.530	grate	n/a	n/a	n/a	n/a	n/a	n/a	44	1	n/a	n/a	n/a	n/a	n/a	right
18	527.757	0.464	correct	0.464	grate	n/a	n/a	n/a	n/a	n/a	n/a	44	1	n/a	n/a	n/a	n/a	n/a	left
18	528.741	0.100	incorrect	0.100	grate	n/a	n/a	n/a	n/a	n/a	n/a	44	1	n/a	n/a	n/a	n/a	n/a	left
18	530.006	3.000	remember	0.283	retrieval	retprac	face	scene	object	target	face	45	1	101	29	77	205	530.0	n/a
18	535.040	0.493	correct	0.493	grate	n/a	n/a	n/a	n/a	n/a	n/a	45	1	n/a	n/a	n/a	n/a	n/a	left
18	536.057	0.437	correct	0.437	grate	n/a	n/a	n/a	n/a	n/a	n/a	45	1	n/a	n/a	n/a	n/a	n/a	right
18	537.006	0.423	correct	0.423	grate	n/a	n/a	n/a	n/a	n/a	n/a	45	1	n/a	n/a	n/a	n/a	n/a	left
18	537.940	0.506	correct	0.506	grate	n/a	n/a	n/a	n/a	n/a	n/a	45	1	n/a	n/a	n/a	n/a	n/a	left
18	538.956	0.410	correct	0.410	grate	n/a	n/a	n/a	n/a	n/a	n/a	45	1	n/a	n/a	n/a	n/a	n/a	left
18	539.889	0.453	correct	0.453	grate	n/a	n/a	n/a	n/a	n/a	n/a	45	1	n/a	n/a	n/a	n/a	n/a	right
18	540.856	0.100	incorrect	0.100	grate	n/a	n/a	n/a	n/a	n/a	n/a	45	1	n/a	n/a	n/a	n/a	n/a	left
18	542.022	3.000	forget	0.299	retrieval	retprac	object	face	scene	other	scene	46	1	7	55	155	7	542.0	n/a
18	547.055	0.606	correct	0.606	grate	n/a	n/a	n/a	n/a	n/a	n/a	46	1	n/a	n/a	n/a	n/a	n/a	left
18	548.172	0.473	correct	0.473	grate	n/a	n/a	n/a	n/a	n/a	n/a	46	1	n/a	n/a	n/a	n/a	n/a	left
18	549.155	0.450	correct	0.450	grate	n/a	n/a	n/a	n/a	n/a	n/a	46	1	n/a	n/a	n/a	n/a	n/a	left
18	550.122	0.571	correct	0.571	grate	n/a	n/a	n/a	n/a	n/a	n/a	46	1	n/a	n/a	n/a	n/a	n/a	right
18	551.205	0.472	correct	0.472	grate	n/a	n/a	n/a	n/a	n/a	n/a	46	1	n/a	n/a	n/a	n/a	n/a	left
18	552.188	0.333	incorrect	0.333	grate	n/a	n/a	n/a	n/a	n/a	n/a	46	1	n/a	n/a	n/a	n/a	n/a	left
18	554.020	3.000	forget	0.469	retrieval	restudy	scene	face	object	competitor	face	47	1	26	98	250	26	554.0	n/a
18	559.054	0.518	correct	0.518	grate	n/a	n/a	n/a	n/a	n/a	n/a	47	1	n/a	n/a	n/a	n/a	n/a	left
18	560.087	0.437	correct	0.437	grate	n/a	n/a	n/a	n/a	n/a	n/a	47	1	n/a	n/a	n/a	n/a	n/a	left
18	561.037	0.496	correct	0.496	grate	n/a	n/a	n/a	n/a	n/a	n/a	47	1	n/a	n/a	n/a	n/a	n/a	right
18	562.054	0.432	correct	0.432	grate	n/a	n/a	n/a	n/a	n/a	n/a	47	1	n/a	n/a	n/a	n/a	n/a	right
18	563.004	0.450	correct	0.450	grate	n/a	n/a	n/a	n/a	n/a	n/a	47	1	n/a	n/a	n/a	n/a	n/a	left
18	563.970	0.450	correct	0.450	grate	n/a	n/a	n/a	n/a	n/a	n/a	47	1	n/a	n/a	n/a	n/a	n/a	right
18	564.937	0.100	incorrect	0.100	grate	n/a	n/a	n/a	n/a	n/a	n/a	47	1	n/a	n/a	n/a	n/a	n/a	left
18	566.019	3.000	forget	0.445	retrieval	retprac	object	face	scene	competitor	face	48	1	5	53	153	5	566.0	n/a
18	571.053	0.375	correct	0.375	grate	n/a	n/a	n/a	n/a	n/a	n/a	48	1	n/a	n/a	n/a	n/a	n/a	right
18	571.936	0.356	correct	0.356	grate	n/a	n/a	n/a	n/a	n/a	n/a	48	1	n/a	n/a	n/a	n/a	n/a	right
18	572.803	0.377	correct	0.377	grate	n/a	n/a	n/a	n/a	n/a	n/a	48	1	n/a	n/a	n/a	n/a	n/a	right
18	573.703	0.485	correct	0.485	grate	n/a	n/a	n/a	n/a	n/a	n/a	48	1	n/a	n/a	n/a	n/a	n/a	left
18	574.703	0.437	correct	0.437	grate	n/a	n/a	n/a	n/a	n/a	n/a	48	1	n/a	n/a	n/a	n/a	n/a	right
18	575.652	0.455	correct	0.455	grate	n/a	n/a	n/a	n/a	n/a	n/a	48	1	n/a	n/a	n/a	n/a	n/a	right
18	576.619	0.100	incorrect	0.100	grate	n/a	n/a	n/a	n/a	n/a	n/a	48	1	n/a	n/a	n/a	n/a	n/a	right
18	2.010	3.000	forget	0.308	retrieval	retprac	scene	face	object	competitor	face	1	2	37	109	261	37	2.0	n/a
18	7.044	0.422	correct	0.422	grate	n/a	n/a	n/a	n/a	n/a	n/a	1	2	n/a	n/a	n/a	n/a	n/a	right
18	7.977	0.345	correct	0.345	grate	n/a	n/a	n/a	n/a	n/a	n/a	1	2	n/a	n/a	n/a	n/a	n/a	right
18	8.844	0.510	correct	0.510	grate	n/a	n/a	n/a	n/a	n/a	n/a	1	2	n/a	n/a	n/a	n/a	n/a	left
18	9.877	0.421	correct	0.421	grate	n/a	n/a	n/a	n/a	n/a	n/a	1	2	n/a	n/a	n/a	n/a	n/a	right
18	10.810	0.392	correct	0.392	grate	n/a	n/a	n/a	n/a	n/a	n/a	1	2	n/a	n/a	n/a	n/a	n/a	left
18	11.710	0.452	correct	0.452	grate	n/a	n/a	n/a	n/a	n/a	n/a	1	2	n/a	n/a	n/a	n/a	n/a	left
18	12.677	0.100	incorrect	0.100	grate	n/a	n/a	n/a	n/a	n/a	n/a	1	2	n/a	n/a	n/a	n/a	n/a	left
18	14.026	3.000	remember	0.308	retrieval	restudy	object	face	scene	target	object	2	2	12	60	160	12	14.0	n/a
18	19.060	0.470	correct	0.470	grate	n/a	n/a	n/a	n/a	n/a	n/a	2	2	n/a	n/a	n/a	n/a	n/a	right
18	20.043	0.367	incorrect	0.367	grate	n/a	n/a	n/a	n/a	n/a	n/a	2	2	n/a	n/a	n/a	n/a	n/a	left
18	20.926	0.459	correct	0.459	grate	n/a	n/a	n/a	n/a	n/a	n/a	2	2	n/a	n/a	n/a	n/a	n/a	left
18	21.892	0.397	correct	0.397	grate	n/a	n/a	n/a	n/a	n/a	n/a	2	2	n/a	n/a	n/a	n/a	n/a	left
18	22.809	0.472	correct	0.472	grate	n/a	n/a	n/a	n/a	n/a	n/a	2	2	n/a	n/a	n/a	n/a	n/a	right
18	23.792	0.449	correct	0.449	grate	n/a	n/a	n/a	n/a	n/a	n/a	2	2	n/a	n/a	n/a	n/a	n/a	left
18	24.759	0.100	incorrect	0.100	grate	n/a	n/a	n/a	n/a	n/a	n/a	2	2	n/a	n/a	n/a	n/a	n/a	left
18	26.008	3.000	forget	0.581	retrieval	restudy	scene	object	face	competitor	object	3	2	84	132	284	136	26.0	n/a
18	31.042	0.423	correct	0.423	grate	n/a	n/a	n/a	n/a	n/a	n/a	3	2	n/a	n/a	n/a	n/a	n/a	left
18	31.975	0.427	correct	0.427	grate	n/a	n/a	n/a	n/a	n/a	n/a	3	2	n/a	n/a	n/a	n/a	n/a	right
18	32.925	0.436	correct	0.436	grate	n/a	n/a	n/a	n/a	n/a	n/a	3	2	n/a	n/a	n/a	n/a	n/a	right
18	33.875	0.422	correct	0.422	grate	n/a	n/a	n/a	n/a	n/a	n/a	3	2	n/a	n/a	n/a	n/a	n/a	left
18	34.808	0.530	correct	0.530	grate	n/a	n/a	n/a	n/a	n/a	n/a	3	2	n/a	n/a	n/a	n/a	n/a	right
18	35.858	0.439	correct	0.439	grate	n/a	n/a	n/a	n/a	n/a	n/a	3	2	n/a	n/a	n/a	n/a	n/a	left
18	36.808	0.100	incorrect	0.100	grate	n/a	n/a	n/a	n/a	n/a	n/a	3	2	n/a	n/a	n/a	n/a	n/a	right
18	38.007	3.000	forget	0.318	retrieval	retprac	scene	object	face	other	face	4	2	87	135	287	139	38.0	n/a
18	43.041	0.384	correct	0.384	grate	n/a	n/a	n/a	n/a	n/a	n/a	4	2	n/a	n/a	n/a	n/a	n/a	right
18	43.940	0.500	correct	0.500	grate	n/a	n/a	n/a	n/a	n/a	n/a	4	2	n/a	n/a	n/a	n/a	n/a	left
18	44.957	0.395	correct	0.395	grate	n/a	n/a	n/a	n/a	n/a	n/a	4	2	n/a	n/a	n/a	n/a	n/a	right
18	45.874	0.407	correct	0.407	grate	n/a	n/a	n/a	n/a	n/a	n/a	4	2	n/a	n/a	n/a	n/a	n/a	left
18	46.790	0.435	correct	0.435	grate	n/a	n/a	n/a	n/a	n/a	n/a	4	2	n/a	n/a	n/a	n/a	n/a	right
18	47.740	0.476	correct	0.476	grate	n/a	n/a	n/a	n/a	n/a	n/a	4	2	n/a	n/a	n/a	n/a	n/a	right
18	48.740	0.100	incorrect	0.100	grate	n/a	n/a	n/a	n/a	n/a	n/a	4	2	n/a	n/a	n/a	n/a	n/a	left
18	50.022	3.000	remember	0.430	retrieval	retprac	scene	face	object	target	scene	5	2	33	105	257	33	50.0	n/a
18	55.056	0.393	correct	0.393	grate	n/a	n/a	n/a	n/a	n/a	n/a	5	2	n/a	n/a	n/a	n/a	n/a	left
18	55.973	0.397	correct	0.397	grate	n/a	n/a	n/a	n/a	n/a	n/a	5	2	n/a	n/a	n/a	n/a	n/a	left
18	56.889	0.415	correct	0.415	grate	n/a	n/a	n/a	n/a	n/a	n/a	5	2	n/a	n/a	n/a	n/a	n/a	left
18	57.822	0.386	correct	0.386	grate	n/a	n/a	n/a	n/a	n/a	n/a	5	2	n/a	n/a	n/a	n/a	n/a	left
18	58.722	0.374	correct	0.374	grate	n/a	n/a	n/a	n/a	n/a	n/a	5	2	n/a	n/a	n/a	n/a	n/a	left
18	59.606	0.556	correct	0.556	grate	n/a	n/a	n/a	n/a	n/a	n/a	5	2	n/a	n/a	n/a	n/a	n/a	right
18	60.672	0.100	incorrect	0.100	grate	n/a	n/a	n/a	n/a	n/a	n/a	5	2	n/a	n/a	n/a	n/a	n/a	right
18	62.021	3.000	remember	0.335	retrieval	restudy	object	face	scene	target	object	6	2	14	62	162	14	62.0	n/a
18	67.055	0.434	correct	0.434	grate	n/a	n/a	n/a	n/a	n/a	n/a	6	2	n/a	n/a	n/a	n/a	n/a	left
18	68.005	0.427	correct	0.427	grate	n/a	n/a	n/a	n/a	n/a	n/a	6	2	n/a	n/a	n/a	n/a	n/a	right
18	68.955	0.421	correct	0.421	grate	n/a	n/a	n/a	n/a	n/a	n/a	6	2	n/a	n/a	n/a	n/a	n/a	right
18	69.888	0.433	correct	0.433	grate	n/a	n/a	n/a	n/a	n/a	n/a	6	2	n/a	n/a	n/a	n/a	n/a	right
18	70.838	0.474	correct	0.474	grate	n/a	n/a	n/a	n/a	n/a	n/a	6	2	n/a	n/a	n/a	n/a	n/a	left
18	71.821	0.394	correct	0.394	grate	n/a	n/a	n/a	n/a	n/a	n/a	6	2	n/a	n/a	n/a	n/a	n/a	left
18	72.738	0.100	incorrect	0.100	grate	n/a	n/a	n/a	n/a	n/a	n/a	6	2	n/a	n/a	n/a	n/a	n/a	left
18	74.020	3.000	remember	0.423	retrieval	retprac	face	scene	object	target	face	7	2	105	33	81	209	74.0	n/a
18	79.053	0.546	correct	0.546	grate	n/a	n/a	n/a	n/a	n/a	n/a	7	2	n/a	n/a	n/a	n/a	n/a	right
18	80.120	0.351	correct	0.351	grate	n/a	n/a	n/a	n/a	n/a	n/a	7	2	n/a	n/a	n/a	n/a	n/a	right
18	80.987	0.341	correct	0.341	grate	n/a	n/a	n/a	n/a	n/a	n/a	7	2	n/a	n/a	n/a	n/a	n/a	right
18	81.837	0.323	correct	0.323	grate	n/a	n/a	n/a	n/a	n/a	n/a	7	2	n/a	n/a	n/a	n/a	n/a	right
18	82.670	0.321	correct	0.321	grate	n/a	n/a	n/a	n/a	n/a	n/a	7	2	n/a	n/a	n/a	n/a	n/a	right
18	83.503	0.353	correct	0.353	grate	n/a	n/a	n/a	n/a	n/a	n/a	7	2	n/a	n/a	n/a	n/a	n/a	right
18	84.370	0.150	incorrect	0.150	grate	n/a	n/a	n/a	n/a	n/a	n/a	7	2	n/a	n/a	n/a	n/a	n/a	left
18	86.019	3.000	forget	0.352	retrieval	retprac	scene	face	object	competitor	face	8	2	39	111	263	39	86.0	n/a
18	91.052	0.402	correct	0.402	grate	n/a	n/a	n/a	n/a	n/a	n/a	8	2	n/a	n/a	n/a	n/a	n/a	left
18	91.969	0.366	correct	0.366	grate	n/a	n/a	n/a	n/a	n/a	n/a	8	2	n/a	n/a	n/a	n/a	n/a	left
18	92.852	0.362	correct	0.362	grate	n/a	n/a	n/a	n/a	n/a	n/a	8	2	n/a	n/a	n/a	n/a	n/a	left
18	93.735	0.344	correct	0.344	grate	n/a	n/a	n/a	n/a	n/a	n/a	8	2	n/a	n/a	n/a	n/a	n/a	left
18	94.602	0.469	correct	0.469	grate	n/a	n/a	n/a	n/a	n/a	n/a	8	2	n/a	n/a	n/a	n/a	n/a	right
18	95.585	0.357	correct	0.357	grate	n/a	n/a	n/a	n/a	n/a	n/a	8	2	n/a	n/a	n/a	n/a	n/a	right
18	96.468	0.050	incorrect	0.050	grate	n/a	n/a	n/a	n/a	n/a	n/a	8	2	n/a	n/a	n/a	n/a	n/a	right
18	98.017	3.000	forget	0.346	retrieval	retprac	object	face	scene	competitor	face	9	2	9	57	157	9	98.0	n/a
18	103.051	0.419	correct	0.419	grate	n/a	n/a	n/a	n/a	n/a	n/a	9	2	n/a	n/a	n/a	n/a	n/a	left
18	103.984	0.414	correct	0.414	grate	n/a	n/a	n/a	n/a	n/a	n/a	9	2	n/a	n/a	n/a	n/a	n/a	left
18	104.918	0.441	correct	0.441	grate	n/a	n/a	n/a	n/a	n/a	n/a	9	2	n/a	n/a	n/a	n/a	n/a	right
18	105.867	0.395	correct	0.395	grate	n/a	n/a	n/a	n/a	n/a	n/a	9	2	n/a	n/a	n/a	n/a	n/a	right
18	106.784	0.470	correct	0.470	grate	n/a	n/a	n/a	n/a	n/a	n/a	9	2	n/a	n/a	n/a	n/a	n/a	left
18	107.767	0.383	correct	0.383	grate	n/a	n/a	n/a	n/a	n/a	n/a	9	2	n/a	n/a	n/a	n/a	n/a	right
18	108.667	0.100	incorrect	0.100	grate	n/a	n/a	n/a	n/a	n/a	n/a	9	2	n/a	n/a	n/a	n/a	n/a	left
18	110.016	3.000	remember	0.306	retrieval	restudy	object	scene	face	target	object	10	2	136	88	188	240	110.0	n/a
18	115.050	0.372	correct	0.372	grate	n/a	n/a	n/a	n/a	n/a	n/a	10	2	n/a	n/a	n/a	n/a	n/a	right
18	115.933	0.369	correct	0.369	grate	n/a	n/a	n/a	n/a	n/a	n/a	10	2	n/a	n/a	n/a	n/a	n/a	right
18	116.816	0.357	correct	0.357	grate	n/a	n/a	n/a	n/a	n/a	n/a	10	2	n/a	n/a	n/a	n/a	n/a	right
18	117.683	0.490	correct	0.490	grate	n/a	n/a	n/a	n/a	n/a	n/a	10	2	n/a	n/a	n/a	n/a	n/a	right
18	118.683	0.324	correct	0.324	grate	n/a	n/a	n/a	n/a	n/a	n/a	10	2	n/a	n/a	n/a	n/a	n/a	right
18	119.516	0.338	correct	0.338	grate	n/a	n/a	n/a	n/a	n/a	n/a	10	2	n/a	n/a	n/a	n/a	n/a	right
18	120.366	0.150	incorrect	0.150	grate	n/a	n/a	n/a	n/a	n/a	n/a	10	2	n/a	n/a	n/a	n/a	n/a	left
18	122.015	3.000	remember	0.362	retrieval	restudy	scene	face	object	target	scene	11	2	36	108	260	36	122.0	n/a
18	127.049	0.476	correct	0.476	grate	n/a	n/a	n/a	n/a	n/a	n/a	11	2	n/a	n/a	n/a	n/a	n/a	left
18	128.032	0.454	correct	0.454	grate	n/a	n/a	n/a	n/a	n/a	n/a	11	2	n/a	n/a	n/a	n/a	n/a	right
18	128.998	0.439	correct	0.439	grate	n/a	n/a	n/a	n/a	n/a	n/a	11	2	n/a	n/a	n/a	n/a	n/a	left
18	129.948	0.417	correct	0.417	grate	n/a	n/a	n/a	n/a	n/a	n/a	11	2	n/a	n/a	n/a	n/a	n/a	right
18	130.881	0.403	correct	0.403	grate	n/a	n/a	n/a	n/a	n/a	n/a	11	2	n/a	n/a	n/a	n/a	n/a	left
18	131.798	0.391	correct	0.391	grate	n/a	n/a	n/a	n/a	n/a	n/a	11	2	n/a	n/a	n/a	n/a	n/a	right
18	132.698	0.100	incorrect	0.100	grate	n/a	n/a	n/a	n/a	n/a	n/a	11	2	n/a	n/a	n/a	n/a	n/a	right
18	134.014	3.000	forget	0.491	retrieval	retprac	object	face	scene	competitor	face	12	2	15	63	163	15	134.0	n/a
18	139.048	0.429	correct	0.429	grate	n/a	n/a	n/a	n/a	n/a	n/a	12	2	n/a	n/a	n/a	n/a	n/a	left
18	139.997	0.519	correct	0.519	grate	n/a	n/a	n/a	n/a	n/a	n/a	12	2	n/a	n/a	n/a	n/a	n/a	right
18	141.031	0.438	correct	0.438	grate	n/a	n/a	n/a	n/a	n/a	n/a	12	2	n/a	n/a	n/a	n/a	n/a	right
18	141.980	0.416	correct	0.416	grate	n/a	n/a	n/a	n/a	n/a	n/a	12	2	n/a	n/a	n/a	n/a	n/a	right
18	142.914	0.363	correct	0.363	grate	n/a	n/a	n/a	n/a	n/a	n/a	12	2	n/a	n/a	n/a	n/a	n/a	right
18	143.797	0.384	correct	0.384	grate	n/a	n/a	n/a	n/a	n/a	n/a	12	2	n/a	n/a	n/a	n/a	n/a	right
18	144.697	0.100	incorrect	0.100	grate	n/a	n/a	n/a	n/a	n/a	n/a	12	2	n/a	n/a	n/a	n/a	n/a	right
18	146.012	3.000	remember	0.276	retrieval	restudy	object	face	scene	target	object	13	2	10	58	158	10	146.0	n/a
18	151.046	0.463	correct	0.463	grate	n/a	n/a	n/a	n/a	n/a	n/a	13	2	n/a	n/a	n/a	n/a	n/a	right
18	152.029	0.343	correct	0.343	grate	n/a	n/a	n/a	n/a	n/a	n/a	13	2	n/a	n/a	n/a	n/a	n/a	right
18	152.879	0.349	correct	0.349	grate	n/a	n/a	n/a	n/a	n/a	n/a	13	2	n/a	n/a	n/a	n/a	n/a	right
18	153.746	0.466	correct	0.466	grate	n/a	n/a	n/a	n/a	n/a	n/a	13	2	n/a	n/a	n/a	n/a	n/a	left
18	154.729	0.411	correct	0.411	grate	n/a	n/a	n/a	n/a	n/a	n/a	13	2	n/a	n/a	n/a	n/a	n/a	right
18	155.662	0.430	correct	0.430	grate	n/a	n/a	n/a	n/a	n/a	n/a	13	2	n/a	n/a	n/a	n/a	n/a	left
18	156.612	0.100	incorrect	0.100	grate	n/a	n/a	n/a	n/a	n/a	n/a	13	2	n/a	n/a	n/a	n/a	n/a	right
18	158.011	3.000	forget	0.557	retrieval	restudy	face	object	scene	competitor	object	14	2	60	12	60	112	158.0	n/a
18	163.045	0.447	correct	0.447	grate	n/a	n/a	n/a	n/a	n/a	n/a	14	2	n/a	n/a	n/a	n/a	n/a	right
18	164.012	0.464	correct	0.464	grate	n/a	n/a	n/a	n/a	n/a	n/a	14	2	n/a	n/a	n/a	n/a	n/a	left
18	164.995	0.401	correct	0.401	grate	n/a	n/a	n/a	n/a	n/a	n/a	14	2	n/a	n/a	n/a	n/a	n/a	left
18	165.911	0.469	correct	0.469	grate	n/a	n/a	n/a	n/a	n/a	n/a	14	2	n/a	n/a	n/a	n/a	n/a	right
18	166.895	0.469	correct	0.469	grate	n/a	n/a	n/a	n/a	n/a	n/a	14	2	n/a	n/a	n/a	n/a	n/a	right
18	167.878	0.430	correct	0.430	grate	n/a	n/a	n/a	n/a	n/a	n/a	14	2	n/a	n/a	n/a	n/a	n/a	left
18	168.828	0.100	incorrect	0.100	grate	n/a	n/a	n/a	n/a	n/a	n/a	14	2	n/a	n/a	n/a	n/a	n/a	left
18	170.010	3.000	forget	0.309	retrieval	retprac	scene	object	face	competitor	object	15	2	83	131	283	135	170.0	n/a
18	175.044	0.399	correct	0.399	grate	n/a	n/a	n/a	n/a	n/a	n/a	15	2	n/a	n/a	n/a	n/a	n/a	left
18	175.960	0.379	correct	0.379	grate	n/a	n/a	n/a	n/a	n/a	n/a	15	2	n/a	n/a	n/a	n/a	n/a	left
18	176.860	0.352	correct	0.352	grate	n/a	n/a	n/a	n/a	n/a	n/a	15	2	n/a	n/a	n/a	n/a	n/a	left
18	177.727	0.388	correct	0.388	grate	n/a	n/a	n/a	n/a	n/a	n/a	15	2	n/a	n/a	n/a	n/a	n/a	left
18	178.627	0.417	correct	0.417	grate	n/a	n/a	n/a	n/a	n/a	n/a	15	2	n/a	n/a	n/a	n/a	n/a	right
18	179.560	0.371	correct	0.371	grate	n/a	n/a	n/a	n/a	n/a	n/a	15	2	n/a	n/a	n/a	n/a	n/a	right
18	180.443	0.067	incorrect	0.067	grate	n/a	n/a	n/a	n/a	n/a	n/a	15	2	n/a	n/a	n/a	n/a	n/a	left
18	182.009	3.000	remember	0.350	retrieval	restudy	face	scene	object	target	face	16	2	106	34	82	210	182.0	n/a
18	187.043	0.448	correct	0.448	grate	n/a	n/a	n/a	n/a	n/a	n/a	16	2	n/a	n/a	n/a	n/a	n/a	left
18	188.009	0.386	correct	0.386	grate	n/a	n/a	n/a	n/a	n/a	n/a	16	2	n/a	n/a	n/a	n/a	n/a	right
18	188.909	0.423	correct	0.423	grate	n/a	n/a	n/a	n/a	n/a	n/a	16	2	n/a	n/a	n/a	n/a	n/a	right
18	189.859	0.408	correct	0.408	grate	n/a	n/a	n/a	n/a	n/a	n/a	16	2	n/a	n/a	n/a	n/a	n/a	right
18	190.776	0.467	correct	0.467	grate	n/a	n/a	n/a	n/a	n/a	n/a	16	2	n/a	n/a	n/a	n/a	n/a	left
18	191.759	0.364	correct	0.364	grate	n/a	n/a	n/a	n/a	n/a	n/a	16	2	n/a	n/a	n/a	n/a	n/a	left
18	192.642	0.100	incorrect	0.100	grate	n/a	n/a	n/a	n/a	n/a	n/a	16	2	n/a	n/a	n/a	n/a	n/a	left
18	194.008	3.000	remember	0.279	retrieval	retprac	object	face	scene	target	object	17	2	11	59	159	11	194.0	n/a
18	199.041	0.393	correct	0.393	grate	n/a	n/a	n/a	n/a	n/a	n/a	17	2	n/a	n/a	n/a	n/a	n/a	right
18	199.941	0.358	correct	0.358	grate	n/a	n/a	n/a	n/a	n/a	n/a	17	2	n/a	n/a	n/a	n/a	n/a	right
18	200.808	0.379	correct	0.379	grate	n/a	n/a	n/a	n/a	n/a	n/a	17	2	n/a	n/a	n/a	n/a	n/a	right
18	201.708	0.334	incorrect	0.334	grate	n/a	n/a	n/a	n/a	n/a	n/a	17	2	n/a	n/a	n/a	n/a	n/a	left
18	202.558	0.492	correct	0.492	grate	n/a	n/a	n/a	n/a	n/a	n/a	17	2	n/a	n/a	n/a	n/a	n/a	right
18	203.557	0.382	correct	0.382	grate	n/a	n/a	n/a	n/a	n/a	n/a	17	2	n/a	n/a	n/a	n/a	n/a	left
18	204.457	0.050	incorrect	0.050	grate	n/a	n/a	n/a	n/a	n/a	n/a	17	2	n/a	n/a	n/a	n/a	n/a	left
18	206.006	3.000	forget	0.360	retrieval	restudy	scene	object	face	competitor	object	18	2	88	136	288	140	206.0	n/a
18	211.040	0.393	correct	0.393	grate	n/a	n/a	n/a	n/a	n/a	n/a	18	2	n/a	n/a	n/a	n/a	n/a	left
18	211.957	0.413	correct	0.413	grate	n/a	n/a	n/a	n/a	n/a	n/a	18	2	n/a	n/a	n/a	n/a	n/a	left
18	212.890	0.392	correct	0.392	grate	n/a	n/a	n/a	n/a	n/a	n/a	18	2	n/a	n/a	n/a	n/a	n/a	left
18	213.790	0.476	correct	0.476	grate	n/a	n/a	n/a	n/a	n/a	n/a	18	2	n/a	n/a	n/a	n/a	n/a	right
18	214.773	0.453	correct	0.453	grate	n/a	n/a	n/a	n/a	n/a	n/a	18	2	n/a	n/a	n/a	n/a	n/a	left
18	215.740	0.446	correct	0.446	grate	n/a	n/a	n/a	n/a	n/a	n/a	18	2	n/a	n/a	n/a	n/a	n/a	right
18	216.706	0.100	incorrect	0.100	grate	n/a	n/a	n/a	n/a	n/a	n/a	18	2	n/a	n/a	n/a	n/a	n/a	left
18	218.022	3.000	remember	0.391	retrieval	retprac	object	scene	face	target	object	19	2	133	85	185	237	218.0	n/a
18	223.056	0.410	correct	0.410	grate	n/a	n/a	n/a	n/a	n/a	n/a	19	2	n/a	n/a	n/a	n/a	n/a	left
18	223.989	0.372	correct	0.372	grate	n/a	n/a	n/a	n/a	n/a	n/a	19	2	n/a	n/a	n/a	n/a	n/a	left
18	224.872	0.393	correct	0.393	grate	n/a	n/a	n/a	n/a	n/a	n/a	19	2	n/a	n/a	n/a	n/a	n/a	left
18	225.789	0.453	correct	0.453	grate	n/a	n/a	n/a	n/a	n/a	n/a	19	2	n/a	n/a	n/a	n/a	n/a	right
18	226.755	0.398	correct	0.398	grate	n/a	n/a	n/a	n/a	n/a	n/a	19	2	n/a	n/a	n/a	n/a	n/a	left
18	227.672	0.473	correct	0.473	grate	n/a	n/a	n/a	n/a	n/a	n/a	19	2	n/a	n/a	n/a	n/a	n/a	left
18	228.655	0.100	incorrect	0.100	grate	n/a	n/a	n/a	n/a	n/a	n/a	19	2	n/a	n/a	n/a	n/a	n/a	left
18	230.020	3.000	forget	0.288	retrieval	restudy	face	object	scene	competitor	object	20	2	58	10	58	110	230.0	n/a
18	235.054	0.410	correct	0.410	grate	n/a	n/a	n/a	n/a	n/a	n/a	20	2	n/a	n/a	n/a	n/a	n/a	left
18	235.988	0.445	correct	0.445	grate	n/a	n/a	n/a	n/a	n/a	n/a	20	2	n/a	n/a	n/a	n/a	n/a	right
18	236.954	0.383	correct	0.383	grate	n/a	n/a	n/a	n/a	n/a	n/a	20	2	n/a	n/a	n/a	n/a	n/a	right
18	237.854	0.362	correct	0.362	grate	n/a	n/a	n/a	n/a	n/a	n/a	20	2	n/a	n/a	n/a	n/a	n/a	right
18	238.737	0.359	correct	0.359	grate	n/a	n/a	n/a	n/a	n/a	n/a	20	2	n/a	n/a	n/a	n/a	n/a	right
18	239.604	0.365	correct	0.365	grate	n/a	n/a	n/a	n/a	n/a	n/a	20	2	n/a	n/a	n/a	n/a	n/a	right
18	240.487	0.033	incorrect	0.033	grate	n/a	n/a	n/a	n/a	n/a	n/a	20	2	n/a	n/a	n/a	n/a	n/a	left
18	242.019	3.000	forget	0.402	retrieval	restudy	face	scene	object	competitor	scene	21	2	112	40	88	216	242.0	n/a
18	247.053	0.419	correct	0.419	grate	n/a	n/a	n/a	n/a	n/a	n/a	21	2	n/a	n/a	n/a	n/a	n/a	left
18	247.986	0.438	correct	0.438	grate	n/a	n/a	n/a	n/a	n/a	n/a	21	2	n/a	n/a	n/a	n/a	n/a	right
18	248.936	0.480	correct	0.480	grate	n/a	n/a	n/a	n/a	n/a	n/a	21	2	n/a	n/a	n/a	n/a	n/a	left
18	249.936	0.424	correct	0.424	grate	n/a	n/a	n/a	n/a	n/a	n/a	21	2	n/a	n/a	n/a	n/a	n/a	right
18	250.869	1.027	correct	1.027	grate	n/a	n/a	n/a	n/a	n/a	n/a	21	2	n/a	n/a	n/a	n/a	n/a	right
18	252.419	0.100	incorrect	0.100	grate	n/a	n/a	n/a	n/a	n/a	n/a	21	2	n/a	n/a	n/a	n/a	n/a	right
18	254.018	3.000	forget	0.377	retrieval	restudy	face	scene	object	competitor	scene	22	2	110	38	86	214	254.0	n/a
18	259.052	0.436	correct	0.436	grate	n/a	n/a	n/a	n/a	n/a	n/a	22	2	n/a	n/a	n/a	n/a	n/a	left
18	260.002	0.406	correct	0.406	grate	n/a	n/a	n/a	n/a	n/a	n/a	22	2	n/a	n/a	n/a	n/a	n/a	right
18	260.918	0.442	correct	0.442	grate	n/a	n/a	n/a	n/a	n/a	n/a	22	2	n/a	n/a	n/a	n/a	n/a	right
18	261.868	0.475	correct	0.475	grate	n/a	n/a	n/a	n/a	n/a	n/a	22	2	n/a	n/a	n/a	n/a	n/a	left
18	262.852	0.516	correct	0.516	grate	n/a	n/a	n/a	n/a	n/a	n/a	22	2	n/a	n/a	n/a	n/a	n/a	right
18	263.885	0.451	correct	0.451	grate	n/a	n/a	n/a	n/a	n/a	n/a	22	2	n/a	n/a	n/a	n/a	n/a	right
18	264.851	0.100	incorrect	0.100	grate	n/a	n/a	n/a	n/a	n/a	n/a	22	2	n/a	n/a	n/a	n/a	n/a	left
18	266.017	3.000	remember	0.450	retrieval	retprac	face	scene	object	target	face	23	2	107	35	83	211	266.0	n/a
18	271.051	0.468	correct	0.468	grate	n/a	n/a	n/a	n/a	n/a	n/a	23	2	n/a	n/a	n/a	n/a	n/a	right
18	272.034	0.421	correct	0.421	grate	n/a	n/a	n/a	n/a	n/a	n/a	23	2	n/a	n/a	n/a	n/a	n/a	right
18	272.967	0.520	correct	0.520	grate	n/a	n/a	n/a	n/a	n/a	n/a	23	2	n/a	n/a	n/a	n/a	n/a	left
18	274.000	0.431	correct	0.431	grate	n/a	n/a	n/a	n/a	n/a	n/a	23	2	n/a	n/a	n/a	n/a	n/a	left
18	274.950	0.409	correct	0.409	grate	n/a	n/a	n/a	n/a	n/a	n/a	23	2	n/a	n/a	n/a	n/a	n/a	left
18	275.883	0.540	correct	0.540	grate	n/a	n/a	n/a	n/a	n/a	n/a	23	2	n/a	n/a	n/a	n/a	n/a	right
18	276.933	0.100	incorrect	0.100	grate	n/a	n/a	n/a	n/a	n/a	n/a	23	2	n/a	n/a	n/a	n/a	n/a	right
18	278.016	3.000	remember	0.364	retrieval	retprac	scene	object	face	target	scene	24	2	81	129	281	133	278.0	n/a
18	283.050	0.422	correct	0.422	grate	n/a	n/a	n/a	n/a	n/a	n/a	24	2	n/a	n/a	n/a	n/a	n/a	left
18	283.983	0.432	correct	0.432	grate	n/a	n/a	n/a	n/a	n/a	n/a	24	2	n/a	n/a	n/a	n/a	n/a	right
18	284.933	0.458	correct	0.458	grate	n/a	n/a	n/a	n/a	n/a	n/a	24	2	n/a	n/a	n/a	n/a	n/a	right
18	285.899	0.467	correct	0.467	grate	n/a	n/a	n/a	n/a	n/a	n/a	24	2	n/a	n/a	n/a	n/a	n/a	left
18	286.882	0.476	correct	0.476	grate	n/a	n/a	n/a	n/a	n/a	n/a	24	2	n/a	n/a	n/a	n/a	n/a	left
18	287.882	0.428	correct	0.428	grate	n/a	n/a	n/a	n/a	n/a	n/a	24	2	n/a	n/a	n/a	n/a	n/a	right
18	288.832	0.100	incorrect	0.100	grate	n/a	n/a	n/a	n/a	n/a	n/a	24	2	n/a	n/a	n/a	n/a	n/a	right
18	290.014	3.000	remember	0.355	retrieval	restudy	face	scene	object	target	face	25	2	108	36	84	212	290.0	n/a
18	295.048	0.382	correct	0.382	grate	n/a	n/a	n/a	n/a	n/a	n/a	25	2	n/a	n/a	n/a	n/a	n/a	right
18	295.948	0.386	correct	0.386	grate	n/a	n/a	n/a	n/a	n/a	n/a	25	2	n/a	n/a	n/a	n/a	n/a	right
18	296.848	0.358	correct	0.358	grate	n/a	n/a	n/a	n/a	n/a	n/a	25	2	n/a	n/a	n/a	n/a	n/a	right
18	297.731	0.347	correct	0.347	grate	n/a	n/a	n/a	n/a	n/a	n/a	25	2	n/a	n/a	n/a	n/a	n/a	right
18	298.598	0.464	correct	0.464	grate	n/a	n/a	n/a	n/a	n/a	n/a	25	2	n/a	n/a	n/a	n/a	n/a	right
18	299.581	0.497	correct	0.497	grate	n/a	n/a	n/a	n/a	n/a	n/a	25	2	n/a	n/a	n/a	n/a	n/a	right
18	300.598	0.100	incorrect	0.100	grate	n/a	n/a	n/a	n/a	n/a	n/a	25	2	n/a	n/a	n/a	n/a	n/a	left
18	302.013	3.000	forget	0.580	retrieval	restudy	face	object	scene	competitor	object	26	2	62	14	62	114	302.0	n/a
18	307.047	0.471	correct	0.471	grate	n/a	n/a	n/a	n/a	n/a	n/a	26	2	n/a	n/a	n/a	n/a	n/a	left
18	308.030	0.391	correct	0.391	grate	n/a	n/a	n/a	n/a	n/a	n/a	26	2	n/a	n/a	n/a	n/a	n/a	left
18	308.930	0.396	correct	0.396	grate	n/a	n/a	n/a	n/a	n/a	n/a	26	2	n/a	n/a	n/a	n/a	n/a	left
18	309.847	0.495	correct	0.495	grate	n/a	n/a	n/a	n/a	n/a	n/a	26	2	n/a	n/a	n/a	n/a	n/a	right
18	310.863	0.415	correct	0.415	grate	n/a	n/a	n/a	n/a	n/a	n/a	26	2	n/a	n/a	n/a	n/a	n/a	left
18	311.796	0.473	correct	0.473	grate	n/a	n/a	n/a	n/a	n/a	n/a	26	2	n/a	n/a	n/a	n/a	n/a	left
18	312.780	0.100	incorrect	0.100	grate	n/a	n/a	n/a	n/a	n/a	n/a	26	2	n/a	n/a	n/a	n/a	n/a	left
18	314.012	3.000	forget	0.302	retrieval	retprac	object	face	scene	competitor	face	27	2	13	61	161	13	314.0	n/a
18	319.046	0.407	correct	0.407	grate	n/a	n/a	n/a	n/a	n/a	n/a	27	2	n/a	n/a	n/a	n/a	n/a	left
18	319.962	0.419	correct	0.419	grate	n/a	n/a	n/a	n/a	n/a	n/a	27	2	n/a	n/a	n/a	n/a	n/a	right
18	320.895	0.406	correct	0.406	grate	n/a	n/a	n/a	n/a	n/a	n/a	27	2	n/a	n/a	n/a	n/a	n/a	right
18	321.812	0.529	correct	0.529	grate	n/a	n/a	n/a	n/a	n/a	n/a	27	2	n/a	n/a	n/a	n/a	n/a	left
18	322.862	0.423	correct	0.423	grate	n/a	n/a	n/a	n/a	n/a	n/a	27	2	n/a	n/a	n/a	n/a	n/a	right
18	323.795	0.402	correct	0.402	grate	n/a	n/a	n/a	n/a	n/a	n/a	27	2	n/a	n/a	n/a	n/a	n/a	right
18	324.712	0.100	incorrect	0.100	grate	n/a	n/a	n/a	n/a	n/a	n/a	27	2	n/a	n/a	n/a	n/a	n/a	left
18	326.011	3.000	forget	0.326	retrieval	retprac	scene	object	face	other	face	28	2	85	133	285	137	326.0	n/a
18	331.045	0.393	correct	0.393	grate	n/a	n/a	n/a	n/a	n/a	n/a	28	2	n/a	n/a	n/a	n/a	n/a	left
18	331.961	0.387	correct	0.387	grate	n/a	n/a	n/a	n/a	n/a	n/a	28	2	n/a	n/a	n/a	n/a	n/a	left
18	332.861	0.432	correct	0.432	grate	n/a	n/a	n/a	n/a	n/a	n/a	28	2	n/a	n/a	n/a	n/a	n/a	left
18	333.811	0.386	correct	0.386	grate	n/a	n/a	n/a	n/a	n/a	n/a	28	2	n/a	n/a	n/a	n/a	n/a	left
18	334.711	0.406	correct	0.406	grate	n/a	n/a	n/a	n/a	n/a	n/a	28	2	n/a	n/a	n/a	n/a	n/a	left
18	335.627	0.433	correct	0.433	grate	n/a	n/a	n/a	n/a	n/a	n/a	28	2	n/a	n/a	n/a	n/a	n/a	right
18	336.577	0.100	incorrect	0.100	grate	n/a	n/a	n/a	n/a	n/a	n/a	28	2	n/a	n/a	n/a	n/a	n/a	left
18	338.010	3.000	remember	0.366	retrieval	retprac	object	scene	face	target	object	29	2	135	87	187	239	338.0	n/a
18	343.044	0.441	correct	0.441	grate	n/a	n/a	n/a	n/a	n/a	n/a	29	2	n/a	n/a	n/a	n/a	n/a	right
18	343.993	0.363	correct	0.363	grate	n/a	n/a	n/a	n/a	n/a	n/a	29	2	n/a	n/a	n/a	n/a	n/a	right
18	344.877	0.504	correct	0.504	grate	n/a	n/a	n/a	n/a	n/a	n/a	29	2	n/a	n/a	n/a	n/a	n/a	left
18	345.893	0.360	correct	0.360	grate	n/a	n/a	n/a	n/a	n/a	n/a	29	2	n/a	n/a	n/a	n/a	n/a	right
18	346.776	0.428	correct	0.428	grate	n/a	n/a	n/a	n/a	n/a	n/a	29	2	n/a	n/a	n/a	n/a	n/a	left
18	347.726	0.382	correct	0.382	grate	n/a	n/a	n/a	n/a	n/a	n/a	29	2	n/a	n/a	n/a	n/a	n/a	right
18	348.626	0.100	incorrect	0.100	grate	n/a	n/a	n/a	n/a	n/a	n/a	29	2	n/a	n/a	n/a	n/a	n/a	left
18	350.008	3.000	remember	0.312	retrieval	restudy	object	scene	face	target	object	30	2	132	84	184	236	350.0	n/a
18	355.042	0.385	correct	0.385	grate	n/a	n/a	n/a	n/a	n/a	n/a	30	2	n/a	n/a	n/a	n/a	n/a	right
18	355.942	0.430	correct	0.430	grate	n/a	n/a	n/a	n/a	n/a	n/a	30	2	n/a	n/a	n/a	n/a	n/a	left
18	356.892	0.352	correct	0.352	grate	n/a	n/a	n/a	n/a	n/a	n/a	30	2	n/a	n/a	n/a	n/a	n/a	right
18	357.759	0.397	correct	0.397	grate	n/a	n/a	n/a	n/a	n/a	n/a	30	2	n/a	n/a	n/a	n/a	n/a	right
18	358.675	0.417	correct	0.417	grate	n/a	n/a	n/a	n/a	n/a	n/a	30	2	n/a	n/a	n/a	n/a	n/a	left
18	359.608	0.427	correct	0.427	grate	n/a	n/a	n/a	n/a	n/a	n/a	30	2	n/a	n/a	n/a	n/a	n/a	left
18	360.558	0.100	incorrect	0.100	grate	n/a	n/a	n/a	n/a	n/a	n/a	30	2	n/a	n/a	n/a	n/a	n/a	left
18	362.007	3.000	forget	0.320	retrieval	retprac	scene	face	object	competitor	face	31	2	35	107	259	35	362.0	n/a
18	367.041	0.355	correct	0.355	grate	n/a	n/a	n/a	n/a	n/a	n/a	31	2	n/a	n/a	n/a	n/a	n/a	right
18	367.907	0.505	correct	0.505	grate	n/a	n/a	n/a	n/a	n/a	n/a	31	2	n/a	n/a	n/a	n/a	n/a	left
18	368.924	0.447	correct	0.447	grate	n/a	n/a	n/a	n/a	n/a	n/a	31	2	n/a	n/a	n/a	n/a	n/a	left
18	369.891	0.416	correct	0.416	grate	n/a	n/a	n/a	n/a	n/a	n/a	31	2	n/a	n/a	n/a	n/a	n/a	left
18	370.824	0.387	correct	0.387	grate	n/a	n/a	n/a	n/a	n/a	n/a	31	2	n/a	n/a	n/a	n/a	n/a	right
18	371.724	0.383	correct	0.383	grate	n/a	n/a	n/a	n/a	n/a	n/a	31	2	n/a	n/a	n/a	n/a	n/a	right
18	372.624	0.100	incorrect	0.100	grate	n/a	n/a	n/a	n/a	n/a	n/a	31	2	n/a	n/a	n/a	n/a	n/a	left
18	374.023	3.000	forget	0.328	retrieval	restudy	object	face	scene	competitor	face	32	2	16	64	164	16	374.0	n/a
18	379.056	0.418	correct	0.418	grate	n/a	n/a	n/a	n/a	n/a	n/a	32	2	n/a	n/a	n/a	n/a	n/a	right
18	379.990	0.517	correct	0.517	grate	n/a	n/a	n/a	n/a	n/a	n/a	32	2	n/a	n/a	n/a	n/a	n/a	left
18	381.023	0.436	correct	0.436	grate	n/a	n/a	n/a	n/a	n/a	n/a	32	2	n/a	n/a	n/a	n/a	n/a	right
18	381.973	0.510	correct	0.510	grate	n/a	n/a	n/a	n/a	n/a	n/a	32	2	n/a	n/a	n/a	n/a	n/a	left
18	383.006	0.397	correct	0.397	grate	n/a	n/a	n/a	n/a	n/a	n/a	32	2	n/a	n/a	n/a	n/a	n/a	right
18	383.923	0.449	correct	0.449	grate	n/a	n/a	n/a	n/a	n/a	n/a	32	2	n/a	n/a	n/a	n/a	n/a	right
18	384.889	0.100	incorrect	0.100	grate	n/a	n/a	n/a	n/a	n/a	n/a	32	2	n/a	n/a	n/a	n/a	n/a	right
18	386.021	3.000	forget	0.345	retrieval	restudy	scene	face	object	competitor	face	33	2	38	110	262	38	386.0	n/a
18	391.055	0.467	correct	0.467	grate	n/a	n/a	n/a	n/a	n/a	n/a	33	2	n/a	n/a	n/a	n/a	n/a	left
18	392.038	0.524	correct	0.524	grate	n/a	n/a	n/a	n/a	n/a	n/a	33	2	n/a	n/a	n/a	n/a	n/a	right
18	393.072	0.450	correct	0.450	grate	n/a	n/a	n/a	n/a	n/a	n/a	33	2	n/a	n/a	n/a	n/a	n/a	left
18	394.038	0.476	correct	0.476	grate	n/a	n/a	n/a	n/a	n/a	n/a	33	2	n/a	n/a	n/a	n/a	n/a	left
18	395.021	0.349	correct	0.349	grate	n/a	n/a	n/a	n/a	n/a	n/a	33	2	n/a	n/a	n/a	n/a	n/a	left
18	395.888	0.394	correct	0.394	grate	n/a	n/a	n/a	n/a	n/a	n/a	33	2	n/a	n/a	n/a	n/a	n/a	right
18	396.804	0.100	incorrect	0.100	grate	n/a	n/a	n/a	n/a	n/a	n/a	33	2	n/a	n/a	n/a	n/a	n/a	left
18	398.020	3.000	forget	0.779	retrieval	retprac	face	object	scene	other	scene	34	2	57	9	57	109	398.0	n/a
18	403.054	0.532	correct	0.532	grate	n/a	n/a	n/a	n/a	n/a	n/a	34	2	n/a	n/a	n/a	n/a	n/a	left
18	404.104	0.467	correct	0.467	grate	n/a	n/a	n/a	n/a	n/a	n/a	34	2	n/a	n/a	n/a	n/a	n/a	left
18	405.087	0.370	correct	0.370	grate	n/a	n/a	n/a	n/a	n/a	n/a	34	2	n/a	n/a	n/a	n/a	n/a	left
18	405.970	0.400	correct	0.400	grate	n/a	n/a	n/a	n/a	n/a	n/a	34	2	n/a	n/a	n/a	n/a	n/a	left
18	406.887	0.483	correct	0.483	grate	n/a	n/a	n/a	n/a	n/a	n/a	34	2	n/a	n/a	n/a	n/a	n/a	right
18	407.887	0.331	correct	0.331	grate	n/a	n/a	n/a	n/a	n/a	n/a	34	2	n/a	n/a	n/a	n/a	n/a	right
18	408.737	0.100	incorrect	0.100	grate	n/a	n/a	n/a	n/a	n/a	n/a	34	2	n/a	n/a	n/a	n/a	n/a	left
18	410.019	3.000	forget	0.379	retrieval	restudy	scene	face	object	competitor	face	35	2	40	112	264	40	410.0	n/a
18	415.053	0.444	correct	0.444	grate	n/a	n/a	n/a	n/a	n/a	n/a	35	2	n/a	n/a	n/a	n/a	n/a	left
18	416.019	0.478	correct	0.478	grate	n/a	n/a	n/a	n/a	n/a	n/a	35	2	n/a	n/a	n/a	n/a	n/a	left
18	417.019	0.414	correct	0.414	grate	n/a	n/a	n/a	n/a	n/a	n/a	35	2	n/a	n/a	n/a	n/a	n/a	left
18	417.952	0.617	correct	0.617	grate	n/a	n/a	n/a	n/a	n/a	n/a	35	2	n/a	n/a	n/a	n/a	n/a	right
18	419.086	0.483	correct	0.483	grate	n/a	n/a	n/a	n/a	n/a	n/a	35	2	n/a	n/a	n/a	n/a	n/a	right
18	420.085	0.433	incorrect	0.433	grate	n/a	n/a	n/a	n/a	n/a	n/a	35	2	n/a	n/a	n/a	n/a	n/a	right
18	422.018	3.000	remember	0.411	retrieval	retprac	face	object	scene	target	face	36	2	61	13	61	113	422.0	n/a
18	427.052	0.365	correct	0.365	grate	n/a	n/a	n/a	n/a	n/a	n/a	36	2	n/a	n/a	n/a	n/a	n/a	right
18	427.935	0.378	correct	0.378	grate	n/a	n/a	n/a	n/a	n/a	n/a	36	2	n/a	n/a	n/a	n/a	n/a	right
18	428.835	0.518	correct	0.518	grate	n/a	n/a	n/a	n/a	n/a	n/a	36	2	n/a	n/a	n/a	n/a	n/a	left
18	429.868	0.453	correct	0.453	grate	n/a	n/a	n/a	n/a	n/a	n/a	36	2	n/a	n/a	n/a	n/a	n/a	left
18	430.834	0.478	correct	0.478	grate	n/a	n/a	n/a	n/a	n/a	n/a	36	2	n/a	n/a	n/a	n/a	n/a	right
18	431.834	0.406	correct	0.406	grate	n/a	n/a	n/a	n/a	n/a	n/a	36	2	n/a	n/a	n/a	n/a	n/a	left
18	432.751	0.100	incorrect	0.100	grate	n/a	n/a	n/a	n/a	n/a	n/a	36	2	n/a	n/a	n/a	n/a	n/a	right
18	434.017	3.000	forget	0.372	retrieval	restudy	object	scene	face	other	face	37	2	134	86	186	238	434.0	n/a
18	439.050	0.358	correct	0.358	grate	n/a	n/a	n/a	n/a	n/a	n/a	37	2	n/a	n/a	n/a	n/a	n/a	right
18	439.933	0.355	correct	0.355	grate	n/a	n/a	n/a	n/a	n/a	n/a	37	2	n/a	n/a	n/a	n/a	n/a	right
18	440.800	0.424	correct	0.424	grate	n/a	n/a	n/a	n/a	n/a	n/a	37	2	n/a	n/a	n/a	n/a	n/a	left
18	441.733	0.436	correct	0.436	grate	n/a	n/a	n/a	n/a	n/a	n/a	37	2	n/a	n/a	n/a	n/a	n/a	right
18	442.683	0.501	correct	0.501	grate	n/a	n/a	n/a	n/a	n/a	n/a	37	2	n/a	n/a	n/a	n/a	n/a	left
18	443.700	0.356	correct	0.356	grate	n/a	n/a	n/a	n/a	n/a	n/a	37	2	n/a	n/a	n/a	n/a	n/a	right
18	444.566	0.100	incorrect	0.100	grate	n/a	n/a	n/a	n/a	n/a	n/a	37	2	n/a	n/a	n/a	n/a	n/a	right
18	446.015	3.000	forget	0.684	retrieval	restudy	scene	object	face	other	face	38	2	86	134	286	138	446.0	n/a
18	451.049	0.399	correct	0.399	grate	n/a	n/a	n/a	n/a	n/a	n/a	38	2	n/a	n/a	n/a	n/a	n/a	right
18	451.965	0.506	correct	0.506	grate	n/a	n/a	n/a	n/a	n/a	n/a	38	2	n/a	n/a	n/a	n/a	n/a	left
18	452.982	0.434	correct	0.434	grate	n/a	n/a	n/a	n/a	n/a	n/a	38	2	n/a	n/a	n/a	n/a	n/a	left
18	453.932	0.476	correct	0.476	grate	n/a	n/a	n/a	n/a	n/a	n/a	38	2	n/a	n/a	n/a	n/a	n/a	right
18	454.915	0.492	correct	0.492	grate	n/a	n/a	n/a	n/a	n/a	n/a	38	2	n/a	n/a	n/a	n/a	n/a	right
18	455.932	0.500	correct	0.500	grate	n/a	n/a	n/a	n/a	n/a	n/a	38	2	n/a	n/a	n/a	n/a	n/a	left
18	456.948	0.100	incorrect	0.100	grate	n/a	n/a	n/a	n/a	n/a	n/a	38	2	n/a	n/a	n/a	n/a	n/a	right
18	458.014	3.000	remember	0.397	retrieval	retprac	object	scene	face	target	object	39	2	131	83	183	235	458.0	n/a
18	463.048	0.392	correct	0.392	grate	n/a	n/a	n/a	n/a	n/a	n/a	39	2	n/a	n/a	n/a	n/a	n/a	right
18	463.948	0.493	correct	0.493	grate	n/a	n/a	n/a	n/a	n/a	n/a	39	2	n/a	n/a	n/a	n/a	n/a	left
18	464.964	0.435	correct	0.435	grate	n/a	n/a	n/a	n/a	n/a	n/a	39	2	n/a	n/a	n/a	n/a	n/a	right
18	465.914	0.469	correct	0.469	grate	n/a	n/a	n/a	n/a	n/a	n/a	39	2	n/a	n/a	n/a	n/a	n/a	right
18	466.897	0.382	correct	0.382	grate	n/a	n/a	n/a	n/a	n/a	n/a	39	2	n/a	n/a	n/a	n/a	n/a	right
18	467.797	0.338	correct	0.338	grate	n/a	n/a	n/a	n/a	n/a	n/a	39	2	n/a	n/a	n/a	n/a	n/a	right
18	468.647	0.100	incorrect	0.100	grate	n/a	n/a	n/a	n/a	n/a	n/a	39	2	n/a	n/a	n/a	n/a	n/a	left
18	470.013	3.000	remember	0.446	retrieval	retprac	face	scene	object	target	face	40	2	111	39	87	215	470.0	n/a
18	475.047	0.456	correct	0.456	grate	n/a	n/a	n/a	n/a	n/a	n/a	40	2	n/a	n/a	n/a	n/a	n/a	right
18	476.030	0.402	correct	0.402	grate	n/a	n/a	n/a	n/a	n/a	n/a	40	2	n/a	n/a	n/a	n/a	n/a	right
18	476.946	0.340	correct	0.340	grate	n/a	n/a	n/a	n/a	n/a	n/a	40	2	n/a	n/a	n/a	n/a	n/a	right
18	477.796	0.347	correct	0.347	grate	n/a	n/a	n/a	n/a	n/a	n/a	40	2	n/a	n/a	n/a	n/a	n/a	right
18	478.663	0.376	correct	0.376	grate	n/a	n/a	n/a	n/a	n/a	n/a	40	2	n/a	n/a	n/a	n/a	n/a	right
18	479.546	0.516	correct	0.516	grate	n/a	n/a	n/a	n/a	n/a	n/a	40	2	n/a	n/a	n/a	n/a	n/a	left
18	480.579	0.100	incorrect	0.100	grate	n/a	n/a	n/a	n/a	n/a	n/a	40	2	n/a	n/a	n/a	n/a	n/a	right
18	482.012	3.000	forget	0.631	retrieval	retprac	object	scene	face	competitor	scene	41	2	129	81	181	233	482.0	n/a
18	487.045	0.457	correct	0.457	grate	n/a	n/a	n/a	n/a	n/a	n/a	41	2	n/a	n/a	n/a	n/a	n/a	left
18	488.012	0.370	correct	0.370	grate	n/a	n/a	n/a	n/a	n/a	n/a	41	2	n/a	n/a	n/a	n/a	n/a	left
18	488.895	0.384	correct	0.384	grate	n/a	n/a	n/a	n/a	n/a	n/a	41	2	n/a	n/a	n/a	n/a	n/a	left
18	489.795	0.523	correct	0.523	grate	n/a	n/a	n/a	n/a	n/a	n/a	41	2	n/a	n/a	n/a	n/a	n/a	right
18	490.828	0.362	correct	0.362	grate	n/a	n/a	n/a	n/a	n/a	n/a	41	2	n/a	n/a	n/a	n/a	n/a	right
18	491.712	0.655	correct	0.655	grate	n/a	n/a	n/a	n/a	n/a	n/a	41	2	n/a	n/a	n/a	n/a	n/a	left
18	492.878	0.100	incorrect	0.100	grate	n/a	n/a	n/a	n/a	n/a	n/a	41	2	n/a	n/a	n/a	n/a	n/a	right
18	494.010	3.000	remember	0.312	retrieval	retprac	face	object	scene	target	face	42	2	59	11	59	111	494.0	n/a
18	499.044	0.433	correct	0.433	grate	n/a	n/a	n/a	n/a	n/a	n/a	42	2	n/a	n/a	n/a	n/a	n/a	right
18	499.994	0.403	correct	0.403	grate	n/a	n/a	n/a	n/a	n/a	n/a	42	2	n/a	n/a	n/a	n/a	n/a	left
18	500.910	0.399	correct	0.399	grate	n/a	n/a	n/a	n/a	n/a	n/a	42	2	n/a	n/a	n/a	n/a	n/a	left
18	501.827	0.410	correct	0.410	grate	n/a	n/a	n/a	n/a	n/a	n/a	42	2	n/a	n/a	n/a	n/a	n/a	left
18	502.760	0.445	correct	0.445	grate	n/a	n/a	n/a	n/a	n/a	n/a	42	2	n/a	n/a	n/a	n/a	n/a	right
18	503.727	0.400	correct	0.400	grate	n/a	n/a	n/a	n/a	n/a	n/a	42	2	n/a	n/a	n/a	n/a	n/a	left
18	504.644	0.100	incorrect	0.100	grate	n/a	n/a	n/a	n/a	n/a	n/a	42	2	n/a	n/a	n/a	n/a	n/a	right
18	506.009	3.000	forget	0.328	retrieval	retprac	face	scene	object	competitor	scene	43	2	109	37	85	213	506.0	n/a
18	511.043	0.443	correct	0.443	grate	n/a	n/a	n/a	n/a	n/a	n/a	43	2	n/a	n/a	n/a	n/a	n/a	right
18	512.010	0.364	correct	0.364	grate	n/a	n/a	n/a	n/a	n/a	n/a	43	2	n/a	n/a	n/a	n/a	n/a	right
18	512.893	0.376	correct	0.376	grate	n/a	n/a	n/a	n/a	n/a	n/a	43	2	n/a	n/a	n/a	n/a	n/a	right
18	513.776	0.382	correct	0.382	grate	n/a	n/a	n/a	n/a	n/a	n/a	43	2	n/a	n/a	n/a	n/a	n/a	right
18	514.676	0.465	correct	0.465	grate	n/a	n/a	n/a	n/a	n/a	n/a	43	2	n/a	n/a	n/a	n/a	n/a	left
18	515.659	0.370	correct	0.370	grate	n/a	n/a	n/a	n/a	n/a	n/a	43	2	n/a	n/a	n/a	n/a	n/a	left
18	516.542	0.100	incorrect	0.100	grate	n/a	n/a	n/a	n/a	n/a	n/a	43	2	n/a	n/a	n/a	n/a	n/a	left
18	518.008	3.000	forget	0.377	retrieval	restudy	object	scene	face	other	face	44	2	130	82	182	234	518.0	n/a
18	523.042	0.451	correct	0.451	grate	n/a	n/a	n/a	n/a	n/a	n/a	44	2	n/a	n/a	n/a	n/a	n/a	left
18	524.008	0.389	incorrect	0.389	grate	n/a	n/a	n/a	n/a	n/a	n/a	44	2	n/a	n/a	n/a	n/a	n/a	right
18	524.908	0.433	correct	0.433	grate	n/a	n/a	n/a	n/a	n/a	n/a	44	2	n/a	n/a	n/a	n/a	n/a	right
18	525.858	0.387	correct	0.387	grate	n/a	n/a	n/a	n/a	n/a	n/a	44	2	n/a	n/a	n/a	n/a	n/a	right
18	526.758	0.454	correct	0.454	grate	n/a	n/a	n/a	n/a	n/a	n/a	44	2	n/a	n/a	n/a	n/a	n/a	left
18	527.725	0.480	correct	0.480	grate	n/a	n/a	n/a	n/a	n/a	n/a	44	2	n/a	n/a	n/a	n/a	n/a	right
18	528.724	0.100	incorrect	0.100	grate	n/a	n/a	n/a	n/a	n/a	n/a	44	2	n/a	n/a	n/a	n/a	n/a	left
18	530.007	3.000	forget	0.353	retrieval	restudy	scene	face	object	competitor	face	45	2	34	106	258	34	530.0	n/a
18	535.041	0.491	correct	0.491	grate	n/a	n/a	n/a	n/a	n/a	n/a	45	2	n/a	n/a	n/a	n/a	n/a	left
18	536.040	0.445	correct	0.445	grate	n/a	n/a	n/a	n/a	n/a	n/a	45	2	n/a	n/a	n/a	n/a	n/a	left
18	537.007	0.405	correct	0.405	grate	n/a	n/a	n/a	n/a	n/a	n/a	45	2	n/a	n/a	n/a	n/a	n/a	left
18	537.924	0.449	correct	0.449	grate	n/a	n/a	n/a	n/a	n/a	n/a	45	2	n/a	n/a	n/a	n/a	n/a	right
18	538.890	0.402	correct	0.402	grate	n/a	n/a	n/a	n/a	n/a	n/a	45	2	n/a	n/a	n/a	n/a	n/a	right
18	539.807	0.485	correct	0.485	grate	n/a	n/a	n/a	n/a	n/a	n/a	45	2	n/a	n/a	n/a	n/a	n/a	left
18	540.807	0.100	incorrect	0.100	grate	n/a	n/a	n/a	n/a	n/a	n/a	45	2	n/a	n/a	n/a	n/a	n/a	right
18	542.005	3.000	remember	0.386	retrieval	restudy	scene	object	face	target	scene	46	2	82	130	282	134	542.0	n/a
18	547.039	0.405	correct	0.405	grate	n/a	n/a	n/a	n/a	n/a	n/a	46	2	n/a	n/a	n/a	n/a	n/a	right
18	547.956	0.520	correct	0.520	grate	n/a	n/a	n/a	n/a	n/a	n/a	46	2	n/a	n/a	n/a	n/a	n/a	left
18	548.989	0.400	correct	0.400	grate	n/a	n/a	n/a	n/a	n/a	n/a	46	2	n/a	n/a	n/a	n/a	n/a	right
18	549.906	0.426	correct	0.426	grate	n/a	n/a	n/a	n/a	n/a	n/a	46	2	n/a	n/a	n/a	n/a	n/a	right
18	550.839	0.477	correct	0.477	grate	n/a	n/a	n/a	n/a	n/a	n/a	46	2	n/a	n/a	n/a	n/a	n/a	right
18	551.839	0.437	correct	0.437	grate	n/a	n/a	n/a	n/a	n/a	n/a	46	2	n/a	n/a	n/a	n/a	n/a	left
18	552.789	0.100	incorrect	0.100	grate	n/a	n/a	n/a	n/a	n/a	n/a	46	2	n/a	n/a	n/a	n/a	n/a	left
18	554.021	3.000	remember	0.506	retrieval	retprac	face	object	scene	target	face	47	2	63	15	63	115	554.0	n/a
18	559.055	0.516	correct	0.516	grate	n/a	n/a	n/a	n/a	n/a	n/a	47	2	n/a	n/a	n/a	n/a	n/a	left
18	560.088	0.404	correct	0.404	grate	n/a	n/a	n/a	n/a	n/a	n/a	47	2	n/a	n/a	n/a	n/a	n/a	left
18	561.005	0.527	correct	0.527	grate	n/a	n/a	n/a	n/a	n/a	n/a	47	2	n/a	n/a	n/a	n/a	n/a	right
18	562.054	0.597	correct	0.597	grate	n/a	n/a	n/a	n/a	n/a	n/a	47	2	n/a	n/a	n/a	n/a	n/a	left
18	563.171	0.456	correct	0.456	grate	n/a	n/a	n/a	n/a	n/a	n/a	47	2	n/a	n/a	n/a	n/a	n/a	right
18	564.138	0.383	incorrect	0.383	grate	n/a	n/a	n/a	n/a	n/a	n/a	47	2	n/a	n/a	n/a	n/a	n/a	right
18	566.020	3.000	forget	0.323	retrieval	restudy	face	object	scene	other	scene	48	2	64	16	64	116	566.0	n/a
18	571.053	0.453	correct	0.453	grate	n/a	n/a	n/a	n/a	n/a	n/a	48	2	n/a	n/a	n/a	n/a	n/a	left
18	572.020	0.423	correct	0.423	grate	n/a	n/a	n/a	n/a	n/a	n/a	48	2	n/a	n/a	n/a	n/a	n/a	left
18	572.953	0.465	correct	0.465	grate	n/a	n/a	n/a	n/a	n/a	n/a	48	2	n/a	n/a	n/a	n/a	n/a	right
18	573.937	0.418	correct	0.418	grate	n/a	n/a	n/a	n/a	n/a	n/a	48	2	n/a	n/a	n/a	n/a	n/a	right
18	574.870	0.501	correct	0.501	grate	n/a	n/a	n/a	n/a	n/a	n/a	48	2	n/a	n/a	n/a	n/a	n/a	right
18	575.886	0.633	incorrect	0.633	grate	n/a	n/a	n/a	n/a	n/a	n/a	48	2	n/a	n/a	n/a	n/a	n/a	left
18	2.018	3.000	remember	0.357	retrieval	restudy	scene	object	face	target	scene	1	3	94	142	294	146	2.0	n/a
18	7.052	0.543	correct	0.543	grate	n/a	n/a	n/a	n/a	n/a	n/a	1	3	n/a	n/a	n/a	n/a	n/a	left
18	8.118	0.501	correct	0.501	grate	n/a	n/a	n/a	n/a	n/a	n/a	1	3	n/a	n/a	n/a	n/a	n/a	right
18	9.135	0.428	correct	0.428	grate	n/a	n/a	n/a	n/a	n/a	n/a	1	3	n/a	n/a	n/a	n/a	n/a	left
18	10.085	0.454	correct	0.454	grate	n/a	n/a	n/a	n/a	n/a	n/a	1	3	n/a	n/a	n/a	n/a	n/a	left
18	11.051	0.328	correct	0.328	grate	n/a	n/a	n/a	n/a	n/a	n/a	1	3	n/a	n/a	n/a	n/a	n/a	left
18	11.901	0.374	correct	0.374	grate	n/a	n/a	n/a	n/a	n/a	n/a	1	3	n/a	n/a	n/a	n/a	n/a	right
18	12.785	0.100	incorrect	0.100	grate	n/a	n/a	n/a	n/a	n/a	n/a	1	3	n/a	n/a	n/a	n/a	n/a	left
18	14.017	3.000	forget	0.430	retrieval	retprac	object	face	scene	competitor	face	2	3	21	69	169	21	14.0	n/a
18	19.051	0.456	correct	0.456	grate	n/a	n/a	n/a	n/a	n/a	n/a	2	3	n/a	n/a	n/a	n/a	n/a	right
18	20.017	0.394	correct	0.394	grate	n/a	n/a	n/a	n/a	n/a	n/a	2	3	n/a	n/a	n/a	n/a	n/a	left
18	20.934	0.413	correct	0.413	grate	n/a	n/a	n/a	n/a	n/a	n/a	2	3	n/a	n/a	n/a	n/a	n/a	left
18	21.867	0.408	correct	0.408	grate	n/a	n/a	n/a	n/a	n/a	n/a	2	3	n/a	n/a	n/a	n/a	n/a	left
18	22.783	0.331	correct	0.331	grate	n/a	n/a	n/a	n/a	n/a	n/a	2	3	n/a	n/a	n/a	n/a	n/a	right
18	23.634	0.353	correct	0.353	grate	n/a	n/a	n/a	n/a	n/a	n/a	2	3	n/a	n/a	n/a	n/a	n/a	left
18	24.500	0.017	incorrect	0.017	grate	n/a	n/a	n/a	n/a	n/a	n/a	2	3	n/a	n/a	n/a	n/a	n/a	left
18	26.016	3.000	forget	0.398	retrieval	retprac	object	face	scene	competitor	face	3	3	19	67	167	19	26.0	n/a
18	31.050	0.489	correct	0.489	grate	n/a	n/a	n/a	n/a	n/a	n/a	3	3	n/a	n/a	n/a	n/a	n/a	right
18	32.049	0.417	correct	0.417	grate	n/a	n/a	n/a	n/a	n/a	n/a	3	3	n/a	n/a	n/a	n/a	n/a	right
18	32.983	0.500	correct	0.500	grate	n/a	n/a	n/a	n/a	n/a	n/a	3	3	n/a	n/a	n/a	n/a	n/a	right
18	33.999	0.467	correct	0.467	grate	n/a	n/a	n/a	n/a	n/a	n/a	3	3	n/a	n/a	n/a	n/a	n/a	left
18	34.982	0.420	correct	0.420	grate	n/a	n/a	n/a	n/a	n/a	n/a	3	3	n/a	n/a	n/a	n/a	n/a	left
18	35.916	0.455	correct	0.455	grate	n/a	n/a	n/a	n/a	n/a	n/a	3	3	n/a	n/a	n/a	n/a	n/a	left
18	36.882	0.100	incorrect	0.100	grate	n/a	n/a	n/a	n/a	n/a	n/a	3	3	n/a	n/a	n/a	n/a	n/a	right
18	38.014	3.000	forget	0.551	retrieval	retprac	scene	object	face	other	face	4	3	89	137	289	141	38.0	n/a
18	43.048	0.410	correct	0.410	grate	n/a	n/a	n/a	n/a	n/a	n/a	4	3	n/a	n/a	n/a	n/a	n/a	left
18	43.981	0.468	correct	0.468	grate	n/a	n/a	n/a	n/a	n/a	n/a	4	3	n/a	n/a	n/a	n/a	n/a	left
18	44.965	0.429	correct	0.429	grate	n/a	n/a	n/a	n/a	n/a	n/a	4	3	n/a	n/a	n/a	n/a	n/a	left
18	45.914	0.465	correct	0.465	grate	n/a	n/a	n/a	n/a	n/a	n/a	4	3	n/a	n/a	n/a	n/a	n/a	left
18	46.898	0.409	correct	0.409	grate	n/a	n/a	n/a	n/a	n/a	n/a	4	3	n/a	n/a	n/a	n/a	n/a	left
18	47.814	0.371	correct	0.371	grate	n/a	n/a	n/a	n/a	n/a	n/a	4	3	n/a	n/a	n/a	n/a	n/a	left
18	48.698	0.100	incorrect	0.100	grate	n/a	n/a	n/a	n/a	n/a	n/a	4	3	n/a	n/a	n/a	n/a	n/a	left
18	50.013	3.000	remember	0.584	retrieval	retprac	scene	face	object	target	scene	5	3	41	113	265	41	50.0	n/a
18	55.047	0.723	correct	0.723	grate	n/a	n/a	n/a	n/a	n/a	n/a	5	3	n/a	n/a	n/a	n/a	n/a	left
18	56.280	0.417	correct	0.417	grate	n/a	n/a	n/a	n/a	n/a	n/a	5	3	n/a	n/a	n/a	n/a	n/a	right
18	57.213	0.349	correct	0.349	grate	n/a	n/a	n/a	n/a	n/a	n/a	5	3	n/a	n/a	n/a	n/a	n/a	right
18	58.080	0.457	correct	0.457	grate	n/a	n/a	n/a	n/a	n/a	n/a	5	3	n/a	n/a	n/a	n/a	n/a	left
18	59.063	0.378	correct	0.378	grate	n/a	n/a	n/a	n/a	n/a	n/a	5	3	n/a	n/a	n/a	n/a	n/a	left
18	59.963	0.550	incorrect	0.550	grate	n/a	n/a	n/a	n/a	n/a	n/a	5	3	n/a	n/a	n/a	n/a	n/a	left
18	62.012	3.000	remember	0.313	retrieval	restudy	face	scene	object	target	face	6	3	118	46	94	222	62.0	n/a
18	67.046	0.380	correct	0.380	grate	n/a	n/a	n/a	n/a	n/a	n/a	6	3	n/a	n/a	n/a	n/a	n/a	right
18	67.946	0.439	correct	0.439	grate	n/a	n/a	n/a	n/a	n/a	n/a	6	3	n/a	n/a	n/a	n/a	n/a	left
18	68.896	0.393	correct	0.393	grate	n/a	n/a	n/a	n/a	n/a	n/a	6	3	n/a	n/a	n/a	n/a	n/a	right
18	69.812	0.437	correct	0.437	grate	n/a	n/a	n/a	n/a	n/a	n/a	6	3	n/a	n/a	n/a	n/a	n/a	left
18	70.762	0.383	correct	0.383	grate	n/a	n/a	n/a	n/a	n/a	n/a	6	3	n/a	n/a	n/a	n/a	n/a	right
18	71.662	0.387	correct	0.387	grate	n/a	n/a	n/a	n/a	n/a	n/a	6	3	n/a	n/a	n/a	n/a	n/a	left
18	72.562	0.100	incorrect	0.100	grate	n/a	n/a	n/a	n/a	n/a	n/a	6	3	n/a	n/a	n/a	n/a	n/a	right
18	74.011	3.000	remember	0.505	retrieval	retprac	face	object	scene	target	face	7	3	69	21	69	121	74.0	n/a
18	79.045	1.077	correct	1.077	grate	n/a	n/a	n/a	n/a	n/a	n/a	7	3	n/a	n/a	n/a	n/a	n/a	right
18	80.644	0.364	correct	0.364	grate	n/a	n/a	n/a	n/a	n/a	n/a	7	3	n/a	n/a	n/a	n/a	n/a	left
18	81.528	0.353	correct	0.353	grate	n/a	n/a	n/a	n/a	n/a	n/a	7	3	n/a	n/a	n/a	n/a	n/a	right
18	82.394	0.422	correct	0.422	grate	n/a	n/a	n/a	n/a	n/a	n/a	7	3	n/a	n/a	n/a	n/a	n/a	left
18	83.327	0.345	correct	0.345	grate	n/a	n/a	n/a	n/a	n/a	n/a	7	3	n/a	n/a	n/a	n/a	n/a	right
18	84.194	0.317	incorrect	0.317	grate	n/a	n/a	n/a	n/a	n/a	n/a	7	3	n/a	n/a	n/a	n/a	n/a	left
18	86.010	3.000	remember	0.474	retrieval	retprac	object	scene	face	target	object	8	3	143	95	195	247	86.0	n/a
18	91.043	0.332	correct	0.332	grate	n/a	n/a	n/a	n/a	n/a	n/a	8	3	n/a	n/a	n/a	n/a	n/a	left
18	91.893	0.419	correct	0.419	grate	n/a	n/a	n/a	n/a	n/a	n/a	8	3	n/a	n/a	n/a	n/a	n/a	right
18	92.826	0.381	correct	0.381	grate	n/a	n/a	n/a	n/a	n/a	n/a	8	3	n/a	n/a	n/a	n/a	n/a	right
18	93.726	0.393	correct	0.393	grate	n/a	n/a	n/a	n/a	n/a	n/a	8	3	n/a	n/a	n/a	n/a	n/a	left
18	94.643	0.349	correct	0.349	grate	n/a	n/a	n/a	n/a	n/a	n/a	8	3	n/a	n/a	n/a	n/a	n/a	right
18	95.509	0.354	correct	0.354	grate	n/a	n/a	n/a	n/a	n/a	n/a	8	3	n/a	n/a	n/a	n/a	n/a	left
18	96.376	0.134	incorrect	0.134	grate	n/a	n/a	n/a	n/a	n/a	n/a	8	3	n/a	n/a	n/a	n/a	n/a	left
18	98.008	3.000	forget	0.579	retrieval	retprac	scene	object	face	competitor	object	9	3	95	143	295	147	98.0	n/a
18	103.042	0.421	correct	0.421	grate	n/a	n/a	n/a	n/a	n/a	n/a	9	3	n/a	n/a	n/a	n/a	n/a	left
18	103.975	0.376	correct	0.376	grate	n/a	n/a	n/a	n/a	n/a	n/a	9	3	n/a	n/a	n/a	n/a	n/a	right
18	104.875	0.388	correct	0.388	grate	n/a	n/a	n/a	n/a	n/a	n/a	9	3	n/a	n/a	n/a	n/a	n/a	right
18	105.775	0.376	correct	0.376	grate	n/a	n/a	n/a	n/a	n/a	n/a	9	3	n/a	n/a	n/a	n/a	n/a	right
18	106.658	0.349	correct	0.349	grate	n/a	n/a	n/a	n/a	n/a	n/a	9	3	n/a	n/a	n/a	n/a	n/a	right
18	107.525	0.354	correct	0.354	grate	n/a	n/a	n/a	n/a	n/a	n/a	9	3	n/a	n/a	n/a	n/a	n/a	right
18	108.392	0.117	incorrect	0.117	grate	n/a	n/a	n/a	n/a	n/a	n/a	9	3	n/a	n/a	n/a	n/a	n/a	right
18	110.007	3.000	forget	0.356	retrieval	restudy	scene	object	face	competitor	object	10	3	92	140	292	144	110.0	n/a
18	115.041	0.374	correct	0.374	grate	n/a	n/a	n/a	n/a	n/a	n/a	10	3	n/a	n/a	n/a	n/a	n/a	right
18	115.924	0.476	correct	0.476	grate	n/a	n/a	n/a	n/a	n/a	n/a	10	3	n/a	n/a	n/a	n/a	n/a	left
18	116.907	0.371	correct	0.371	grate	n/a	n/a	n/a	n/a	n/a	n/a	10	3	n/a	n/a	n/a	n/a	n/a	right
18	117.790	0.401	correct	0.401	grate	n/a	n/a	n/a	n/a	n/a	n/a	10	3	n/a	n/a	n/a	n/a	n/a	right
18	118.707	0.339	correct	0.339	grate	n/a	n/a	n/a	n/a	n/a	n/a	10	3	n/a	n/a	n/a	n/a	n/a	right
18	119.557	0.442	correct	0.442	grate	n/a	n/a	n/a	n/a	n/a	n/a	10	3	n/a	n/a	n/a	n/a	n/a	left
18	120.507	0.000	incorrect	0.000	grate	n/a	n/a	n/a	n/a	n/a	n/a	10	3	n/a	n/a	n/a	n/a	n/a	right
18	122.006	3.000	forget	0.412	retrieval	restudy	object	face	scene	competitor	face	11	3	24	72	172	24	122.0	n/a
18	127.040	0.366	correct	0.366	grate	n/a	n/a	n/a	n/a	n/a	n/a	11	3	n/a	n/a	n/a	n/a	n/a	right
18	127.923	0.459	correct	0.459	grate	n/a	n/a	n/a	n/a	n/a	n/a	11	3	n/a	n/a	n/a	n/a	n/a	left
18	128.906	0.380	correct	0.380	grate	n/a	n/a	n/a	n/a	n/a	n/a	11	3	n/a	n/a	n/a	n/a	n/a	left
18	129.806	0.384	correct	0.384	grate	n/a	n/a	n/a	n/a	n/a	n/a	11	3	n/a	n/a	n/a	n/a	n/a	left
18	130.706	0.372	correct	0.372	grate	n/a	n/a	n/a	n/a	n/a	n/a	11	3	n/a	n/a	n/a	n/a	n/a	left
18	131.589	0.377	correct	0.377	grate	n/a	n/a	n/a	n/a	n/a	n/a	11	3	n/a	n/a	n/a	n/a	n/a	left
18	132.489	0.017	incorrect	0.017	grate	n/a	n/a	n/a	n/a	n/a	n/a	11	3	n/a	n/a	n/a	n/a	n/a	left
18	134.021	3.000	forget	0.316	retrieval	restudy	scene	object	face	competitor	object	12	3	90	138	290	142	134.0	n/a
18	139.055	0.417	correct	0.417	grate	n/a	n/a	n/a	n/a	n/a	n/a	12	3	n/a	n/a	n/a	n/a	n/a	left
18	139.988	0.385	correct	0.385	grate	n/a	n/a	n/a	n/a	n/a	n/a	12	3	n/a	n/a	n/a	n/a	n/a	right
18	140.888	0.390	correct	0.390	grate	n/a	n/a	n/a	n/a	n/a	n/a	12	3	n/a	n/a	n/a	n/a	n/a	left
18	141.788	0.418	correct	0.418	grate	n/a	n/a	n/a	n/a	n/a	n/a	12	3	n/a	n/a	n/a	n/a	n/a	right
18	142.721	0.596	correct	0.596	grate	n/a	n/a	n/a	n/a	n/a	n/a	12	3	n/a	n/a	n/a	n/a	n/a	right
18	143.838	0.384	correct	0.384	grate	n/a	n/a	n/a	n/a	n/a	n/a	12	3	n/a	n/a	n/a	n/a	n/a	left
18	144.738	0.100	incorrect	0.100	grate	n/a	n/a	n/a	n/a	n/a	n/a	12	3	n/a	n/a	n/a	n/a	n/a	right
18	146.020	3.000	forget	0.357	retrieval	restudy	scene	face	object	competitor	face	13	3	46	118	270	46	146.0	n/a
18	151.054	0.647	correct	0.647	grate	n/a	n/a	n/a	n/a	n/a	n/a	13	3	n/a	n/a	n/a	n/a	n/a	left
18	152.220	0.377	correct	0.377	grate	n/a	n/a	n/a	n/a	n/a	n/a	13	3	n/a	n/a	n/a	n/a	n/a	right
18	153.120	0.413	correct	0.413	grate	n/a	n/a	n/a	n/a	n/a	n/a	13	3	n/a	n/a	n/a	n/a	n/a	right
18	154.054	0.448	correct	0.448	grate	n/a	n/a	n/a	n/a	n/a	n/a	13	3	n/a	n/a	n/a	n/a	n/a	left
18	155.020	0.553	correct	0.553	grate	n/a	n/a	n/a	n/a	n/a	n/a	13	3	n/a	n/a	n/a	n/a	n/a	left
18	156.087	0.433	incorrect	0.433	grate	n/a	n/a	n/a	n/a	n/a	n/a	13	3	n/a	n/a	n/a	n/a	n/a	left
18	158.019	3.000	remember	0.734	retrieval	restudy	face	object	scene	target	face	14	3	68	20	68	120	158.0	n/a
18	163.053	0.713	correct	0.713	grate	n/a	n/a	n/a	n/a	n/a	n/a	14	3	n/a	n/a	n/a	n/a	n/a	left
18	164.286	0.488	correct	0.488	grate	n/a	n/a	n/a	n/a	n/a	n/a	14	3	n/a	n/a	n/a	n/a	n/a	left
18	165.286	0.496	correct	0.496	grate	n/a	n/a	n/a	n/a	n/a	n/a	14	3	n/a	n/a	n/a	n/a	n/a	right
18	166.302	0.567	correct	0.567	grate	n/a	n/a	n/a	n/a	n/a	n/a	14	3	n/a	n/a	n/a	n/a	n/a	left
18	167.386	0.571	correct	0.571	grate	n/a	n/a	n/a	n/a	n/a	n/a	14	3	n/a	n/a	n/a	n/a	n/a	right
18	168.469	0.050	incorrect	0.050	grate	n/a	n/a	n/a	n/a	n/a	n/a	14	3	n/a	n/a	n/a	n/a	n/a	left
18	170.018	3.000	forget	0.551	retrieval	restudy	object	scene	face	competitor	scene	15	3	142	94	194	246	170.0	n/a
18	175.051	0.417	correct	0.417	grate	n/a	n/a	n/a	n/a	n/a	n/a	15	3	n/a	n/a	n/a	n/a	n/a	right
18	175.985	0.395	correct	0.395	grate	n/a	n/a	n/a	n/a	n/a	n/a	15	3	n/a	n/a	n/a	n/a	n/a	right
18	176.901	0.327	correct	0.327	grate	n/a	n/a	n/a	n/a	n/a	n/a	15	3	n/a	n/a	n/a	n/a	n/a	right
18	177.751	0.318	incorrect	0.318	grate	n/a	n/a	n/a	n/a	n/a	n/a	15	3	n/a	n/a	n/a	n/a	n/a	left
18	178.584	0.412	correct	0.412	grate	n/a	n/a	n/a	n/a	n/a	n/a	15	3	n/a	n/a	n/a	n/a	n/a	right
18	179.518	0.462	correct	0.462	grate	n/a	n/a	n/a	n/a	n/a	n/a	15	3	n/a	n/a	n/a	n/a	n/a	right
18	180.501	0.017	incorrect	0.017	grate	n/a	n/a	n/a	n/a	n/a	n/a	15	3	n/a	n/a	n/a	n/a	n/a	left
18	182.016	3.000	remember	0.439	retrieval	retprac	face	object	scene	target	face	16	3	65	17	65	117	182.0	n/a
18	187.051	0.489	correct	0.489	grate	n/a	n/a	n/a	n/a	n/a	n/a	16	3	n/a	n/a	n/a	n/a	n/a	left
18	188.050	0.450	correct	0.450	grate	n/a	n/a	n/a	n/a	n/a	n/a	16	3	n/a	n/a	n/a	n/a	n/a	right
18	189.017	0.491	correct	0.491	grate	n/a	n/a	n/a	n/a	n/a	n/a	16	3	n/a	n/a	n/a	n/a	n/a	right
18	190.017	0.427	correct	0.427	grate	n/a	n/a	n/a	n/a	n/a	n/a	16	3	n/a	n/a	n/a	n/a	n/a	right
18	190.966	0.469	correct	0.469	grate	n/a	n/a	n/a	n/a	n/a	n/a	16	3	n/a	n/a	n/a	n/a	n/a	left
18	191.950	0.358	correct	0.358	grate	n/a	n/a	n/a	n/a	n/a	n/a	16	3	n/a	n/a	n/a	n/a	n/a	right
18	192.816	0.100	incorrect	0.100	grate	n/a	n/a	n/a	n/a	n/a	n/a	16	3	n/a	n/a	n/a	n/a	n/a	left
18	194.015	3.000	remember	0.576	retrieval	restudy	face	object	scene	target	face	17	3	72	24	72	124	194.0	n/a
18	199.050	0.418	correct	0.418	grate	n/a	n/a	n/a	n/a	n/a	n/a	17	3	n/a	n/a	n/a	n/a	n/a	left
18	199.982	0.421	correct	0.421	grate	n/a	n/a	n/a	n/a	n/a	n/a	17	3	n/a	n/a	n/a	n/a	n/a	right
18	200.916	0.360	correct	0.360	grate	n/a	n/a	n/a	n/a	n/a	n/a	17	3	n/a	n/a	n/a	n/a	n/a	right
18	201.799	0.414	correct	0.414	grate	n/a	n/a	n/a	n/a	n/a	n/a	17	3	n/a	n/a	n/a	n/a	n/a	left
18	202.732	0.399	correct	0.399	grate	n/a	n/a	n/a	n/a	n/a	n/a	17	3	n/a	n/a	n/a	n/a	n/a	right
18	203.649	0.419	correct	0.419	grate	n/a	n/a	n/a	n/a	n/a	n/a	17	3	n/a	n/a	n/a	n/a	n/a	left
18	204.582	0.100	incorrect	0.100	grate	n/a	n/a	n/a	n/a	n/a	n/a	17	3	n/a	n/a	n/a	n/a	n/a	right
18	206.014	3.000	remember	0.296	retrieval	retprac	face	scene	object	target	face	18	3	115	43	91	219	206.0	n/a
18	211.049	0.474	correct	0.474	grate	n/a	n/a	n/a	n/a	n/a	n/a	18	3	n/a	n/a	n/a	n/a	n/a	right
18	212.031	0.484	correct	0.484	grate	n/a	n/a	n/a	n/a	n/a	n/a	18	3	n/a	n/a	n/a	n/a	n/a	left
18	213.031	0.420	correct	0.420	grate	n/a	n/a	n/a	n/a	n/a	n/a	18	3	n/a	n/a	n/a	n/a	n/a	left
18	213.964	0.479	correct	0.479	grate	n/a	n/a	n/a	n/a	n/a	n/a	18	3	n/a	n/a	n/a	n/a	n/a	left
18	214.964	0.415	correct	0.415	grate	n/a	n/a	n/a	n/a	n/a	n/a	18	3	n/a	n/a	n/a	n/a	n/a	right
18	215.897	0.393	correct	0.393	grate	n/a	n/a	n/a	n/a	n/a	n/a	18	3	n/a	n/a	n/a	n/a	n/a	right
18	216.814	0.100	incorrect	0.100	grate	n/a	n/a	n/a	n/a	n/a	n/a	18	3	n/a	n/a	n/a	n/a	n/a	left
18	218.013	3.000	remember	0.409	retrieval	restudy	face	scene	object	target	face	19	3	114	42	90	218	218.0	n/a
18	223.047	0.427	correct	0.427	grate	n/a	n/a	n/a	n/a	n/a	n/a	19	3	n/a	n/a	n/a	n/a	n/a	left
18	223.996	0.398	correct	0.398	grate	n/a	n/a	n/a	n/a	n/a	n/a	19	3	n/a	n/a	n/a	n/a	n/a	right
18	224.913	0.441	correct	0.441	grate	n/a	n/a	n/a	n/a	n/a	n/a	19	3	n/a	n/a	n/a	n/a	n/a	left
18	225.863	0.380	incorrect	0.380	grate	n/a	n/a	n/a	n/a	n/a	n/a	19	3	n/a	n/a	n/a	n/a	n/a	right
18	226.763	0.624	correct	0.624	grate	n/a	n/a	n/a	n/a	n/a	n/a	19	3	n/a	n/a	n/a	n/a	n/a	right
18	227.896	0.410	correct	0.410	grate	n/a	n/a	n/a	n/a	n/a	n/a	19	3	n/a	n/a	n/a	n/a	n/a	right
18	228.829	0.100	incorrect	0.100	grate	n/a	n/a	n/a	n/a	n/a	n/a	19	3	n/a	n/a	n/a	n/a	n/a	right
18	230.012	3.000	forget	0.378	retrieval	restudy	object	scene	face	competitor	scene	20	3	140	92	192	244	230.0	n/a
18	235.046	0.436	correct	0.436	grate	n/a	n/a	n/a	n/a	n/a	n/a	20	3	n/a	n/a	n/a	n/a	n/a	left
18	235.995	0.471	correct	0.471	grate	n/a	n/a	n/a	n/a	n/a	n/a	20	3	n/a	n/a	n/a	n/a	n/a	right
18	236.978	0.391	correct	0.391	grate	n/a	n/a	n/a	n/a	n/a	n/a	20	3	n/a	n/a	n/a	n/a	n/a	right
18	237.878	0.411	correct	0.411	grate	n/a	n/a	n/a	n/a	n/a	n/a	20	3	n/a	n/a	n/a	n/a	n/a	left
18	238.811	0.510	correct	0.510	grate	n/a	n/a	n/a	n/a	n/a	n/a	20	3	n/a	n/a	n/a	n/a	n/a	right
18	239.845	0.405	correct	0.405	grate	n/a	n/a	n/a	n/a	n/a	n/a	20	3	n/a	n/a	n/a	n/a	n/a	right
18	240.761	0.100	incorrect	0.100	grate	n/a	n/a	n/a	n/a	n/a	n/a	20	3	n/a	n/a	n/a	n/a	n/a	right
18	242.010	3.000	remember	0.307	retrieval	retprac	face	object	scene	target	face	21	3	71	23	71	123	242.0	n/a
18	247.045	0.404	correct	0.404	grate	n/a	n/a	n/a	n/a	n/a	n/a	21	3	n/a	n/a	n/a	n/a	n/a	right
18	247.961	0.433	correct	0.433	grate	n/a	n/a	n/a	n/a	n/a	n/a	21	3	n/a	n/a	n/a	n/a	n/a	right
18	248.911	0.363	correct	0.363	grate	n/a	n/a	n/a	n/a	n/a	n/a	21	3	n/a	n/a	n/a	n/a	n/a	right
18	249.794	0.479	correct	0.479	grate	n/a	n/a	n/a	n/a	n/a	n/a	21	3	n/a	n/a	n/a	n/a	n/a	left
18	250.793	0.400	correct	0.400	grate	n/a	n/a	n/a	n/a	n/a	n/a	21	3	n/a	n/a	n/a	n/a	n/a	left
18	251.710	0.427	correct	0.427	grate	n/a	n/a	n/a	n/a	n/a	n/a	21	3	n/a	n/a	n/a	n/a	n/a	right
18	252.660	0.100	incorrect	0.100	grate	n/a	n/a	n/a	n/a	n/a	n/a	21	3	n/a	n/a	n/a	n/a	n/a	right
18	254.009	3.000	remember	0.444	retrieval	restudy	object	face	scene	target	object	22	3	20	68	168	20	254.0	n/a
18	259.043	0.406	correct	0.406	grate	n/a	n/a	n/a	n/a	n/a	n/a	22	3	n/a	n/a	n/a	n/a	n/a	right
18	259.959	0.545	correct	0.545	grate	n/a	n/a	n/a	n/a	n/a	n/a	22	3	n/a	n/a	n/a	n/a	n/a	left
18	261.026	0.415	correct	0.415	grate	n/a	n/a	n/a	n/a	n/a	n/a	22	3	n/a	n/a	n/a	n/a	n/a	right
18	261.959	0.513	correct	0.513	grate	n/a	n/a	n/a	n/a	n/a	n/a	22	3	n/a	n/a	n/a	n/a	n/a	right
18	262.993	0.400	correct	0.400	grate	n/a	n/a	n/a	n/a	n/a	n/a	22	3	n/a	n/a	n/a	n/a	n/a	left
18	263.909	0.379	correct	0.379	grate	n/a	n/a	n/a	n/a	n/a	n/a	22	3	n/a	n/a	n/a	n/a	n/a	right
18	264.809	0.100	incorrect	0.100	grate	n/a	n/a	n/a	n/a	n/a	n/a	22	3	n/a	n/a	n/a	n/a	n/a	right
18	266.008	3.000	forget	0.348	retrieval	retprac	scene	face	object	competitor	face	23	3	47	119	271	47	266.0	n/a
18	271.042	0.406	correct	0.406	grate	n/a	n/a	n/a	n/a	n/a	n/a	23	3	n/a	n/a	n/a	n/a	n/a	right
18	271.958	0.370	correct	0.370	grate	n/a	n/a	n/a	n/a	n/a	n/a	23	3	n/a	n/a	n/a	n/a	n/a	right
18	272.842	0.495	correct	0.495	grate	n/a	n/a	n/a	n/a	n/a	n/a	23	3	n/a	n/a	n/a	n/a	n/a	left
18	273.858	0.358	correct	0.358	grate	n/a	n/a	n/a	n/a	n/a	n/a	23	3	n/a	n/a	n/a	n/a	n/a	right
18	274.725	0.388	correct	0.388	grate	n/a	n/a	n/a	n/a	n/a	n/a	23	3	n/a	n/a	n/a	n/a	n/a	right
18	275.625	0.360	correct	0.360	grate	n/a	n/a	n/a	n/a	n/a	n/a	23	3	n/a	n/a	n/a	n/a	n/a	right
18	276.491	0.017	incorrect	0.017	grate	n/a	n/a	n/a	n/a	n/a	n/a	23	3	n/a	n/a	n/a	n/a	n/a	right
18	278.007	3.000	remember	0.341	retrieval	restudy	face	scene	object	target	face	24	3	120	48	96	224	278.0	n/a
18	283.041	0.376	correct	0.376	grate	n/a	n/a	n/a	n/a	n/a	n/a	24	3	n/a	n/a	n/a	n/a	n/a	left
18	283.940	0.411	correct	0.411	grate	n/a	n/a	n/a	n/a	n/a	n/a	24	3	n/a	n/a	n/a	n/a	n/a	right
18	284.874	0.383	correct	0.383	grate	n/a	n/a	n/a	n/a	n/a	n/a	24	3	n/a	n/a	n/a	n/a	n/a	right
18	285.773	0.475	correct	0.475	grate	n/a	n/a	n/a	n/a	n/a	n/a	24	3	n/a	n/a	n/a	n/a	n/a	left
18	286.757	0.387	correct	0.387	grate	n/a	n/a	n/a	n/a	n/a	n/a	24	3	n/a	n/a	n/a	n/a	n/a	right
18	287.657	0.375	correct	0.375	grate	n/a	n/a	n/a	n/a	n/a	n/a	24	3	n/a	n/a	n/a	n/a	n/a	left
18	288.540	0.100	incorrect	0.100	grate	n/a	n/a	n/a	n/a	n/a	n/a	24	3	n/a	n/a	n/a	n/a	n/a	right
18	290.022	3.000	forget	0.333	retrieval	restudy	scene	face	object	competitor	face	25	3	44	116	268	44	290.0	n/a
18	295.057	0.375	correct	0.375	grate	n/a	n/a	n/a	n/a	n/a	n/a	25	3	n/a	n/a	n/a	n/a	n/a	right
18	295.956	0.444	correct	0.444	grate	n/a	n/a	n/a	n/a	n/a	n/a	25	3	n/a	n/a	n/a	n/a	n/a	left
18	296.922	0.413	correct	0.413	grate	n/a	n/a	n/a	n/a	n/a	n/a	25	3	n/a	n/a	n/a	n/a	n/a	left
18	297.856	0.384	correct	0.384	grate	n/a	n/a	n/a	n/a	n/a	n/a	25	3	n/a	n/a	n/a	n/a	n/a	right
18	298.756	0.380	correct	0.380	grate	n/a	n/a	n/a	n/a	n/a	n/a	25	3	n/a	n/a	n/a	n/a	n/a	right
18	299.655	0.408	correct	0.408	grate	n/a	n/a	n/a	n/a	n/a	n/a	25	3	n/a	n/a	n/a	n/a	n/a	left
18	300.572	0.100	incorrect	0.100	grate	n/a	n/a	n/a	n/a	n/a	n/a	25	3	n/a	n/a	n/a	n/a	n/a	right
18	302.021	3.000	remember	0.358	retrieval	retprac	face	scene	object	target	face	26	3	113	41	89	217	302.0	n/a
18	307.055	0.383	correct	0.383	grate	n/a	n/a	n/a	n/a	n/a	n/a	26	3	n/a	n/a	n/a	n/a	n/a	right
18	307.955	0.316	correct	0.316	grate	n/a	n/a	n/a	n/a	n/a	n/a	26	3	n/a	n/a	n/a	n/a	n/a	right
18	308.788	0.419	correct	0.419	grate	n/a	n/a	n/a	n/a	n/a	n/a	26	3	n/a	n/a	n/a	n/a	n/a	left
18	309.721	0.397	correct	0.397	grate	n/a	n/a	n/a	n/a	n/a	n/a	26	3	n/a	n/a	n/a	n/a	n/a	right
18	310.638	0.401	correct	0.401	grate	n/a	n/a	n/a	n/a	n/a	n/a	26	3	n/a	n/a	n/a	n/a	n/a	right
18	311.554	0.460	correct	0.460	grate	n/a	n/a	n/a	n/a	n/a	n/a	26	3	n/a	n/a	n/a	n/a	n/a	left
18	312.537	0.100	incorrect	0.100	grate	n/a	n/a	n/a	n/a	n/a	n/a	26	3	n/a	n/a	n/a	n/a	n/a	left
18	314.020	3.000	remember	0.310	retrieval	restudy	object	face	scene	target	object	27	3	22	70	170	22	314.0	n/a
18	319.053	0.409	correct	0.409	grate	n/a	n/a	n/a	n/a	n/a	n/a	27	3	n/a	n/a	n/a	n/a	n/a	right
18	319.970	0.437	correct	0.437	grate	n/a	n/a	n/a	n/a	n/a	n/a	27	3	n/a	n/a	n/a	n/a	n/a	left
18	320.920	0.398	correct	0.398	grate	n/a	n/a	n/a	n/a	n/a	n/a	27	3	n/a	n/a	n/a	n/a	n/a	right
18	321.836	0.514	correct	0.514	grate	n/a	n/a	n/a	n/a	n/a	n/a	27	3	n/a	n/a	n/a	n/a	n/a	left
18	322.870	0.409	correct	0.409	grate	n/a	n/a	n/a	n/a	n/a	n/a	27	3	n/a	n/a	n/a	n/a	n/a	left
18	323.786	0.428	correct	0.428	grate	n/a	n/a	n/a	n/a	n/a	n/a	27	3	n/a	n/a	n/a	n/a	n/a	left
18	324.736	0.100	incorrect	0.100	grate	n/a	n/a	n/a	n/a	n/a	n/a	27	3	n/a	n/a	n/a	n/a	n/a	right
18	326.018	3.000	remember	0.367	retrieval	retprac	object	scene	face	target	object	28	3	139	91	191	243	326.0	n/a
18	331.052	0.410	correct	0.410	grate	n/a	n/a	n/a	n/a	n/a	n/a	28	3	n/a	n/a	n/a	n/a	n/a	right
18	331.969	0.358	correct	0.358	grate	n/a	n/a	n/a	n/a	n/a	n/a	28	3	n/a	n/a	n/a	n/a	n/a	right
18	332.835	0.434	correct	0.434	grate	n/a	n/a	n/a	n/a	n/a	n/a	28	3	n/a	n/a	n/a	n/a	n/a	right
18	333.785	0.476	correct	0.476	grate	n/a	n/a	n/a	n/a	n/a	n/a	28	3	n/a	n/a	n/a	n/a	n/a	left
18	334.768	0.502	correct	0.502	grate	n/a	n/a	n/a	n/a	n/a	n/a	28	3	n/a	n/a	n/a	n/a	n/a	right
18	335.785	0.452	correct	0.452	grate	n/a	n/a	n/a	n/a	n/a	n/a	28	3	n/a	n/a	n/a	n/a	n/a	right
18	336.752	0.100	incorrect	0.100	grate	n/a	n/a	n/a	n/a	n/a	n/a	28	3	n/a	n/a	n/a	n/a	n/a	right
18	338.017	3.000	forget	0.368	retrieval	restudy	scene	face	object	competitor	face	29	3	42	114	266	42	338.0	n/a
18	343.051	0.459	correct	0.459	grate	n/a	n/a	n/a	n/a	n/a	n/a	29	3	n/a	n/a	n/a	n/a	n/a	left
18	344.034	0.420	correct	0.420	grate	n/a	n/a	n/a	n/a	n/a	n/a	29	3	n/a	n/a	n/a	n/a	n/a	left
18	344.967	0.358	correct	0.358	grate	n/a	n/a	n/a	n/a	n/a	n/a	29	3	n/a	n/a	n/a	n/a	n/a	left
18	345.834	0.371	correct	0.371	grate	n/a	n/a	n/a	n/a	n/a	n/a	29	3	n/a	n/a	n/a	n/a	n/a	left
18	346.717	0.352	correct	0.352	grate	n/a	n/a	n/a	n/a	n/a	n/a	29	3	n/a	n/a	n/a	n/a	n/a	left
18	347.584	0.357	incorrect	0.357	grate	n/a	n/a	n/a	n/a	n/a	n/a	29	3	n/a	n/a	n/a	n/a	n/a	right
18	348.450	0.067	incorrect	0.067	grate	n/a	n/a	n/a	n/a	n/a	n/a	29	3	n/a	n/a	n/a	n/a	n/a	right
18	350.016	3.000	forget	0.387	retrieval	retprac	scene	face	object	competitor	face	30	3	45	117	269	45	350.0	n/a
18	355.050	0.403	correct	0.403	grate	n/a	n/a	n/a	n/a	n/a	n/a	30	3	n/a	n/a	n/a	n/a	n/a	right
18	355.966	0.486	correct	0.486	grate	n/a	n/a	n/a	n/a	n/a	n/a	30	3	n/a	n/a	n/a	n/a	n/a	left
18	356.966	0.415	correct	0.415	grate	n/a	n/a	n/a	n/a	n/a	n/a	30	3	n/a	n/a	n/a	n/a	n/a	left
18	357.900	0.441	correct	0.441	grate	n/a	n/a	n/a	n/a	n/a	n/a	30	3	n/a	n/a	n/a	n/a	n/a	left
18	358.849	0.419	correct	0.419	grate	n/a	n/a	n/a	n/a	n/a	n/a	30	3	n/a	n/a	n/a	n/a	n/a	left
18	359.783	0.398	incorrect	0.398	grate	n/a	n/a	n/a	n/a	n/a	n/a	30	3	n/a	n/a	n/a	n/a	n/a	right
18	360.699	0.100	incorrect	0.100	grate	n/a	n/a	n/a	n/a	n/a	n/a	30	3	n/a	n/a	n/a	n/a	n/a	right
18	362.015	3.000	remember	0.313	retrieval	restudy	face	object	scene	target	face	31	3	70	22	70	122	362.0	n/a
18	367.049	0.492	correct	0.492	grate	n/a	n/a	n/a	n/a	n/a	n/a	31	3	n/a	n/a	n/a	n/a	n/a	left
18	368.048	0.404	correct	0.404	grate	n/a	n/a	n/a	n/a	n/a	n/a	31	3	n/a	n/a	n/a	n/a	n/a	right
18	368.965	0.439	correct	0.439	grate	n/a	n/a	n/a	n/a	n/a	n/a	31	3	n/a	n/a	n/a	n/a	n/a	left
18	369.915	0.353	correct	0.353	grate	n/a	n/a	n/a	n/a	n/a	n/a	31	3	n/a	n/a	n/a	n/a	n/a	right
18	370.782	0.447	correct	0.447	grate	n/a	n/a	n/a	n/a	n/a	n/a	31	3	n/a	n/a	n/a	n/a	n/a	left
18	371.748	0.384	correct	0.384	grate	n/a	n/a	n/a	n/a	n/a	n/a	31	3	n/a	n/a	n/a	n/a	n/a	right
18	372.648	0.100	incorrect	0.100	grate	n/a	n/a	n/a	n/a	n/a	n/a	31	3	n/a	n/a	n/a	n/a	n/a	right
18	374.014	3.000	remember	0.274	retrieval	retprac	face	scene	object	target	face	32	3	117	45	93	221	374.0	n/a
18	379.047	0.413	correct	0.413	grate	n/a	n/a	n/a	n/a	n/a	n/a	32	3	n/a	n/a	n/a	n/a	n/a	left
18	379.981	0.408	correct	0.408	grate	n/a	n/a	n/a	n/a	n/a	n/a	32	3	n/a	n/a	n/a	n/a	n/a	left
18	380.897	0.482	correct	0.482	grate	n/a	n/a	n/a	n/a	n/a	n/a	32	3	n/a	n/a	n/a	n/a	n/a	right
18	381.897	0.395	correct	0.395	grate	n/a	n/a	n/a	n/a	n/a	n/a	32	3	n/a	n/a	n/a	n/a	n/a	right
18	382.814	0.358	correct	0.358	grate	n/a	n/a	n/a	n/a	n/a	n/a	32	3	n/a	n/a	n/a	n/a	n/a	right
18	383.680	0.467	correct	0.467	grate	n/a	n/a	n/a	n/a	n/a	n/a	32	3	n/a	n/a	n/a	n/a	n/a	right
18	384.663	0.100	incorrect	0.100	grate	n/a	n/a	n/a	n/a	n/a	n/a	32	3	n/a	n/a	n/a	n/a	n/a	left
18	386.012	3.000	forget	0.372	retrieval	retprac	object	face	scene	competitor	face	33	3	23	71	171	23	386.0	n/a
18	391.046	0.429	correct	0.429	grate	n/a	n/a	n/a	n/a	n/a	n/a	33	3	n/a	n/a	n/a	n/a	n/a	left
18	391.996	0.343	correct	0.343	grate	n/a	n/a	n/a	n/a	n/a	n/a	33	3	n/a	n/a	n/a	n/a	n/a	left
18	392.863	0.477	correct	0.477	grate	n/a	n/a	n/a	n/a	n/a	n/a	33	3	n/a	n/a	n/a	n/a	n/a	right
18	393.863	0.373	correct	0.373	grate	n/a	n/a	n/a	n/a	n/a	n/a	33	3	n/a	n/a	n/a	n/a	n/a	right
18	394.746	0.458	correct	0.458	grate	n/a	n/a	n/a	n/a	n/a	n/a	33	3	n/a	n/a	n/a	n/a	n/a	left
18	395.712	0.419	correct	0.419	grate	n/a	n/a	n/a	n/a	n/a	n/a	33	3	n/a	n/a	n/a	n/a	n/a	right
18	396.646	0.100	incorrect	0.100	grate	n/a	n/a	n/a	n/a	n/a	n/a	33	3	n/a	n/a	n/a	n/a	n/a	right
18	398.011	3.000	forget	0.363	retrieval	retprac	face	object	scene	competitor	object	34	3	67	19	67	119	398.0	n/a
18	403.045	0.438	correct	0.438	grate	n/a	n/a	n/a	n/a	n/a	n/a	34	3	n/a	n/a	n/a	n/a	n/a	left
18	403.995	0.392	correct	0.392	grate	n/a	n/a	n/a	n/a	n/a	n/a	34	3	n/a	n/a	n/a	n/a	n/a	left
18	404.895	0.420	correct	0.420	grate	n/a	n/a	n/a	n/a	n/a	n/a	34	3	n/a	n/a	n/a	n/a	n/a	right
18	405.828	0.383	correct	0.383	grate	n/a	n/a	n/a	n/a	n/a	n/a	34	3	n/a	n/a	n/a	n/a	n/a	right
18	406.728	0.507	correct	0.507	grate	n/a	n/a	n/a	n/a	n/a	n/a	34	3	n/a	n/a	n/a	n/a	n/a	left
18	407.744	0.362	incorrect	0.362	grate	n/a	n/a	n/a	n/a	n/a	n/a	34	3	n/a	n/a	n/a	n/a	n/a	left
18	408.627	0.100	incorrect	0.100	grate	n/a	n/a	n/a	n/a	n/a	n/a	34	3	n/a	n/a	n/a	n/a	n/a	left
18	410.010	3.000	remember	0.444	retrieval	retprac	object	face	scene	target	object	35	3	17	65	165	17	410.0	n/a
18	415.044	0.487	correct	0.487	grate	n/a	n/a	n/a	n/a	n/a	n/a	35	3	n/a	n/a	n/a	n/a	n/a	left
18	416.043	0.407	correct	0.407	grate	n/a	n/a	n/a	n/a	n/a	n/a	35	3	n/a	n/a	n/a	n/a	n/a	left
18	416.960	0.530	correct	0.530	grate	n/a	n/a	n/a	n/a	n/a	n/a	35	3	n/a	n/a	n/a	n/a	n/a	right
18	418.010	0.433	correct	0.433	grate	n/a	n/a	n/a	n/a	n/a	n/a	35	3	n/a	n/a	n/a	n/a	n/a	right
18	418.960	0.418	correct	0.418	grate	n/a	n/a	n/a	n/a	n/a	n/a	35	3	n/a	n/a	n/a	n/a	n/a	left
18	419.893	0.389	correct	0.389	grate	n/a	n/a	n/a	n/a	n/a	n/a	35	3	n/a	n/a	n/a	n/a	n/a	right
18	420.793	0.100	incorrect	0.100	grate	n/a	n/a	n/a	n/a	n/a	n/a	35	3	n/a	n/a	n/a	n/a	n/a	left
18	422.009	3.000	forget	0.333	retrieval	restudy	scene	face	object	competitor	face	36	3	48	120	272	48	422.0	n/a
18	427.042	0.479	correct	0.479	grate	n/a	n/a	n/a	n/a	n/a	n/a	36	3	n/a	n/a	n/a	n/a	n/a	left
18	428.042	0.472	correct	0.472	grate	n/a	n/a	n/a	n/a	n/a	n/a	36	3	n/a	n/a	n/a	n/a	n/a	left
18	429.026	0.568	correct	0.568	grate	n/a	n/a	n/a	n/a	n/a	n/a	36	3	n/a	n/a	n/a	n/a	n/a	left
18	430.109	0.445	correct	0.445	grate	n/a	n/a	n/a	n/a	n/a	n/a	36	3	n/a	n/a	n/a	n/a	n/a	right
18	431.075	0.382	correct	0.382	grate	n/a	n/a	n/a	n/a	n/a	n/a	36	3	n/a	n/a	n/a	n/a	n/a	right
18	431.975	0.371	correct	0.371	grate	n/a	n/a	n/a	n/a	n/a	n/a	36	3	n/a	n/a	n/a	n/a	n/a	right
18	432.859	0.100	incorrect	0.100	grate	n/a	n/a	n/a	n/a	n/a	n/a	36	3	n/a	n/a	n/a	n/a	n/a	left
18	434.008	3.000	forget	0.406	retrieval	retprac	scene	object	face	competitor	object	37	3	93	141	293	145	434.0	n/a
18	439.041	0.408	correct	0.408	grate	n/a	n/a	n/a	n/a	n/a	n/a	37	3	n/a	n/a	n/a	n/a	n/a	left
18	439.958	0.420	correct	0.420	grate	n/a	n/a	n/a	n/a	n/a	n/a	37	3	n/a	n/a	n/a	n/a	n/a	right
18	440.891	0.430	correct	0.430	grate	n/a	n/a	n/a	n/a	n/a	n/a	37	3	n/a	n/a	n/a	n/a	n/a	left
18	441.841	0.448	correct	0.448	grate	n/a	n/a	n/a	n/a	n/a	n/a	37	3	n/a	n/a	n/a	n/a	n/a	right
18	442.808	0.482	correct	0.482	grate	n/a	n/a	n/a	n/a	n/a	n/a	37	3	n/a	n/a	n/a	n/a	n/a	left
18	443.807	0.466	correct	0.466	grate	n/a	n/a	n/a	n/a	n/a	n/a	37	3	n/a	n/a	n/a	n/a	n/a	right
18	444.791	0.100	incorrect	0.100	grate	n/a	n/a	n/a	n/a	n/a	n/a	37	3	n/a	n/a	n/a	n/a	n/a	right
18	446.006	3.000	forget	0.422	retrieval	retprac	object	scene	face	competitor	scene	38	3	141	93	193	245	446.0	n/a
18	451.040	0.481	correct	0.481	grate	n/a	n/a	n/a	n/a	n/a	n/a	38	3	n/a	n/a	n/a	n/a	n/a	left
18	452.040	0.401	correct	0.401	grate	n/a	n/a	n/a	n/a	n/a	n/a	38	3	n/a	n/a	n/a	n/a	n/a	right
18	452.957	0.412	correct	0.412	grate	n/a	n/a	n/a	n/a	n/a	n/a	38	3	n/a	n/a	n/a	n/a	n/a	right
18	453.890	0.367	correct	0.367	grate	n/a	n/a	n/a	n/a	n/a	n/a	38	3	n/a	n/a	n/a	n/a	n/a	right
18	454.773	0.444	correct	0.444	grate	n/a	n/a	n/a	n/a	n/a	n/a	38	3	n/a	n/a	n/a	n/a	n/a	left
18	455.739	0.373	correct	0.373	grate	n/a	n/a	n/a	n/a	n/a	n/a	38	3	n/a	n/a	n/a	n/a	n/a	left
18	456.623	0.100	incorrect	0.100	grate	n/a	n/a	n/a	n/a	n/a	n/a	38	3	n/a	n/a	n/a	n/a	n/a	right
18	458.022	3.000	forget	0.568	retrieval	retprac	face	scene	object	competitor	scene	39	3	119	47	95	223	458.0	n/a
18	463.055	0.465	correct	0.465	grate	n/a	n/a	n/a	n/a	n/a	n/a	39	3	n/a	n/a	n/a	n/a	n/a	right
18	464.039	0.331	correct	0.331	grate	n/a	n/a	n/a	n/a	n/a	n/a	39	3	n/a	n/a	n/a	n/a	n/a	right
18	464.889	0.375	correct	0.375	grate	n/a	n/a	n/a	n/a	n/a	n/a	39	3	n/a	n/a	n/a	n/a	n/a	right
18	465.789	0.516	correct	0.516	grate	n/a	n/a	n/a	n/a	n/a	n/a	39	3	n/a	n/a	n/a	n/a	n/a	left
18	466.822	0.459	correct	0.459	grate	n/a	n/a	n/a	n/a	n/a	n/a	39	3	n/a	n/a	n/a	n/a	n/a	left
18	467.788	0.428	correct	0.428	grate	n/a	n/a	n/a	n/a	n/a	n/a	39	3	n/a	n/a	n/a	n/a	n/a	right
18	468.738	0.100	incorrect	0.100	grate	n/a	n/a	n/a	n/a	n/a	n/a	39	3	n/a	n/a	n/a	n/a	n/a	left
18	470.021	3.000	remember	0.607	retrieval	restudy	face	scene	object	target	face	40	3	116	44	92	220	470.0	n/a
18	475.054	0.418	correct	0.418	grate	n/a	n/a	n/a	n/a	n/a	n/a	40	3	n/a	n/a	n/a	n/a	n/a	left
18	475.988	0.356	correct	0.356	grate	n/a	n/a	n/a	n/a	n/a	n/a	40	3	n/a	n/a	n/a	n/a	n/a	right
18	476.854	0.402	incorrect	0.402	grate	n/a	n/a	n/a	n/a	n/a	n/a	40	3	n/a	n/a	n/a	n/a	n/a	right
18	477.771	0.017	correct	0.017	grate	n/a	n/a	n/a	n/a	n/a	n/a	40	3	n/a	n/a	n/a	n/a	n/a	right
18	478.305	0.535	correct	0.535	grate	n/a	n/a	n/a	n/a	n/a	n/a	40	3	n/a	n/a	n/a	n/a	n/a	left
18	479.354	0.471	correct	0.471	grate	n/a	n/a	n/a	n/a	n/a	n/a	40	3	n/a	n/a	n/a	n/a	n/a	right
18	480.337	0.183	incorrect	0.183	grate	n/a	n/a	n/a	n/a	n/a	n/a	40	3	n/a	n/a	n/a	n/a	n/a	right
18	482.019	3.000	remember	0.344	retrieval	retprac	scene	object	face	target	scene	41	3	91	139	291	143	482.0	n/a
18	487.053	0.482	correct	0.482	grate	n/a	n/a	n/a	n/a	n/a	n/a	41	3	n/a	n/a	n/a	n/a	n/a	right
18	488.053	0.380	correct	0.380	grate	n/a	n/a	n/a	n/a	n/a	n/a	41	3	n/a	n/a	n/a	n/a	n/a	right
18	488.953	0.367	correct	0.367	grate	n/a	n/a	n/a	n/a	n/a	n/a	41	3	n/a	n/a	n/a	n/a	n/a	right
18	489.836	0.459	correct	0.459	grate	n/a	n/a	n/a	n/a	n/a	n/a	41	3	n/a	n/a	n/a	n/a	n/a	left
18	490.802	0.533	correct	0.533	grate	n/a	n/a	n/a	n/a	n/a	n/a	41	3	n/a	n/a	n/a	n/a	n/a	right
18	491.852	0.667	incorrect	0.667	grate	n/a	n/a	n/a	n/a	n/a	n/a	41	3	n/a	n/a	n/a	n/a	n/a	left
18	494.018	3.000	forget	0.688	retrieval	retprac	object	scene	face	competitor	scene	42	3	137	89	189	241	494.0	n/a
18	499.052	0.483	correct	0.483	grate	n/a	n/a	n/a	n/a	n/a	n/a	42	3	n/a	n/a	n/a	n/a	n/a	left
18	500.052	0.435	correct	0.435	grate	n/a	n/a	n/a	n/a	n/a	n/a	42	3	n/a	n/a	n/a	n/a	n/a	right
18	501.002	0.438	correct	0.438	grate	n/a	n/a	n/a	n/a	n/a	n/a	42	3	n/a	n/a	n/a	n/a	n/a	right
18	501.952	0.399	correct	0.399	grate	n/a	n/a	n/a	n/a	n/a	n/a	42	3	n/a	n/a	n/a	n/a	n/a	right
18	502.868	0.372	correct	0.372	grate	n/a	n/a	n/a	n/a	n/a	n/a	42	3	n/a	n/a	n/a	n/a	n/a	right
18	503.751	0.399	incorrect	0.399	grate	n/a	n/a	n/a	n/a	n/a	n/a	42	3	n/a	n/a	n/a	n/a	n/a	left
18	504.668	0.100	incorrect	0.100	grate	n/a	n/a	n/a	n/a	n/a	n/a	42	3	n/a	n/a	n/a	n/a	n/a	right
18	506.017	3.000	forget	0.537	retrieval	restudy	scene	object	face	competitor	object	43	3	96	144	296	148	506.0	n/a
18	511.051	0.429	correct	0.429	grate	n/a	n/a	n/a	n/a	n/a	n/a	43	3	n/a	n/a	n/a	n/a	n/a	left
18	512.001	0.358	correct	0.358	grate	n/a	n/a	n/a	n/a	n/a	n/a	43	3	n/a	n/a	n/a	n/a	n/a	left
18	512.867	0.451	correct	0.451	grate	n/a	n/a	n/a	n/a	n/a	n/a	43	3	n/a	n/a	n/a	n/a	n/a	right
18	513.834	0.365	correct	0.365	grate	n/a	n/a	n/a	n/a	n/a	n/a	43	3	n/a	n/a	n/a	n/a	n/a	right
18	514.717	0.497	correct	0.497	grate	n/a	n/a	n/a	n/a	n/a	n/a	43	3	n/a	n/a	n/a	n/a	n/a	left
18	515.733	0.505	correct	0.505	grate	n/a	n/a	n/a	n/a	n/a	n/a	43	3	n/a	n/a	n/a	n/a	n/a	right
18	516.750	0.100	incorrect	0.100	grate	n/a	n/a	n/a	n/a	n/a	n/a	43	3	n/a	n/a	n/a	n/a	n/a	right
18	518.016	3.000	forget	0.618	retrieval	restudy	object	face	scene	competitor	face	44	3	18	66	166	18	518.0	n/a
18	523.049	0.733	correct	0.733	grate	n/a	n/a	n/a	n/a	n/a	n/a	44	3	n/a	n/a	n/a	n/a	n/a	right
18	524.299	0.331	correct	0.331	grate	n/a	n/a	n/a	n/a	n/a	n/a	44	3	n/a	n/a	n/a	n/a	n/a	right
18	525.149	0.377	correct	0.377	grate	n/a	n/a	n/a	n/a	n/a	n/a	44	3	n/a	n/a	n/a	n/a	n/a	right
18	526.049	0.421	correct	0.421	grate	n/a	n/a	n/a	n/a	n/a	n/a	44	3	n/a	n/a	n/a	n/a	n/a	right
18	526.982	0.504	correct	0.504	grate	n/a	n/a	n/a	n/a	n/a	n/a	44	3	n/a	n/a	n/a	n/a	n/a	left
18	527.999	0.517	incorrect	0.517	grate	n/a	n/a	n/a	n/a	n/a	n/a	44	3	n/a	n/a	n/a	n/a	n/a	right
18	530.014	3.000	remember	0.515	retrieval	restudy	face	object	scene	target	face	45	3	66	18	66	118	530.0	n/a
18	535.048	0.421	correct	0.421	grate	n/a	n/a	n/a	n/a	n/a	n/a	45	3	n/a	n/a	n/a	n/a	n/a	right
18	535.981	0.432	correct	0.432	grate	n/a	n/a	n/a	n/a	n/a	n/a	45	3	n/a	n/a	n/a	n/a	n/a	left
18	536.931	0.410	correct	0.410	grate	n/a	n/a	n/a	n/a	n/a	n/a	45	3	n/a	n/a	n/a	n/a	n/a	left
18	537.865	0.421	correct	0.421	grate	n/a	n/a	n/a	n/a	n/a	n/a	45	3	n/a	n/a	n/a	n/a	n/a	right
18	538.798	0.415	correct	0.415	grate	n/a	n/a	n/a	n/a	n/a	n/a	45	3	n/a	n/a	n/a	n/a	n/a	right
18	539.731	0.411	correct	0.411	grate	n/a	n/a	n/a	n/a	n/a	n/a	45	3	n/a	n/a	n/a	n/a	n/a	right
18	540.664	0.100	incorrect	0.100	grate	n/a	n/a	n/a	n/a	n/a	n/a	45	3	n/a	n/a	n/a	n/a	n/a	left
18	542.013	3.000	forget	0.476	retrieval	restudy	object	scene	face	competitor	scene	46	3	138	90	190	242	542.0	n/a
18	547.047	0.406	correct	0.406	grate	n/a	n/a	n/a	n/a	n/a	n/a	46	3	n/a	n/a	n/a	n/a	n/a	left
18	547.964	0.369	correct	0.369	grate	n/a	n/a	n/a	n/a	n/a	n/a	46	3	n/a	n/a	n/a	n/a	n/a	left
18	548.847	0.478	correct	0.478	grate	n/a	n/a	n/a	n/a	n/a	n/a	46	3	n/a	n/a	n/a	n/a	n/a	right
18	549.847	0.350	correct	0.350	grate	n/a	n/a	n/a	n/a	n/a	n/a	46	3	n/a	n/a	n/a	n/a	n/a	right
18	550.713	0.388	correct	0.388	grate	n/a	n/a	n/a	n/a	n/a	n/a	46	3	n/a	n/a	n/a	n/a	n/a	right
18	551.613	0.351	correct	0.351	grate	n/a	n/a	n/a	n/a	n/a	n/a	46	3	n/a	n/a	n/a	n/a	n/a	right
18	552.480	0.033	incorrect	0.033	grate	n/a	n/a	n/a	n/a	n/a	n/a	46	3	n/a	n/a	n/a	n/a	n/a	right
18	554.012	3.000	remember	0.461	retrieval	restudy	object	scene	face	target	object	47	3	144	96	196	248	554.0	n/a
18	559.046	0.447	correct	0.447	grate	n/a	n/a	n/a	n/a	n/a	n/a	47	3	n/a	n/a	n/a	n/a	n/a	left
18	560.012	0.456	correct	0.456	grate	n/a	n/a	n/a	n/a	n/a	n/a	47	3	n/a	n/a	n/a	n/a	n/a	left
18	560.979	0.490	correct	0.490	grate	n/a	n/a	n/a	n/a	n/a	n/a	47	3	n/a	n/a	n/a	n/a	n/a	left
18	561.979	0.346	correct	0.346	grate	n/a	n/a	n/a	n/a	n/a	n/a	47	3	n/a	n/a	n/a	n/a	n/a	left
18	562.845	0.391	correct	0.391	grate	n/a	n/a	n/a	n/a	n/a	n/a	47	3	n/a	n/a	n/a	n/a	n/a	left
18	563.745	0.387	correct	0.387	grate	n/a	n/a	n/a	n/a	n/a	n/a	47	3	n/a	n/a	n/a	n/a	n/a	left
18	564.645	0.100	incorrect	0.100	grate	n/a	n/a	n/a	n/a	n/a	n/a	47	3	n/a	n/a	n/a	n/a	n/a	right
18	566.011	3.000	forget	0.310	retrieval	retprac	scene	face	object	competitor	face	48	3	43	115	267	43	566.0	n/a
18	571.044	0.359	correct	0.359	grate	n/a	n/a	n/a	n/a	n/a	n/a	48	3	n/a	n/a	n/a	n/a	n/a	right
18	571.911	0.309	correct	0.309	grate	n/a	n/a	n/a	n/a	n/a	n/a	48	3	n/a	n/a	n/a	n/a	n/a	right
18	572.728	0.324	correct	0.324	grate	n/a	n/a	n/a	n/a	n/a	n/a	48	3	n/a	n/a	n/a	n/a	n/a	right
18	573.561	0.283	correct	0.283	grate	n/a	n/a	n/a	n/a	n/a	n/a	48	3	n/a	n/a	n/a	n/a	n/a	right
18	574.361	0.499	correct	0.499	grate	n/a	n/a	n/a	n/a	n/a	n/a	48	3	n/a	n/a	n/a	n/a	n/a	left
18	575.377	0.346	correct	0.346	grate	n/a	n/a	n/a	n/a	n/a	n/a	48	3	n/a	n/a	n/a	n/a	n/a	left
18	576.244	0.267	incorrect	0.267	grate	n/a	n/a	n/a	n/a	n/a	n/a	48	3	n/a	n/a	n/a	n/a	n/a	right
