sub_id	onset	duration	trial_type	response_time	task_type	update_cond	cate_c	cate_b	cate_o	response_type	response	trial_id	run_id	word_id	img_id	stim_c	stim_b	design_onset	grate_orientation
14	2.022	3.000	remember	0.881	retrieval	restudy	scene	face	object	target	scene	1	1	31	103	255	31	2.0	n/a
14	7.056	1.163	correct	1.163	grate	n/a	n/a	n/a	n/a	n/a	n/a	1	1	n/a	n/a	n/a	n/a	n/a	left
14	8.739	0.496	correct	0.496	grate	n/a	n/a	n/a	n/a	n/a	n/a	1	1	n/a	n/a	n/a	n/a	n/a	left
14	9.755	0.488	correct	0.488	grate	n/a	n/a	n/a	n/a	n/a	n/a	1	1	n/a	n/a	n/a	n/a	n/a	right
14	10.755	0.311	correct	0.311	grate	n/a	n/a	n/a	n/a	n/a	n/a	1	1	n/a	n/a	n/a	n/a	n/a	left
14	11.589	0.422	correct	0.422	grate	n/a	n/a	n/a	n/a	n/a	n/a	1	1	n/a	n/a	n/a	n/a	n/a	left
14	12.522	0.000	incorrect	0.000	grate	n/a	n/a	n/a	n/a	n/a	n/a	1	1	n/a	n/a	n/a	n/a	n/a	left
14	14.021	3.000	forget	0.730	retrieval	restudy	face	scene	object	other	object	2	1	97	25	73	201	14.0	n/a
14	19.055	1.237	correct	1.237	grate	n/a	n/a	n/a	n/a	n/a	n/a	2	1	n/a	n/a	n/a	n/a	n/a	right
14	20.804	0.526	correct	0.526	grate	n/a	n/a	n/a	n/a	n/a	n/a	2	1	n/a	n/a	n/a	n/a	n/a	right
14	21.837	0.445	correct	0.445	grate	n/a	n/a	n/a	n/a	n/a	n/a	2	1	n/a	n/a	n/a	n/a	n/a	left
14	22.804	0.494	correct	0.494	grate	n/a	n/a	n/a	n/a	n/a	n/a	2	1	n/a	n/a	n/a	n/a	n/a	left
14	23.821	0.422	correct	0.422	grate	n/a	n/a	n/a	n/a	n/a	n/a	2	1	n/a	n/a	n/a	n/a	n/a	left
14	24.754	0.100	incorrect	0.100	grate	n/a	n/a	n/a	n/a	n/a	n/a	2	1	n/a	n/a	n/a	n/a	n/a	right
14	26.019	3.000	forget	0.818	retrieval	restudy	face	object	scene	other	scene	3	1	49	1	49	101	26.0	n/a
14	31.053	0.653	correct	0.653	grate	n/a	n/a	n/a	n/a	n/a	n/a	3	1	n/a	n/a	n/a	n/a	n/a	right
14	32.220	0.336	correct	0.336	grate	n/a	n/a	n/a	n/a	n/a	n/a	3	1	n/a	n/a	n/a	n/a	n/a	right
14	33.070	0.348	correct	0.348	grate	n/a	n/a	n/a	n/a	n/a	n/a	3	1	n/a	n/a	n/a	n/a	n/a	right
14	33.936	0.442	correct	0.442	grate	n/a	n/a	n/a	n/a	n/a	n/a	3	1	n/a	n/a	n/a	n/a	n/a	left
14	34.886	0.468	correct	0.468	grate	n/a	n/a	n/a	n/a	n/a	n/a	3	1	n/a	n/a	n/a	n/a	n/a	left
14	35.869	0.357	correct	0.357	grate	n/a	n/a	n/a	n/a	n/a	n/a	3	1	n/a	n/a	n/a	n/a	n/a	left
14	36.736	0.100	incorrect	0.100	grate	n/a	n/a	n/a	n/a	n/a	n/a	3	1	n/a	n/a	n/a	n/a	n/a	right
14	38.018	3.000	remember	0.419	retrieval	retprac	face	object	scene	target	face	4	1	56	8	56	108	38.0	n/a
14	43.052	0.518	correct	0.518	grate	n/a	n/a	n/a	n/a	n/a	n/a	4	1	n/a	n/a	n/a	n/a	n/a	left
14	44.085	0.556	correct	0.556	grate	n/a	n/a	n/a	n/a	n/a	n/a	4	1	n/a	n/a	n/a	n/a	n/a	right
14	45.152	0.482	correct	0.482	grate	n/a	n/a	n/a	n/a	n/a	n/a	4	1	n/a	n/a	n/a	n/a	n/a	right
14	46.151	0.331	correct	0.331	grate	n/a	n/a	n/a	n/a	n/a	n/a	4	1	n/a	n/a	n/a	n/a	n/a	right
14	47.002	0.440	correct	0.440	grate	n/a	n/a	n/a	n/a	n/a	n/a	4	1	n/a	n/a	n/a	n/a	n/a	left
14	47.951	0.475	correct	0.475	grate	n/a	n/a	n/a	n/a	n/a	n/a	4	1	n/a	n/a	n/a	n/a	n/a	left
14	48.935	0.100	incorrect	0.100	grate	n/a	n/a	n/a	n/a	n/a	n/a	4	1	n/a	n/a	n/a	n/a	n/a	left
14	50.017	3.000	forget	0.900	retrieval	restudy	object	face	scene	other	scene	5	1	1	49	149	1	50.0	n/a
14	55.051	0.670	correct	0.670	grate	n/a	n/a	n/a	n/a	n/a	n/a	5	1	n/a	n/a	n/a	n/a	n/a	right
14	56.234	0.312	correct	0.312	grate	n/a	n/a	n/a	n/a	n/a	n/a	5	1	n/a	n/a	n/a	n/a	n/a	right
14	57.067	0.318	correct	0.318	grate	n/a	n/a	n/a	n/a	n/a	n/a	5	1	n/a	n/a	n/a	n/a	n/a	right
14	57.900	0.413	correct	0.413	grate	n/a	n/a	n/a	n/a	n/a	n/a	5	1	n/a	n/a	n/a	n/a	n/a	left
14	58.834	0.383	correct	0.383	grate	n/a	n/a	n/a	n/a	n/a	n/a	5	1	n/a	n/a	n/a	n/a	n/a	left
14	59.734	0.339	incorrect	0.339	grate	n/a	n/a	n/a	n/a	n/a	n/a	5	1	n/a	n/a	n/a	n/a	n/a	right
14	60.583	0.100	incorrect	0.100	grate	n/a	n/a	n/a	n/a	n/a	n/a	5	1	n/a	n/a	n/a	n/a	n/a	right
14	62.016	3.000	remember	0.980	retrieval	retprac	object	face	scene	target	object	6	1	8	56	156	8	62.0	n/a
14	67.050	0.623	correct	0.623	grate	n/a	n/a	n/a	n/a	n/a	n/a	6	1	n/a	n/a	n/a	n/a	n/a	left
14	68.183	0.354	correct	0.354	grate	n/a	n/a	n/a	n/a	n/a	n/a	6	1	n/a	n/a	n/a	n/a	n/a	left
14	69.049	0.455	correct	0.455	grate	n/a	n/a	n/a	n/a	n/a	n/a	6	1	n/a	n/a	n/a	n/a	n/a	right
14	70.016	0.352	correct	0.352	grate	n/a	n/a	n/a	n/a	n/a	n/a	6	1	n/a	n/a	n/a	n/a	n/a	left
14	70.882	0.366	correct	0.366	grate	n/a	n/a	n/a	n/a	n/a	n/a	6	1	n/a	n/a	n/a	n/a	n/a	right
14	71.766	0.418	correct	0.418	grate	n/a	n/a	n/a	n/a	n/a	n/a	6	1	n/a	n/a	n/a	n/a	n/a	left
14	72.699	0.100	incorrect	0.100	grate	n/a	n/a	n/a	n/a	n/a	n/a	6	1	n/a	n/a	n/a	n/a	n/a	right
14	74.014	3.000	forget	0.949	retrieval	retprac	face	scene	object	competitor	scene	7	1	104	32	80	208	74.0	n/a
14	79.048	0.737	correct	0.737	grate	n/a	n/a	n/a	n/a	n/a	n/a	7	1	n/a	n/a	n/a	n/a	n/a	right
14	80.298	0.438	correct	0.438	grate	n/a	n/a	n/a	n/a	n/a	n/a	7	1	n/a	n/a	n/a	n/a	n/a	left
14	81.248	0.408	correct	0.408	grate	n/a	n/a	n/a	n/a	n/a	n/a	7	1	n/a	n/a	n/a	n/a	n/a	left
14	82.165	0.395	correct	0.395	grate	n/a	n/a	n/a	n/a	n/a	n/a	7	1	n/a	n/a	n/a	n/a	n/a	right
14	83.081	0.390	correct	0.390	grate	n/a	n/a	n/a	n/a	n/a	n/a	7	1	n/a	n/a	n/a	n/a	n/a	right
14	83.981	0.395	correct	0.395	grate	n/a	n/a	n/a	n/a	n/a	n/a	7	1	n/a	n/a	n/a	n/a	n/a	right
14	84.898	0.100	incorrect	0.100	grate	n/a	n/a	n/a	n/a	n/a	n/a	7	1	n/a	n/a	n/a	n/a	n/a	left
14	86.013	3.000	forget	0.958	retrieval	retprac	scene	face	object	other	object	8	1	30	102	254	30	86.0	n/a
14	91.047	0.568	correct	0.568	grate	n/a	n/a	n/a	n/a	n/a	n/a	8	1	n/a	n/a	n/a	n/a	n/a	left
14	92.130	0.445	correct	0.445	grate	n/a	n/a	n/a	n/a	n/a	n/a	8	1	n/a	n/a	n/a	n/a	n/a	left
14	93.097	0.767	correct	0.767	grate	n/a	n/a	n/a	n/a	n/a	n/a	8	1	n/a	n/a	n/a	n/a	n/a	right
14	94.380	0.371	correct	0.371	grate	n/a	n/a	n/a	n/a	n/a	n/a	8	1	n/a	n/a	n/a	n/a	n/a	left
14	95.263	0.433	correct	0.433	grate	n/a	n/a	n/a	n/a	n/a	n/a	8	1	n/a	n/a	n/a	n/a	n/a	left
14	96.213	0.282	incorrect	0.282	grate	n/a	n/a	n/a	n/a	n/a	n/a	8	1	n/a	n/a	n/a	n/a	n/a	left
14	97.013	0.100	incorrect	0.100	grate	n/a	n/a	n/a	n/a	n/a	n/a	8	1	n/a	n/a	n/a	n/a	n/a	left
14	98.012	3.000	no response	n/a	retrieval	restudy	face	scene	object	no response	no response	9	1	103	31	79	207	98.0	n/a
14	103.046	0.633	correct	0.633	grate	n/a	n/a	n/a	n/a	n/a	n/a	9	1	n/a	n/a	n/a	n/a	n/a	left
14	104.196	0.443	correct	0.443	grate	n/a	n/a	n/a	n/a	n/a	n/a	9	1	n/a	n/a	n/a	n/a	n/a	right
14	105.162	0.406	correct	0.406	grate	n/a	n/a	n/a	n/a	n/a	n/a	9	1	n/a	n/a	n/a	n/a	n/a	left
14	106.079	0.449	correct	0.449	grate	n/a	n/a	n/a	n/a	n/a	n/a	9	1	n/a	n/a	n/a	n/a	n/a	left
14	107.045	0.401	correct	0.401	grate	n/a	n/a	n/a	n/a	n/a	n/a	9	1	n/a	n/a	n/a	n/a	n/a	right
14	107.962	0.357	correct	0.357	grate	n/a	n/a	n/a	n/a	n/a	n/a	9	1	n/a	n/a	n/a	n/a	n/a	left
14	108.829	0.100	incorrect	0.100	grate	n/a	n/a	n/a	n/a	n/a	n/a	9	1	n/a	n/a	n/a	n/a	n/a	right
14	110.011	3.000	remember	0.975	retrieval	retprac	object	scene	face	target	object	10	1	124	76	176	228	110.0	n/a
14	115.045	0.826	correct	0.826	grate	n/a	n/a	n/a	n/a	n/a	n/a	10	1	n/a	n/a	n/a	n/a	n/a	right
14	116.378	0.453	correct	0.453	grate	n/a	n/a	n/a	n/a	n/a	n/a	10	1	n/a	n/a	n/a	n/a	n/a	left
14	117.344	0.695	correct	0.695	grate	n/a	n/a	n/a	n/a	n/a	n/a	10	1	n/a	n/a	n/a	n/a	n/a	left
14	118.561	0.486	correct	0.486	grate	n/a	n/a	n/a	n/a	n/a	n/a	10	1	n/a	n/a	n/a	n/a	n/a	left
14	119.561	0.397	correct	0.397	grate	n/a	n/a	n/a	n/a	n/a	n/a	10	1	n/a	n/a	n/a	n/a	n/a	right
14	120.477	0.033	incorrect	0.033	grate	n/a	n/a	n/a	n/a	n/a	n/a	10	1	n/a	n/a	n/a	n/a	n/a	right
14	122.010	3.000	remember	0.456	retrieval	restudy	face	object	scene	target	face	11	1	55	7	55	107	122.0	n/a
14	127.044	0.691	correct	0.691	grate	n/a	n/a	n/a	n/a	n/a	n/a	11	1	n/a	n/a	n/a	n/a	n/a	right
14	128.243	0.427	correct	0.427	grate	n/a	n/a	n/a	n/a	n/a	n/a	11	1	n/a	n/a	n/a	n/a	n/a	right
14	129.193	0.485	correct	0.485	grate	n/a	n/a	n/a	n/a	n/a	n/a	11	1	n/a	n/a	n/a	n/a	n/a	left
14	130.193	0.350	incorrect	0.350	grate	n/a	n/a	n/a	n/a	n/a	n/a	11	1	n/a	n/a	n/a	n/a	n/a	left
14	131.060	0.522	correct	0.522	grate	n/a	n/a	n/a	n/a	n/a	n/a	11	1	n/a	n/a	n/a	n/a	n/a	right
14	132.093	0.417	correct	0.417	grate	n/a	n/a	n/a	n/a	n/a	n/a	11	1	n/a	n/a	n/a	n/a	n/a	right
14	134.008	3.000	remember	0.697	retrieval	restudy	scene	face	object	target	scene	12	1	27	99	251	27	134.0	n/a
14	139.042	0.691	correct	0.691	grate	n/a	n/a	n/a	n/a	n/a	n/a	12	1	n/a	n/a	n/a	n/a	n/a	left
14	140.242	0.659	correct	0.659	grate	n/a	n/a	n/a	n/a	n/a	n/a	12	1	n/a	n/a	n/a	n/a	n/a	right
14	141.409	0.437	correct	0.437	grate	n/a	n/a	n/a	n/a	n/a	n/a	12	1	n/a	n/a	n/a	n/a	n/a	left
14	142.359	0.471	correct	0.471	grate	n/a	n/a	n/a	n/a	n/a	n/a	12	1	n/a	n/a	n/a	n/a	n/a	left
14	143.342	0.440	correct	0.440	grate	n/a	n/a	n/a	n/a	n/a	n/a	12	1	n/a	n/a	n/a	n/a	n/a	left
14	144.292	0.217	incorrect	0.217	grate	n/a	n/a	n/a	n/a	n/a	n/a	12	1	n/a	n/a	n/a	n/a	n/a	right
14	146.007	3.000	remember	0.490	retrieval	retprac	face	object	scene	target	face	13	1	50	2	50	102	146.0	n/a
14	151.041	0.709	correct	0.709	grate	n/a	n/a	n/a	n/a	n/a	n/a	13	1	n/a	n/a	n/a	n/a	n/a	right
14	152.257	0.435	correct	0.435	grate	n/a	n/a	n/a	n/a	n/a	n/a	13	1	n/a	n/a	n/a	n/a	n/a	left
14	153.207	0.462	correct	0.462	grate	n/a	n/a	n/a	n/a	n/a	n/a	13	1	n/a	n/a	n/a	n/a	n/a	left
14	154.191	0.366	correct	0.366	grate	n/a	n/a	n/a	n/a	n/a	n/a	13	1	n/a	n/a	n/a	n/a	n/a	left
14	155.074	0.491	correct	0.491	grate	n/a	n/a	n/a	n/a	n/a	n/a	13	1	n/a	n/a	n/a	n/a	n/a	right
14	156.074	0.347	correct	0.347	grate	n/a	n/a	n/a	n/a	n/a	n/a	13	1	n/a	n/a	n/a	n/a	n/a	left
14	156.940	0.100	incorrect	0.100	grate	n/a	n/a	n/a	n/a	n/a	n/a	13	1	n/a	n/a	n/a	n/a	n/a	left
14	158.023	3.000	remember	0.867	retrieval	retprac	scene	object	face	target	scene	14	1	74	122	274	126	158.0	n/a
14	163.057	0.932	correct	0.932	grate	n/a	n/a	n/a	n/a	n/a	n/a	14	1	n/a	n/a	n/a	n/a	n/a	right
14	164.506	0.306	correct	0.306	grate	n/a	n/a	n/a	n/a	n/a	n/a	14	1	n/a	n/a	n/a	n/a	n/a	left
14	165.340	0.370	correct	0.370	grate	n/a	n/a	n/a	n/a	n/a	n/a	14	1	n/a	n/a	n/a	n/a	n/a	right
14	166.223	0.413	correct	0.413	grate	n/a	n/a	n/a	n/a	n/a	n/a	14	1	n/a	n/a	n/a	n/a	n/a	right
14	167.156	0.400	correct	0.400	grate	n/a	n/a	n/a	n/a	n/a	n/a	14	1	n/a	n/a	n/a	n/a	n/a	left
14	168.073	0.396	correct	0.396	grate	n/a	n/a	n/a	n/a	n/a	n/a	14	1	n/a	n/a	n/a	n/a	n/a	left
14	168.989	0.100	incorrect	0.100	grate	n/a	n/a	n/a	n/a	n/a	n/a	14	1	n/a	n/a	n/a	n/a	n/a	left
14	170.021	3.000	remember	0.370	retrieval	retprac	face	scene	object	target	face	15	1	98	26	74	202	170.0	n/a
14	175.057	0.611	correct	0.611	grate	n/a	n/a	n/a	n/a	n/a	n/a	15	1	n/a	n/a	n/a	n/a	n/a	right
14	176.188	0.336	correct	0.336	grate	n/a	n/a	n/a	n/a	n/a	n/a	15	1	n/a	n/a	n/a	n/a	n/a	right
14	177.038	0.358	correct	0.358	grate	n/a	n/a	n/a	n/a	n/a	n/a	15	1	n/a	n/a	n/a	n/a	n/a	left
14	177.905	0.372	correct	0.372	grate	n/a	n/a	n/a	n/a	n/a	n/a	15	1	n/a	n/a	n/a	n/a	n/a	right
14	178.788	0.312	correct	0.312	grate	n/a	n/a	n/a	n/a	n/a	n/a	15	1	n/a	n/a	n/a	n/a	n/a	right
14	179.621	0.414	correct	0.414	grate	n/a	n/a	n/a	n/a	n/a	n/a	15	1	n/a	n/a	n/a	n/a	n/a	left
14	180.555	0.100	incorrect	0.100	grate	n/a	n/a	n/a	n/a	n/a	n/a	15	1	n/a	n/a	n/a	n/a	n/a	right
14	182.020	3.000	remember	0.604	retrieval	retprac	face	scene	object	target	face	16	1	100	28	76	204	182.0	n/a
14	187.055	0.718	correct	0.718	grate	n/a	n/a	n/a	n/a	n/a	n/a	16	1	n/a	n/a	n/a	n/a	n/a	left
14	188.287	0.325	correct	0.325	grate	n/a	n/a	n/a	n/a	n/a	n/a	16	1	n/a	n/a	n/a	n/a	n/a	right
14	189.137	0.530	correct	0.530	grate	n/a	n/a	n/a	n/a	n/a	n/a	16	1	n/a	n/a	n/a	n/a	n/a	right
14	190.187	0.352	correct	0.352	grate	n/a	n/a	n/a	n/a	n/a	n/a	16	1	n/a	n/a	n/a	n/a	n/a	right
14	191.054	0.326	correct	0.326	grate	n/a	n/a	n/a	n/a	n/a	n/a	16	1	n/a	n/a	n/a	n/a	n/a	left
14	191.887	0.341	correct	0.341	grate	n/a	n/a	n/a	n/a	n/a	n/a	16	1	n/a	n/a	n/a	n/a	n/a	right
14	192.737	0.100	incorrect	0.100	grate	n/a	n/a	n/a	n/a	n/a	n/a	16	1	n/a	n/a	n/a	n/a	n/a	left
14	194.019	3.000	remember	0.709	retrieval	restudy	object	face	scene	target	object	17	1	3	51	151	3	194.0	n/a
14	199.054	0.845	correct	0.845	grate	n/a	n/a	n/a	n/a	n/a	n/a	17	1	n/a	n/a	n/a	n/a	n/a	left
14	200.419	0.409	correct	0.409	grate	n/a	n/a	n/a	n/a	n/a	n/a	17	1	n/a	n/a	n/a	n/a	n/a	left
14	201.353	0.436	correct	0.436	grate	n/a	n/a	n/a	n/a	n/a	n/a	17	1	n/a	n/a	n/a	n/a	n/a	left
14	202.302	0.405	correct	0.405	grate	n/a	n/a	n/a	n/a	n/a	n/a	17	1	n/a	n/a	n/a	n/a	n/a	right
14	203.219	0.304	correct	0.304	grate	n/a	n/a	n/a	n/a	n/a	n/a	17	1	n/a	n/a	n/a	n/a	n/a	left
14	204.035	0.287	correct	0.287	grate	n/a	n/a	n/a	n/a	n/a	n/a	17	1	n/a	n/a	n/a	n/a	n/a	right
14	204.835	0.100	incorrect	0.100	grate	n/a	n/a	n/a	n/a	n/a	n/a	17	1	n/a	n/a	n/a	n/a	n/a	right
14	206.018	3.000	forget	0.757	retrieval	retprac	object	face	scene	other	scene	18	1	6	54	154	6	206.0	n/a
14	211.052	0.606	correct	0.606	grate	n/a	n/a	n/a	n/a	n/a	n/a	18	1	n/a	n/a	n/a	n/a	n/a	left
14	212.168	0.378	correct	0.378	grate	n/a	n/a	n/a	n/a	n/a	n/a	18	1	n/a	n/a	n/a	n/a	n/a	right
14	213.068	0.350	correct	0.350	grate	n/a	n/a	n/a	n/a	n/a	n/a	18	1	n/a	n/a	n/a	n/a	n/a	left
14	213.935	0.372	correct	0.372	grate	n/a	n/a	n/a	n/a	n/a	n/a	18	1	n/a	n/a	n/a	n/a	n/a	right
14	214.818	0.474	correct	0.474	grate	n/a	n/a	n/a	n/a	n/a	n/a	18	1	n/a	n/a	n/a	n/a	n/a	right
14	215.801	0.401	correct	0.401	grate	n/a	n/a	n/a	n/a	n/a	n/a	18	1	n/a	n/a	n/a	n/a	n/a	right
14	216.717	0.100	incorrect	0.100	grate	n/a	n/a	n/a	n/a	n/a	n/a	18	1	n/a	n/a	n/a	n/a	n/a	right
14	218.017	3.000	forget	0.781	retrieval	retprac	object	scene	face	other	face	19	1	126	78	178	230	218.0	n/a
14	223.051	0.463	correct	0.463	grate	n/a	n/a	n/a	n/a	n/a	n/a	19	1	n/a	n/a	n/a	n/a	n/a	right
14	224.034	0.336	correct	0.336	grate	n/a	n/a	n/a	n/a	n/a	n/a	19	1	n/a	n/a	n/a	n/a	n/a	right
14	224.883	0.358	correct	0.358	grate	n/a	n/a	n/a	n/a	n/a	n/a	19	1	n/a	n/a	n/a	n/a	n/a	right
14	225.750	0.732	correct	0.732	grate	n/a	n/a	n/a	n/a	n/a	n/a	19	1	n/a	n/a	n/a	n/a	n/a	left
14	227.000	0.370	correct	0.370	grate	n/a	n/a	n/a	n/a	n/a	n/a	19	1	n/a	n/a	n/a	n/a	n/a	right
14	227.883	0.367	correct	0.367	grate	n/a	n/a	n/a	n/a	n/a	n/a	19	1	n/a	n/a	n/a	n/a	n/a	right
14	228.766	0.100	incorrect	0.100	grate	n/a	n/a	n/a	n/a	n/a	n/a	19	1	n/a	n/a	n/a	n/a	n/a	left
14	230.015	3.000	forget	0.630	retrieval	retprac	scene	face	object	competitor	face	20	1	26	98	250	26	230.0	n/a
14	235.049	0.792	correct	0.792	grate	n/a	n/a	n/a	n/a	n/a	n/a	20	1	n/a	n/a	n/a	n/a	n/a	left
14	236.349	0.436	correct	0.436	grate	n/a	n/a	n/a	n/a	n/a	n/a	20	1	n/a	n/a	n/a	n/a	n/a	left
14	237.299	0.366	correct	0.366	grate	n/a	n/a	n/a	n/a	n/a	n/a	20	1	n/a	n/a	n/a	n/a	n/a	left
14	238.182	0.492	correct	0.492	grate	n/a	n/a	n/a	n/a	n/a	n/a	20	1	n/a	n/a	n/a	n/a	n/a	right
14	239.199	0.387	correct	0.387	grate	n/a	n/a	n/a	n/a	n/a	n/a	20	1	n/a	n/a	n/a	n/a	n/a	right
14	240.099	0.407	correct	0.407	grate	n/a	n/a	n/a	n/a	n/a	n/a	20	1	n/a	n/a	n/a	n/a	n/a	right
14	241.015	0.100	incorrect	0.100	grate	n/a	n/a	n/a	n/a	n/a	n/a	20	1	n/a	n/a	n/a	n/a	n/a	left
14	242.014	3.000	forget	0.375	retrieval	restudy	face	scene	object	competitor	scene	21	1	101	29	77	205	242.0	n/a
14	247.049	0.848	correct	0.848	grate	n/a	n/a	n/a	n/a	n/a	n/a	21	1	n/a	n/a	n/a	n/a	n/a	right
14	248.414	0.332	correct	0.332	grate	n/a	n/a	n/a	n/a	n/a	n/a	21	1	n/a	n/a	n/a	n/a	n/a	right
14	249.264	0.513	correct	0.513	grate	n/a	n/a	n/a	n/a	n/a	n/a	21	1	n/a	n/a	n/a	n/a	n/a	left
14	250.297	0.343	correct	0.343	grate	n/a	n/a	n/a	n/a	n/a	n/a	21	1	n/a	n/a	n/a	n/a	n/a	right
14	251.164	0.405	correct	0.405	grate	n/a	n/a	n/a	n/a	n/a	n/a	21	1	n/a	n/a	n/a	n/a	n/a	right
14	252.081	0.369	correct	0.369	grate	n/a	n/a	n/a	n/a	n/a	n/a	21	1	n/a	n/a	n/a	n/a	n/a	right
14	252.964	0.100	incorrect	0.100	grate	n/a	n/a	n/a	n/a	n/a	n/a	21	1	n/a	n/a	n/a	n/a	n/a	left
14	254.013	3.000	forget	0.792	retrieval	restudy	scene	object	face	other	face	22	1	73	121	273	125	254.0	n/a
14	259.047	0.769	correct	0.769	grate	n/a	n/a	n/a	n/a	n/a	n/a	22	1	n/a	n/a	n/a	n/a	n/a	left
14	260.330	0.334	correct	0.334	grate	n/a	n/a	n/a	n/a	n/a	n/a	22	1	n/a	n/a	n/a	n/a	n/a	right
14	261.180	0.293	correct	0.293	grate	n/a	n/a	n/a	n/a	n/a	n/a	22	1	n/a	n/a	n/a	n/a	n/a	right
14	261.979	0.357	correct	0.357	grate	n/a	n/a	n/a	n/a	n/a	n/a	22	1	n/a	n/a	n/a	n/a	n/a	right
14	262.846	0.323	correct	0.323	grate	n/a	n/a	n/a	n/a	n/a	n/a	22	1	n/a	n/a	n/a	n/a	n/a	left
14	263.680	0.345	correct	0.345	grate	n/a	n/a	n/a	n/a	n/a	n/a	22	1	n/a	n/a	n/a	n/a	n/a	right
14	264.546	0.100	incorrect	0.100	grate	n/a	n/a	n/a	n/a	n/a	n/a	22	1	n/a	n/a	n/a	n/a	n/a	left
14	266.012	3.000	no response	n/a	retrieval	retprac	face	object	scene	no response	no response	23	1	54	6	54	106	266.0	n/a
14	271.046	0.826	correct	0.826	grate	n/a	n/a	n/a	n/a	n/a	n/a	23	1	n/a	n/a	n/a	n/a	n/a	left
14	272.395	0.469	correct	0.469	grate	n/a	n/a	n/a	n/a	n/a	n/a	23	1	n/a	n/a	n/a	n/a	n/a	left
14	273.378	0.486	correct	0.486	grate	n/a	n/a	n/a	n/a	n/a	n/a	23	1	n/a	n/a	n/a	n/a	n/a	right
14	274.378	0.477	correct	0.477	grate	n/a	n/a	n/a	n/a	n/a	n/a	23	1	n/a	n/a	n/a	n/a	n/a	right
14	275.378	0.294	incorrect	0.294	grate	n/a	n/a	n/a	n/a	n/a	n/a	23	1	n/a	n/a	n/a	n/a	n/a	left
14	276.195	0.317	incorrect	0.317	grate	n/a	n/a	n/a	n/a	n/a	n/a	23	1	n/a	n/a	n/a	n/a	n/a	right
14	278.010	3.000	forget	0.857	retrieval	restudy	scene	object	face	other	face	24	1	75	123	275	127	278.0	n/a
14	283.045	0.618	correct	0.618	grate	n/a	n/a	n/a	n/a	n/a	n/a	24	1	n/a	n/a	n/a	n/a	n/a	left
14	284.177	0.382	correct	0.382	grate	n/a	n/a	n/a	n/a	n/a	n/a	24	1	n/a	n/a	n/a	n/a	n/a	left
14	285.077	0.378	correct	0.378	grate	n/a	n/a	n/a	n/a	n/a	n/a	24	1	n/a	n/a	n/a	n/a	n/a	left
14	285.977	0.430	correct	0.430	grate	n/a	n/a	n/a	n/a	n/a	n/a	24	1	n/a	n/a	n/a	n/a	n/a	left
14	286.927	0.448	correct	0.448	grate	n/a	n/a	n/a	n/a	n/a	n/a	24	1	n/a	n/a	n/a	n/a	n/a	right
14	287.894	0.426	correct	0.426	grate	n/a	n/a	n/a	n/a	n/a	n/a	24	1	n/a	n/a	n/a	n/a	n/a	left
14	288.844	0.100	incorrect	0.100	grate	n/a	n/a	n/a	n/a	n/a	n/a	24	1	n/a	n/a	n/a	n/a	n/a	right
14	290.009	3.000	forget	0.441	retrieval	restudy	scene	object	face	competitor	object	25	1	77	125	277	129	290.0	n/a
14	295.044	0.699	correct	0.699	grate	n/a	n/a	n/a	n/a	n/a	n/a	25	1	n/a	n/a	n/a	n/a	n/a	right
14	296.260	0.420	correct	0.420	grate	n/a	n/a	n/a	n/a	n/a	n/a	25	1	n/a	n/a	n/a	n/a	n/a	left
14	297.193	0.286	correct	0.286	grate	n/a	n/a	n/a	n/a	n/a	n/a	25	1	n/a	n/a	n/a	n/a	n/a	right
14	297.993	0.446	correct	0.446	grate	n/a	n/a	n/a	n/a	n/a	n/a	25	1	n/a	n/a	n/a	n/a	n/a	right
14	298.959	0.407	correct	0.407	grate	n/a	n/a	n/a	n/a	n/a	n/a	25	1	n/a	n/a	n/a	n/a	n/a	right
14	299.876	0.443	correct	0.443	grate	n/a	n/a	n/a	n/a	n/a	n/a	25	1	n/a	n/a	n/a	n/a	n/a	left
14	300.826	0.100	incorrect	0.100	grate	n/a	n/a	n/a	n/a	n/a	n/a	25	1	n/a	n/a	n/a	n/a	n/a	left
14	302.008	3.000	remember	0.378	retrieval	retprac	object	scene	face	target	object	26	1	122	74	174	226	302.0	n/a
14	307.042	0.429	correct	0.429	grate	n/a	n/a	n/a	n/a	n/a	n/a	26	1	n/a	n/a	n/a	n/a	n/a	left
14	307.992	0.487	correct	0.487	grate	n/a	n/a	n/a	n/a	n/a	n/a	26	1	n/a	n/a	n/a	n/a	n/a	right
14	308.992	0.327	correct	0.327	grate	n/a	n/a	n/a	n/a	n/a	n/a	26	1	n/a	n/a	n/a	n/a	n/a	left
14	309.841	0.389	correct	0.389	grate	n/a	n/a	n/a	n/a	n/a	n/a	26	1	n/a	n/a	n/a	n/a	n/a	left
14	310.741	0.449	correct	0.449	grate	n/a	n/a	n/a	n/a	n/a	n/a	26	1	n/a	n/a	n/a	n/a	n/a	right
14	311.708	0.282	incorrect	0.282	grate	n/a	n/a	n/a	n/a	n/a	n/a	26	1	n/a	n/a	n/a	n/a	n/a	right
14	312.508	0.000	incorrect	0.000	grate	n/a	n/a	n/a	n/a	n/a	n/a	26	1	n/a	n/a	n/a	n/a	n/a	right
14	314.007	3.000	forget	0.899	retrieval	restudy	scene	face	object	competitor	face	27	1	29	101	253	29	314.0	n/a
14	319.041	0.733	correct	0.733	grate	n/a	n/a	n/a	n/a	n/a	n/a	27	1	n/a	n/a	n/a	n/a	n/a	left
14	320.290	0.436	correct	0.436	grate	n/a	n/a	n/a	n/a	n/a	n/a	27	1	n/a	n/a	n/a	n/a	n/a	right
14	321.240	0.406	correct	0.406	grate	n/a	n/a	n/a	n/a	n/a	n/a	27	1	n/a	n/a	n/a	n/a	n/a	left
14	322.157	0.402	correct	0.402	grate	n/a	n/a	n/a	n/a	n/a	n/a	27	1	n/a	n/a	n/a	n/a	n/a	left
14	323.073	0.390	correct	0.390	grate	n/a	n/a	n/a	n/a	n/a	n/a	27	1	n/a	n/a	n/a	n/a	n/a	left
14	323.973	0.409	correct	0.409	grate	n/a	n/a	n/a	n/a	n/a	n/a	27	1	n/a	n/a	n/a	n/a	n/a	right
14	324.890	0.100	incorrect	0.100	grate	n/a	n/a	n/a	n/a	n/a	n/a	27	1	n/a	n/a	n/a	n/a	n/a	right
14	326.022	3.000	forget	0.619	retrieval	retprac	scene	object	face	competitor	object	28	1	80	128	280	132	326.0	n/a
14	331.056	0.806	correct	0.806	grate	n/a	n/a	n/a	n/a	n/a	n/a	28	1	n/a	n/a	n/a	n/a	n/a	left
14	332.372	0.473	correct	0.473	grate	n/a	n/a	n/a	n/a	n/a	n/a	28	1	n/a	n/a	n/a	n/a	n/a	left
14	333.356	0.451	correct	0.451	grate	n/a	n/a	n/a	n/a	n/a	n/a	28	1	n/a	n/a	n/a	n/a	n/a	left
14	334.322	0.443	correct	0.443	grate	n/a	n/a	n/a	n/a	n/a	n/a	28	1	n/a	n/a	n/a	n/a	n/a	right
14	335.289	0.365	correct	0.365	grate	n/a	n/a	n/a	n/a	n/a	n/a	28	1	n/a	n/a	n/a	n/a	n/a	right
14	336.172	0.313	correct	0.313	grate	n/a	n/a	n/a	n/a	n/a	n/a	28	1	n/a	n/a	n/a	n/a	n/a	right
14	337.005	0.100	incorrect	0.100	grate	n/a	n/a	n/a	n/a	n/a	n/a	28	1	n/a	n/a	n/a	n/a	n/a	left
14	338.021	3.000	forget	0.748	retrieval	restudy	object	scene	face	other	face	29	1	125	77	177	229	338.0	n/a
14	343.055	0.741	correct	0.741	grate	n/a	n/a	n/a	n/a	n/a	n/a	29	1	n/a	n/a	n/a	n/a	n/a	left
14	344.305	0.508	correct	0.508	grate	n/a	n/a	n/a	n/a	n/a	n/a	29	1	n/a	n/a	n/a	n/a	n/a	left
14	345.321	0.820	correct	0.820	grate	n/a	n/a	n/a	n/a	n/a	n/a	29	1	n/a	n/a	n/a	n/a	n/a	right
14	346.654	0.360	incorrect	0.360	grate	n/a	n/a	n/a	n/a	n/a	n/a	29	1	n/a	n/a	n/a	n/a	n/a	left
14	347.538	0.635	correct	0.635	grate	n/a	n/a	n/a	n/a	n/a	n/a	29	1	n/a	n/a	n/a	n/a	n/a	right
14	348.687	0.100	incorrect	0.100	grate	n/a	n/a	n/a	n/a	n/a	n/a	29	1	n/a	n/a	n/a	n/a	n/a	left
14	350.020	3.000	forget	0.781	retrieval	restudy	face	object	scene	competitor	object	30	1	53	5	53	105	350.0	n/a
14	355.054	0.622	correct	0.622	grate	n/a	n/a	n/a	n/a	n/a	n/a	30	1	n/a	n/a	n/a	n/a	n/a	left
14	356.187	0.378	correct	0.378	grate	n/a	n/a	n/a	n/a	n/a	n/a	30	1	n/a	n/a	n/a	n/a	n/a	right
14	357.087	0.718	correct	0.718	grate	n/a	n/a	n/a	n/a	n/a	n/a	30	1	n/a	n/a	n/a	n/a	n/a	right
14	358.320	0.485	correct	0.485	grate	n/a	n/a	n/a	n/a	n/a	n/a	30	1	n/a	n/a	n/a	n/a	n/a	left
14	359.320	0.316	correct	0.316	grate	n/a	n/a	n/a	n/a	n/a	n/a	30	1	n/a	n/a	n/a	n/a	n/a	right
14	360.153	0.315	correct	0.315	grate	n/a	n/a	n/a	n/a	n/a	n/a	30	1	n/a	n/a	n/a	n/a	n/a	left
14	360.986	0.100	incorrect	0.100	grate	n/a	n/a	n/a	n/a	n/a	n/a	30	1	n/a	n/a	n/a	n/a	n/a	right
14	362.019	3.000	remember	0.781	retrieval	restudy	object	scene	face	target	object	31	1	121	73	173	225	362.0	n/a
14	367.053	0.575	correct	0.575	grate	n/a	n/a	n/a	n/a	n/a	n/a	31	1	n/a	n/a	n/a	n/a	n/a	right
14	368.136	0.381	correct	0.381	grate	n/a	n/a	n/a	n/a	n/a	n/a	31	1	n/a	n/a	n/a	n/a	n/a	left
14	369.035	0.480	correct	0.480	grate	n/a	n/a	n/a	n/a	n/a	n/a	31	1	n/a	n/a	n/a	n/a	n/a	left
14	370.035	0.417	correct	0.417	grate	n/a	n/a	n/a	n/a	n/a	n/a	31	1	n/a	n/a	n/a	n/a	n/a	left
14	370.969	0.380	correct	0.380	grate	n/a	n/a	n/a	n/a	n/a	n/a	31	1	n/a	n/a	n/a	n/a	n/a	right
14	371.869	0.471	correct	0.471	grate	n/a	n/a	n/a	n/a	n/a	n/a	31	1	n/a	n/a	n/a	n/a	n/a	right
14	372.852	0.100	incorrect	0.100	grate	n/a	n/a	n/a	n/a	n/a	n/a	31	1	n/a	n/a	n/a	n/a	n/a	right
14	374.017	3.000	remember	0.510	retrieval	restudy	scene	object	face	target	scene	32	1	79	127	279	131	374.0	n/a
14	379.051	0.481	correct	0.481	grate	n/a	n/a	n/a	n/a	n/a	n/a	32	1	n/a	n/a	n/a	n/a	n/a	right
14	380.051	0.521	correct	0.521	grate	n/a	n/a	n/a	n/a	n/a	n/a	32	1	n/a	n/a	n/a	n/a	n/a	left
14	381.084	0.449	correct	0.449	grate	n/a	n/a	n/a	n/a	n/a	n/a	32	1	n/a	n/a	n/a	n/a	n/a	left
14	382.051	0.489	correct	0.489	grate	n/a	n/a	n/a	n/a	n/a	n/a	32	1	n/a	n/a	n/a	n/a	n/a	left
14	383.051	0.409	correct	0.409	grate	n/a	n/a	n/a	n/a	n/a	n/a	32	1	n/a	n/a	n/a	n/a	n/a	right
14	383.967	0.404	correct	0.404	grate	n/a	n/a	n/a	n/a	n/a	n/a	32	1	n/a	n/a	n/a	n/a	n/a	left
14	384.884	0.100	incorrect	0.100	grate	n/a	n/a	n/a	n/a	n/a	n/a	32	1	n/a	n/a	n/a	n/a	n/a	left
14	386.016	3.000	forget	0.895	retrieval	retprac	scene	object	face	other	face	33	1	78	126	278	130	386.0	n/a
14	391.051	0.497	correct	0.497	grate	n/a	n/a	n/a	n/a	n/a	n/a	33	1	n/a	n/a	n/a	n/a	n/a	left
14	392.067	0.384	correct	0.384	grate	n/a	n/a	n/a	n/a	n/a	n/a	33	1	n/a	n/a	n/a	n/a	n/a	left
14	392.966	0.316	correct	0.316	grate	n/a	n/a	n/a	n/a	n/a	n/a	33	1	n/a	n/a	n/a	n/a	n/a	left
14	393.800	0.339	correct	0.339	grate	n/a	n/a	n/a	n/a	n/a	n/a	33	1	n/a	n/a	n/a	n/a	n/a	left
14	394.650	0.433	correct	0.433	grate	n/a	n/a	n/a	n/a	n/a	n/a	33	1	n/a	n/a	n/a	n/a	n/a	right
14	395.599	0.420	correct	0.420	grate	n/a	n/a	n/a	n/a	n/a	n/a	33	1	n/a	n/a	n/a	n/a	n/a	right
14	396.533	0.100	incorrect	0.100	grate	n/a	n/a	n/a	n/a	n/a	n/a	33	1	n/a	n/a	n/a	n/a	n/a	left
14	398.015	3.000	no response	n/a	retrieval	retprac	face	scene	object	no response	no response	34	1	102	30	78	206	398.0	n/a
14	403.049	0.585	correct	0.585	grate	n/a	n/a	n/a	n/a	n/a	n/a	34	1	n/a	n/a	n/a	n/a	n/a	left
14	404.149	0.446	correct	0.446	grate	n/a	n/a	n/a	n/a	n/a	n/a	34	1	n/a	n/a	n/a	n/a	n/a	left
14	405.115	0.511	correct	0.511	grate	n/a	n/a	n/a	n/a	n/a	n/a	34	1	n/a	n/a	n/a	n/a	n/a	right
14	406.148	0.414	correct	0.414	grate	n/a	n/a	n/a	n/a	n/a	n/a	34	1	n/a	n/a	n/a	n/a	n/a	right
14	407.082	0.377	correct	0.377	grate	n/a	n/a	n/a	n/a	n/a	n/a	34	1	n/a	n/a	n/a	n/a	n/a	right
14	407.982	0.397	correct	0.397	grate	n/a	n/a	n/a	n/a	n/a	n/a	34	1	n/a	n/a	n/a	n/a	n/a	right
14	408.898	0.100	incorrect	0.100	grate	n/a	n/a	n/a	n/a	n/a	n/a	34	1	n/a	n/a	n/a	n/a	n/a	right
14	410.014	3.000	forget	0.704	retrieval	restudy	object	scene	face	other	face	35	1	123	75	175	227	410.0	n/a
14	415.048	0.722	correct	0.722	grate	n/a	n/a	n/a	n/a	n/a	n/a	35	1	n/a	n/a	n/a	n/a	n/a	left
14	416.281	0.377	correct	0.377	grate	n/a	n/a	n/a	n/a	n/a	n/a	35	1	n/a	n/a	n/a	n/a	n/a	left
14	417.181	1.197	correct	1.197	grate	n/a	n/a	n/a	n/a	n/a	n/a	35	1	n/a	n/a	n/a	n/a	n/a	right
14	418.897	0.281	incorrect	0.281	grate	n/a	n/a	n/a	n/a	n/a	n/a	35	1	n/a	n/a	n/a	n/a	n/a	left
14	419.697	0.473	correct	0.473	grate	n/a	n/a	n/a	n/a	n/a	n/a	35	1	n/a	n/a	n/a	n/a	n/a	right
14	420.680	0.100	incorrect	0.100	grate	n/a	n/a	n/a	n/a	n/a	n/a	35	1	n/a	n/a	n/a	n/a	n/a	left
14	422.012	3.000	remember	0.641	retrieval	retprac	object	scene	face	target	object	36	1	128	80	180	232	422.0	n/a
14	427.047	0.667	correct	0.667	grate	n/a	n/a	n/a	n/a	n/a	n/a	36	1	n/a	n/a	n/a	n/a	n/a	right
14	428.229	0.468	correct	0.468	grate	n/a	n/a	n/a	n/a	n/a	n/a	36	1	n/a	n/a	n/a	n/a	n/a	right
14	429.213	0.365	correct	0.365	grate	n/a	n/a	n/a	n/a	n/a	n/a	36	1	n/a	n/a	n/a	n/a	n/a	right
14	430.096	0.458	correct	0.458	grate	n/a	n/a	n/a	n/a	n/a	n/a	36	1	n/a	n/a	n/a	n/a	n/a	left
14	431.062	0.388	correct	0.388	grate	n/a	n/a	n/a	n/a	n/a	n/a	36	1	n/a	n/a	n/a	n/a	n/a	right
14	431.962	0.328	correct	0.328	grate	n/a	n/a	n/a	n/a	n/a	n/a	36	1	n/a	n/a	n/a	n/a	n/a	left
14	432.812	0.100	incorrect	0.100	grate	n/a	n/a	n/a	n/a	n/a	n/a	36	1	n/a	n/a	n/a	n/a	n/a	right
14	434.011	3.000	forget	0.657	retrieval	restudy	object	scene	face	competitor	scene	37	1	127	79	179	231	434.0	n/a
14	439.046	0.619	correct	0.619	grate	n/a	n/a	n/a	n/a	n/a	n/a	37	1	n/a	n/a	n/a	n/a	n/a	left
14	440.178	0.447	correct	0.447	grate	n/a	n/a	n/a	n/a	n/a	n/a	37	1	n/a	n/a	n/a	n/a	n/a	right
14	441.145	0.424	correct	0.424	grate	n/a	n/a	n/a	n/a	n/a	n/a	37	1	n/a	n/a	n/a	n/a	n/a	right
14	442.095	0.378	correct	0.378	grate	n/a	n/a	n/a	n/a	n/a	n/a	37	1	n/a	n/a	n/a	n/a	n/a	right
14	442.995	0.358	correct	0.358	grate	n/a	n/a	n/a	n/a	n/a	n/a	37	1	n/a	n/a	n/a	n/a	n/a	right
14	443.861	0.348	correct	0.348	grate	n/a	n/a	n/a	n/a	n/a	n/a	37	1	n/a	n/a	n/a	n/a	n/a	right
14	444.728	0.100	incorrect	0.100	grate	n/a	n/a	n/a	n/a	n/a	n/a	37	1	n/a	n/a	n/a	n/a	n/a	right
14	446.010	3.000	forget	0.698	retrieval	retprac	object	face	scene	competitor	face	38	1	4	52	152	4	446.0	n/a
14	451.044	0.589	correct	0.589	grate	n/a	n/a	n/a	n/a	n/a	n/a	38	1	n/a	n/a	n/a	n/a	n/a	right
14	452.144	0.297	incorrect	0.297	grate	n/a	n/a	n/a	n/a	n/a	n/a	38	1	n/a	n/a	n/a	n/a	n/a	left
14	452.960	0.457	correct	0.457	grate	n/a	n/a	n/a	n/a	n/a	n/a	38	1	n/a	n/a	n/a	n/a	n/a	left
14	453.927	0.465	correct	0.465	grate	n/a	n/a	n/a	n/a	n/a	n/a	38	1	n/a	n/a	n/a	n/a	n/a	left
14	454.910	0.378	correct	0.378	grate	n/a	n/a	n/a	n/a	n/a	n/a	38	1	n/a	n/a	n/a	n/a	n/a	left
14	455.810	0.398	correct	0.398	grate	n/a	n/a	n/a	n/a	n/a	n/a	38	1	n/a	n/a	n/a	n/a	n/a	left
14	456.727	0.100	incorrect	0.100	grate	n/a	n/a	n/a	n/a	n/a	n/a	38	1	n/a	n/a	n/a	n/a	n/a	left
14	458.025	3.000	remember	0.603	retrieval	restudy	object	face	scene	target	object	39	1	7	55	155	7	458.0	n/a
14	463.059	0.645	correct	0.645	grate	n/a	n/a	n/a	n/a	n/a	n/a	39	1	n/a	n/a	n/a	n/a	n/a	right
14	464.226	0.366	incorrect	0.366	grate	n/a	n/a	n/a	n/a	n/a	n/a	39	1	n/a	n/a	n/a	n/a	n/a	left
14	465.109	0.388	correct	0.388	grate	n/a	n/a	n/a	n/a	n/a	n/a	39	1	n/a	n/a	n/a	n/a	n/a	left
14	466.009	0.480	correct	0.480	grate	n/a	n/a	n/a	n/a	n/a	n/a	39	1	n/a	n/a	n/a	n/a	n/a	right
14	467.009	0.319	correct	0.319	grate	n/a	n/a	n/a	n/a	n/a	n/a	39	1	n/a	n/a	n/a	n/a	n/a	left
14	467.842	0.422	correct	0.422	grate	n/a	n/a	n/a	n/a	n/a	n/a	39	1	n/a	n/a	n/a	n/a	n/a	right
14	468.775	0.100	incorrect	0.100	grate	n/a	n/a	n/a	n/a	n/a	n/a	39	1	n/a	n/a	n/a	n/a	n/a	left
14	470.008	3.000	forget	0.612	retrieval	restudy	object	face	scene	competitor	face	40	1	5	53	153	5	470.0	n/a
14	475.042	0.693	correct	0.693	grate	n/a	n/a	n/a	n/a	n/a	n/a	40	1	n/a	n/a	n/a	n/a	n/a	right
14	476.258	0.574	correct	0.574	grate	n/a	n/a	n/a	n/a	n/a	n/a	40	1	n/a	n/a	n/a	n/a	n/a	right
14	477.341	0.394	correct	0.394	grate	n/a	n/a	n/a	n/a	n/a	n/a	40	1	n/a	n/a	n/a	n/a	n/a	right
14	478.258	0.446	correct	0.446	grate	n/a	n/a	n/a	n/a	n/a	n/a	40	1	n/a	n/a	n/a	n/a	n/a	right
14	479.224	0.431	correct	0.431	grate	n/a	n/a	n/a	n/a	n/a	n/a	40	1	n/a	n/a	n/a	n/a	n/a	right
14	480.174	0.330	correct	0.330	grate	n/a	n/a	n/a	n/a	n/a	n/a	40	1	n/a	n/a	n/a	n/a	n/a	right
14	482.006	3.000	remember	0.484	retrieval	retprac	scene	face	object	target	scene	41	1	32	104	256	32	482.0	n/a
14	487.040	0.415	correct	0.415	grate	n/a	n/a	n/a	n/a	n/a	n/a	41	1	n/a	n/a	n/a	n/a	n/a	right
14	487.973	0.457	correct	0.457	grate	n/a	n/a	n/a	n/a	n/a	n/a	41	1	n/a	n/a	n/a	n/a	n/a	left
14	488.940	0.563	correct	0.563	grate	n/a	n/a	n/a	n/a	n/a	n/a	41	1	n/a	n/a	n/a	n/a	n/a	right
14	490.023	0.640	correct	0.640	grate	n/a	n/a	n/a	n/a	n/a	n/a	41	1	n/a	n/a	n/a	n/a	n/a	right
14	491.173	0.402	correct	0.402	grate	n/a	n/a	n/a	n/a	n/a	n/a	41	1	n/a	n/a	n/a	n/a	n/a	left
14	492.090	0.341	incorrect	0.341	grate	n/a	n/a	n/a	n/a	n/a	n/a	41	1	n/a	n/a	n/a	n/a	n/a	left
14	492.940	0.100	incorrect	0.100	grate	n/a	n/a	n/a	n/a	n/a	n/a	41	1	n/a	n/a	n/a	n/a	n/a	right
14	494.022	3.000	forget	0.764	retrieval	restudy	face	scene	object	other	object	42	1	99	27	75	203	494.0	n/a
14	499.056	0.862	correct	0.862	grate	n/a	n/a	n/a	n/a	n/a	n/a	42	1	n/a	n/a	n/a	n/a	n/a	right
14	500.439	0.456	correct	0.456	grate	n/a	n/a	n/a	n/a	n/a	n/a	42	1	n/a	n/a	n/a	n/a	n/a	left
14	501.405	0.329	correct	0.329	grate	n/a	n/a	n/a	n/a	n/a	n/a	42	1	n/a	n/a	n/a	n/a	n/a	right
14	502.255	0.439	correct	0.439	grate	n/a	n/a	n/a	n/a	n/a	n/a	42	1	n/a	n/a	n/a	n/a	n/a	right
14	503.205	0.353	correct	0.353	grate	n/a	n/a	n/a	n/a	n/a	n/a	42	1	n/a	n/a	n/a	n/a	n/a	right
14	504.072	0.327	correct	0.327	grate	n/a	n/a	n/a	n/a	n/a	n/a	42	1	n/a	n/a	n/a	n/a	n/a	right
14	504.922	0.100	incorrect	0.100	grate	n/a	n/a	n/a	n/a	n/a	n/a	42	1	n/a	n/a	n/a	n/a	n/a	right
14	506.021	3.000	forget	0.638	retrieval	retprac	scene	face	object	other	object	43	1	28	100	252	28	506.0	n/a
14	511.055	0.551	correct	0.551	grate	n/a	n/a	n/a	n/a	n/a	n/a	43	1	n/a	n/a	n/a	n/a	n/a	right
14	512.121	0.525	correct	0.525	grate	n/a	n/a	n/a	n/a	n/a	n/a	43	1	n/a	n/a	n/a	n/a	n/a	left
14	513.154	0.501	correct	0.501	grate	n/a	n/a	n/a	n/a	n/a	n/a	43	1	n/a	n/a	n/a	n/a	n/a	right
14	514.171	0.331	correct	0.331	grate	n/a	n/a	n/a	n/a	n/a	n/a	43	1	n/a	n/a	n/a	n/a	n/a	left
14	515.021	0.418	correct	0.418	grate	n/a	n/a	n/a	n/a	n/a	n/a	43	1	n/a	n/a	n/a	n/a	n/a	right
14	515.954	0.308	incorrect	0.308	grate	n/a	n/a	n/a	n/a	n/a	n/a	43	1	n/a	n/a	n/a	n/a	n/a	right
14	516.770	0.100	incorrect	0.100	grate	n/a	n/a	n/a	n/a	n/a	n/a	43	1	n/a	n/a	n/a	n/a	n/a	left
14	518.019	3.000	forget	0.822	retrieval	restudy	scene	face	object	competitor	face	44	1	25	97	249	25	518.0	n/a
14	523.054	0.592	correct	0.592	grate	n/a	n/a	n/a	n/a	n/a	n/a	44	1	n/a	n/a	n/a	n/a	n/a	left
14	524.153	0.380	correct	0.380	grate	n/a	n/a	n/a	n/a	n/a	n/a	44	1	n/a	n/a	n/a	n/a	n/a	right
14	525.053	0.521	correct	0.521	grate	n/a	n/a	n/a	n/a	n/a	n/a	44	1	n/a	n/a	n/a	n/a	n/a	left
14	526.086	0.407	correct	0.407	grate	n/a	n/a	n/a	n/a	n/a	n/a	44	1	n/a	n/a	n/a	n/a	n/a	right
14	527.003	0.435	correct	0.435	grate	n/a	n/a	n/a	n/a	n/a	n/a	44	1	n/a	n/a	n/a	n/a	n/a	left
14	527.953	0.437	correct	0.437	grate	n/a	n/a	n/a	n/a	n/a	n/a	44	1	n/a	n/a	n/a	n/a	n/a	right
14	528.903	0.100	incorrect	0.100	grate	n/a	n/a	n/a	n/a	n/a	n/a	44	1	n/a	n/a	n/a	n/a	n/a	left
14	530.018	3.000	forget	0.383	retrieval	retprac	scene	object	face	competitor	object	45	1	76	124	276	128	530.0	n/a
14	535.052	0.793	correct	0.793	grate	n/a	n/a	n/a	n/a	n/a	n/a	45	1	n/a	n/a	n/a	n/a	n/a	left
14	536.368	0.516	correct	0.516	grate	n/a	n/a	n/a	n/a	n/a	n/a	45	1	n/a	n/a	n/a	n/a	n/a	left
14	537.402	0.381	correct	0.381	grate	n/a	n/a	n/a	n/a	n/a	n/a	45	1	n/a	n/a	n/a	n/a	n/a	right
14	538.302	0.296	correct	0.296	grate	n/a	n/a	n/a	n/a	n/a	n/a	45	1	n/a	n/a	n/a	n/a	n/a	left
14	539.118	0.279	correct	0.279	grate	n/a	n/a	n/a	n/a	n/a	n/a	45	1	n/a	n/a	n/a	n/a	n/a	right
14	539.918	0.295	incorrect	0.295	grate	n/a	n/a	n/a	n/a	n/a	n/a	45	1	n/a	n/a	n/a	n/a	n/a	right
14	540.735	0.100	incorrect	0.100	grate	n/a	n/a	n/a	n/a	n/a	n/a	45	1	n/a	n/a	n/a	n/a	n/a	right
14	542.017	3.000	forget	0.287	retrieval	retprac	face	object	scene	competitor	object	46	1	52	4	52	104	542.0	n/a
14	547.051	0.449	correct	0.449	grate	n/a	n/a	n/a	n/a	n/a	n/a	46	1	n/a	n/a	n/a	n/a	n/a	right
14	548.017	0.419	correct	0.419	grate	n/a	n/a	n/a	n/a	n/a	n/a	46	1	n/a	n/a	n/a	n/a	n/a	left
14	548.950	0.446	correct	0.446	grate	n/a	n/a	n/a	n/a	n/a	n/a	46	1	n/a	n/a	n/a	n/a	n/a	left
14	549.917	0.415	correct	0.415	grate	n/a	n/a	n/a	n/a	n/a	n/a	46	1	n/a	n/a	n/a	n/a	n/a	left
14	550.850	0.362	correct	0.362	grate	n/a	n/a	n/a	n/a	n/a	n/a	46	1	n/a	n/a	n/a	n/a	n/a	right
14	551.734	0.327	correct	0.327	grate	n/a	n/a	n/a	n/a	n/a	n/a	46	1	n/a	n/a	n/a	n/a	n/a	left
14	552.583	0.100	incorrect	0.100	grate	n/a	n/a	n/a	n/a	n/a	n/a	46	1	n/a	n/a	n/a	n/a	n/a	left
14	554.016	3.000	remember	0.264	retrieval	restudy	face	object	scene	target	face	47	1	51	3	51	103	554.0	n/a
14	559.050	0.490	correct	0.490	grate	n/a	n/a	n/a	n/a	n/a	n/a	47	1	n/a	n/a	n/a	n/a	n/a	right
14	560.049	0.387	correct	0.387	grate	n/a	n/a	n/a	n/a	n/a	n/a	47	1	n/a	n/a	n/a	n/a	n/a	left
14	560.949	0.327	correct	0.327	grate	n/a	n/a	n/a	n/a	n/a	n/a	47	1	n/a	n/a	n/a	n/a	n/a	right
14	561.799	0.413	correct	0.413	grate	n/a	n/a	n/a	n/a	n/a	n/a	47	1	n/a	n/a	n/a	n/a	n/a	right
14	562.732	0.480	correct	0.480	grate	n/a	n/a	n/a	n/a	n/a	n/a	47	1	n/a	n/a	n/a	n/a	n/a	left
14	563.732	0.408	correct	0.408	grate	n/a	n/a	n/a	n/a	n/a	n/a	47	1	n/a	n/a	n/a	n/a	n/a	right
14	564.649	0.100	incorrect	0.100	grate	n/a	n/a	n/a	n/a	n/a	n/a	47	1	n/a	n/a	n/a	n/a	n/a	right
14	566.014	3.000	forget	0.553	retrieval	retprac	object	face	scene	competitor	face	48	1	2	50	150	2	566.0	n/a
14	571.049	0.483	correct	0.483	grate	n/a	n/a	n/a	n/a	n/a	n/a	48	1	n/a	n/a	n/a	n/a	n/a	left
14	572.048	0.307	correct	0.307	grate	n/a	n/a	n/a	n/a	n/a	n/a	48	1	n/a	n/a	n/a	n/a	n/a	right
14	572.864	0.395	correct	0.395	grate	n/a	n/a	n/a	n/a	n/a	n/a	48	1	n/a	n/a	n/a	n/a	n/a	right
14	573.781	0.390	correct	0.390	grate	n/a	n/a	n/a	n/a	n/a	n/a	48	1	n/a	n/a	n/a	n/a	n/a	right
14	574.681	0.346	correct	0.346	grate	n/a	n/a	n/a	n/a	n/a	n/a	48	1	n/a	n/a	n/a	n/a	n/a	right
14	575.548	0.584	correct	0.584	grate	n/a	n/a	n/a	n/a	n/a	n/a	48	1	n/a	n/a	n/a	n/a	n/a	left
14	576.648	0.100	incorrect	0.100	grate	n/a	n/a	n/a	n/a	n/a	n/a	48	1	n/a	n/a	n/a	n/a	n/a	right
14	2.011	3.000	forget	0.645	retrieval	retprac	object	face	scene	other	scene	1	2	10	58	158	10	2.0	n/a
14	7.044	0.663	correct	0.663	grate	n/a	n/a	n/a	n/a	n/a	n/a	1	2	n/a	n/a	n/a	n/a	n/a	left
14	8.227	0.439	correct	0.439	grate	n/a	n/a	n/a	n/a	n/a	n/a	1	2	n/a	n/a	n/a	n/a	n/a	left
14	9.177	0.362	correct	0.362	grate	n/a	n/a	n/a	n/a	n/a	n/a	1	2	n/a	n/a	n/a	n/a	n/a	left
14	10.061	0.422	correct	0.422	grate	n/a	n/a	n/a	n/a	n/a	n/a	1	2	n/a	n/a	n/a	n/a	n/a	right
14	10.994	0.425	correct	0.425	grate	n/a	n/a	n/a	n/a	n/a	n/a	1	2	n/a	n/a	n/a	n/a	n/a	right
14	11.927	0.348	correct	0.348	grate	n/a	n/a	n/a	n/a	n/a	n/a	1	2	n/a	n/a	n/a	n/a	n/a	right
14	12.794	0.100	incorrect	0.100	grate	n/a	n/a	n/a	n/a	n/a	n/a	1	2	n/a	n/a	n/a	n/a	n/a	right
14	14.009	3.000	forget	0.645	retrieval	restudy	face	object	scene	other	scene	2	2	63	15	63	115	14.0	n/a
14	19.043	0.463	correct	0.463	grate	n/a	n/a	n/a	n/a	n/a	n/a	2	2	n/a	n/a	n/a	n/a	n/a	left
14	20.026	0.352	correct	0.352	grate	n/a	n/a	n/a	n/a	n/a	n/a	2	2	n/a	n/a	n/a	n/a	n/a	right
14	20.893	0.302	correct	0.302	grate	n/a	n/a	n/a	n/a	n/a	n/a	2	2	n/a	n/a	n/a	n/a	n/a	left
14	21.710	0.269	incorrect	0.269	grate	n/a	n/a	n/a	n/a	n/a	n/a	2	2	n/a	n/a	n/a	n/a	n/a	left
14	22.493	0.350	correct	0.350	grate	n/a	n/a	n/a	n/a	n/a	n/a	2	2	n/a	n/a	n/a	n/a	n/a	left
14	23.359	0.387	correct	0.387	grate	n/a	n/a	n/a	n/a	n/a	n/a	2	2	n/a	n/a	n/a	n/a	n/a	left
14	24.259	0.250	incorrect	0.250	grate	n/a	n/a	n/a	n/a	n/a	n/a	2	2	n/a	n/a	n/a	n/a	n/a	left
14	26.008	3.000	forget	0.462	retrieval	restudy	object	scene	face	other	face	3	2	135	87	187	239	26.0	n/a
14	31.042	0.512	correct	0.512	grate	n/a	n/a	n/a	n/a	n/a	n/a	3	2	n/a	n/a	n/a	n/a	n/a	right
14	32.075	0.367	correct	0.367	grate	n/a	n/a	n/a	n/a	n/a	n/a	3	2	n/a	n/a	n/a	n/a	n/a	right
14	32.959	0.339	incorrect	0.339	grate	n/a	n/a	n/a	n/a	n/a	n/a	3	2	n/a	n/a	n/a	n/a	n/a	left
14	33.808	0.386	correct	0.386	grate	n/a	n/a	n/a	n/a	n/a	n/a	3	2	n/a	n/a	n/a	n/a	n/a	left
14	34.708	0.422	correct	0.422	grate	n/a	n/a	n/a	n/a	n/a	n/a	3	2	n/a	n/a	n/a	n/a	n/a	right
14	35.642	0.320	correct	0.320	grate	n/a	n/a	n/a	n/a	n/a	n/a	3	2	n/a	n/a	n/a	n/a	n/a	left
14	36.475	0.033	incorrect	0.033	grate	n/a	n/a	n/a	n/a	n/a	n/a	3	2	n/a	n/a	n/a	n/a	n/a	right
14	38.007	3.000	remember	0.310	retrieval	retprac	face	scene	object	target	face	4	2	110	38	86	214	38.0	n/a
14	43.041	0.489	correct	0.489	grate	n/a	n/a	n/a	n/a	n/a	n/a	4	2	n/a	n/a	n/a	n/a	n/a	right
14	44.041	0.417	correct	0.417	grate	n/a	n/a	n/a	n/a	n/a	n/a	4	2	n/a	n/a	n/a	n/a	n/a	left
14	44.974	0.444	correct	0.444	grate	n/a	n/a	n/a	n/a	n/a	n/a	4	2	n/a	n/a	n/a	n/a	n/a	left
14	45.941	0.437	correct	0.437	grate	n/a	n/a	n/a	n/a	n/a	n/a	4	2	n/a	n/a	n/a	n/a	n/a	left
14	46.890	0.391	correct	0.391	grate	n/a	n/a	n/a	n/a	n/a	n/a	4	2	n/a	n/a	n/a	n/a	n/a	left
14	47.790	0.371	correct	0.371	grate	n/a	n/a	n/a	n/a	n/a	n/a	4	2	n/a	n/a	n/a	n/a	n/a	left
14	48.673	0.100	incorrect	0.100	grate	n/a	n/a	n/a	n/a	n/a	n/a	4	2	n/a	n/a	n/a	n/a	n/a	right
14	50.022	3.000	remember	0.566	retrieval	retprac	scene	object	face	target	scene	5	2	88	136	288	140	50.0	n/a
14	55.056	0.490	correct	0.490	grate	n/a	n/a	n/a	n/a	n/a	n/a	5	2	n/a	n/a	n/a	n/a	n/a	right
14	56.056	0.369	correct	0.369	grate	n/a	n/a	n/a	n/a	n/a	n/a	5	2	n/a	n/a	n/a	n/a	n/a	right
14	56.939	0.302	correct	0.302	grate	n/a	n/a	n/a	n/a	n/a	n/a	5	2	n/a	n/a	n/a	n/a	n/a	right
14	57.756	0.437	correct	0.437	grate	n/a	n/a	n/a	n/a	n/a	n/a	5	2	n/a	n/a	n/a	n/a	n/a	left
14	58.706	0.383	correct	0.383	grate	n/a	n/a	n/a	n/a	n/a	n/a	5	2	n/a	n/a	n/a	n/a	n/a	left
14	59.606	0.308	correct	0.308	grate	n/a	n/a	n/a	n/a	n/a	n/a	5	2	n/a	n/a	n/a	n/a	n/a	left
14	60.422	0.100	incorrect	0.100	grate	n/a	n/a	n/a	n/a	n/a	n/a	5	2	n/a	n/a	n/a	n/a	n/a	right
14	62.021	3.000	forget	0.632	retrieval	restudy	scene	object	face	other	face	6	2	81	129	281	133	62.0	n/a
14	67.055	0.553	correct	0.553	grate	n/a	n/a	n/a	n/a	n/a	n/a	6	2	n/a	n/a	n/a	n/a	n/a	right
14	68.122	0.407	correct	0.407	grate	n/a	n/a	n/a	n/a	n/a	n/a	6	2	n/a	n/a	n/a	n/a	n/a	right
14	69.038	0.418	correct	0.418	grate	n/a	n/a	n/a	n/a	n/a	n/a	6	2	n/a	n/a	n/a	n/a	n/a	left
14	69.971	0.421	correct	0.421	grate	n/a	n/a	n/a	n/a	n/a	n/a	6	2	n/a	n/a	n/a	n/a	n/a	left
14	70.905	0.304	correct	0.304	grate	n/a	n/a	n/a	n/a	n/a	n/a	6	2	n/a	n/a	n/a	n/a	n/a	right
14	71.721	0.311	incorrect	0.311	grate	n/a	n/a	n/a	n/a	n/a	n/a	6	2	n/a	n/a	n/a	n/a	n/a	right
14	72.554	0.100	incorrect	0.100	grate	n/a	n/a	n/a	n/a	n/a	n/a	6	2	n/a	n/a	n/a	n/a	n/a	left
14	74.020	3.000	remember	0.952	retrieval	retprac	object	scene	face	target	object	7	2	136	88	188	240	74.0	n/a
14	79.054	0.610	correct	0.610	grate	n/a	n/a	n/a	n/a	n/a	n/a	7	2	n/a	n/a	n/a	n/a	n/a	right
14	80.187	0.469	correct	0.469	grate	n/a	n/a	n/a	n/a	n/a	n/a	7	2	n/a	n/a	n/a	n/a	n/a	left
14	81.170	0.390	correct	0.390	grate	n/a	n/a	n/a	n/a	n/a	n/a	7	2	n/a	n/a	n/a	n/a	n/a	right
14	82.070	0.442	correct	0.442	grate	n/a	n/a	n/a	n/a	n/a	n/a	7	2	n/a	n/a	n/a	n/a	n/a	right
14	83.037	0.363	correct	0.363	grate	n/a	n/a	n/a	n/a	n/a	n/a	7	2	n/a	n/a	n/a	n/a	n/a	right
14	83.920	0.377	correct	0.377	grate	n/a	n/a	n/a	n/a	n/a	n/a	7	2	n/a	n/a	n/a	n/a	n/a	right
14	84.820	0.100	incorrect	0.100	grate	n/a	n/a	n/a	n/a	n/a	n/a	7	2	n/a	n/a	n/a	n/a	n/a	left
14	86.019	3.000	remember	0.497	retrieval	retprac	scene	object	face	target	scene	8	2	84	132	284	136	86.0	n/a
14	91.053	0.451	correct	0.451	grate	n/a	n/a	n/a	n/a	n/a	n/a	8	2	n/a	n/a	n/a	n/a	n/a	left
14	92.019	0.364	correct	0.364	grate	n/a	n/a	n/a	n/a	n/a	n/a	8	2	n/a	n/a	n/a	n/a	n/a	right
14	92.902	0.321	correct	0.321	grate	n/a	n/a	n/a	n/a	n/a	n/a	8	2	n/a	n/a	n/a	n/a	n/a	left
14	93.735	0.256	incorrect	0.256	grate	n/a	n/a	n/a	n/a	n/a	n/a	8	2	n/a	n/a	n/a	n/a	n/a	left
14	94.502	0.354	correct	0.354	grate	n/a	n/a	n/a	n/a	n/a	n/a	8	2	n/a	n/a	n/a	n/a	n/a	right
14	95.369	0.367	correct	0.367	grate	n/a	n/a	n/a	n/a	n/a	n/a	8	2	n/a	n/a	n/a	n/a	n/a	right
14	96.252	0.267	incorrect	0.267	grate	n/a	n/a	n/a	n/a	n/a	n/a	8	2	n/a	n/a	n/a	n/a	n/a	right
14	98.018	3.000	forget	0.570	retrieval	retprac	scene	object	face	competitor	object	9	2	86	134	286	138	98.0	n/a
14	103.052	0.364	correct	0.364	grate	n/a	n/a	n/a	n/a	n/a	n/a	9	2	n/a	n/a	n/a	n/a	n/a	right
14	103.935	0.297	correct	0.297	grate	n/a	n/a	n/a	n/a	n/a	n/a	9	2	n/a	n/a	n/a	n/a	n/a	left
14	104.751	0.256	correct	0.256	grate	n/a	n/a	n/a	n/a	n/a	n/a	9	2	n/a	n/a	n/a	n/a	n/a	right
14	105.518	0.345	correct	0.345	grate	n/a	n/a	n/a	n/a	n/a	n/a	9	2	n/a	n/a	n/a	n/a	n/a	right
14	106.384	0.295	correct	0.295	grate	n/a	n/a	n/a	n/a	n/a	n/a	9	2	n/a	n/a	n/a	n/a	n/a	right
14	107.201	0.326	correct	0.326	grate	n/a	n/a	n/a	n/a	n/a	n/a	9	2	n/a	n/a	n/a	n/a	n/a	left
14	108.051	0.244	correct	0.244	grate	n/a	n/a	n/a	n/a	n/a	n/a	9	2	n/a	n/a	n/a	n/a	n/a	right
14	108.817	0.100	incorrect	0.100	grate	n/a	n/a	n/a	n/a	n/a	n/a	9	2	n/a	n/a	n/a	n/a	n/a	left
14	110.016	3.000	remember	0.290	retrieval	restudy	face	scene	object	target	face	10	2	109	37	85	213	110.0	n/a
14	115.050	0.372	correct	0.372	grate	n/a	n/a	n/a	n/a	n/a	n/a	10	2	n/a	n/a	n/a	n/a	n/a	right
14	115.933	0.337	correct	0.337	grate	n/a	n/a	n/a	n/a	n/a	n/a	10	2	n/a	n/a	n/a	n/a	n/a	right
14	116.783	0.288	correct	0.288	grate	n/a	n/a	n/a	n/a	n/a	n/a	10	2	n/a	n/a	n/a	n/a	n/a	right
14	117.583	0.407	correct	0.407	grate	n/a	n/a	n/a	n/a	n/a	n/a	10	2	n/a	n/a	n/a	n/a	n/a	right
14	118.500	0.315	correct	0.315	grate	n/a	n/a	n/a	n/a	n/a	n/a	10	2	n/a	n/a	n/a	n/a	n/a	right
14	119.333	0.305	correct	0.305	grate	n/a	n/a	n/a	n/a	n/a	n/a	10	2	n/a	n/a	n/a	n/a	n/a	right
14	120.150	0.289	correct	0.289	grate	n/a	n/a	n/a	n/a	n/a	n/a	10	2	n/a	n/a	n/a	n/a	n/a	right
14	120.950	0.100	incorrect	0.100	grate	n/a	n/a	n/a	n/a	n/a	n/a	10	2	n/a	n/a	n/a	n/a	n/a	right
14	122.015	3.000	remember	0.779	retrieval	restudy	scene	object	face	target	scene	11	2	83	131	283	135	122.0	n/a
14	127.049	0.366	correct	0.366	grate	n/a	n/a	n/a	n/a	n/a	n/a	11	2	n/a	n/a	n/a	n/a	n/a	right
14	127.932	0.298	correct	0.298	grate	n/a	n/a	n/a	n/a	n/a	n/a	11	2	n/a	n/a	n/a	n/a	n/a	right
14	128.749	0.273	correct	0.273	grate	n/a	n/a	n/a	n/a	n/a	n/a	11	2	n/a	n/a	n/a	n/a	n/a	right
14	129.532	0.275	correct	0.275	grate	n/a	n/a	n/a	n/a	n/a	n/a	11	2	n/a	n/a	n/a	n/a	n/a	right
14	130.315	0.251	incorrect	0.251	grate	n/a	n/a	n/a	n/a	n/a	n/a	11	2	n/a	n/a	n/a	n/a	n/a	left
14	131.082	0.484	correct	0.484	grate	n/a	n/a	n/a	n/a	n/a	n/a	11	2	n/a	n/a	n/a	n/a	n/a	left
14	132.082	0.357	correct	0.357	grate	n/a	n/a	n/a	n/a	n/a	n/a	11	2	n/a	n/a	n/a	n/a	n/a	left
14	132.948	0.100	incorrect	0.100	grate	n/a	n/a	n/a	n/a	n/a	n/a	11	2	n/a	n/a	n/a	n/a	n/a	left
14	134.014	3.000	forget	0.547	retrieval	retprac	face	object	scene	competitor	object	12	2	60	12	60	112	134.0	n/a
14	139.048	0.430	correct	0.430	grate	n/a	n/a	n/a	n/a	n/a	n/a	12	2	n/a	n/a	n/a	n/a	n/a	left
14	139.998	0.304	correct	0.304	grate	n/a	n/a	n/a	n/a	n/a	n/a	12	2	n/a	n/a	n/a	n/a	n/a	left
14	140.814	0.272	incorrect	0.272	grate	n/a	n/a	n/a	n/a	n/a	n/a	12	2	n/a	n/a	n/a	n/a	n/a	right
14	141.597	0.384	correct	0.384	grate	n/a	n/a	n/a	n/a	n/a	n/a	12	2	n/a	n/a	n/a	n/a	n/a	right
14	142.497	0.405	correct	0.405	grate	n/a	n/a	n/a	n/a	n/a	n/a	12	2	n/a	n/a	n/a	n/a	n/a	left
14	143.414	0.375	incorrect	0.375	grate	n/a	n/a	n/a	n/a	n/a	n/a	12	2	n/a	n/a	n/a	n/a	n/a	left
14	144.297	0.217	incorrect	0.217	grate	n/a	n/a	n/a	n/a	n/a	n/a	12	2	n/a	n/a	n/a	n/a	n/a	right
14	146.029	3.000	remember	0.380	retrieval	restudy	face	scene	object	target	face	13	2	111	39	87	215	146.0	n/a
14	151.063	0.383	correct	0.383	grate	n/a	n/a	n/a	n/a	n/a	n/a	13	2	n/a	n/a	n/a	n/a	n/a	right
14	151.963	0.298	incorrect	0.298	grate	n/a	n/a	n/a	n/a	n/a	n/a	13	2	n/a	n/a	n/a	n/a	n/a	left
14	152.780	0.346	correct	0.346	grate	n/a	n/a	n/a	n/a	n/a	n/a	13	2	n/a	n/a	n/a	n/a	n/a	right
14	153.646	0.503	correct	0.503	grate	n/a	n/a	n/a	n/a	n/a	n/a	13	2	n/a	n/a	n/a	n/a	n/a	right
14	154.663	0.398	correct	0.398	grate	n/a	n/a	n/a	n/a	n/a	n/a	13	2	n/a	n/a	n/a	n/a	n/a	left
14	155.579	0.346	correct	0.346	grate	n/a	n/a	n/a	n/a	n/a	n/a	13	2	n/a	n/a	n/a	n/a	n/a	right
14	156.446	0.083	incorrect	0.083	grate	n/a	n/a	n/a	n/a	n/a	n/a	13	2	n/a	n/a	n/a	n/a	n/a	left
14	158.012	3.000	don't know	0.413	retrieval	restudy	object	face	scene	don't know	don't know	14	2	13	61	161	13	158.0	n/a
14	163.045	0.407	correct	0.407	grate	n/a	n/a	n/a	n/a	n/a	n/a	14	2	n/a	n/a	n/a	n/a	n/a	right
14	163.962	0.379	correct	0.379	grate	n/a	n/a	n/a	n/a	n/a	n/a	14	2	n/a	n/a	n/a	n/a	n/a	right
14	164.862	0.271	correct	0.271	grate	n/a	n/a	n/a	n/a	n/a	n/a	14	2	n/a	n/a	n/a	n/a	n/a	right
14	165.645	0.288	incorrect	0.288	grate	n/a	n/a	n/a	n/a	n/a	n/a	14	2	n/a	n/a	n/a	n/a	n/a	left
14	166.445	0.407	correct	0.407	grate	n/a	n/a	n/a	n/a	n/a	n/a	14	2	n/a	n/a	n/a	n/a	n/a	right
14	167.362	0.419	correct	0.419	grate	n/a	n/a	n/a	n/a	n/a	n/a	14	2	n/a	n/a	n/a	n/a	n/a	left
14	168.295	0.217	incorrect	0.217	grate	n/a	n/a	n/a	n/a	n/a	n/a	14	2	n/a	n/a	n/a	n/a	n/a	right
14	170.010	3.000	forget	0.941	retrieval	retprac	face	object	scene	other	scene	15	2	64	16	64	116	170.0	n/a
14	175.044	0.520	correct	0.520	grate	n/a	n/a	n/a	n/a	n/a	n/a	15	2	n/a	n/a	n/a	n/a	n/a	right
14	176.077	0.375	correct	0.375	grate	n/a	n/a	n/a	n/a	n/a	n/a	15	2	n/a	n/a	n/a	n/a	n/a	left
14	176.961	0.379	correct	0.379	grate	n/a	n/a	n/a	n/a	n/a	n/a	15	2	n/a	n/a	n/a	n/a	n/a	left
14	177.860	0.383	correct	0.383	grate	n/a	n/a	n/a	n/a	n/a	n/a	15	2	n/a	n/a	n/a	n/a	n/a	left
14	178.760	0.412	correct	0.412	grate	n/a	n/a	n/a	n/a	n/a	n/a	15	2	n/a	n/a	n/a	n/a	n/a	left
14	179.694	0.361	correct	0.361	grate	n/a	n/a	n/a	n/a	n/a	n/a	15	2	n/a	n/a	n/a	n/a	n/a	left
14	180.577	0.100	incorrect	0.100	grate	n/a	n/a	n/a	n/a	n/a	n/a	15	2	n/a	n/a	n/a	n/a	n/a	left
14	182.009	3.000	no response	n/a	retrieval	restudy	scene	face	object	no response	no response	16	2	33	105	257	33	182.0	n/a
14	187.043	0.825	correct	0.825	grate	n/a	n/a	n/a	n/a	n/a	n/a	16	2	n/a	n/a	n/a	n/a	n/a	left
14	188.376	0.492	correct	0.492	grate	n/a	n/a	n/a	n/a	n/a	n/a	16	2	n/a	n/a	n/a	n/a	n/a	right
14	189.376	0.572	correct	0.572	grate	n/a	n/a	n/a	n/a	n/a	n/a	16	2	n/a	n/a	n/a	n/a	n/a	left
14	190.459	0.561	correct	0.561	grate	n/a	n/a	n/a	n/a	n/a	n/a	16	2	n/a	n/a	n/a	n/a	n/a	left
14	191.542	0.357	correct	0.357	grate	n/a	n/a	n/a	n/a	n/a	n/a	16	2	n/a	n/a	n/a	n/a	n/a	left
14	192.409	0.100	incorrect	0.100	grate	n/a	n/a	n/a	n/a	n/a	n/a	16	2	n/a	n/a	n/a	n/a	n/a	left
14	194.008	3.000	remember	0.248	retrieval	retprac	face	scene	object	target	face	17	2	112	40	88	216	194.0	n/a
14	199.042	0.473	correct	0.473	grate	n/a	n/a	n/a	n/a	n/a	n/a	17	2	n/a	n/a	n/a	n/a	n/a	left
14	200.025	1.170	correct	1.170	grate	n/a	n/a	n/a	n/a	n/a	n/a	17	2	n/a	n/a	n/a	n/a	n/a	left
14	201.708	0.399	correct	0.399	grate	n/a	n/a	n/a	n/a	n/a	n/a	17	2	n/a	n/a	n/a	n/a	n/a	left
14	202.625	0.442	correct	0.442	grate	n/a	n/a	n/a	n/a	n/a	n/a	17	2	n/a	n/a	n/a	n/a	n/a	right
14	203.574	0.342	correct	0.342	grate	n/a	n/a	n/a	n/a	n/a	n/a	17	2	n/a	n/a	n/a	n/a	n/a	left
14	204.424	0.083	incorrect	0.083	grate	n/a	n/a	n/a	n/a	n/a	n/a	17	2	n/a	n/a	n/a	n/a	n/a	left
14	206.007	3.000	remember	1.000	retrieval	restudy	face	object	scene	target	face	18	2	61	13	61	113	206.0	n/a
14	211.041	0.498	correct	0.498	grate	n/a	n/a	n/a	n/a	n/a	n/a	18	2	n/a	n/a	n/a	n/a	n/a	right
14	212.057	0.882	correct	0.882	grate	n/a	n/a	n/a	n/a	n/a	n/a	18	2	n/a	n/a	n/a	n/a	n/a	right
14	213.457	0.426	correct	0.426	grate	n/a	n/a	n/a	n/a	n/a	n/a	18	2	n/a	n/a	n/a	n/a	n/a	right
14	214.407	0.324	correct	0.324	grate	n/a	n/a	n/a	n/a	n/a	n/a	18	2	n/a	n/a	n/a	n/a	n/a	right
14	215.240	0.506	correct	0.506	grate	n/a	n/a	n/a	n/a	n/a	n/a	18	2	n/a	n/a	n/a	n/a	n/a	left
14	216.257	0.250	incorrect	0.250	grate	n/a	n/a	n/a	n/a	n/a	n/a	18	2	n/a	n/a	n/a	n/a	n/a	left
14	218.022	3.000	don't know	0.504	retrieval	retprac	object	scene	face	don't know	don't know	19	2	130	82	182	234	218.0	n/a
14	223.056	0.546	correct	0.546	grate	n/a	n/a	n/a	n/a	n/a	n/a	19	2	n/a	n/a	n/a	n/a	n/a	left
14	224.122	0.375	correct	0.375	grate	n/a	n/a	n/a	n/a	n/a	n/a	19	2	n/a	n/a	n/a	n/a	n/a	right
14	225.022	0.428	correct	0.428	grate	n/a	n/a	n/a	n/a	n/a	n/a	19	2	n/a	n/a	n/a	n/a	n/a	right
14	225.972	0.398	correct	0.398	grate	n/a	n/a	n/a	n/a	n/a	n/a	19	2	n/a	n/a	n/a	n/a	n/a	left
14	226.889	0.386	correct	0.386	grate	n/a	n/a	n/a	n/a	n/a	n/a	19	2	n/a	n/a	n/a	n/a	n/a	right
14	227.789	0.421	correct	0.421	grate	n/a	n/a	n/a	n/a	n/a	n/a	19	2	n/a	n/a	n/a	n/a	n/a	left
14	228.722	0.100	incorrect	0.100	grate	n/a	n/a	n/a	n/a	n/a	n/a	19	2	n/a	n/a	n/a	n/a	n/a	right
14	230.021	3.000	remember	0.441	retrieval	restudy	scene	face	object	target	scene	20	2	37	109	261	37	230.0	n/a
14	235.055	0.620	correct	0.620	grate	n/a	n/a	n/a	n/a	n/a	n/a	20	2	n/a	n/a	n/a	n/a	n/a	right
14	236.188	0.446	correct	0.446	grate	n/a	n/a	n/a	n/a	n/a	n/a	20	2	n/a	n/a	n/a	n/a	n/a	right
14	237.154	0.553	correct	0.553	grate	n/a	n/a	n/a	n/a	n/a	n/a	20	2	n/a	n/a	n/a	n/a	n/a	right
14	238.221	0.412	correct	0.412	grate	n/a	n/a	n/a	n/a	n/a	n/a	20	2	n/a	n/a	n/a	n/a	n/a	left
14	239.154	0.367	correct	0.367	grate	n/a	n/a	n/a	n/a	n/a	n/a	20	2	n/a	n/a	n/a	n/a	n/a	right
14	240.037	0.428	correct	0.428	grate	n/a	n/a	n/a	n/a	n/a	n/a	20	2	n/a	n/a	n/a	n/a	n/a	right
14	240.987	0.100	incorrect	0.100	grate	n/a	n/a	n/a	n/a	n/a	n/a	20	2	n/a	n/a	n/a	n/a	n/a	right
14	242.020	3.000	forget	0.649	retrieval	restudy	object	face	scene	competitor	face	21	2	15	63	163	15	242.0	n/a
14	247.054	0.475	correct	0.475	grate	n/a	n/a	n/a	n/a	n/a	n/a	21	2	n/a	n/a	n/a	n/a	n/a	left
14	248.037	0.389	correct	0.389	grate	n/a	n/a	n/a	n/a	n/a	n/a	21	2	n/a	n/a	n/a	n/a	n/a	right
14	248.937	0.320	correct	0.320	grate	n/a	n/a	n/a	n/a	n/a	n/a	21	2	n/a	n/a	n/a	n/a	n/a	left
14	249.770	0.295	incorrect	0.295	grate	n/a	n/a	n/a	n/a	n/a	n/a	21	2	n/a	n/a	n/a	n/a	n/a	left
14	250.586	0.375	correct	0.375	grate	n/a	n/a	n/a	n/a	n/a	n/a	21	2	n/a	n/a	n/a	n/a	n/a	right
14	251.470	0.299	correct	0.299	grate	n/a	n/a	n/a	n/a	n/a	n/a	21	2	n/a	n/a	n/a	n/a	n/a	left
14	252.286	0.234	incorrect	0.234	grate	n/a	n/a	n/a	n/a	n/a	n/a	21	2	n/a	n/a	n/a	n/a	n/a	right
14	254.018	3.000	forget	0.930	retrieval	restudy	scene	face	object	other	object	22	2	35	107	259	35	254.0	n/a
14	259.052	0.492	correct	0.492	grate	n/a	n/a	n/a	n/a	n/a	n/a	22	2	n/a	n/a	n/a	n/a	n/a	left
14	260.052	0.356	correct	0.356	grate	n/a	n/a	n/a	n/a	n/a	n/a	22	2	n/a	n/a	n/a	n/a	n/a	left
14	260.935	0.457	correct	0.457	grate	n/a	n/a	n/a	n/a	n/a	n/a	22	2	n/a	n/a	n/a	n/a	n/a	right
14	261.902	0.410	correct	0.410	grate	n/a	n/a	n/a	n/a	n/a	n/a	22	2	n/a	n/a	n/a	n/a	n/a	right
14	262.835	0.382	correct	0.382	grate	n/a	n/a	n/a	n/a	n/a	n/a	22	2	n/a	n/a	n/a	n/a	n/a	left
14	263.735	0.313	correct	0.313	grate	n/a	n/a	n/a	n/a	n/a	n/a	22	2	n/a	n/a	n/a	n/a	n/a	right
14	264.568	0.100	incorrect	0.100	grate	n/a	n/a	n/a	n/a	n/a	n/a	22	2	n/a	n/a	n/a	n/a	n/a	right
14	266.017	3.000	no response	n/a	retrieval	retprac	object	face	scene	no response	no response	23	2	16	64	164	16	266.0	n/a
14	271.051	0.757	correct	0.757	grate	n/a	n/a	n/a	n/a	n/a	n/a	23	2	n/a	n/a	n/a	n/a	n/a	right
14	272.318	0.379	correct	0.379	grate	n/a	n/a	n/a	n/a	n/a	n/a	23	2	n/a	n/a	n/a	n/a	n/a	left
14	273.217	0.471	correct	0.471	grate	n/a	n/a	n/a	n/a	n/a	n/a	23	2	n/a	n/a	n/a	n/a	n/a	left
14	274.201	0.335	correct	0.335	grate	n/a	n/a	n/a	n/a	n/a	n/a	23	2	n/a	n/a	n/a	n/a	n/a	right
14	275.050	0.453	correct	0.453	grate	n/a	n/a	n/a	n/a	n/a	n/a	23	2	n/a	n/a	n/a	n/a	n/a	left
14	276.017	0.279	incorrect	0.279	grate	n/a	n/a	n/a	n/a	n/a	n/a	23	2	n/a	n/a	n/a	n/a	n/a	left
14	276.817	0.100	incorrect	0.100	grate	n/a	n/a	n/a	n/a	n/a	n/a	23	2	n/a	n/a	n/a	n/a	n/a	right
14	278.016	3.000	forget	0.547	retrieval	retprac	scene	face	object	competitor	face	24	2	36	108	260	36	278.0	n/a
14	283.050	0.510	correct	0.510	grate	n/a	n/a	n/a	n/a	n/a	n/a	24	2	n/a	n/a	n/a	n/a	n/a	right
14	284.083	0.396	correct	0.396	grate	n/a	n/a	n/a	n/a	n/a	n/a	24	2	n/a	n/a	n/a	n/a	n/a	right
14	285.000	0.416	incorrect	0.416	grate	n/a	n/a	n/a	n/a	n/a	n/a	24	2	n/a	n/a	n/a	n/a	n/a	left
14	285.933	0.403	correct	0.403	grate	n/a	n/a	n/a	n/a	n/a	n/a	24	2	n/a	n/a	n/a	n/a	n/a	right
14	286.849	0.406	correct	0.406	grate	n/a	n/a	n/a	n/a	n/a	n/a	24	2	n/a	n/a	n/a	n/a	n/a	right
14	287.766	0.369	correct	0.369	grate	n/a	n/a	n/a	n/a	n/a	n/a	24	2	n/a	n/a	n/a	n/a	n/a	right
14	288.649	0.100	incorrect	0.100	grate	n/a	n/a	n/a	n/a	n/a	n/a	24	2	n/a	n/a	n/a	n/a	n/a	left
14	290.015	3.000	forget	0.764	retrieval	restudy	face	scene	object	competitor	scene	25	2	105	33	81	209	290.0	n/a
14	295.049	0.711	correct	0.711	grate	n/a	n/a	n/a	n/a	n/a	n/a	25	2	n/a	n/a	n/a	n/a	n/a	left
14	296.282	0.366	correct	0.366	grate	n/a	n/a	n/a	n/a	n/a	n/a	25	2	n/a	n/a	n/a	n/a	n/a	left
14	297.165	0.322	correct	0.322	grate	n/a	n/a	n/a	n/a	n/a	n/a	25	2	n/a	n/a	n/a	n/a	n/a	left
14	297.998	0.369	correct	0.369	grate	n/a	n/a	n/a	n/a	n/a	n/a	25	2	n/a	n/a	n/a	n/a	n/a	left
14	298.881	0.501	correct	0.501	grate	n/a	n/a	n/a	n/a	n/a	n/a	25	2	n/a	n/a	n/a	n/a	n/a	right
14	299.898	0.357	correct	0.357	grate	n/a	n/a	n/a	n/a	n/a	n/a	25	2	n/a	n/a	n/a	n/a	n/a	right
14	300.765	0.100	incorrect	0.100	grate	n/a	n/a	n/a	n/a	n/a	n/a	25	2	n/a	n/a	n/a	n/a	n/a	left
14	302.014	3.000	forget	0.453	retrieval	restudy	scene	object	face	other	face	26	2	85	133	285	137	302.0	n/a
14	307.047	0.543	correct	0.543	grate	n/a	n/a	n/a	n/a	n/a	n/a	26	2	n/a	n/a	n/a	n/a	n/a	right
14	308.114	0.414	correct	0.414	grate	n/a	n/a	n/a	n/a	n/a	n/a	26	2	n/a	n/a	n/a	n/a	n/a	left
14	309.047	0.320	incorrect	0.320	grate	n/a	n/a	n/a	n/a	n/a	n/a	26	2	n/a	n/a	n/a	n/a	n/a	left
14	309.880	0.366	correct	0.366	grate	n/a	n/a	n/a	n/a	n/a	n/a	26	2	n/a	n/a	n/a	n/a	n/a	right
14	310.763	0.451	correct	0.451	grate	n/a	n/a	n/a	n/a	n/a	n/a	26	2	n/a	n/a	n/a	n/a	n/a	left
14	311.730	0.388	correct	0.388	grate	n/a	n/a	n/a	n/a	n/a	n/a	26	2	n/a	n/a	n/a	n/a	n/a	left
14	312.630	0.100	incorrect	0.100	grate	n/a	n/a	n/a	n/a	n/a	n/a	26	2	n/a	n/a	n/a	n/a	n/a	left
14	314.012	3.000	forget	0.552	retrieval	retprac	object	face	scene	competitor	face	27	2	14	62	162	14	314.0	n/a
14	319.046	0.449	correct	0.449	grate	n/a	n/a	n/a	n/a	n/a	n/a	27	2	n/a	n/a	n/a	n/a	n/a	right
14	320.013	0.577	correct	0.577	grate	n/a	n/a	n/a	n/a	n/a	n/a	27	2	n/a	n/a	n/a	n/a	n/a	left
14	321.113	0.335	correct	0.335	grate	n/a	n/a	n/a	n/a	n/a	n/a	27	2	n/a	n/a	n/a	n/a	n/a	right
14	321.962	0.475	correct	0.475	grate	n/a	n/a	n/a	n/a	n/a	n/a	27	2	n/a	n/a	n/a	n/a	n/a	right
14	322.962	0.356	incorrect	0.356	grate	n/a	n/a	n/a	n/a	n/a	n/a	27	2	n/a	n/a	n/a	n/a	n/a	left
14	323.829	0.449	correct	0.449	grate	n/a	n/a	n/a	n/a	n/a	n/a	27	2	n/a	n/a	n/a	n/a	n/a	left
14	324.795	0.100	incorrect	0.100	grate	n/a	n/a	n/a	n/a	n/a	n/a	27	2	n/a	n/a	n/a	n/a	n/a	left
14	326.011	3.000	remember	0.310	retrieval	retprac	object	scene	face	target	object	28	2	134	86	186	238	326.0	n/a
14	331.045	0.537	correct	0.537	grate	n/a	n/a	n/a	n/a	n/a	n/a	28	2	n/a	n/a	n/a	n/a	n/a	left
14	332.095	0.559	correct	0.559	grate	n/a	n/a	n/a	n/a	n/a	n/a	28	2	n/a	n/a	n/a	n/a	n/a	left
14	333.161	0.412	correct	0.412	grate	n/a	n/a	n/a	n/a	n/a	n/a	28	2	n/a	n/a	n/a	n/a	n/a	right
14	334.095	0.423	correct	0.423	grate	n/a	n/a	n/a	n/a	n/a	n/a	28	2	n/a	n/a	n/a	n/a	n/a	right
14	335.028	0.409	correct	0.409	grate	n/a	n/a	n/a	n/a	n/a	n/a	28	2	n/a	n/a	n/a	n/a	n/a	right
14	335.944	0.485	correct	0.485	grate	n/a	n/a	n/a	n/a	n/a	n/a	28	2	n/a	n/a	n/a	n/a	n/a	left
14	336.944	0.100	incorrect	0.100	grate	n/a	n/a	n/a	n/a	n/a	n/a	28	2	n/a	n/a	n/a	n/a	n/a	right
14	338.010	3.000	forget	0.471	retrieval	retprac	object	face	scene	other	scene	29	2	12	60	160	12	338.0	n/a
14	343.044	0.762	correct	0.762	grate	n/a	n/a	n/a	n/a	n/a	n/a	29	2	n/a	n/a	n/a	n/a	n/a	right
14	344.327	0.414	correct	0.414	grate	n/a	n/a	n/a	n/a	n/a	n/a	29	2	n/a	n/a	n/a	n/a	n/a	right
14	345.260	0.417	correct	0.417	grate	n/a	n/a	n/a	n/a	n/a	n/a	29	2	n/a	n/a	n/a	n/a	n/a	left
14	346.193	0.380	correct	0.380	grate	n/a	n/a	n/a	n/a	n/a	n/a	29	2	n/a	n/a	n/a	n/a	n/a	right
14	347.093	0.488	correct	0.488	grate	n/a	n/a	n/a	n/a	n/a	n/a	29	2	n/a	n/a	n/a	n/a	n/a	right
14	348.093	0.392	correct	0.392	grate	n/a	n/a	n/a	n/a	n/a	n/a	29	2	n/a	n/a	n/a	n/a	n/a	left
14	348.993	0.100	incorrect	0.100	grate	n/a	n/a	n/a	n/a	n/a	n/a	29	2	n/a	n/a	n/a	n/a	n/a	right
14	350.009	3.000	forget	0.664	retrieval	restudy	scene	face	object	competitor	face	30	2	39	111	263	39	350.0	n/a
14	355.042	0.434	correct	0.434	grate	n/a	n/a	n/a	n/a	n/a	n/a	30	2	n/a	n/a	n/a	n/a	n/a	right
14	355.992	0.325	correct	0.325	grate	n/a	n/a	n/a	n/a	n/a	n/a	30	2	n/a	n/a	n/a	n/a	n/a	left
14	356.826	0.283	incorrect	0.283	grate	n/a	n/a	n/a	n/a	n/a	n/a	30	2	n/a	n/a	n/a	n/a	n/a	left
14	357.625	0.323	correct	0.323	grate	n/a	n/a	n/a	n/a	n/a	n/a	30	2	n/a	n/a	n/a	n/a	n/a	left
14	358.475	0.297	correct	0.297	grate	n/a	n/a	n/a	n/a	n/a	n/a	30	2	n/a	n/a	n/a	n/a	n/a	right
14	359.292	0.265	correct	0.265	grate	n/a	n/a	n/a	n/a	n/a	n/a	30	2	n/a	n/a	n/a	n/a	n/a	left
14	360.075	0.297	incorrect	0.297	grate	n/a	n/a	n/a	n/a	n/a	n/a	30	2	n/a	n/a	n/a	n/a	n/a	left
14	360.892	0.100	incorrect	0.100	grate	n/a	n/a	n/a	n/a	n/a	n/a	30	2	n/a	n/a	n/a	n/a	n/a	right
14	362.007	3.000	forget	0.505	retrieval	retprac	scene	object	face	other	face	31	2	82	130	282	134	362.0	n/a
14	367.041	0.419	correct	0.419	grate	n/a	n/a	n/a	n/a	n/a	n/a	31	2	n/a	n/a	n/a	n/a	n/a	right
14	367.974	0.390	correct	0.390	grate	n/a	n/a	n/a	n/a	n/a	n/a	31	2	n/a	n/a	n/a	n/a	n/a	right
14	368.874	0.314	correct	0.314	grate	n/a	n/a	n/a	n/a	n/a	n/a	31	2	n/a	n/a	n/a	n/a	n/a	right
14	369.708	0.370	correct	0.370	grate	n/a	n/a	n/a	n/a	n/a	n/a	31	2	n/a	n/a	n/a	n/a	n/a	right
14	370.591	0.445	correct	0.445	grate	n/a	n/a	n/a	n/a	n/a	n/a	31	2	n/a	n/a	n/a	n/a	n/a	left
14	371.557	0.414	correct	0.414	grate	n/a	n/a	n/a	n/a	n/a	n/a	31	2	n/a	n/a	n/a	n/a	n/a	left
14	372.490	0.017	incorrect	0.017	grate	n/a	n/a	n/a	n/a	n/a	n/a	31	2	n/a	n/a	n/a	n/a	n/a	right
14	374.006	3.000	don't know	0.721	retrieval	restudy	face	object	scene	don't know	don't know	32	2	57	9	57	109	374.0	n/a
14	379.040	0.428	correct	0.428	grate	n/a	n/a	n/a	n/a	n/a	n/a	32	2	n/a	n/a	n/a	n/a	n/a	left
14	379.990	0.398	correct	0.398	grate	n/a	n/a	n/a	n/a	n/a	n/a	32	2	n/a	n/a	n/a	n/a	n/a	left
14	380.906	0.409	correct	0.409	grate	n/a	n/a	n/a	n/a	n/a	n/a	32	2	n/a	n/a	n/a	n/a	n/a	right
14	381.823	0.380	correct	0.380	grate	n/a	n/a	n/a	n/a	n/a	n/a	32	2	n/a	n/a	n/a	n/a	n/a	right
14	382.723	0.385	correct	0.385	grate	n/a	n/a	n/a	n/a	n/a	n/a	32	2	n/a	n/a	n/a	n/a	n/a	left
14	383.623	0.317	correct	0.317	grate	n/a	n/a	n/a	n/a	n/a	n/a	32	2	n/a	n/a	n/a	n/a	n/a	right
14	384.456	0.050	incorrect	0.050	grate	n/a	n/a	n/a	n/a	n/a	n/a	32	2	n/a	n/a	n/a	n/a	n/a	left
14	386.022	3.000	forget	0.449	retrieval	restudy	object	scene	face	competitor	scene	33	2	131	83	183	235	386.0	n/a
14	391.055	0.484	correct	0.484	grate	n/a	n/a	n/a	n/a	n/a	n/a	33	2	n/a	n/a	n/a	n/a	n/a	right
14	392.055	0.372	correct	0.372	grate	n/a	n/a	n/a	n/a	n/a	n/a	33	2	n/a	n/a	n/a	n/a	n/a	left
14	392.938	0.289	correct	0.289	grate	n/a	n/a	n/a	n/a	n/a	n/a	33	2	n/a	n/a	n/a	n/a	n/a	right
14	393.738	0.280	correct	0.280	grate	n/a	n/a	n/a	n/a	n/a	n/a	33	2	n/a	n/a	n/a	n/a	n/a	left
14	394.538	0.264	incorrect	0.264	grate	n/a	n/a	n/a	n/a	n/a	n/a	33	2	n/a	n/a	n/a	n/a	n/a	left
14	395.322	0.409	correct	0.409	grate	n/a	n/a	n/a	n/a	n/a	n/a	33	2	n/a	n/a	n/a	n/a	n/a	right
14	396.238	0.245	incorrect	0.245	grate	n/a	n/a	n/a	n/a	n/a	n/a	33	2	n/a	n/a	n/a	n/a	n/a	right
14	397.005	0.100	incorrect	0.100	grate	n/a	n/a	n/a	n/a	n/a	n/a	33	2	n/a	n/a	n/a	n/a	n/a	right
14	398.020	3.000	remember	0.674	retrieval	retprac	face	scene	object	target	face	34	2	106	34	82	210	398.0	n/a
14	403.054	0.524	correct	0.524	grate	n/a	n/a	n/a	n/a	n/a	n/a	34	2	n/a	n/a	n/a	n/a	n/a	right
14	404.087	0.427	correct	0.427	grate	n/a	n/a	n/a	n/a	n/a	n/a	34	2	n/a	n/a	n/a	n/a	n/a	right
14	405.037	0.453	correct	0.453	grate	n/a	n/a	n/a	n/a	n/a	n/a	34	2	n/a	n/a	n/a	n/a	n/a	left
14	406.004	0.327	correct	0.327	grate	n/a	n/a	n/a	n/a	n/a	n/a	34	2	n/a	n/a	n/a	n/a	n/a	right
14	406.854	0.429	correct	0.429	grate	n/a	n/a	n/a	n/a	n/a	n/a	34	2	n/a	n/a	n/a	n/a	n/a	right
14	407.804	0.367	correct	0.367	grate	n/a	n/a	n/a	n/a	n/a	n/a	34	2	n/a	n/a	n/a	n/a	n/a	right
14	408.687	0.100	incorrect	0.100	grate	n/a	n/a	n/a	n/a	n/a	n/a	34	2	n/a	n/a	n/a	n/a	n/a	left
14	410.019	3.000	forget	0.483	retrieval	restudy	scene	object	face	competitor	object	35	2	87	135	287	139	410.0	n/a
14	415.053	0.437	correct	0.437	grate	n/a	n/a	n/a	n/a	n/a	n/a	35	2	n/a	n/a	n/a	n/a	n/a	left
14	416.003	0.488	correct	0.488	grate	n/a	n/a	n/a	n/a	n/a	n/a	35	2	n/a	n/a	n/a	n/a	n/a	left
14	417.003	0.351	correct	0.351	grate	n/a	n/a	n/a	n/a	n/a	n/a	35	2	n/a	n/a	n/a	n/a	n/a	left
14	417.869	0.429	correct	0.429	grate	n/a	n/a	n/a	n/a	n/a	n/a	35	2	n/a	n/a	n/a	n/a	n/a	right
14	418.819	0.415	correct	0.415	grate	n/a	n/a	n/a	n/a	n/a	n/a	35	2	n/a	n/a	n/a	n/a	n/a	left
14	419.753	0.329	correct	0.329	grate	n/a	n/a	n/a	n/a	n/a	n/a	35	2	n/a	n/a	n/a	n/a	n/a	right
14	420.602	0.100	incorrect	0.100	grate	n/a	n/a	n/a	n/a	n/a	n/a	35	2	n/a	n/a	n/a	n/a	n/a	left
14	422.018	3.000	don't know	0.563	retrieval	retprac	scene	face	object	don't know	don't know	36	2	34	106	258	34	422.0	n/a
14	427.052	0.438	correct	0.438	grate	n/a	n/a	n/a	n/a	n/a	n/a	36	2	n/a	n/a	n/a	n/a	n/a	right
14	428.002	0.400	correct	0.400	grate	n/a	n/a	n/a	n/a	n/a	n/a	36	2	n/a	n/a	n/a	n/a	n/a	right
14	428.918	0.411	correct	0.411	grate	n/a	n/a	n/a	n/a	n/a	n/a	36	2	n/a	n/a	n/a	n/a	n/a	right
14	429.851	0.350	incorrect	0.350	grate	n/a	n/a	n/a	n/a	n/a	n/a	36	2	n/a	n/a	n/a	n/a	n/a	left
14	430.718	0.387	correct	0.387	grate	n/a	n/a	n/a	n/a	n/a	n/a	36	2	n/a	n/a	n/a	n/a	n/a	left
14	431.618	0.400	correct	0.400	grate	n/a	n/a	n/a	n/a	n/a	n/a	36	2	n/a	n/a	n/a	n/a	n/a	left
14	432.535	0.100	incorrect	0.100	grate	n/a	n/a	n/a	n/a	n/a	n/a	36	2	n/a	n/a	n/a	n/a	n/a	left
14	434.017	3.000	forget	0.372	retrieval	restudy	object	face	scene	competitor	face	37	2	9	57	157	9	434.0	n/a
14	439.051	0.488	correct	0.488	grate	n/a	n/a	n/a	n/a	n/a	n/a	37	2	n/a	n/a	n/a	n/a	n/a	right
14	440.050	0.407	correct	0.407	grate	n/a	n/a	n/a	n/a	n/a	n/a	37	2	n/a	n/a	n/a	n/a	n/a	left
14	440.967	0.290	correct	0.290	grate	n/a	n/a	n/a	n/a	n/a	n/a	37	2	n/a	n/a	n/a	n/a	n/a	right
14	441.767	0.299	correct	0.299	grate	n/a	n/a	n/a	n/a	n/a	n/a	37	2	n/a	n/a	n/a	n/a	n/a	left
14	442.584	0.434	correct	0.434	grate	n/a	n/a	n/a	n/a	n/a	n/a	37	2	n/a	n/a	n/a	n/a	n/a	left
14	443.533	0.300	incorrect	0.300	grate	n/a	n/a	n/a	n/a	n/a	n/a	37	2	n/a	n/a	n/a	n/a	n/a	left
14	444.350	0.167	incorrect	0.167	grate	n/a	n/a	n/a	n/a	n/a	n/a	37	2	n/a	n/a	n/a	n/a	n/a	right
14	446.016	3.000	forget	0.629	retrieval	restudy	object	scene	face	competitor	scene	38	2	133	85	185	237	446.0	n/a
14	451.049	0.439	correct	0.439	grate	n/a	n/a	n/a	n/a	n/a	n/a	38	2	n/a	n/a	n/a	n/a	n/a	right
14	451.999	0.449	correct	0.449	grate	n/a	n/a	n/a	n/a	n/a	n/a	38	2	n/a	n/a	n/a	n/a	n/a	right
14	452.966	0.323	incorrect	0.323	grate	n/a	n/a	n/a	n/a	n/a	n/a	38	2	n/a	n/a	n/a	n/a	n/a	left
14	453.799	0.385	correct	0.385	grate	n/a	n/a	n/a	n/a	n/a	n/a	38	2	n/a	n/a	n/a	n/a	n/a	right
14	454.699	0.341	correct	0.341	grate	n/a	n/a	n/a	n/a	n/a	n/a	38	2	n/a	n/a	n/a	n/a	n/a	left
14	455.549	0.396	correct	0.396	grate	n/a	n/a	n/a	n/a	n/a	n/a	38	2	n/a	n/a	n/a	n/a	n/a	right
14	456.465	0.050	incorrect	0.050	grate	n/a	n/a	n/a	n/a	n/a	n/a	38	2	n/a	n/a	n/a	n/a	n/a	right
14	458.014	3.000	forget	0.390	retrieval	retprac	scene	face	object	competitor	face	39	2	38	110	262	38	458.0	n/a
14	463.048	0.392	correct	0.392	grate	n/a	n/a	n/a	n/a	n/a	n/a	39	2	n/a	n/a	n/a	n/a	n/a	left
14	463.948	0.300	incorrect	0.300	grate	n/a	n/a	n/a	n/a	n/a	n/a	39	2	n/a	n/a	n/a	n/a	n/a	left
14	464.764	0.283	incorrect	0.283	grate	n/a	n/a	n/a	n/a	n/a	n/a	39	2	n/a	n/a	n/a	n/a	n/a	right
14	465.565	0.435	correct	0.435	grate	n/a	n/a	n/a	n/a	n/a	n/a	39	2	n/a	n/a	n/a	n/a	n/a	left
14	466.514	0.293	incorrect	0.293	grate	n/a	n/a	n/a	n/a	n/a	n/a	39	2	n/a	n/a	n/a	n/a	n/a	left
14	467.331	0.366	correct	0.366	grate	n/a	n/a	n/a	n/a	n/a	n/a	39	2	n/a	n/a	n/a	n/a	n/a	left
14	468.214	0.300	incorrect	0.300	grate	n/a	n/a	n/a	n/a	n/a	n/a	39	2	n/a	n/a	n/a	n/a	n/a	right
14	470.013	3.000	forget	0.470	retrieval	retprac	face	object	scene	competitor	object	40	2	62	14	62	114	470.0	n/a
14	475.047	0.425	correct	0.425	grate	n/a	n/a	n/a	n/a	n/a	n/a	40	2	n/a	n/a	n/a	n/a	n/a	right
14	475.980	0.380	correct	0.380	grate	n/a	n/a	n/a	n/a	n/a	n/a	40	2	n/a	n/a	n/a	n/a	n/a	left
14	476.880	0.279	correct	0.279	grate	n/a	n/a	n/a	n/a	n/a	n/a	40	2	n/a	n/a	n/a	n/a	n/a	right
14	477.680	0.416	correct	0.416	grate	n/a	n/a	n/a	n/a	n/a	n/a	40	2	n/a	n/a	n/a	n/a	n/a	right
14	478.613	0.379	correct	0.379	grate	n/a	n/a	n/a	n/a	n/a	n/a	40	2	n/a	n/a	n/a	n/a	n/a	left
14	479.513	0.286	correct	0.286	grate	n/a	n/a	n/a	n/a	n/a	n/a	40	2	n/a	n/a	n/a	n/a	n/a	right
14	480.313	0.200	incorrect	0.200	grate	n/a	n/a	n/a	n/a	n/a	n/a	40	2	n/a	n/a	n/a	n/a	n/a	left
14	482.012	3.000	forget	0.000	retrieval	retprac	scene	face	object	competitor	face	41	2	40	112	264	40	482.0	n/a
14	487.046	0.395	correct	0.395	grate	n/a	n/a	n/a	n/a	n/a	n/a	41	2	n/a	n/a	n/a	n/a	n/a	left
14	487.962	0.293	correct	0.293	grate	n/a	n/a	n/a	n/a	n/a	n/a	41	2	n/a	n/a	n/a	n/a	n/a	right
14	488.779	0.460	correct	0.460	grate	n/a	n/a	n/a	n/a	n/a	n/a	41	2	n/a	n/a	n/a	n/a	n/a	left
14	489.762	0.285	incorrect	0.285	grate	n/a	n/a	n/a	n/a	n/a	n/a	41	2	n/a	n/a	n/a	n/a	n/a	left
14	490.562	0.373	correct	0.373	grate	n/a	n/a	n/a	n/a	n/a	n/a	41	2	n/a	n/a	n/a	n/a	n/a	right
14	491.445	0.370	correct	0.370	grate	n/a	n/a	n/a	n/a	n/a	n/a	41	2	n/a	n/a	n/a	n/a	n/a	right
14	492.328	0.183	incorrect	0.183	grate	n/a	n/a	n/a	n/a	n/a	n/a	41	2	n/a	n/a	n/a	n/a	n/a	right
14	494.011	3.000	remember	0.488	retrieval	retprac	face	object	scene	target	face	42	2	58	10	58	110	494.0	n/a
14	499.045	0.386	correct	0.386	grate	n/a	n/a	n/a	n/a	n/a	n/a	42	2	n/a	n/a	n/a	n/a	n/a	left
14	499.944	0.279	correct	0.279	grate	n/a	n/a	n/a	n/a	n/a	n/a	42	2	n/a	n/a	n/a	n/a	n/a	right
14	500.744	0.366	correct	0.366	grate	n/a	n/a	n/a	n/a	n/a	n/a	42	2	n/a	n/a	n/a	n/a	n/a	right
14	501.627	0.323	correct	0.323	grate	n/a	n/a	n/a	n/a	n/a	n/a	42	2	n/a	n/a	n/a	n/a	n/a	right
14	502.461	0.306	incorrect	0.306	grate	n/a	n/a	n/a	n/a	n/a	n/a	42	2	n/a	n/a	n/a	n/a	n/a	left
14	503.277	0.362	correct	0.362	grate	n/a	n/a	n/a	n/a	n/a	n/a	42	2	n/a	n/a	n/a	n/a	n/a	left
14	504.161	0.295	correct	0.295	grate	n/a	n/a	n/a	n/a	n/a	n/a	42	2	n/a	n/a	n/a	n/a	n/a	right
14	504.977	0.100	incorrect	0.100	grate	n/a	n/a	n/a	n/a	n/a	n/a	42	2	n/a	n/a	n/a	n/a	n/a	right
14	506.009	3.000	forget	0.385	retrieval	retprac	face	scene	object	other	object	43	2	108	36	84	212	506.0	n/a
14	511.043	0.355	correct	0.355	grate	n/a	n/a	n/a	n/a	n/a	n/a	43	2	n/a	n/a	n/a	n/a	n/a	right
14	511.910	0.360	correct	0.360	grate	n/a	n/a	n/a	n/a	n/a	n/a	43	2	n/a	n/a	n/a	n/a	n/a	left
14	512.793	0.269	incorrect	0.269	grate	n/a	n/a	n/a	n/a	n/a	n/a	43	2	n/a	n/a	n/a	n/a	n/a	left
14	513.576	0.366	correct	0.366	grate	n/a	n/a	n/a	n/a	n/a	n/a	43	2	n/a	n/a	n/a	n/a	n/a	right
14	514.459	0.282	correct	0.282	grate	n/a	n/a	n/a	n/a	n/a	n/a	43	2	n/a	n/a	n/a	n/a	n/a	left
14	515.259	0.290	correct	0.290	grate	n/a	n/a	n/a	n/a	n/a	n/a	43	2	n/a	n/a	n/a	n/a	n/a	right
14	516.059	0.315	correct	0.315	grate	n/a	n/a	n/a	n/a	n/a	n/a	43	2	n/a	n/a	n/a	n/a	n/a	left
14	516.893	0.100	incorrect	0.100	grate	n/a	n/a	n/a	n/a	n/a	n/a	43	2	n/a	n/a	n/a	n/a	n/a	left
14	518.008	3.000	forget	0.497	retrieval	restudy	object	face	scene	other	scene	44	2	11	59	159	11	518.0	n/a
14	523.042	0.461	correct	0.461	grate	n/a	n/a	n/a	n/a	n/a	n/a	44	2	n/a	n/a	n/a	n/a	n/a	left
14	524.025	0.332	correct	0.332	grate	n/a	n/a	n/a	n/a	n/a	n/a	44	2	n/a	n/a	n/a	n/a	n/a	right
14	524.875	0.290	correct	0.290	grate	n/a	n/a	n/a	n/a	n/a	n/a	44	2	n/a	n/a	n/a	n/a	n/a	left
14	525.675	0.283	correct	0.283	grate	n/a	n/a	n/a	n/a	n/a	n/a	44	2	n/a	n/a	n/a	n/a	n/a	right
14	526.475	0.330	correct	0.330	grate	n/a	n/a	n/a	n/a	n/a	n/a	44	2	n/a	n/a	n/a	n/a	n/a	left
14	527.325	0.297	correct	0.297	grate	n/a	n/a	n/a	n/a	n/a	n/a	44	2	n/a	n/a	n/a	n/a	n/a	right
14	528.141	0.367	incorrect	0.367	grate	n/a	n/a	n/a	n/a	n/a	n/a	44	2	n/a	n/a	n/a	n/a	n/a	left
14	530.024	3.000	remember	0.417	retrieval	restudy	object	scene	face	target	object	45	2	129	81	181	233	530.0	n/a
14	535.058	1.747	correct	1.747	grate	n/a	n/a	n/a	n/a	n/a	n/a	45	2	n/a	n/a	n/a	n/a	n/a	right
14	537.324	0.313	correct	0.313	grate	n/a	n/a	n/a	n/a	n/a	n/a	45	2	n/a	n/a	n/a	n/a	n/a	left
14	538.157	0.368	correct	0.368	grate	n/a	n/a	n/a	n/a	n/a	n/a	45	2	n/a	n/a	n/a	n/a	n/a	right
14	539.040	0.300	correct	0.300	grate	n/a	n/a	n/a	n/a	n/a	n/a	45	2	n/a	n/a	n/a	n/a	n/a	left
14	539.857	0.293	correct	0.293	grate	n/a	n/a	n/a	n/a	n/a	n/a	45	2	n/a	n/a	n/a	n/a	n/a	right
14	540.657	0.100	incorrect	0.100	grate	n/a	n/a	n/a	n/a	n/a	n/a	45	2	n/a	n/a	n/a	n/a	n/a	left
14	542.006	3.000	don't know	0.995	retrieval	restudy	face	scene	object	don't know	don't know	46	2	107	35	83	211	542.0	n/a
14	547.040	0.429	correct	0.429	grate	n/a	n/a	n/a	n/a	n/a	n/a	46	2	n/a	n/a	n/a	n/a	n/a	left
14	547.989	0.287	correct	0.287	grate	n/a	n/a	n/a	n/a	n/a	n/a	46	2	n/a	n/a	n/a	n/a	n/a	right
14	548.789	0.016	incorrect	0.016	grate	n/a	n/a	n/a	n/a	n/a	n/a	46	2	n/a	n/a	n/a	n/a	n/a	left
14	549.340	0.624	correct	0.624	grate	n/a	n/a	n/a	n/a	n/a	n/a	46	2	n/a	n/a	n/a	n/a	n/a	right
14	550.472	0.292	correct	0.292	grate	n/a	n/a	n/a	n/a	n/a	n/a	46	2	n/a	n/a	n/a	n/a	n/a	left
14	551.272	0.316	incorrect	0.316	grate	n/a	n/a	n/a	n/a	n/a	n/a	46	2	n/a	n/a	n/a	n/a	n/a	left
14	552.106	0.400	incorrect	0.400	grate	n/a	n/a	n/a	n/a	n/a	n/a	46	2	n/a	n/a	n/a	n/a	n/a	right
14	554.021	3.000	forget	0.459	retrieval	retprac	object	scene	face	other	face	47	2	132	84	184	236	554.0	n/a
14	559.055	0.493	correct	0.493	grate	n/a	n/a	n/a	n/a	n/a	n/a	47	2	n/a	n/a	n/a	n/a	n/a	right
14	560.072	0.348	correct	0.348	grate	n/a	n/a	n/a	n/a	n/a	n/a	47	2	n/a	n/a	n/a	n/a	n/a	right
14	560.938	0.290	correct	0.290	grate	n/a	n/a	n/a	n/a	n/a	n/a	47	2	n/a	n/a	n/a	n/a	n/a	right
14	561.738	0.282	incorrect	0.282	grate	n/a	n/a	n/a	n/a	n/a	n/a	47	2	n/a	n/a	n/a	n/a	n/a	left
14	562.538	0.354	correct	0.354	grate	n/a	n/a	n/a	n/a	n/a	n/a	47	2	n/a	n/a	n/a	n/a	n/a	right
14	563.405	0.351	correct	0.351	grate	n/a	n/a	n/a	n/a	n/a	n/a	47	2	n/a	n/a	n/a	n/a	n/a	right
14	564.271	0.250	incorrect	0.250	grate	n/a	n/a	n/a	n/a	n/a	n/a	47	2	n/a	n/a	n/a	n/a	n/a	left
14	566.020	3.000	forget	0.651	retrieval	restudy	face	object	scene	competitor	object	48	2	59	11	59	111	566.0	n/a
14	571.054	0.774	correct	0.774	grate	n/a	n/a	n/a	n/a	n/a	n/a	48	2	n/a	n/a	n/a	n/a	n/a	left
14	572.337	0.307	incorrect	0.307	grate	n/a	n/a	n/a	n/a	n/a	n/a	48	2	n/a	n/a	n/a	n/a	n/a	left
14	573.154	0.354	correct	0.354	grate	n/a	n/a	n/a	n/a	n/a	n/a	48	2	n/a	n/a	n/a	n/a	n/a	left
14	574.020	0.231	incorrect	0.231	grate	n/a	n/a	n/a	n/a	n/a	n/a	48	2	n/a	n/a	n/a	n/a	n/a	right
14	574.770	0.426	correct	0.426	grate	n/a	n/a	n/a	n/a	n/a	n/a	48	2	n/a	n/a	n/a	n/a	n/a	right
14	575.703	0.396	correct	0.396	grate	n/a	n/a	n/a	n/a	n/a	n/a	48	2	n/a	n/a	n/a	n/a	n/a	right
14	576.620	0.100	incorrect	0.100	grate	n/a	n/a	n/a	n/a	n/a	n/a	48	2	n/a	n/a	n/a	n/a	n/a	left
14	2.014	3.000	forget	0.585	retrieval	restudy	face	scene	object	competitor	scene	1	3	115	43	91	219	2.0	n/a
14	7.048	0.380	correct	0.380	grate	n/a	n/a	n/a	n/a	n/a	n/a	1	3	n/a	n/a	n/a	n/a	n/a	right
14	7.948	0.415	correct	0.415	grate	n/a	n/a	n/a	n/a	n/a	n/a	1	3	n/a	n/a	n/a	n/a	n/a	left
14	8.881	0.275	correct	0.275	grate	n/a	n/a	n/a	n/a	n/a	n/a	1	3	n/a	n/a	n/a	n/a	n/a	right
14	9.665	0.299	correct	0.299	grate	n/a	n/a	n/a	n/a	n/a	n/a	1	3	n/a	n/a	n/a	n/a	n/a	left
14	10.481	0.282	correct	0.282	grate	n/a	n/a	n/a	n/a	n/a	n/a	1	3	n/a	n/a	n/a	n/a	n/a	right
14	11.281	0.322	correct	0.322	grate	n/a	n/a	n/a	n/a	n/a	n/a	1	3	n/a	n/a	n/a	n/a	n/a	left
14	12.114	0.314	correct	0.314	grate	n/a	n/a	n/a	n/a	n/a	n/a	1	3	n/a	n/a	n/a	n/a	n/a	right
14	12.948	0.100	incorrect	0.100	grate	n/a	n/a	n/a	n/a	n/a	n/a	1	3	n/a	n/a	n/a	n/a	n/a	right
14	14.013	3.000	forget	0.658	retrieval	retprac	scene	face	object	other	object	2	3	44	116	268	44	14.0	n/a
14	19.047	0.453	correct	0.453	grate	n/a	n/a	n/a	n/a	n/a	n/a	2	3	n/a	n/a	n/a	n/a	n/a	left
14	20.013	0.174	incorrect	0.174	grate	n/a	n/a	n/a	n/a	n/a	n/a	2	3	n/a	n/a	n/a	n/a	n/a	left
14	20.697	0.322	correct	0.322	grate	n/a	n/a	n/a	n/a	n/a	n/a	2	3	n/a	n/a	n/a	n/a	n/a	right
14	21.530	0.289	correct	0.289	grate	n/a	n/a	n/a	n/a	n/a	n/a	2	3	n/a	n/a	n/a	n/a	n/a	right
14	22.330	0.257	incorrect	0.257	grate	n/a	n/a	n/a	n/a	n/a	n/a	2	3	n/a	n/a	n/a	n/a	n/a	left
14	23.097	0.363	correct	0.363	grate	n/a	n/a	n/a	n/a	n/a	n/a	2	3	n/a	n/a	n/a	n/a	n/a	left
14	23.980	0.279	incorrect	0.279	grate	n/a	n/a	n/a	n/a	n/a	n/a	2	3	n/a	n/a	n/a	n/a	n/a	left
14	24.780	0.100	incorrect	0.100	grate	n/a	n/a	n/a	n/a	n/a	n/a	2	3	n/a	n/a	n/a	n/a	n/a	left
14	26.012	3.000	forget	0.346	retrieval	retprac	object	face	scene	competitor	face	3	3	22	70	170	22	26.0	n/a
14	31.046	0.597	correct	0.597	grate	n/a	n/a	n/a	n/a	n/a	n/a	3	3	n/a	n/a	n/a	n/a	n/a	right
14	32.162	0.304	correct	0.304	grate	n/a	n/a	n/a	n/a	n/a	n/a	3	3	n/a	n/a	n/a	n/a	n/a	left
14	32.979	0.264	incorrect	0.264	grate	n/a	n/a	n/a	n/a	n/a	n/a	3	3	n/a	n/a	n/a	n/a	n/a	left
14	33.762	0.328	correct	0.328	grate	n/a	n/a	n/a	n/a	n/a	n/a	3	3	n/a	n/a	n/a	n/a	n/a	left
14	34.612	0.246	correct	0.246	grate	n/a	n/a	n/a	n/a	n/a	n/a	3	3	n/a	n/a	n/a	n/a	n/a	left
14	35.379	0.273	incorrect	0.273	grate	n/a	n/a	n/a	n/a	n/a	n/a	3	3	n/a	n/a	n/a	n/a	n/a	right
14	36.162	0.288	correct	0.288	grate	n/a	n/a	n/a	n/a	n/a	n/a	3	3	n/a	n/a	n/a	n/a	n/a	left
14	36.962	0.100	incorrect	0.100	grate	n/a	n/a	n/a	n/a	n/a	n/a	3	3	n/a	n/a	n/a	n/a	n/a	right
14	38.011	3.000	forget	0.595	retrieval	retprac	object	scene	face	other	face	4	3	144	96	196	248	38.0	n/a
14	43.045	0.414	correct	0.414	grate	n/a	n/a	n/a	n/a	n/a	n/a	4	3	n/a	n/a	n/a	n/a	n/a	left
14	43.978	0.272	incorrect	0.272	grate	n/a	n/a	n/a	n/a	n/a	n/a	4	3	n/a	n/a	n/a	n/a	n/a	right
14	44.761	0.361	correct	0.361	grate	n/a	n/a	n/a	n/a	n/a	n/a	4	3	n/a	n/a	n/a	n/a	n/a	right
14	45.644	0.318	correct	0.318	grate	n/a	n/a	n/a	n/a	n/a	n/a	4	3	n/a	n/a	n/a	n/a	n/a	right
14	46.477	0.269	incorrect	0.269	grate	n/a	n/a	n/a	n/a	n/a	n/a	4	3	n/a	n/a	n/a	n/a	n/a	left
14	47.261	0.357	correct	0.357	grate	n/a	n/a	n/a	n/a	n/a	n/a	4	3	n/a	n/a	n/a	n/a	n/a	right
14	48.127	0.298	correct	0.298	grate	n/a	n/a	n/a	n/a	n/a	n/a	4	3	n/a	n/a	n/a	n/a	n/a	left
14	48.944	0.100	incorrect	0.100	grate	n/a	n/a	n/a	n/a	n/a	n/a	4	3	n/a	n/a	n/a	n/a	n/a	right
14	50.009	3.000	forget	0.668	retrieval	retprac	scene	face	object	other	object	5	3	42	114	266	42	50.0	n/a
14	55.043	0.382	correct	0.382	grate	n/a	n/a	n/a	n/a	n/a	n/a	5	3	n/a	n/a	n/a	n/a	n/a	left
14	55.943	0.267	correct	0.267	grate	n/a	n/a	n/a	n/a	n/a	n/a	5	3	n/a	n/a	n/a	n/a	n/a	right
14	56.726	0.275	correct	0.275	grate	n/a	n/a	n/a	n/a	n/a	n/a	5	3	n/a	n/a	n/a	n/a	n/a	left
14	57.510	0.244	correct	0.244	grate	n/a	n/a	n/a	n/a	n/a	n/a	5	3	n/a	n/a	n/a	n/a	n/a	right
14	58.276	0.237	correct	0.237	grate	n/a	n/a	n/a	n/a	n/a	n/a	5	3	n/a	n/a	n/a	n/a	n/a	left
14	59.026	0.247	incorrect	0.247	grate	n/a	n/a	n/a	n/a	n/a	n/a	5	3	n/a	n/a	n/a	n/a	n/a	left
14	59.793	0.256	correct	0.256	grate	n/a	n/a	n/a	n/a	n/a	n/a	5	3	n/a	n/a	n/a	n/a	n/a	left
14	60.559	0.100	incorrect	0.100	grate	n/a	n/a	n/a	n/a	n/a	n/a	5	3	n/a	n/a	n/a	n/a	n/a	left
14	62.008	3.000	no response	n/a	retrieval	restudy	object	scene	face	no response	no response	6	3	143	95	195	247	62.0	n/a
14	67.042	0.415	correct	0.415	grate	n/a	n/a	n/a	n/a	n/a	n/a	6	3	n/a	n/a	n/a	n/a	n/a	right
14	67.975	0.418	correct	0.418	grate	n/a	n/a	n/a	n/a	n/a	n/a	6	3	n/a	n/a	n/a	n/a	n/a	left
14	68.909	0.276	correct	0.276	grate	n/a	n/a	n/a	n/a	n/a	n/a	6	3	n/a	n/a	n/a	n/a	n/a	right
14	69.708	0.445	correct	0.445	grate	n/a	n/a	n/a	n/a	n/a	n/a	6	3	n/a	n/a	n/a	n/a	n/a	right
14	70.675	0.446	correct	0.446	grate	n/a	n/a	n/a	n/a	n/a	n/a	6	3	n/a	n/a	n/a	n/a	n/a	left
14	71.642	0.328	incorrect	0.328	grate	n/a	n/a	n/a	n/a	n/a	n/a	6	3	n/a	n/a	n/a	n/a	n/a	left
14	72.491	0.017	incorrect	0.017	grate	n/a	n/a	n/a	n/a	n/a	n/a	6	3	n/a	n/a	n/a	n/a	n/a	left
14	74.007	3.000	remember	0.357	retrieval	retprac	scene	face	object	target	scene	7	3	48	120	272	48	74.0	n/a
14	79.041	0.448	correct	0.448	grate	n/a	n/a	n/a	n/a	n/a	n/a	7	3	n/a	n/a	n/a	n/a	n/a	right
14	80.007	0.337	incorrect	0.337	grate	n/a	n/a	n/a	n/a	n/a	n/a	7	3	n/a	n/a	n/a	n/a	n/a	left
14	80.857	0.375	correct	0.375	grate	n/a	n/a	n/a	n/a	n/a	n/a	7	3	n/a	n/a	n/a	n/a	n/a	left
14	81.740	0.284	correct	0.284	grate	n/a	n/a	n/a	n/a	n/a	n/a	7	3	n/a	n/a	n/a	n/a	n/a	right
14	82.540	0.324	correct	0.324	grate	n/a	n/a	n/a	n/a	n/a	n/a	7	3	n/a	n/a	n/a	n/a	n/a	left
14	83.374	0.275	correct	0.275	grate	n/a	n/a	n/a	n/a	n/a	n/a	7	3	n/a	n/a	n/a	n/a	n/a	right
14	84.157	0.283	correct	0.283	grate	n/a	n/a	n/a	n/a	n/a	n/a	7	3	n/a	n/a	n/a	n/a	n/a	left
14	84.957	0.100	incorrect	0.100	grate	n/a	n/a	n/a	n/a	n/a	n/a	7	3	n/a	n/a	n/a	n/a	n/a	left
14	86.023	3.000	forget	0.701	retrieval	retprac	object	face	scene	other	scene	8	3	24	72	172	24	86.0	n/a
14	91.057	0.991	correct	0.991	grate	n/a	n/a	n/a	n/a	n/a	n/a	8	3	n/a	n/a	n/a	n/a	n/a	left
14	92.573	0.275	correct	0.275	grate	n/a	n/a	n/a	n/a	n/a	n/a	8	3	n/a	n/a	n/a	n/a	n/a	right
14	93.356	0.268	incorrect	0.268	grate	n/a	n/a	n/a	n/a	n/a	n/a	8	3	n/a	n/a	n/a	n/a	n/a	right
14	94.139	0.350	correct	0.350	grate	n/a	n/a	n/a	n/a	n/a	n/a	8	3	n/a	n/a	n/a	n/a	n/a	right
14	95.006	0.330	correct	0.330	grate	n/a	n/a	n/a	n/a	n/a	n/a	8	3	n/a	n/a	n/a	n/a	n/a	right
14	95.856	0.400	correct	0.400	grate	n/a	n/a	n/a	n/a	n/a	n/a	8	3	n/a	n/a	n/a	n/a	n/a	right
14	96.772	0.100	incorrect	0.100	grate	n/a	n/a	n/a	n/a	n/a	n/a	8	3	n/a	n/a	n/a	n/a	n/a	left
14	98.021	3.000	forget	0.311	retrieval	retprac	face	scene	object	other	object	9	3	116	44	92	220	98.0	n/a
14	103.055	0.408	correct	0.408	grate	n/a	n/a	n/a	n/a	n/a	n/a	9	3	n/a	n/a	n/a	n/a	n/a	left
14	103.972	0.276	correct	0.276	grate	n/a	n/a	n/a	n/a	n/a	n/a	9	3	n/a	n/a	n/a	n/a	n/a	right
14	104.755	0.412	correct	0.412	grate	n/a	n/a	n/a	n/a	n/a	n/a	9	3	n/a	n/a	n/a	n/a	n/a	left
14	105.688	0.271	correct	0.271	grate	n/a	n/a	n/a	n/a	n/a	n/a	9	3	n/a	n/a	n/a	n/a	n/a	right
14	106.471	0.312	correct	0.312	grate	n/a	n/a	n/a	n/a	n/a	n/a	9	3	n/a	n/a	n/a	n/a	n/a	left
14	107.304	0.303	incorrect	0.303	grate	n/a	n/a	n/a	n/a	n/a	n/a	9	3	n/a	n/a	n/a	n/a	n/a	left
14	108.121	0.017	correct	0.017	grate	n/a	n/a	n/a	n/a	n/a	n/a	9	3	n/a	n/a	n/a	n/a	n/a	right
14	108.672	0.100	incorrect	0.100	grate	n/a	n/a	n/a	n/a	n/a	n/a	9	3	n/a	n/a	n/a	n/a	n/a	right
14	110.020	3.000	forget	0.815	retrieval	restudy	scene	face	object	competitor	face	10	3	43	115	267	43	110.0	n/a
14	115.054	0.377	correct	0.377	grate	n/a	n/a	n/a	n/a	n/a	n/a	10	3	n/a	n/a	n/a	n/a	n/a	left
14	115.954	0.509	correct	0.509	grate	n/a	n/a	n/a	n/a	n/a	n/a	10	3	n/a	n/a	n/a	n/a	n/a	left
14	116.970	0.373	correct	0.373	grate	n/a	n/a	n/a	n/a	n/a	n/a	10	3	n/a	n/a	n/a	n/a	n/a	left
14	117.870	0.297	correct	0.297	grate	n/a	n/a	n/a	n/a	n/a	n/a	10	3	n/a	n/a	n/a	n/a	n/a	right
14	118.687	0.352	correct	0.352	grate	n/a	n/a	n/a	n/a	n/a	n/a	10	3	n/a	n/a	n/a	n/a	n/a	left
14	119.553	0.295	correct	0.295	grate	n/a	n/a	n/a	n/a	n/a	n/a	10	3	n/a	n/a	n/a	n/a	n/a	right
14	120.370	0.150	incorrect	0.150	grate	n/a	n/a	n/a	n/a	n/a	n/a	10	3	n/a	n/a	n/a	n/a	n/a	right
14	122.019	3.000	remember	0.647	retrieval	restudy	face	object	scene	target	face	11	3	67	19	67	119	122.0	n/a
14	127.053	0.890	correct	0.890	grate	n/a	n/a	n/a	n/a	n/a	n/a	11	3	n/a	n/a	n/a	n/a	n/a	right
14	128.452	0.338	correct	0.338	grate	n/a	n/a	n/a	n/a	n/a	n/a	11	3	n/a	n/a	n/a	n/a	n/a	left
14	129.302	0.280	correct	0.280	grate	n/a	n/a	n/a	n/a	n/a	n/a	11	3	n/a	n/a	n/a	n/a	n/a	right
14	130.102	0.280	incorrect	0.280	grate	n/a	n/a	n/a	n/a	n/a	n/a	11	3	n/a	n/a	n/a	n/a	n/a	right
14	130.902	0.400	correct	0.400	grate	n/a	n/a	n/a	n/a	n/a	n/a	11	3	n/a	n/a	n/a	n/a	n/a	left
14	131.819	0.236	correct	0.236	grate	n/a	n/a	n/a	n/a	n/a	n/a	11	3	n/a	n/a	n/a	n/a	n/a	right
14	132.569	0.100	incorrect	0.100	grate	n/a	n/a	n/a	n/a	n/a	n/a	11	3	n/a	n/a	n/a	n/a	n/a	right
14	134.018	3.000	forget	0.328	retrieval	restudy	face	scene	object	competitor	scene	12	3	113	41	89	217	134.0	n/a
14	139.052	0.354	correct	0.354	grate	n/a	n/a	n/a	n/a	n/a	n/a	12	3	n/a	n/a	n/a	n/a	n/a	right
14	139.918	0.344	correct	0.344	grate	n/a	n/a	n/a	n/a	n/a	n/a	12	3	n/a	n/a	n/a	n/a	n/a	left
14	140.785	0.269	correct	0.269	grate	n/a	n/a	n/a	n/a	n/a	n/a	12	3	n/a	n/a	n/a	n/a	n/a	right
14	141.568	0.270	correct	0.270	grate	n/a	n/a	n/a	n/a	n/a	n/a	12	3	n/a	n/a	n/a	n/a	n/a	left
14	142.351	0.247	incorrect	0.247	grate	n/a	n/a	n/a	n/a	n/a	n/a	12	3	n/a	n/a	n/a	n/a	n/a	left
14	143.118	0.408	correct	0.408	grate	n/a	n/a	n/a	n/a	n/a	n/a	12	3	n/a	n/a	n/a	n/a	n/a	left
14	144.034	0.267	incorrect	0.267	grate	n/a	n/a	n/a	n/a	n/a	n/a	12	3	n/a	n/a	n/a	n/a	n/a	left
14	144.817	0.100	incorrect	0.100	grate	n/a	n/a	n/a	n/a	n/a	n/a	12	3	n/a	n/a	n/a	n/a	n/a	left
14	146.016	3.000	remember	0.337	retrieval	restudy	scene	face	object	target	scene	13	3	47	119	271	47	146.0	n/a
14	151.050	0.371	correct	0.371	grate	n/a	n/a	n/a	n/a	n/a	n/a	13	3	n/a	n/a	n/a	n/a	n/a	left
14	151.933	0.360	correct	0.360	grate	n/a	n/a	n/a	n/a	n/a	n/a	13	3	n/a	n/a	n/a	n/a	n/a	left
14	152.817	0.245	correct	0.245	grate	n/a	n/a	n/a	n/a	n/a	n/a	13	3	n/a	n/a	n/a	n/a	n/a	left
14	153.583	0.318	correct	0.318	grate	n/a	n/a	n/a	n/a	n/a	n/a	13	3	n/a	n/a	n/a	n/a	n/a	left
14	154.416	0.261	correct	0.261	grate	n/a	n/a	n/a	n/a	n/a	n/a	13	3	n/a	n/a	n/a	n/a	n/a	left
14	155.199	0.270	correct	0.270	grate	n/a	n/a	n/a	n/a	n/a	n/a	13	3	n/a	n/a	n/a	n/a	n/a	left
14	155.983	0.150	incorrect	0.150	grate	n/a	n/a	n/a	n/a	n/a	n/a	13	3	n/a	n/a	n/a	n/a	n/a	right
14	156.650	0.100	incorrect	0.100	grate	n/a	n/a	n/a	n/a	n/a	n/a	13	3	n/a	n/a	n/a	n/a	n/a	left
14	158.015	3.000	remember	0.298	retrieval	restudy	object	scene	face	target	object	14	3	137	89	189	241	158.0	n/a
14	163.049	0.356	correct	0.356	grate	n/a	n/a	n/a	n/a	n/a	n/a	14	3	n/a	n/a	n/a	n/a	n/a	right
14	163.915	0.347	correct	0.347	grate	n/a	n/a	n/a	n/a	n/a	n/a	14	3	n/a	n/a	n/a	n/a	n/a	right
14	164.782	0.263	incorrect	0.263	grate	n/a	n/a	n/a	n/a	n/a	n/a	14	3	n/a	n/a	n/a	n/a	n/a	left
14	165.565	0.336	correct	0.336	grate	n/a	n/a	n/a	n/a	n/a	n/a	14	3	n/a	n/a	n/a	n/a	n/a	left
14	166.415	0.278	incorrect	0.278	grate	n/a	n/a	n/a	n/a	n/a	n/a	14	3	n/a	n/a	n/a	n/a	n/a	left
14	167.215	0.614	incorrect	0.614	grate	n/a	n/a	n/a	n/a	n/a	n/a	14	3	n/a	n/a	n/a	n/a	n/a	right
14	168.348	0.167	incorrect	0.167	grate	n/a	n/a	n/a	n/a	n/a	n/a	14	3	n/a	n/a	n/a	n/a	n/a	right
14	170.014	3.000	remember	0.570	retrieval	restudy	face	object	scene	target	face	15	3	71	23	71	123	170.0	n/a
14	175.048	0.325	correct	0.325	grate	n/a	n/a	n/a	n/a	n/a	n/a	15	3	n/a	n/a	n/a	n/a	n/a	right
14	175.881	0.284	incorrect	0.284	grate	n/a	n/a	n/a	n/a	n/a	n/a	15	3	n/a	n/a	n/a	n/a	n/a	left
14	176.681	0.300	incorrect	0.300	grate	n/a	n/a	n/a	n/a	n/a	n/a	15	3	n/a	n/a	n/a	n/a	n/a	right
14	177.497	0.371	correct	0.371	grate	n/a	n/a	n/a	n/a	n/a	n/a	15	3	n/a	n/a	n/a	n/a	n/a	left
14	178.381	0.280	correct	0.280	grate	n/a	n/a	n/a	n/a	n/a	n/a	15	3	n/a	n/a	n/a	n/a	n/a	right
14	179.181	0.282	correct	0.282	grate	n/a	n/a	n/a	n/a	n/a	n/a	15	3	n/a	n/a	n/a	n/a	n/a	left
14	179.981	0.200	incorrect	0.200	grate	n/a	n/a	n/a	n/a	n/a	n/a	15	3	n/a	n/a	n/a	n/a	n/a	left
14	180.697	0.100	incorrect	0.100	grate	n/a	n/a	n/a	n/a	n/a	n/a	15	3	n/a	n/a	n/a	n/a	n/a	right
14	182.013	3.000	remember	0.899	retrieval	retprac	scene	object	face	target	scene	16	3	90	138	290	142	182.0	n/a
14	187.047	0.453	correct	0.453	grate	n/a	n/a	n/a	n/a	n/a	n/a	16	3	n/a	n/a	n/a	n/a	n/a	right
14	188.013	0.575	correct	0.575	grate	n/a	n/a	n/a	n/a	n/a	n/a	16	3	n/a	n/a	n/a	n/a	n/a	right
14	189.096	0.436	correct	0.436	grate	n/a	n/a	n/a	n/a	n/a	n/a	16	3	n/a	n/a	n/a	n/a	n/a	left
14	190.046	0.286	incorrect	0.286	grate	n/a	n/a	n/a	n/a	n/a	n/a	16	3	n/a	n/a	n/a	n/a	n/a	left
14	190.846	0.358	correct	0.358	grate	n/a	n/a	n/a	n/a	n/a	n/a	16	3	n/a	n/a	n/a	n/a	n/a	left
14	191.712	0.316	correct	0.316	grate	n/a	n/a	n/a	n/a	n/a	n/a	16	3	n/a	n/a	n/a	n/a	n/a	left
14	192.546	0.100	incorrect	0.100	grate	n/a	n/a	n/a	n/a	n/a	n/a	16	3	n/a	n/a	n/a	n/a	n/a	left
14	194.011	3.000	forget	0.444	retrieval	restudy	object	face	scene	competitor	face	17	3	21	69	169	21	194.0	n/a
14	199.045	0.518	correct	0.518	grate	n/a	n/a	n/a	n/a	n/a	n/a	17	3	n/a	n/a	n/a	n/a	n/a	right
14	200.078	0.413	correct	0.413	grate	n/a	n/a	n/a	n/a	n/a	n/a	17	3	n/a	n/a	n/a	n/a	n/a	right
14	201.012	0.288	correct	0.288	grate	n/a	n/a	n/a	n/a	n/a	n/a	17	3	n/a	n/a	n/a	n/a	n/a	left
14	201.812	0.288	correct	0.288	grate	n/a	n/a	n/a	n/a	n/a	n/a	17	3	n/a	n/a	n/a	n/a	n/a	right
14	202.612	0.328	incorrect	0.328	grate	n/a	n/a	n/a	n/a	n/a	n/a	17	3	n/a	n/a	n/a	n/a	n/a	right
14	203.462	0.390	correct	0.390	grate	n/a	n/a	n/a	n/a	n/a	n/a	17	3	n/a	n/a	n/a	n/a	n/a	right
14	204.361	0.150	incorrect	0.150	grate	n/a	n/a	n/a	n/a	n/a	n/a	17	3	n/a	n/a	n/a	n/a	n/a	right
14	206.010	3.000	forget	0.413	retrieval	retprac	scene	object	face	other	face	18	3	94	142	294	146	206.0	n/a
14	211.044	0.479	correct	0.479	grate	n/a	n/a	n/a	n/a	n/a	n/a	18	3	n/a	n/a	n/a	n/a	n/a	left
14	212.044	0.383	correct	0.383	grate	n/a	n/a	n/a	n/a	n/a	n/a	18	3	n/a	n/a	n/a	n/a	n/a	left
14	212.944	0.339	correct	0.339	grate	n/a	n/a	n/a	n/a	n/a	n/a	18	3	n/a	n/a	n/a	n/a	n/a	right
14	213.794	0.418	correct	0.418	grate	n/a	n/a	n/a	n/a	n/a	n/a	18	3	n/a	n/a	n/a	n/a	n/a	right
14	214.727	0.420	correct	0.420	grate	n/a	n/a	n/a	n/a	n/a	n/a	18	3	n/a	n/a	n/a	n/a	n/a	left
14	215.660	0.270	correct	0.270	grate	n/a	n/a	n/a	n/a	n/a	n/a	18	3	n/a	n/a	n/a	n/a	n/a	right
14	216.444	0.067	incorrect	0.067	grate	n/a	n/a	n/a	n/a	n/a	n/a	18	3	n/a	n/a	n/a	n/a	n/a	right
14	218.009	3.000	forget	0.653	retrieval	restudy	scene	object	face	other	face	19	3	95	143	295	147	218.0	n/a
14	223.043	0.463	correct	0.463	grate	n/a	n/a	n/a	n/a	n/a	n/a	19	3	n/a	n/a	n/a	n/a	n/a	right
14	224.026	0.328	correct	0.328	grate	n/a	n/a	n/a	n/a	n/a	n/a	19	3	n/a	n/a	n/a	n/a	n/a	right
14	224.876	0.318	incorrect	0.318	grate	n/a	n/a	n/a	n/a	n/a	n/a	19	3	n/a	n/a	n/a	n/a	n/a	left
14	225.709	0.341	correct	0.341	grate	n/a	n/a	n/a	n/a	n/a	n/a	19	3	n/a	n/a	n/a	n/a	n/a	left
14	226.559	0.363	correct	0.363	grate	n/a	n/a	n/a	n/a	n/a	n/a	19	3	n/a	n/a	n/a	n/a	n/a	left
14	227.442	0.360	correct	0.360	grate	n/a	n/a	n/a	n/a	n/a	n/a	19	3	n/a	n/a	n/a	n/a	n/a	left
14	228.325	0.184	incorrect	0.184	grate	n/a	n/a	n/a	n/a	n/a	n/a	19	3	n/a	n/a	n/a	n/a	n/a	left
14	230.008	3.000	forget	0.574	retrieval	restudy	scene	object	face	competitor	object	20	3	93	141	293	145	230.0	n/a
14	235.042	0.416	correct	0.416	grate	n/a	n/a	n/a	n/a	n/a	n/a	20	3	n/a	n/a	n/a	n/a	n/a	left
14	235.975	0.291	incorrect	0.291	grate	n/a	n/a	n/a	n/a	n/a	n/a	20	3	n/a	n/a	n/a	n/a	n/a	left
14	236.775	0.411	correct	0.411	grate	n/a	n/a	n/a	n/a	n/a	n/a	20	3	n/a	n/a	n/a	n/a	n/a	right
14	237.708	0.294	correct	0.294	grate	n/a	n/a	n/a	n/a	n/a	n/a	20	3	n/a	n/a	n/a	n/a	n/a	left
14	238.525	0.293	correct	0.293	grate	n/a	n/a	n/a	n/a	n/a	n/a	20	3	n/a	n/a	n/a	n/a	n/a	right
14	239.341	0.477	correct	0.477	grate	n/a	n/a	n/a	n/a	n/a	n/a	20	3	n/a	n/a	n/a	n/a	n/a	right
14	240.341	0.167	incorrect	0.167	grate	n/a	n/a	n/a	n/a	n/a	n/a	20	3	n/a	n/a	n/a	n/a	n/a	left
14	242.007	3.000	remember	0.543	retrieval	retprac	object	face	scene	target	object	21	3	18	66	166	18	242.0	n/a
14	247.041	0.473	correct	0.473	grate	n/a	n/a	n/a	n/a	n/a	n/a	21	3	n/a	n/a	n/a	n/a	n/a	left
14	248.024	0.338	correct	0.338	grate	n/a	n/a	n/a	n/a	n/a	n/a	21	3	n/a	n/a	n/a	n/a	n/a	left
14	248.873	0.449	correct	0.449	grate	n/a	n/a	n/a	n/a	n/a	n/a	21	3	n/a	n/a	n/a	n/a	n/a	right
14	249.840	0.290	incorrect	0.290	grate	n/a	n/a	n/a	n/a	n/a	n/a	21	3	n/a	n/a	n/a	n/a	n/a	right
14	250.640	0.329	correct	0.329	grate	n/a	n/a	n/a	n/a	n/a	n/a	21	3	n/a	n/a	n/a	n/a	n/a	right
14	251.490	0.287	correct	0.287	grate	n/a	n/a	n/a	n/a	n/a	n/a	21	3	n/a	n/a	n/a	n/a	n/a	right
14	252.290	0.217	incorrect	0.217	grate	n/a	n/a	n/a	n/a	n/a	n/a	21	3	n/a	n/a	n/a	n/a	n/a	right
14	254.022	3.000	forget	0.687	retrieval	restudy	scene	face	object	competitor	face	22	3	45	117	269	45	254.0	n/a
14	259.056	0.505	correct	0.505	grate	n/a	n/a	n/a	n/a	n/a	n/a	22	3	n/a	n/a	n/a	n/a	n/a	left
14	260.072	0.361	correct	0.361	grate	n/a	n/a	n/a	n/a	n/a	n/a	22	3	n/a	n/a	n/a	n/a	n/a	left
14	260.956	0.405	correct	0.405	grate	n/a	n/a	n/a	n/a	n/a	n/a	22	3	n/a	n/a	n/a	n/a	n/a	right
14	261.872	0.377	correct	0.377	grate	n/a	n/a	n/a	n/a	n/a	n/a	22	3	n/a	n/a	n/a	n/a	n/a	right
14	262.772	0.389	incorrect	0.389	grate	n/a	n/a	n/a	n/a	n/a	n/a	22	3	n/a	n/a	n/a	n/a	n/a	right
14	263.672	0.305	correct	0.305	grate	n/a	n/a	n/a	n/a	n/a	n/a	22	3	n/a	n/a	n/a	n/a	n/a	right
14	264.489	0.017	correct	0.017	grate	n/a	n/a	n/a	n/a	n/a	n/a	22	3	n/a	n/a	n/a	n/a	n/a	right
14	266.021	3.000	forget	0.320	retrieval	retprac	scene	face	object	competitor	face	23	3	46	118	270	46	266.0	n/a
14	271.055	0.403	correct	0.403	grate	n/a	n/a	n/a	n/a	n/a	n/a	23	3	n/a	n/a	n/a	n/a	n/a	left
14	271.971	0.341	correct	0.341	grate	n/a	n/a	n/a	n/a	n/a	n/a	23	3	n/a	n/a	n/a	n/a	n/a	left
14	272.821	0.315	correct	0.315	grate	n/a	n/a	n/a	n/a	n/a	n/a	23	3	n/a	n/a	n/a	n/a	n/a	right
14	273.654	0.298	incorrect	0.298	grate	n/a	n/a	n/a	n/a	n/a	n/a	23	3	n/a	n/a	n/a	n/a	n/a	right
14	274.471	0.418	correct	0.418	grate	n/a	n/a	n/a	n/a	n/a	n/a	23	3	n/a	n/a	n/a	n/a	n/a	left
14	275.404	0.367	correct	0.367	grate	n/a	n/a	n/a	n/a	n/a	n/a	23	3	n/a	n/a	n/a	n/a	n/a	left
14	276.287	0.233	incorrect	0.233	grate	n/a	n/a	n/a	n/a	n/a	n/a	23	3	n/a	n/a	n/a	n/a	n/a	right
14	278.020	3.000	forget	0.376	retrieval	restudy	object	scene	face	competitor	scene	24	3	139	91	191	243	278.0	n/a
14	283.053	0.363	correct	0.363	grate	n/a	n/a	n/a	n/a	n/a	n/a	24	3	n/a	n/a	n/a	n/a	n/a	right
14	283.937	0.431	correct	0.431	grate	n/a	n/a	n/a	n/a	n/a	n/a	24	3	n/a	n/a	n/a	n/a	n/a	left
14	284.886	0.290	correct	0.290	grate	n/a	n/a	n/a	n/a	n/a	n/a	24	3	n/a	n/a	n/a	n/a	n/a	right
14	285.686	0.393	correct	0.393	grate	n/a	n/a	n/a	n/a	n/a	n/a	24	3	n/a	n/a	n/a	n/a	n/a	left
14	286.603	0.365	correct	0.365	grate	n/a	n/a	n/a	n/a	n/a	n/a	24	3	n/a	n/a	n/a	n/a	n/a	right
14	287.486	0.362	correct	0.362	grate	n/a	n/a	n/a	n/a	n/a	n/a	24	3	n/a	n/a	n/a	n/a	n/a	right
14	288.370	0.150	incorrect	0.150	grate	n/a	n/a	n/a	n/a	n/a	n/a	24	3	n/a	n/a	n/a	n/a	n/a	right
14	290.018	3.000	remember	0.745	retrieval	restudy	face	scene	object	target	face	25	3	117	45	93	221	290.0	n/a
14	295.052	0.531	correct	0.531	grate	n/a	n/a	n/a	n/a	n/a	n/a	25	3	n/a	n/a	n/a	n/a	n/a	left
14	296.102	0.346	correct	0.346	grate	n/a	n/a	n/a	n/a	n/a	n/a	25	3	n/a	n/a	n/a	n/a	n/a	right
14	296.969	0.455	correct	0.455	grate	n/a	n/a	n/a	n/a	n/a	n/a	25	3	n/a	n/a	n/a	n/a	n/a	right
14	297.935	0.368	correct	0.368	grate	n/a	n/a	n/a	n/a	n/a	n/a	25	3	n/a	n/a	n/a	n/a	n/a	right
14	298.818	0.382	correct	0.382	grate	n/a	n/a	n/a	n/a	n/a	n/a	25	3	n/a	n/a	n/a	n/a	n/a	left
14	299.718	0.297	correct	0.297	grate	n/a	n/a	n/a	n/a	n/a	n/a	25	3	n/a	n/a	n/a	n/a	n/a	right
14	300.535	0.100	incorrect	0.100	grate	n/a	n/a	n/a	n/a	n/a	n/a	25	3	n/a	n/a	n/a	n/a	n/a	left
14	302.017	3.000	forget	0.466	retrieval	retprac	face	scene	object	competitor	scene	26	3	114	42	90	218	302.0	n/a
14	307.051	0.365	correct	0.365	grate	n/a	n/a	n/a	n/a	n/a	n/a	26	3	n/a	n/a	n/a	n/a	n/a	left
14	307.934	0.337	correct	0.337	grate	n/a	n/a	n/a	n/a	n/a	n/a	26	3	n/a	n/a	n/a	n/a	n/a	right
14	308.784	0.367	correct	0.367	grate	n/a	n/a	n/a	n/a	n/a	n/a	26	3	n/a	n/a	n/a	n/a	n/a	right
14	309.667	0.332	correct	0.332	grate	n/a	n/a	n/a	n/a	n/a	n/a	26	3	n/a	n/a	n/a	n/a	n/a	left
14	310.517	0.266	incorrect	0.266	grate	n/a	n/a	n/a	n/a	n/a	n/a	26	3	n/a	n/a	n/a	n/a	n/a	left
14	311.301	0.355	correct	0.355	grate	n/a	n/a	n/a	n/a	n/a	n/a	26	3	n/a	n/a	n/a	n/a	n/a	right
14	312.167	0.016	incorrect	0.016	grate	n/a	n/a	n/a	n/a	n/a	n/a	26	3	n/a	n/a	n/a	n/a	n/a	right
14	312.718	0.100	incorrect	0.100	grate	n/a	n/a	n/a	n/a	n/a	n/a	26	3	n/a	n/a	n/a	n/a	n/a	right
14	314.016	3.000	forget	0.426	retrieval	restudy	scene	object	face	competitor	object	27	3	89	137	289	141	314.0	n/a
14	319.050	0.397	correct	0.397	grate	n/a	n/a	n/a	n/a	n/a	n/a	27	3	n/a	n/a	n/a	n/a	n/a	right
14	319.966	0.400	correct	0.400	grate	n/a	n/a	n/a	n/a	n/a	n/a	27	3	n/a	n/a	n/a	n/a	n/a	right
14	320.883	0.357	correct	0.357	grate	n/a	n/a	n/a	n/a	n/a	n/a	27	3	n/a	n/a	n/a	n/a	n/a	left
14	321.749	0.297	correct	0.297	grate	n/a	n/a	n/a	n/a	n/a	n/a	27	3	n/a	n/a	n/a	n/a	n/a	right
14	322.566	0.337	correct	0.337	grate	n/a	n/a	n/a	n/a	n/a	n/a	27	3	n/a	n/a	n/a	n/a	n/a	left
14	323.416	0.382	correct	0.382	grate	n/a	n/a	n/a	n/a	n/a	n/a	27	3	n/a	n/a	n/a	n/a	n/a	right
14	324.316	0.200	incorrect	0.200	grate	n/a	n/a	n/a	n/a	n/a	n/a	27	3	n/a	n/a	n/a	n/a	n/a	left
14	326.015	3.000	forget	0.723	retrieval	retprac	face	scene	object	other	object	28	3	120	48	96	224	326.0	n/a
14	331.048	0.438	correct	0.438	grate	n/a	n/a	n/a	n/a	n/a	n/a	28	3	n/a	n/a	n/a	n/a	n/a	left
14	331.998	0.255	correct	0.255	grate	n/a	n/a	n/a	n/a	n/a	n/a	28	3	n/a	n/a	n/a	n/a	n/a	right
14	332.765	0.273	correct	0.273	grate	n/a	n/a	n/a	n/a	n/a	n/a	28	3	n/a	n/a	n/a	n/a	n/a	left
14	333.548	0.338	correct	0.338	grate	n/a	n/a	n/a	n/a	n/a	n/a	28	3	n/a	n/a	n/a	n/a	n/a	left
14	334.398	0.400	correct	0.400	grate	n/a	n/a	n/a	n/a	n/a	n/a	28	3	n/a	n/a	n/a	n/a	n/a	right
14	335.315	0.251	correct	0.251	grate	n/a	n/a	n/a	n/a	n/a	n/a	28	3	n/a	n/a	n/a	n/a	n/a	left
14	336.081	0.269	incorrect	0.269	grate	n/a	n/a	n/a	n/a	n/a	n/a	28	3	n/a	n/a	n/a	n/a	n/a	left
14	336.865	0.100	incorrect	0.100	grate	n/a	n/a	n/a	n/a	n/a	n/a	28	3	n/a	n/a	n/a	n/a	n/a	left
14	338.014	3.000	remember	0.500	retrieval	restudy	scene	object	face	target	scene	29	3	91	139	291	143	338.0	n/a
14	343.047	0.414	correct	0.414	grate	n/a	n/a	n/a	n/a	n/a	n/a	29	3	n/a	n/a	n/a	n/a	n/a	right
14	343.981	0.409	correct	0.409	grate	n/a	n/a	n/a	n/a	n/a	n/a	29	3	n/a	n/a	n/a	n/a	n/a	right
14	344.897	0.293	incorrect	0.293	grate	n/a	n/a	n/a	n/a	n/a	n/a	29	3	n/a	n/a	n/a	n/a	n/a	left
14	345.697	0.396	correct	0.396	grate	n/a	n/a	n/a	n/a	n/a	n/a	29	3	n/a	n/a	n/a	n/a	n/a	left
14	346.614	0.272	incorrect	0.272	grate	n/a	n/a	n/a	n/a	n/a	n/a	29	3	n/a	n/a	n/a	n/a	n/a	left
14	347.397	0.306	correct	0.306	grate	n/a	n/a	n/a	n/a	n/a	n/a	29	3	n/a	n/a	n/a	n/a	n/a	left
14	348.213	0.300	incorrect	0.300	grate	n/a	n/a	n/a	n/a	n/a	n/a	29	3	n/a	n/a	n/a	n/a	n/a	left
14	350.012	3.000	forget	0.509	retrieval	retprac	face	object	scene	other	scene	30	3	66	18	66	118	350.0	n/a
14	355.046	0.423	correct	0.423	grate	n/a	n/a	n/a	n/a	n/a	n/a	30	3	n/a	n/a	n/a	n/a	n/a	right
14	355.979	0.266	incorrect	0.266	grate	n/a	n/a	n/a	n/a	n/a	n/a	30	3	n/a	n/a	n/a	n/a	n/a	left
14	356.763	0.306	correct	0.306	grate	n/a	n/a	n/a	n/a	n/a	n/a	30	3	n/a	n/a	n/a	n/a	n/a	left
14	357.579	0.314	correct	0.314	grate	n/a	n/a	n/a	n/a	n/a	n/a	30	3	n/a	n/a	n/a	n/a	n/a	left
14	358.412	0.418	correct	0.418	grate	n/a	n/a	n/a	n/a	n/a	n/a	30	3	n/a	n/a	n/a	n/a	n/a	right
14	359.346	0.443	correct	0.443	grate	n/a	n/a	n/a	n/a	n/a	n/a	30	3	n/a	n/a	n/a	n/a	n/a	right
14	360.312	0.200	incorrect	0.200	grate	n/a	n/a	n/a	n/a	n/a	n/a	30	3	n/a	n/a	n/a	n/a	n/a	left
14	362.011	3.000	forget	0.685	retrieval	restudy	face	scene	object	other	object	31	3	119	47	95	223	362.0	n/a
14	367.045	0.392	correct	0.392	grate	n/a	n/a	n/a	n/a	n/a	n/a	31	3	n/a	n/a	n/a	n/a	n/a	left
14	367.945	0.372	correct	0.372	grate	n/a	n/a	n/a	n/a	n/a	n/a	31	3	n/a	n/a	n/a	n/a	n/a	right
14	368.828	0.825	correct	0.825	grate	n/a	n/a	n/a	n/a	n/a	n/a	31	3	n/a	n/a	n/a	n/a	n/a	right
14	370.161	0.403	correct	0.403	grate	n/a	n/a	n/a	n/a	n/a	n/a	31	3	n/a	n/a	n/a	n/a	n/a	right
14	371.078	0.326	correct	0.326	grate	n/a	n/a	n/a	n/a	n/a	n/a	31	3	n/a	n/a	n/a	n/a	n/a	right
14	371.928	0.429	correct	0.429	grate	n/a	n/a	n/a	n/a	n/a	n/a	31	3	n/a	n/a	n/a	n/a	n/a	left
14	372.878	0.100	incorrect	0.100	grate	n/a	n/a	n/a	n/a	n/a	n/a	31	3	n/a	n/a	n/a	n/a	n/a	left
14	374.010	3.000	remember	0.190	retrieval	retprac	face	object	scene	target	face	32	3	70	22	70	122	374.0	n/a
14	379.044	0.456	correct	0.456	grate	n/a	n/a	n/a	n/a	n/a	n/a	32	3	n/a	n/a	n/a	n/a	n/a	right
14	380.010	0.362	correct	0.362	grate	n/a	n/a	n/a	n/a	n/a	n/a	32	3	n/a	n/a	n/a	n/a	n/a	right
14	380.893	0.376	correct	0.376	grate	n/a	n/a	n/a	n/a	n/a	n/a	32	3	n/a	n/a	n/a	n/a	n/a	right
14	381.777	0.315	correct	0.315	grate	n/a	n/a	n/a	n/a	n/a	n/a	32	3	n/a	n/a	n/a	n/a	n/a	right
14	382.610	0.386	correct	0.386	grate	n/a	n/a	n/a	n/a	n/a	n/a	32	3	n/a	n/a	n/a	n/a	n/a	right
14	383.510	0.350	correct	0.350	grate	n/a	n/a	n/a	n/a	n/a	n/a	32	3	n/a	n/a	n/a	n/a	n/a	right
14	384.376	0.133	incorrect	0.133	grate	n/a	n/a	n/a	n/a	n/a	n/a	32	3	n/a	n/a	n/a	n/a	n/a	right
14	386.009	3.000	forget	0.000	retrieval	retprac	object	scene	face	competitor	scene	33	3	138	90	190	242	386.0	n/a
14	391.043	0.625	correct	0.625	grate	n/a	n/a	n/a	n/a	n/a	n/a	33	3	n/a	n/a	n/a	n/a	n/a	right
14	392.176	0.364	correct	0.364	grate	n/a	n/a	n/a	n/a	n/a	n/a	33	3	n/a	n/a	n/a	n/a	n/a	right
14	393.059	0.465	correct	0.465	grate	n/a	n/a	n/a	n/a	n/a	n/a	33	3	n/a	n/a	n/a	n/a	n/a	left
14	394.042	0.489	correct	0.489	grate	n/a	n/a	n/a	n/a	n/a	n/a	33	3	n/a	n/a	n/a	n/a	n/a	left
14	395.042	0.386	correct	0.386	grate	n/a	n/a	n/a	n/a	n/a	n/a	33	3	n/a	n/a	n/a	n/a	n/a	left
14	395.942	0.341	correct	0.341	grate	n/a	n/a	n/a	n/a	n/a	n/a	33	3	n/a	n/a	n/a	n/a	n/a	left
14	396.791	0.100	incorrect	0.100	grate	n/a	n/a	n/a	n/a	n/a	n/a	33	3	n/a	n/a	n/a	n/a	n/a	left
14	398.007	3.000	no response	n/a	retrieval	retprac	face	object	scene	no response	no response	34	3	72	24	72	124	398.0	n/a
14	403.041	0.498	correct	0.498	grate	n/a	n/a	n/a	n/a	n/a	n/a	34	3	n/a	n/a	n/a	n/a	n/a	right
14	404.058	0.321	correct	0.321	grate	n/a	n/a	n/a	n/a	n/a	n/a	34	3	n/a	n/a	n/a	n/a	n/a	right
14	404.891	0.440	correct	0.440	grate	n/a	n/a	n/a	n/a	n/a	n/a	34	3	n/a	n/a	n/a	n/a	n/a	left
14	405.841	0.258	correct	0.258	grate	n/a	n/a	n/a	n/a	n/a	n/a	34	3	n/a	n/a	n/a	n/a	n/a	right
14	406.607	0.371	correct	0.371	grate	n/a	n/a	n/a	n/a	n/a	n/a	34	3	n/a	n/a	n/a	n/a	n/a	left
14	407.491	0.288	correct	0.288	grate	n/a	n/a	n/a	n/a	n/a	n/a	34	3	n/a	n/a	n/a	n/a	n/a	right
14	408.291	0.217	incorrect	0.217	grate	n/a	n/a	n/a	n/a	n/a	n/a	34	3	n/a	n/a	n/a	n/a	n/a	right
14	410.006	3.000	remember	0.416	retrieval	retprac	object	face	scene	target	object	35	3	20	68	168	20	410.0	n/a
14	415.040	0.714	correct	0.714	grate	n/a	n/a	n/a	n/a	n/a	n/a	35	3	n/a	n/a	n/a	n/a	n/a	left
14	416.273	0.329	incorrect	0.329	grate	n/a	n/a	n/a	n/a	n/a	n/a	35	3	n/a	n/a	n/a	n/a	n/a	left
14	417.123	0.368	correct	0.368	grate	n/a	n/a	n/a	n/a	n/a	n/a	35	3	n/a	n/a	n/a	n/a	n/a	right
14	418.006	0.324	correct	0.324	grate	n/a	n/a	n/a	n/a	n/a	n/a	35	3	n/a	n/a	n/a	n/a	n/a	left
14	418.840	0.355	correct	0.355	grate	n/a	n/a	n/a	n/a	n/a	n/a	35	3	n/a	n/a	n/a	n/a	n/a	right
14	419.706	0.312	correct	0.312	grate	n/a	n/a	n/a	n/a	n/a	n/a	35	3	n/a	n/a	n/a	n/a	n/a	left
14	420.539	0.100	incorrect	0.100	grate	n/a	n/a	n/a	n/a	n/a	n/a	35	3	n/a	n/a	n/a	n/a	n/a	right
14	422.022	3.000	forget	0.432	retrieval	restudy	object	face	scene	other	scene	36	3	19	67	167	19	422.0	n/a
14	427.056	0.946	correct	0.946	grate	n/a	n/a	n/a	n/a	n/a	n/a	36	3	n/a	n/a	n/a	n/a	n/a	left
14	428.522	0.344	correct	0.344	grate	n/a	n/a	n/a	n/a	n/a	n/a	36	3	n/a	n/a	n/a	n/a	n/a	right
14	429.389	0.341	correct	0.341	grate	n/a	n/a	n/a	n/a	n/a	n/a	36	3	n/a	n/a	n/a	n/a	n/a	left
14	430.238	0.275	correct	0.275	grate	n/a	n/a	n/a	n/a	n/a	n/a	36	3	n/a	n/a	n/a	n/a	n/a	right
14	431.038	0.340	correct	0.340	grate	n/a	n/a	n/a	n/a	n/a	n/a	36	3	n/a	n/a	n/a	n/a	n/a	left
14	431.888	0.313	incorrect	0.313	grate	n/a	n/a	n/a	n/a	n/a	n/a	36	3	n/a	n/a	n/a	n/a	n/a	left
14	432.721	0.100	incorrect	0.100	grate	n/a	n/a	n/a	n/a	n/a	n/a	36	3	n/a	n/a	n/a	n/a	n/a	right
14	434.020	3.000	remember	0.170	retrieval	retprac	scene	object	face	target	scene	37	3	96	144	296	148	434.0	n/a
14	439.054	0.443	correct	0.443	grate	n/a	n/a	n/a	n/a	n/a	n/a	37	3	n/a	n/a	n/a	n/a	n/a	right
14	440.021	0.309	correct	0.309	grate	n/a	n/a	n/a	n/a	n/a	n/a	37	3	n/a	n/a	n/a	n/a	n/a	left
14	440.837	0.292	correct	0.292	grate	n/a	n/a	n/a	n/a	n/a	n/a	37	3	n/a	n/a	n/a	n/a	n/a	right
14	441.637	0.300	correct	0.300	grate	n/a	n/a	n/a	n/a	n/a	n/a	37	3	n/a	n/a	n/a	n/a	n/a	left
14	442.454	0.292	correct	0.292	grate	n/a	n/a	n/a	n/a	n/a	n/a	37	3	n/a	n/a	n/a	n/a	n/a	right
14	443.254	0.276	incorrect	0.276	grate	n/a	n/a	n/a	n/a	n/a	n/a	37	3	n/a	n/a	n/a	n/a	n/a	right
14	444.037	0.341	correct	0.341	grate	n/a	n/a	n/a	n/a	n/a	n/a	37	3	n/a	n/a	n/a	n/a	n/a	left
14	444.887	0.100	incorrect	0.100	grate	n/a	n/a	n/a	n/a	n/a	n/a	37	3	n/a	n/a	n/a	n/a	n/a	left
14	446.019	3.000	remember	0.538	retrieval	retprac	face	object	scene	target	face	38	3	68	20	68	120	446.0	n/a
14	451.053	0.604	correct	0.604	grate	n/a	n/a	n/a	n/a	n/a	n/a	38	3	n/a	n/a	n/a	n/a	n/a	right
14	452.170	0.288	incorrect	0.288	grate	n/a	n/a	n/a	n/a	n/a	n/a	38	3	n/a	n/a	n/a	n/a	n/a	right
14	452.969	0.520	correct	0.520	grate	n/a	n/a	n/a	n/a	n/a	n/a	38	3	n/a	n/a	n/a	n/a	n/a	left
14	454.003	0.278	incorrect	0.278	grate	n/a	n/a	n/a	n/a	n/a	n/a	38	3	n/a	n/a	n/a	n/a	n/a	left
14	454.803	1.039	correct	1.039	grate	n/a	n/a	n/a	n/a	n/a	n/a	38	3	n/a	n/a	n/a	n/a	n/a	right
14	456.352	0.167	incorrect	0.167	grate	n/a	n/a	n/a	n/a	n/a	n/a	38	3	n/a	n/a	n/a	n/a	n/a	right
14	458.018	3.000	forget	0.482	retrieval	retprac	face	scene	object	other	object	39	3	118	46	94	222	458.0	n/a
14	463.052	0.597	correct	0.597	grate	n/a	n/a	n/a	n/a	n/a	n/a	39	3	n/a	n/a	n/a	n/a	n/a	left
14	464.168	0.560	correct	0.560	grate	n/a	n/a	n/a	n/a	n/a	n/a	39	3	n/a	n/a	n/a	n/a	n/a	right
14	465.252	0.357	correct	0.357	grate	n/a	n/a	n/a	n/a	n/a	n/a	39	3	n/a	n/a	n/a	n/a	n/a	left
14	466.118	0.323	incorrect	0.323	grate	n/a	n/a	n/a	n/a	n/a	n/a	39	3	n/a	n/a	n/a	n/a	n/a	left
14	466.951	0.369	correct	0.369	grate	n/a	n/a	n/a	n/a	n/a	n/a	39	3	n/a	n/a	n/a	n/a	n/a	left
14	467.835	0.334	correct	0.334	grate	n/a	n/a	n/a	n/a	n/a	n/a	39	3	n/a	n/a	n/a	n/a	n/a	right
14	468.685	0.100	incorrect	0.100	grate	n/a	n/a	n/a	n/a	n/a	n/a	39	3	n/a	n/a	n/a	n/a	n/a	left
14	470.017	3.000	forget	0.323	retrieval	restudy	object	face	scene	other	scene	40	3	17	65	165	17	470.0	n/a
14	475.051	0.645	correct	0.645	grate	n/a	n/a	n/a	n/a	n/a	n/a	40	3	n/a	n/a	n/a	n/a	n/a	right
14	476.217	0.343	correct	0.343	grate	n/a	n/a	n/a	n/a	n/a	n/a	40	3	n/a	n/a	n/a	n/a	n/a	left
14	477.067	0.301	correct	0.301	grate	n/a	n/a	n/a	n/a	n/a	n/a	40	3	n/a	n/a	n/a	n/a	n/a	right
14	477.884	0.017	correct	0.017	grate	n/a	n/a	n/a	n/a	n/a	n/a	40	3	n/a	n/a	n/a	n/a	n/a	right
14	478.435	0.358	incorrect	0.358	grate	n/a	n/a	n/a	n/a	n/a	n/a	40	3	n/a	n/a	n/a	n/a	n/a	right
14	479.317	0.372	correct	0.372	grate	n/a	n/a	n/a	n/a	n/a	n/a	40	3	n/a	n/a	n/a	n/a	n/a	right
14	480.200	0.312	incorrect	0.312	grate	n/a	n/a	n/a	n/a	n/a	n/a	40	3	n/a	n/a	n/a	n/a	n/a	left
14	482.016	3.000	forget	0.748	retrieval	retprac	object	scene	face	other	face	41	3	140	92	192	244	482.0	n/a
14	487.049	0.454	correct	0.454	grate	n/a	n/a	n/a	n/a	n/a	n/a	41	3	n/a	n/a	n/a	n/a	n/a	left
14	488.016	0.264	incorrect	0.264	grate	n/a	n/a	n/a	n/a	n/a	n/a	41	3	n/a	n/a	n/a	n/a	n/a	left
14	488.799	0.264	correct	0.264	grate	n/a	n/a	n/a	n/a	n/a	n/a	41	3	n/a	n/a	n/a	n/a	n/a	left
14	489.582	0.016	incorrect	0.016	grate	n/a	n/a	n/a	n/a	n/a	n/a	41	3	n/a	n/a	n/a	n/a	n/a	right
14	490.115	0.500	correct	0.500	grate	n/a	n/a	n/a	n/a	n/a	n/a	41	3	n/a	n/a	n/a	n/a	n/a	right
14	491.132	0.355	correct	0.355	grate	n/a	n/a	n/a	n/a	n/a	n/a	41	3	n/a	n/a	n/a	n/a	n/a	right
14	491.999	0.265	incorrect	0.265	grate	n/a	n/a	n/a	n/a	n/a	n/a	41	3	n/a	n/a	n/a	n/a	n/a	left
14	492.782	0.100	incorrect	0.100	grate	n/a	n/a	n/a	n/a	n/a	n/a	41	3	n/a	n/a	n/a	n/a	n/a	left
14	494.014	3.000	forget	0.573	retrieval	retprac	scene	object	face	other	face	42	3	92	140	292	144	494.0	n/a
14	499.048	0.423	correct	0.423	grate	n/a	n/a	n/a	n/a	n/a	n/a	42	3	n/a	n/a	n/a	n/a	n/a	right
14	499.981	0.379	correct	0.379	grate	n/a	n/a	n/a	n/a	n/a	n/a	42	3	n/a	n/a	n/a	n/a	n/a	left
14	500.881	0.326	incorrect	0.326	grate	n/a	n/a	n/a	n/a	n/a	n/a	42	3	n/a	n/a	n/a	n/a	n/a	left
14	501.715	0.493	correct	0.493	grate	n/a	n/a	n/a	n/a	n/a	n/a	42	3	n/a	n/a	n/a	n/a	n/a	right
14	502.714	0.452	correct	0.452	grate	n/a	n/a	n/a	n/a	n/a	n/a	42	3	n/a	n/a	n/a	n/a	n/a	right
14	503.681	0.374	incorrect	0.374	grate	n/a	n/a	n/a	n/a	n/a	n/a	42	3	n/a	n/a	n/a	n/a	n/a	left
14	504.564	0.100	incorrect	0.100	grate	n/a	n/a	n/a	n/a	n/a	n/a	42	3	n/a	n/a	n/a	n/a	n/a	left
14	506.013	3.000	don't know	0.357	retrieval	restudy	face	object	scene	don't know	don't know	43	3	65	17	65	117	506.0	n/a
14	511.047	1.360	correct	1.360	grate	n/a	n/a	n/a	n/a	n/a	n/a	43	3	n/a	n/a	n/a	n/a	n/a	right
14	512.930	0.357	correct	0.357	grate	n/a	n/a	n/a	n/a	n/a	n/a	43	3	n/a	n/a	n/a	n/a	n/a	right
14	513.797	0.450	correct	0.450	grate	n/a	n/a	n/a	n/a	n/a	n/a	43	3	n/a	n/a	n/a	n/a	n/a	left
14	514.763	0.355	correct	0.355	grate	n/a	n/a	n/a	n/a	n/a	n/a	43	3	n/a	n/a	n/a	n/a	n/a	right
14	515.629	0.361	correct	0.361	grate	n/a	n/a	n/a	n/a	n/a	n/a	43	3	n/a	n/a	n/a	n/a	n/a	left
14	516.513	0.000	incorrect	0.000	grate	n/a	n/a	n/a	n/a	n/a	n/a	43	3	n/a	n/a	n/a	n/a	n/a	right
14	518.012	3.000	remember	0.350	retrieval	restudy	scene	face	object	target	scene	44	3	41	113	265	41	518.0	n/a
14	523.046	0.897	correct	0.897	grate	n/a	n/a	n/a	n/a	n/a	n/a	44	3	n/a	n/a	n/a	n/a	n/a	right
14	524.462	0.361	correct	0.361	grate	n/a	n/a	n/a	n/a	n/a	n/a	44	3	n/a	n/a	n/a	n/a	n/a	left
14	525.345	0.365	correct	0.365	grate	n/a	n/a	n/a	n/a	n/a	n/a	44	3	n/a	n/a	n/a	n/a	n/a	right
14	526.229	0.417	correct	0.417	grate	n/a	n/a	n/a	n/a	n/a	n/a	44	3	n/a	n/a	n/a	n/a	n/a	left
14	527.162	0.388	correct	0.388	grate	n/a	n/a	n/a	n/a	n/a	n/a	44	3	n/a	n/a	n/a	n/a	n/a	right
14	528.079	0.311	incorrect	0.311	grate	n/a	n/a	n/a	n/a	n/a	n/a	44	3	n/a	n/a	n/a	n/a	n/a	right
14	528.912	0.100	incorrect	0.100	grate	n/a	n/a	n/a	n/a	n/a	n/a	44	3	n/a	n/a	n/a	n/a	n/a	right
14	530.011	3.000	forget	0.647	retrieval	restudy	object	scene	face	other	face	45	3	141	93	193	245	530.0	n/a
14	535.045	0.441	correct	0.441	grate	n/a	n/a	n/a	n/a	n/a	n/a	45	3	n/a	n/a	n/a	n/a	n/a	right
14	535.994	0.016	incorrect	0.016	grate	n/a	n/a	n/a	n/a	n/a	n/a	45	3	n/a	n/a	n/a	n/a	n/a	left
14	536.528	0.430	correct	0.430	grate	n/a	n/a	n/a	n/a	n/a	n/a	45	3	n/a	n/a	n/a	n/a	n/a	left
14	537.478	0.352	correct	0.352	grate	n/a	n/a	n/a	n/a	n/a	n/a	45	3	n/a	n/a	n/a	n/a	n/a	left
14	538.344	0.334	correct	0.334	grate	n/a	n/a	n/a	n/a	n/a	n/a	45	3	n/a	n/a	n/a	n/a	n/a	left
14	539.194	0.348	correct	0.348	grate	n/a	n/a	n/a	n/a	n/a	n/a	45	3	n/a	n/a	n/a	n/a	n/a	left
14	540.061	0.305	correct	0.305	grate	n/a	n/a	n/a	n/a	n/a	n/a	45	3	n/a	n/a	n/a	n/a	n/a	left
14	540.877	0.100	incorrect	0.100	grate	n/a	n/a	n/a	n/a	n/a	n/a	45	3	n/a	n/a	n/a	n/a	n/a	left
14	542.009	3.000	no response	n/a	retrieval	restudy	face	object	scene	no response	no response	46	3	69	21	69	121	542.0	n/a
14	547.043	0.634	correct	0.634	grate	n/a	n/a	n/a	n/a	n/a	n/a	46	3	n/a	n/a	n/a	n/a	n/a	left
14	548.193	0.364	correct	0.364	grate	n/a	n/a	n/a	n/a	n/a	n/a	46	3	n/a	n/a	n/a	n/a	n/a	left
14	549.076	0.432	correct	0.432	grate	n/a	n/a	n/a	n/a	n/a	n/a	46	3	n/a	n/a	n/a	n/a	n/a	right
14	550.026	0.315	incorrect	0.315	grate	n/a	n/a	n/a	n/a	n/a	n/a	46	3	n/a	n/a	n/a	n/a	n/a	right
14	550.860	0.274	incorrect	0.274	grate	n/a	n/a	n/a	n/a	n/a	n/a	46	3	n/a	n/a	n/a	n/a	n/a	left
14	551.643	0.275	incorrect	0.275	grate	n/a	n/a	n/a	n/a	n/a	n/a	46	3	n/a	n/a	n/a	n/a	n/a	right
14	552.426	0.083	incorrect	0.083	grate	n/a	n/a	n/a	n/a	n/a	n/a	46	3	n/a	n/a	n/a	n/a	n/a	right
14	554.008	3.000	forget	0.480	retrieval	restudy	object	face	scene	competitor	face	47	3	23	71	171	23	554.0	n/a
14	559.042	0.467	correct	0.467	grate	n/a	n/a	n/a	n/a	n/a	n/a	47	3	n/a	n/a	n/a	n/a	n/a	right
14	560.025	0.017	incorrect	0.017	grate	n/a	n/a	n/a	n/a	n/a	n/a	47	3	n/a	n/a	n/a	n/a	n/a	left
14	560.577	0.676	correct	0.676	grate	n/a	n/a	n/a	n/a	n/a	n/a	47	3	n/a	n/a	n/a	n/a	n/a	right
14	561.775	0.254	correct	0.254	grate	n/a	n/a	n/a	n/a	n/a	n/a	47	3	n/a	n/a	n/a	n/a	n/a	right
14	562.541	0.247	correct	0.247	grate	n/a	n/a	n/a	n/a	n/a	n/a	47	3	n/a	n/a	n/a	n/a	n/a	right
14	563.308	0.249	incorrect	0.249	grate	n/a	n/a	n/a	n/a	n/a	n/a	47	3	n/a	n/a	n/a	n/a	n/a	left
14	564.075	0.433	incorrect	0.433	grate	n/a	n/a	n/a	n/a	n/a	n/a	47	3	n/a	n/a	n/a	n/a	n/a	right
14	566.007	3.000	forget	0.313	retrieval	retprac	object	scene	face	competitor	scene	48	3	142	94	194	246	566.0	n/a
14	571.041	0.563	correct	0.563	grate	n/a	n/a	n/a	n/a	n/a	n/a	48	3	n/a	n/a	n/a	n/a	n/a	left
14	572.124	0.640	correct	0.640	grate	n/a	n/a	n/a	n/a	n/a	n/a	48	3	n/a	n/a	n/a	n/a	n/a	left
14	573.291	0.282	correct	0.282	grate	n/a	n/a	n/a	n/a	n/a	n/a	48	3	n/a	n/a	n/a	n/a	n/a	left
14	574.090	0.273	incorrect	0.273	grate	n/a	n/a	n/a	n/a	n/a	n/a	48	3	n/a	n/a	n/a	n/a	n/a	right
14	574.874	0.355	correct	0.355	grate	n/a	n/a	n/a	n/a	n/a	n/a	48	3	n/a	n/a	n/a	n/a	n/a	left
14	575.740	0.408	correct	0.408	grate	n/a	n/a	n/a	n/a	n/a	n/a	48	3	n/a	n/a	n/a	n/a	n/a	left
14	576.657	0.100	incorrect	0.100	grate	n/a	n/a	n/a	n/a	n/a	n/a	48	3	n/a	n/a	n/a	n/a	n/a	left
