sub_id	onset	duration	trial_type	response_time	task_type	update_cond	cate_c	cate_b	cate_o	response_type	response	trial_id	run_id	word_id	img_id	stim_c	stim_b	design_onset	grate_orientation
8	2.009	3.000	remember	0.694	retrieval	restudy	object	face	scene	target	object	1	1	1	49	149	1	2.0	n/a
8	7.043	1.224	correct	1.224	grate	n/a	n/a	n/a	n/a	n/a	n/a	1	1	n/a	n/a	n/a	n/a	n/a	right
8	8.776	0.763	correct	0.763	grate	n/a	n/a	n/a	n/a	n/a	n/a	1	1	n/a	n/a	n/a	n/a	n/a	left
8	10.060	0.680	correct	0.680	grate	n/a	n/a	n/a	n/a	n/a	n/a	1	1	n/a	n/a	n/a	n/a	n/a	left
8	11.259	0.584	correct	0.584	grate	n/a	n/a	n/a	n/a	n/a	n/a	1	1	n/a	n/a	n/a	n/a	n/a	left
8	12.359	0.150	incorrect	0.150	grate	n/a	n/a	n/a	n/a	n/a	n/a	1	1	n/a	n/a	n/a	n/a	n/a	left
8	14.008	3.000	remember	0.503	retrieval	restudy	face	object	scene	target	face	2	1	55	7	55	107	14.0	n/a
8	19.042	0.737	correct	0.737	grate	n/a	n/a	n/a	n/a	n/a	n/a	2	1	n/a	n/a	n/a	n/a	n/a	left
8	20.292	0.680	correct	0.680	grate	n/a	n/a	n/a	n/a	n/a	n/a	2	1	n/a	n/a	n/a	n/a	n/a	right
8	21.492	0.512	correct	0.512	grate	n/a	n/a	n/a	n/a	n/a	n/a	2	1	n/a	n/a	n/a	n/a	n/a	left
8	22.525	0.566	correct	0.566	grate	n/a	n/a	n/a	n/a	n/a	n/a	2	1	n/a	n/a	n/a	n/a	n/a	left
8	23.609	0.548	correct	0.548	grate	n/a	n/a	n/a	n/a	n/a	n/a	2	1	n/a	n/a	n/a	n/a	n/a	right
8	24.675	0.100	incorrect	0.100	grate	n/a	n/a	n/a	n/a	n/a	n/a	2	1	n/a	n/a	n/a	n/a	n/a	right
8	26.007	3.000	remember	0.824	retrieval	restudy	object	face	scene	target	object	3	1	5	53	153	5	26.0	n/a
8	31.042	0.610	correct	0.610	grate	n/a	n/a	n/a	n/a	n/a	n/a	3	1	n/a	n/a	n/a	n/a	n/a	right
8	32.175	0.446	correct	0.446	grate	n/a	n/a	n/a	n/a	n/a	n/a	3	1	n/a	n/a	n/a	n/a	n/a	right
8	33.141	0.535	correct	0.535	grate	n/a	n/a	n/a	n/a	n/a	n/a	3	1	n/a	n/a	n/a	n/a	n/a	right
8	34.191	0.414	correct	0.414	grate	n/a	n/a	n/a	n/a	n/a	n/a	3	1	n/a	n/a	n/a	n/a	n/a	left
8	35.124	0.415	correct	0.415	grate	n/a	n/a	n/a	n/a	n/a	n/a	3	1	n/a	n/a	n/a	n/a	n/a	left
8	36.058	0.450	incorrect	0.450	grate	n/a	n/a	n/a	n/a	n/a	n/a	3	1	n/a	n/a	n/a	n/a	n/a	right
8	38.007	3.000	remember	0.464	retrieval	retprac	face	object	scene	target	face	4	1	52	4	52	104	38.0	n/a
8	43.041	0.594	correct	0.594	grate	n/a	n/a	n/a	n/a	n/a	n/a	4	1	n/a	n/a	n/a	n/a	n/a	left
8	44.157	0.518	correct	0.518	grate	n/a	n/a	n/a	n/a	n/a	n/a	4	1	n/a	n/a	n/a	n/a	n/a	right
8	45.190	0.461	correct	0.461	grate	n/a	n/a	n/a	n/a	n/a	n/a	4	1	n/a	n/a	n/a	n/a	n/a	right
8	46.174	0.501	correct	0.501	grate	n/a	n/a	n/a	n/a	n/a	n/a	4	1	n/a	n/a	n/a	n/a	n/a	right
8	47.190	0.645	correct	0.645	grate	n/a	n/a	n/a	n/a	n/a	n/a	4	1	n/a	n/a	n/a	n/a	n/a	right
8	48.357	0.150	incorrect	0.150	grate	n/a	n/a	n/a	n/a	n/a	n/a	4	1	n/a	n/a	n/a	n/a	n/a	left
8	50.006	3.000	forget	0.545	retrieval	restudy	object	scene	face	other	face	5	1	127	79	179	231	50.0	n/a
8	55.040	0.547	correct	0.547	grate	n/a	n/a	n/a	n/a	n/a	n/a	5	1	n/a	n/a	n/a	n/a	n/a	left
8	56.106	0.505	correct	0.505	grate	n/a	n/a	n/a	n/a	n/a	n/a	5	1	n/a	n/a	n/a	n/a	n/a	right
8	57.123	0.425	correct	0.425	grate	n/a	n/a	n/a	n/a	n/a	n/a	5	1	n/a	n/a	n/a	n/a	n/a	left
8	58.056	0.403	correct	0.403	grate	n/a	n/a	n/a	n/a	n/a	n/a	5	1	n/a	n/a	n/a	n/a	n/a	left
8	58.973	0.462	correct	0.462	grate	n/a	n/a	n/a	n/a	n/a	n/a	5	1	n/a	n/a	n/a	n/a	n/a	right
8	59.956	0.439	correct	0.439	grate	n/a	n/a	n/a	n/a	n/a	n/a	5	1	n/a	n/a	n/a	n/a	n/a	right
8	60.906	0.100	incorrect	0.100	grate	n/a	n/a	n/a	n/a	n/a	n/a	5	1	n/a	n/a	n/a	n/a	n/a	left
8	62.021	3.000	remember	0.337	retrieval	retprac	face	scene	object	target	face	6	1	100	28	76	204	62.0	n/a
8	67.056	0.451	correct	0.451	grate	n/a	n/a	n/a	n/a	n/a	n/a	6	1	n/a	n/a	n/a	n/a	n/a	right
8	68.022	0.453	correct	0.453	grate	n/a	n/a	n/a	n/a	n/a	n/a	6	1	n/a	n/a	n/a	n/a	n/a	left
8	68.989	0.478	correct	0.478	grate	n/a	n/a	n/a	n/a	n/a	n/a	6	1	n/a	n/a	n/a	n/a	n/a	left
8	69.989	0.511	correct	0.511	grate	n/a	n/a	n/a	n/a	n/a	n/a	6	1	n/a	n/a	n/a	n/a	n/a	right
8	71.022	0.390	correct	0.390	grate	n/a	n/a	n/a	n/a	n/a	n/a	6	1	n/a	n/a	n/a	n/a	n/a	right
8	71.922	0.449	correct	0.449	grate	n/a	n/a	n/a	n/a	n/a	n/a	6	1	n/a	n/a	n/a	n/a	n/a	left
8	72.888	0.100	incorrect	0.100	grate	n/a	n/a	n/a	n/a	n/a	n/a	6	1	n/a	n/a	n/a	n/a	n/a	left
8	74.021	3.000	forget	0.578	retrieval	retprac	scene	object	face	competitor	object	7	1	74	122	274	126	74.0	n/a
8	79.055	0.476	correct	0.476	grate	n/a	n/a	n/a	n/a	n/a	n/a	7	1	n/a	n/a	n/a	n/a	n/a	left
8	80.038	0.429	correct	0.429	grate	n/a	n/a	n/a	n/a	n/a	n/a	7	1	n/a	n/a	n/a	n/a	n/a	left
8	80.988	0.415	correct	0.415	grate	n/a	n/a	n/a	n/a	n/a	n/a	7	1	n/a	n/a	n/a	n/a	n/a	left
8	81.921	0.466	correct	0.466	grate	n/a	n/a	n/a	n/a	n/a	n/a	7	1	n/a	n/a	n/a	n/a	n/a	left
8	82.904	0.506	correct	0.506	grate	n/a	n/a	n/a	n/a	n/a	n/a	7	1	n/a	n/a	n/a	n/a	n/a	left
8	83.921	0.578	correct	0.578	grate	n/a	n/a	n/a	n/a	n/a	n/a	7	1	n/a	n/a	n/a	n/a	n/a	left
8	85.021	0.100	incorrect	0.100	grate	n/a	n/a	n/a	n/a	n/a	n/a	7	1	n/a	n/a	n/a	n/a	n/a	left
8	86.020	3.000	forget	0.298	retrieval	retprac	scene	face	object	competitor	face	8	1	32	104	256	32	86.0	n/a
8	91.054	0.445	correct	0.445	grate	n/a	n/a	n/a	n/a	n/a	n/a	8	1	n/a	n/a	n/a	n/a	n/a	right
8	92.020	0.367	correct	0.367	grate	n/a	n/a	n/a	n/a	n/a	n/a	8	1	n/a	n/a	n/a	n/a	n/a	right
8	92.904	0.427	correct	0.427	grate	n/a	n/a	n/a	n/a	n/a	n/a	8	1	n/a	n/a	n/a	n/a	n/a	right
8	93.853	0.437	correct	0.437	grate	n/a	n/a	n/a	n/a	n/a	n/a	8	1	n/a	n/a	n/a	n/a	n/a	right
8	94.804	0.535	correct	0.535	grate	n/a	n/a	n/a	n/a	n/a	n/a	8	1	n/a	n/a	n/a	n/a	n/a	left
8	95.853	0.493	correct	0.493	grate	n/a	n/a	n/a	n/a	n/a	n/a	8	1	n/a	n/a	n/a	n/a	n/a	right
8	96.870	0.100	incorrect	0.100	grate	n/a	n/a	n/a	n/a	n/a	n/a	8	1	n/a	n/a	n/a	n/a	n/a	right
8	98.019	3.000	remember	0.571	retrieval	restudy	face	object	scene	target	face	9	1	51	3	51	103	98.0	n/a
8	103.053	0.525	correct	0.525	grate	n/a	n/a	n/a	n/a	n/a	n/a	9	1	n/a	n/a	n/a	n/a	n/a	left
8	104.086	0.740	correct	0.740	grate	n/a	n/a	n/a	n/a	n/a	n/a	9	1	n/a	n/a	n/a	n/a	n/a	right
8	105.336	0.434	correct	0.434	grate	n/a	n/a	n/a	n/a	n/a	n/a	9	1	n/a	n/a	n/a	n/a	n/a	left
8	106.286	0.485	correct	0.485	grate	n/a	n/a	n/a	n/a	n/a	n/a	9	1	n/a	n/a	n/a	n/a	n/a	left
8	107.286	0.540	correct	0.540	grate	n/a	n/a	n/a	n/a	n/a	n/a	9	1	n/a	n/a	n/a	n/a	n/a	right
8	108.336	0.183	incorrect	0.183	grate	n/a	n/a	n/a	n/a	n/a	n/a	9	1	n/a	n/a	n/a	n/a	n/a	left
8	110.018	3.000	forget	0.501	retrieval	retprac	object	scene	face	competitor	scene	10	1	128	80	180	232	110.0	n/a
8	115.052	0.382	correct	0.382	grate	n/a	n/a	n/a	n/a	n/a	n/a	10	1	n/a	n/a	n/a	n/a	n/a	left
8	115.952	0.394	correct	0.394	grate	n/a	n/a	n/a	n/a	n/a	n/a	10	1	n/a	n/a	n/a	n/a	n/a	right
8	116.869	0.414	correct	0.414	grate	n/a	n/a	n/a	n/a	n/a	n/a	10	1	n/a	n/a	n/a	n/a	n/a	right
8	117.802	0.377	correct	0.377	grate	n/a	n/a	n/a	n/a	n/a	n/a	10	1	n/a	n/a	n/a	n/a	n/a	right
8	118.702	0.397	correct	0.397	grate	n/a	n/a	n/a	n/a	n/a	n/a	10	1	n/a	n/a	n/a	n/a	n/a	right
8	119.619	0.408	correct	0.408	grate	n/a	n/a	n/a	n/a	n/a	n/a	10	1	n/a	n/a	n/a	n/a	n/a	right
8	120.535	0.100	incorrect	0.100	grate	n/a	n/a	n/a	n/a	n/a	n/a	10	1	n/a	n/a	n/a	n/a	n/a	right
8	122.017	3.000	remember	0.637	retrieval	restudy	scene	object	face	target	scene	11	1	77	125	277	129	122.0	n/a
8	127.052	0.503	correct	0.503	grate	n/a	n/a	n/a	n/a	n/a	n/a	11	1	n/a	n/a	n/a	n/a	n/a	left
8	128.068	0.462	correct	0.462	grate	n/a	n/a	n/a	n/a	n/a	n/a	11	1	n/a	n/a	n/a	n/a	n/a	right
8	129.051	0.473	correct	0.473	grate	n/a	n/a	n/a	n/a	n/a	n/a	11	1	n/a	n/a	n/a	n/a	n/a	right
8	130.034	0.432	correct	0.432	grate	n/a	n/a	n/a	n/a	n/a	n/a	11	1	n/a	n/a	n/a	n/a	n/a	left
8	130.984	0.418	correct	0.418	grate	n/a	n/a	n/a	n/a	n/a	n/a	11	1	n/a	n/a	n/a	n/a	n/a	right
8	131.918	0.429	correct	0.429	grate	n/a	n/a	n/a	n/a	n/a	n/a	11	1	n/a	n/a	n/a	n/a	n/a	right
8	132.868	0.100	incorrect	0.100	grate	n/a	n/a	n/a	n/a	n/a	n/a	11	1	n/a	n/a	n/a	n/a	n/a	right
8	134.017	3.000	forget	0.246	retrieval	restudy	object	scene	face	competitor	scene	12	1	123	75	175	227	134.0	n/a
8	139.051	0.416	correct	0.416	grate	n/a	n/a	n/a	n/a	n/a	n/a	12	1	n/a	n/a	n/a	n/a	n/a	right
8	139.984	0.443	correct	0.443	grate	n/a	n/a	n/a	n/a	n/a	n/a	12	1	n/a	n/a	n/a	n/a	n/a	right
8	140.934	0.557	correct	0.557	grate	n/a	n/a	n/a	n/a	n/a	n/a	12	1	n/a	n/a	n/a	n/a	n/a	right
8	142.000	0.386	correct	0.386	grate	n/a	n/a	n/a	n/a	n/a	n/a	12	1	n/a	n/a	n/a	n/a	n/a	left
8	142.900	0.558	correct	0.558	grate	n/a	n/a	n/a	n/a	n/a	n/a	12	1	n/a	n/a	n/a	n/a	n/a	left
8	143.967	0.460	correct	0.460	grate	n/a	n/a	n/a	n/a	n/a	n/a	12	1	n/a	n/a	n/a	n/a	n/a	right
8	144.950	0.100	incorrect	0.100	grate	n/a	n/a	n/a	n/a	n/a	n/a	12	1	n/a	n/a	n/a	n/a	n/a	left
8	146.016	3.000	remember	0.414	retrieval	retprac	object	face	scene	target	object	13	1	4	52	152	4	146.0	n/a
8	151.050	0.432	correct	0.432	grate	n/a	n/a	n/a	n/a	n/a	n/a	13	1	n/a	n/a	n/a	n/a	n/a	left
8	152.000	0.483	correct	0.483	grate	n/a	n/a	n/a	n/a	n/a	n/a	13	1	n/a	n/a	n/a	n/a	n/a	right
8	153.000	0.395	correct	0.395	grate	n/a	n/a	n/a	n/a	n/a	n/a	13	1	n/a	n/a	n/a	n/a	n/a	left
8	153.916	0.335	correct	0.335	grate	n/a	n/a	n/a	n/a	n/a	n/a	13	1	n/a	n/a	n/a	n/a	n/a	right
8	154.766	0.460	correct	0.460	grate	n/a	n/a	n/a	n/a	n/a	n/a	13	1	n/a	n/a	n/a	n/a	n/a	right
8	155.749	0.413	correct	0.413	grate	n/a	n/a	n/a	n/a	n/a	n/a	13	1	n/a	n/a	n/a	n/a	n/a	right
8	156.683	0.100	incorrect	0.100	grate	n/a	n/a	n/a	n/a	n/a	n/a	13	1	n/a	n/a	n/a	n/a	n/a	right
8	158.015	3.000	forget	0.935	retrieval	retprac	object	face	scene	competitor	face	14	1	8	56	156	8	158.0	n/a
8	163.049	0.425	correct	0.425	grate	n/a	n/a	n/a	n/a	n/a	n/a	14	1	n/a	n/a	n/a	n/a	n/a	right
8	163.982	0.452	correct	0.452	grate	n/a	n/a	n/a	n/a	n/a	n/a	14	1	n/a	n/a	n/a	n/a	n/a	left
8	164.949	0.405	correct	0.405	grate	n/a	n/a	n/a	n/a	n/a	n/a	14	1	n/a	n/a	n/a	n/a	n/a	left
8	165.865	0.433	correct	0.433	grate	n/a	n/a	n/a	n/a	n/a	n/a	14	1	n/a	n/a	n/a	n/a	n/a	left
8	166.815	0.507	correct	0.507	grate	n/a	n/a	n/a	n/a	n/a	n/a	14	1	n/a	n/a	n/a	n/a	n/a	right
8	167.832	0.458	correct	0.458	grate	n/a	n/a	n/a	n/a	n/a	n/a	14	1	n/a	n/a	n/a	n/a	n/a	right
8	168.799	0.100	incorrect	0.100	grate	n/a	n/a	n/a	n/a	n/a	n/a	14	1	n/a	n/a	n/a	n/a	n/a	left
8	170.014	3.000	remember	0.319	retrieval	retprac	object	scene	face	target	object	15	1	122	74	174	226	170.0	n/a
8	175.048	0.378	correct	0.378	grate	n/a	n/a	n/a	n/a	n/a	n/a	15	1	n/a	n/a	n/a	n/a	n/a	right
8	175.948	0.358	correct	0.358	grate	n/a	n/a	n/a	n/a	n/a	n/a	15	1	n/a	n/a	n/a	n/a	n/a	right
8	176.815	0.539	correct	0.539	grate	n/a	n/a	n/a	n/a	n/a	n/a	15	1	n/a	n/a	n/a	n/a	n/a	left
8	177.865	0.450	correct	0.450	grate	n/a	n/a	n/a	n/a	n/a	n/a	15	1	n/a	n/a	n/a	n/a	n/a	left
8	178.831	0.515	correct	0.515	grate	n/a	n/a	n/a	n/a	n/a	n/a	15	1	n/a	n/a	n/a	n/a	n/a	right
8	179.864	0.449	correct	0.449	grate	n/a	n/a	n/a	n/a	n/a	n/a	15	1	n/a	n/a	n/a	n/a	n/a	right
8	180.831	0.100	incorrect	0.100	grate	n/a	n/a	n/a	n/a	n/a	n/a	15	1	n/a	n/a	n/a	n/a	n/a	right
8	182.013	3.000	remember	0.712	retrieval	retprac	object	face	scene	target	object	16	1	6	54	154	6	182.0	n/a
8	187.047	0.403	correct	0.403	grate	n/a	n/a	n/a	n/a	n/a	n/a	16	1	n/a	n/a	n/a	n/a	n/a	right
8	187.964	0.446	correct	0.446	grate	n/a	n/a	n/a	n/a	n/a	n/a	16	1	n/a	n/a	n/a	n/a	n/a	left
8	188.930	0.415	correct	0.415	grate	n/a	n/a	n/a	n/a	n/a	n/a	16	1	n/a	n/a	n/a	n/a	n/a	left
8	189.863	0.538	correct	0.538	grate	n/a	n/a	n/a	n/a	n/a	n/a	16	1	n/a	n/a	n/a	n/a	n/a	left
8	190.913	0.536	correct	0.536	grate	n/a	n/a	n/a	n/a	n/a	n/a	16	1	n/a	n/a	n/a	n/a	n/a	right
8	191.964	0.414	correct	0.414	grate	n/a	n/a	n/a	n/a	n/a	n/a	16	1	n/a	n/a	n/a	n/a	n/a	right
8	192.897	0.100	incorrect	0.100	grate	n/a	n/a	n/a	n/a	n/a	n/a	16	1	n/a	n/a	n/a	n/a	n/a	left
8	194.012	3.000	remember	0.353	retrieval	restudy	object	scene	face	target	object	17	1	121	73	173	225	194.0	n/a
8	199.047	0.419	correct	0.419	grate	n/a	n/a	n/a	n/a	n/a	n/a	17	1	n/a	n/a	n/a	n/a	n/a	right
8	199.980	0.478	correct	0.478	grate	n/a	n/a	n/a	n/a	n/a	n/a	17	1	n/a	n/a	n/a	n/a	n/a	left
8	200.979	1.134	correct	1.134	grate	n/a	n/a	n/a	n/a	n/a	n/a	17	1	n/a	n/a	n/a	n/a	n/a	left
8	202.630	0.356	correct	0.356	grate	n/a	n/a	n/a	n/a	n/a	n/a	17	1	n/a	n/a	n/a	n/a	n/a	left
8	203.496	0.465	correct	0.465	grate	n/a	n/a	n/a	n/a	n/a	n/a	17	1	n/a	n/a	n/a	n/a	n/a	left
8	204.479	0.033	incorrect	0.033	grate	n/a	n/a	n/a	n/a	n/a	n/a	17	1	n/a	n/a	n/a	n/a	n/a	left
8	206.012	3.000	forget	0.874	retrieval	retprac	face	object	scene	competitor	object	18	1	50	2	50	102	206.0	n/a
8	211.046	0.396	correct	0.396	grate	n/a	n/a	n/a	n/a	n/a	n/a	18	1	n/a	n/a	n/a	n/a	n/a	right
8	211.962	0.439	correct	0.439	grate	n/a	n/a	n/a	n/a	n/a	n/a	18	1	n/a	n/a	n/a	n/a	n/a	right
8	212.912	0.513	correct	0.513	grate	n/a	n/a	n/a	n/a	n/a	n/a	18	1	n/a	n/a	n/a	n/a	n/a	left
8	213.945	0.424	correct	0.424	grate	n/a	n/a	n/a	n/a	n/a	n/a	18	1	n/a	n/a	n/a	n/a	n/a	left
8	214.879	0.452	correct	0.452	grate	n/a	n/a	n/a	n/a	n/a	n/a	18	1	n/a	n/a	n/a	n/a	n/a	left
8	215.845	0.428	correct	0.428	grate	n/a	n/a	n/a	n/a	n/a	n/a	18	1	n/a	n/a	n/a	n/a	n/a	left
8	216.795	0.100	incorrect	0.100	grate	n/a	n/a	n/a	n/a	n/a	n/a	18	1	n/a	n/a	n/a	n/a	n/a	left
8	218.011	3.000	remember	0.290	retrieval	retprac	scene	face	object	target	scene	19	1	26	98	250	26	218.0	n/a
8	223.045	1.143	correct	1.143	grate	n/a	n/a	n/a	n/a	n/a	n/a	19	1	n/a	n/a	n/a	n/a	n/a	left
8	224.695	0.380	correct	0.380	grate	n/a	n/a	n/a	n/a	n/a	n/a	19	1	n/a	n/a	n/a	n/a	n/a	left
8	225.595	0.399	correct	0.399	grate	n/a	n/a	n/a	n/a	n/a	n/a	19	1	n/a	n/a	n/a	n/a	n/a	left
8	226.511	0.370	correct	0.370	grate	n/a	n/a	n/a	n/a	n/a	n/a	19	1	n/a	n/a	n/a	n/a	n/a	left
8	227.394	0.480	correct	0.480	grate	n/a	n/a	n/a	n/a	n/a	n/a	19	1	n/a	n/a	n/a	n/a	n/a	right
8	228.394	0.116	incorrect	0.116	grate	n/a	n/a	n/a	n/a	n/a	n/a	19	1	n/a	n/a	n/a	n/a	n/a	right
8	230.010	3.000	remember	0.435	retrieval	retprac	face	scene	object	target	face	20	1	102	30	78	206	230.0	n/a
8	235.044	0.573	correct	0.573	grate	n/a	n/a	n/a	n/a	n/a	n/a	20	1	n/a	n/a	n/a	n/a	n/a	right
8	236.127	0.410	correct	0.410	grate	n/a	n/a	n/a	n/a	n/a	n/a	20	1	n/a	n/a	n/a	n/a	n/a	right
8	237.060	0.493	correct	0.493	grate	n/a	n/a	n/a	n/a	n/a	n/a	20	1	n/a	n/a	n/a	n/a	n/a	left
8	238.077	0.477	correct	0.477	grate	n/a	n/a	n/a	n/a	n/a	n/a	20	1	n/a	n/a	n/a	n/a	n/a	right
8	239.077	0.389	correct	0.389	grate	n/a	n/a	n/a	n/a	n/a	n/a	20	1	n/a	n/a	n/a	n/a	n/a	right
8	239.977	0.369	correct	0.369	grate	n/a	n/a	n/a	n/a	n/a	n/a	20	1	n/a	n/a	n/a	n/a	n/a	right
8	240.860	0.100	incorrect	0.100	grate	n/a	n/a	n/a	n/a	n/a	n/a	20	1	n/a	n/a	n/a	n/a	n/a	left
8	242.009	3.000	remember	0.373	retrieval	restudy	face	scene	object	target	face	21	1	103	31	79	207	242.0	n/a
8	247.043	0.454	correct	0.454	grate	n/a	n/a	n/a	n/a	n/a	n/a	21	1	n/a	n/a	n/a	n/a	n/a	right
8	248.010	0.448	correct	0.448	grate	n/a	n/a	n/a	n/a	n/a	n/a	21	1	n/a	n/a	n/a	n/a	n/a	right
8	248.976	0.505	correct	0.505	grate	n/a	n/a	n/a	n/a	n/a	n/a	21	1	n/a	n/a	n/a	n/a	n/a	left
8	249.993	0.472	correct	0.472	grate	n/a	n/a	n/a	n/a	n/a	n/a	21	1	n/a	n/a	n/a	n/a	n/a	left
8	250.976	0.554	correct	0.554	grate	n/a	n/a	n/a	n/a	n/a	n/a	21	1	n/a	n/a	n/a	n/a	n/a	right
8	252.043	0.415	correct	0.415	grate	n/a	n/a	n/a	n/a	n/a	n/a	21	1	n/a	n/a	n/a	n/a	n/a	right
8	252.976	0.100	incorrect	0.100	grate	n/a	n/a	n/a	n/a	n/a	n/a	21	1	n/a	n/a	n/a	n/a	n/a	left
8	254.008	3.000	forget	0.292	retrieval	restudy	scene	object	face	competitor	object	22	1	73	121	273	125	254.0	n/a
8	259.042	0.447	correct	0.447	grate	n/a	n/a	n/a	n/a	n/a	n/a	22	1	n/a	n/a	n/a	n/a	n/a	left
8	260.009	0.352	correct	0.352	grate	n/a	n/a	n/a	n/a	n/a	n/a	22	1	n/a	n/a	n/a	n/a	n/a	left
8	260.875	0.494	correct	0.494	grate	n/a	n/a	n/a	n/a	n/a	n/a	22	1	n/a	n/a	n/a	n/a	n/a	right
8	261.892	0.437	correct	0.437	grate	n/a	n/a	n/a	n/a	n/a	n/a	22	1	n/a	n/a	n/a	n/a	n/a	right
8	262.842	0.447	correct	0.447	grate	n/a	n/a	n/a	n/a	n/a	n/a	22	1	n/a	n/a	n/a	n/a	n/a	left
8	263.808	0.473	correct	0.473	grate	n/a	n/a	n/a	n/a	n/a	n/a	22	1	n/a	n/a	n/a	n/a	n/a	left
8	264.792	0.100	incorrect	0.100	grate	n/a	n/a	n/a	n/a	n/a	n/a	22	1	n/a	n/a	n/a	n/a	n/a	left
8	266.007	3.000	remember	0.286	retrieval	retprac	face	scene	object	target	face	23	1	104	32	80	208	266.0	n/a
8	271.041	0.440	correct	0.440	grate	n/a	n/a	n/a	n/a	n/a	n/a	23	1	n/a	n/a	n/a	n/a	n/a	right
8	271.991	0.426	correct	0.426	grate	n/a	n/a	n/a	n/a	n/a	n/a	23	1	n/a	n/a	n/a	n/a	n/a	right
8	272.925	0.516	correct	0.516	grate	n/a	n/a	n/a	n/a	n/a	n/a	23	1	n/a	n/a	n/a	n/a	n/a	left
8	273.958	0.387	correct	0.387	grate	n/a	n/a	n/a	n/a	n/a	n/a	23	1	n/a	n/a	n/a	n/a	n/a	left
8	274.858	0.512	correct	0.512	grate	n/a	n/a	n/a	n/a	n/a	n/a	23	1	n/a	n/a	n/a	n/a	n/a	left
8	275.891	0.616	incorrect	0.616	grate	n/a	n/a	n/a	n/a	n/a	n/a	23	1	n/a	n/a	n/a	n/a	n/a	left
8	278.007	3.000	remember	0.766	retrieval	restudy	scene	face	object	target	scene	24	1	27	99	251	27	278.0	n/a
8	283.041	0.961	correct	0.961	grate	n/a	n/a	n/a	n/a	n/a	n/a	24	1	n/a	n/a	n/a	n/a	n/a	left
8	284.524	0.421	correct	0.421	grate	n/a	n/a	n/a	n/a	n/a	n/a	24	1	n/a	n/a	n/a	n/a	n/a	right
8	285.457	0.465	correct	0.465	grate	n/a	n/a	n/a	n/a	n/a	n/a	24	1	n/a	n/a	n/a	n/a	n/a	left
8	286.440	0.361	correct	0.361	grate	n/a	n/a	n/a	n/a	n/a	n/a	24	1	n/a	n/a	n/a	n/a	n/a	left
8	287.324	0.421	correct	0.421	grate	n/a	n/a	n/a	n/a	n/a	n/a	24	1	n/a	n/a	n/a	n/a	n/a	left
8	288.257	0.250	incorrect	0.250	grate	n/a	n/a	n/a	n/a	n/a	n/a	24	1	n/a	n/a	n/a	n/a	n/a	left
8	290.006	3.000	forget	0.360	retrieval	restudy	scene	face	object	competitor	face	25	1	25	97	249	25	290.0	n/a
8	295.040	0.465	correct	0.465	grate	n/a	n/a	n/a	n/a	n/a	n/a	25	1	n/a	n/a	n/a	n/a	n/a	left
8	296.023	0.530	correct	0.530	grate	n/a	n/a	n/a	n/a	n/a	n/a	25	1	n/a	n/a	n/a	n/a	n/a	right
8	297.073	0.569	correct	0.569	grate	n/a	n/a	n/a	n/a	n/a	n/a	25	1	n/a	n/a	n/a	n/a	n/a	right
8	298.156	0.478	correct	0.478	grate	n/a	n/a	n/a	n/a	n/a	n/a	25	1	n/a	n/a	n/a	n/a	n/a	right
8	299.156	0.470	correct	0.470	grate	n/a	n/a	n/a	n/a	n/a	n/a	25	1	n/a	n/a	n/a	n/a	n/a	right
8	300.139	0.366	incorrect	0.366	grate	n/a	n/a	n/a	n/a	n/a	n/a	25	1	n/a	n/a	n/a	n/a	n/a	right
8	302.022	3.000	forget	0.312	retrieval	retprac	face	scene	object	competitor	scene	26	1	98	26	74	202	302.0	n/a
8	307.056	0.497	correct	0.497	grate	n/a	n/a	n/a	n/a	n/a	n/a	26	1	n/a	n/a	n/a	n/a	n/a	left
8	308.072	0.433	correct	0.433	grate	n/a	n/a	n/a	n/a	n/a	n/a	26	1	n/a	n/a	n/a	n/a	n/a	left
8	309.022	0.547	correct	0.547	grate	n/a	n/a	n/a	n/a	n/a	n/a	26	1	n/a	n/a	n/a	n/a	n/a	right
8	310.089	0.352	correct	0.352	grate	n/a	n/a	n/a	n/a	n/a	n/a	26	1	n/a	n/a	n/a	n/a	n/a	right
8	310.955	0.477	correct	0.477	grate	n/a	n/a	n/a	n/a	n/a	n/a	26	1	n/a	n/a	n/a	n/a	n/a	left
8	311.955	0.446	correct	0.446	grate	n/a	n/a	n/a	n/a	n/a	n/a	26	1	n/a	n/a	n/a	n/a	n/a	right
8	312.922	0.100	incorrect	0.100	grate	n/a	n/a	n/a	n/a	n/a	n/a	26	1	n/a	n/a	n/a	n/a	n/a	left
8	314.021	3.000	forget	0.343	retrieval	restudy	face	scene	object	competitor	scene	27	1	97	25	73	201	314.0	n/a
8	319.055	0.338	correct	0.338	grate	n/a	n/a	n/a	n/a	n/a	n/a	27	1	n/a	n/a	n/a	n/a	n/a	right
8	319.904	0.360	correct	0.360	grate	n/a	n/a	n/a	n/a	n/a	n/a	27	1	n/a	n/a	n/a	n/a	n/a	right
8	320.788	0.501	correct	0.501	grate	n/a	n/a	n/a	n/a	n/a	n/a	27	1	n/a	n/a	n/a	n/a	n/a	left
8	321.804	0.372	correct	0.372	grate	n/a	n/a	n/a	n/a	n/a	n/a	27	1	n/a	n/a	n/a	n/a	n/a	left
8	322.688	0.497	correct	0.497	grate	n/a	n/a	n/a	n/a	n/a	n/a	27	1	n/a	n/a	n/a	n/a	n/a	right
8	323.704	0.417	correct	0.417	grate	n/a	n/a	n/a	n/a	n/a	n/a	27	1	n/a	n/a	n/a	n/a	n/a	right
8	324.638	0.100	incorrect	0.100	grate	n/a	n/a	n/a	n/a	n/a	n/a	27	1	n/a	n/a	n/a	n/a	n/a	right
8	326.020	3.000	forget	0.265	retrieval	retprac	object	scene	face	competitor	scene	28	1	124	76	176	228	326.0	n/a
8	331.054	0.331	correct	0.331	grate	n/a	n/a	n/a	n/a	n/a	n/a	28	1	n/a	n/a	n/a	n/a	n/a	right
8	331.904	0.345	correct	0.345	grate	n/a	n/a	n/a	n/a	n/a	n/a	28	1	n/a	n/a	n/a	n/a	n/a	right
8	332.771	0.366	correct	0.366	grate	n/a	n/a	n/a	n/a	n/a	n/a	28	1	n/a	n/a	n/a	n/a	n/a	right
8	333.654	0.443	correct	0.443	grate	n/a	n/a	n/a	n/a	n/a	n/a	28	1	n/a	n/a	n/a	n/a	n/a	left
8	334.604	0.333	correct	0.333	grate	n/a	n/a	n/a	n/a	n/a	n/a	28	1	n/a	n/a	n/a	n/a	n/a	left
8	335.453	0.339	correct	0.339	grate	n/a	n/a	n/a	n/a	n/a	n/a	28	1	n/a	n/a	n/a	n/a	n/a	left
8	336.320	0.200	incorrect	0.200	grate	n/a	n/a	n/a	n/a	n/a	n/a	28	1	n/a	n/a	n/a	n/a	n/a	left
8	338.019	3.000	forget	0.354	retrieval	restudy	scene	face	object	competitor	face	29	1	29	101	253	29	338.0	n/a
8	343.053	0.643	correct	0.643	grate	n/a	n/a	n/a	n/a	n/a	n/a	29	1	n/a	n/a	n/a	n/a	n/a	left
8	344.220	0.493	correct	0.493	grate	n/a	n/a	n/a	n/a	n/a	n/a	29	1	n/a	n/a	n/a	n/a	n/a	right
8	345.219	0.430	correct	0.430	grate	n/a	n/a	n/a	n/a	n/a	n/a	29	1	n/a	n/a	n/a	n/a	n/a	right
8	346.169	0.359	correct	0.359	grate	n/a	n/a	n/a	n/a	n/a	n/a	29	1	n/a	n/a	n/a	n/a	n/a	right
8	347.036	0.372	correct	0.372	grate	n/a	n/a	n/a	n/a	n/a	n/a	29	1	n/a	n/a	n/a	n/a	n/a	right
8	347.919	0.417	correct	0.417	grate	n/a	n/a	n/a	n/a	n/a	n/a	29	1	n/a	n/a	n/a	n/a	n/a	right
8	348.852	0.100	incorrect	0.100	grate	n/a	n/a	n/a	n/a	n/a	n/a	29	1	n/a	n/a	n/a	n/a	n/a	right
8	350.018	3.000	remember	0.250	retrieval	restudy	face	scene	object	target	face	30	1	99	27	75	203	350.0	n/a
8	355.052	0.444	correct	0.444	grate	n/a	n/a	n/a	n/a	n/a	n/a	30	1	n/a	n/a	n/a	n/a	n/a	left
8	356.019	0.510	correct	0.510	grate	n/a	n/a	n/a	n/a	n/a	n/a	30	1	n/a	n/a	n/a	n/a	n/a	right
8	357.052	0.380	correct	0.380	grate	n/a	n/a	n/a	n/a	n/a	n/a	30	1	n/a	n/a	n/a	n/a	n/a	left
8	357.952	0.416	correct	0.416	grate	n/a	n/a	n/a	n/a	n/a	n/a	30	1	n/a	n/a	n/a	n/a	n/a	left
8	358.885	0.467	correct	0.467	grate	n/a	n/a	n/a	n/a	n/a	n/a	30	1	n/a	n/a	n/a	n/a	n/a	right
8	359.869	0.572	correct	0.572	grate	n/a	n/a	n/a	n/a	n/a	n/a	30	1	n/a	n/a	n/a	n/a	n/a	right
8	360.952	0.100	incorrect	0.100	grate	n/a	n/a	n/a	n/a	n/a	n/a	30	1	n/a	n/a	n/a	n/a	n/a	right
8	362.017	3.000	forget	0.626	retrieval	restudy	object	scene	face	competitor	scene	31	1	125	77	177	229	362.0	n/a
8	367.051	0.430	correct	0.430	grate	n/a	n/a	n/a	n/a	n/a	n/a	31	1	n/a	n/a	n/a	n/a	n/a	left
8	368.001	0.463	correct	0.463	grate	n/a	n/a	n/a	n/a	n/a	n/a	31	1	n/a	n/a	n/a	n/a	n/a	right
8	368.984	0.449	correct	0.449	grate	n/a	n/a	n/a	n/a	n/a	n/a	31	1	n/a	n/a	n/a	n/a	n/a	left
8	369.951	0.417	correct	0.417	grate	n/a	n/a	n/a	n/a	n/a	n/a	31	1	n/a	n/a	n/a	n/a	n/a	left
8	370.884	0.452	correct	0.452	grate	n/a	n/a	n/a	n/a	n/a	n/a	31	1	n/a	n/a	n/a	n/a	n/a	right
8	371.851	0.517	correct	0.517	grate	n/a	n/a	n/a	n/a	n/a	n/a	31	1	n/a	n/a	n/a	n/a	n/a	left
8	372.884	0.100	incorrect	0.100	grate	n/a	n/a	n/a	n/a	n/a	n/a	31	1	n/a	n/a	n/a	n/a	n/a	right
8	374.016	3.000	forget	0.507	retrieval	restudy	object	face	scene	other	scene	32	1	3	51	151	3	374.0	n/a
8	379.050	0.549	correct	0.549	grate	n/a	n/a	n/a	n/a	n/a	n/a	32	1	n/a	n/a	n/a	n/a	n/a	left
8	380.117	0.579	correct	0.579	grate	n/a	n/a	n/a	n/a	n/a	n/a	32	1	n/a	n/a	n/a	n/a	n/a	right
8	381.217	0.783	correct	0.783	grate	n/a	n/a	n/a	n/a	n/a	n/a	32	1	n/a	n/a	n/a	n/a	n/a	right
8	382.517	0.763	correct	0.763	grate	n/a	n/a	n/a	n/a	n/a	n/a	32	1	n/a	n/a	n/a	n/a	n/a	left
8	383.800	0.576	correct	0.576	grate	n/a	n/a	n/a	n/a	n/a	n/a	32	1	n/a	n/a	n/a	n/a	n/a	left
8	384.900	0.100	incorrect	0.100	grate	n/a	n/a	n/a	n/a	n/a	n/a	32	1	n/a	n/a	n/a	n/a	n/a	right
8	386.016	3.000	remember	0.260	retrieval	retprac	scene	object	face	target	scene	33	1	78	126	278	130	386.0	n/a
8	391.050	0.662	correct	0.662	grate	n/a	n/a	n/a	n/a	n/a	n/a	33	1	n/a	n/a	n/a	n/a	n/a	left
8	392.233	0.511	correct	0.511	grate	n/a	n/a	n/a	n/a	n/a	n/a	33	1	n/a	n/a	n/a	n/a	n/a	left
8	393.266	0.502	correct	0.502	grate	n/a	n/a	n/a	n/a	n/a	n/a	33	1	n/a	n/a	n/a	n/a	n/a	right
8	394.283	0.341	correct	0.341	grate	n/a	n/a	n/a	n/a	n/a	n/a	33	1	n/a	n/a	n/a	n/a	n/a	right
8	395.133	0.016	correct	0.016	grate	n/a	n/a	n/a	n/a	n/a	n/a	33	1	n/a	n/a	n/a	n/a	n/a	right
8	395.684	0.668	correct	0.668	grate	n/a	n/a	n/a	n/a	n/a	n/a	33	1	n/a	n/a	n/a	n/a	n/a	left
8	396.866	0.100	incorrect	0.100	grate	n/a	n/a	n/a	n/a	n/a	n/a	33	1	n/a	n/a	n/a	n/a	n/a	left
8	398.015	3.000	remember	0.301	retrieval	retprac	object	scene	face	target	object	34	1	126	78	178	230	398.0	n/a
8	403.049	0.431	correct	0.431	grate	n/a	n/a	n/a	n/a	n/a	n/a	34	1	n/a	n/a	n/a	n/a	n/a	left
8	403.999	0.458	correct	0.458	grate	n/a	n/a	n/a	n/a	n/a	n/a	34	1	n/a	n/a	n/a	n/a	n/a	right
8	404.965	0.395	correct	0.395	grate	n/a	n/a	n/a	n/a	n/a	n/a	34	1	n/a	n/a	n/a	n/a	n/a	right
8	405.882	0.391	correct	0.391	grate	n/a	n/a	n/a	n/a	n/a	n/a	34	1	n/a	n/a	n/a	n/a	n/a	right
8	406.782	0.442	correct	0.442	grate	n/a	n/a	n/a	n/a	n/a	n/a	34	1	n/a	n/a	n/a	n/a	n/a	left
8	407.732	0.548	correct	0.548	grate	n/a	n/a	n/a	n/a	n/a	n/a	34	1	n/a	n/a	n/a	n/a	n/a	right
8	408.798	0.100	incorrect	0.100	grate	n/a	n/a	n/a	n/a	n/a	n/a	34	1	n/a	n/a	n/a	n/a	n/a	right
8	410.014	3.000	forget	0.246	retrieval	restudy	face	object	scene	competitor	object	35	1	49	1	49	101	410.0	n/a
8	415.048	0.392	correct	0.392	grate	n/a	n/a	n/a	n/a	n/a	n/a	35	1	n/a	n/a	n/a	n/a	n/a	right
8	415.948	0.468	correct	0.468	grate	n/a	n/a	n/a	n/a	n/a	n/a	35	1	n/a	n/a	n/a	n/a	n/a	left
8	416.931	0.397	correct	0.397	grate	n/a	n/a	n/a	n/a	n/a	n/a	35	1	n/a	n/a	n/a	n/a	n/a	left
8	417.848	0.368	correct	0.368	grate	n/a	n/a	n/a	n/a	n/a	n/a	35	1	n/a	n/a	n/a	n/a	n/a	left
8	418.731	0.397	correct	0.397	grate	n/a	n/a	n/a	n/a	n/a	n/a	35	1	n/a	n/a	n/a	n/a	n/a	left
8	419.648	0.432	correct	0.432	grate	n/a	n/a	n/a	n/a	n/a	n/a	35	1	n/a	n/a	n/a	n/a	n/a	right
8	420.598	0.100	incorrect	0.100	grate	n/a	n/a	n/a	n/a	n/a	n/a	35	1	n/a	n/a	n/a	n/a	n/a	right
8	422.013	3.000	forget	0.350	retrieval	retprac	scene	face	object	competitor	face	36	1	30	102	254	30	422.0	n/a
8	427.047	0.536	correct	0.536	grate	n/a	n/a	n/a	n/a	n/a	n/a	36	1	n/a	n/a	n/a	n/a	n/a	right
8	428.097	0.520	correct	0.520	grate	n/a	n/a	n/a	n/a	n/a	n/a	36	1	n/a	n/a	n/a	n/a	n/a	left
8	429.130	0.429	correct	0.429	grate	n/a	n/a	n/a	n/a	n/a	n/a	36	1	n/a	n/a	n/a	n/a	n/a	right
8	430.080	0.576	correct	0.576	grate	n/a	n/a	n/a	n/a	n/a	n/a	36	1	n/a	n/a	n/a	n/a	n/a	right
8	431.163	0.428	correct	0.428	grate	n/a	n/a	n/a	n/a	n/a	n/a	36	1	n/a	n/a	n/a	n/a	n/a	right
8	432.113	0.400	incorrect	0.400	grate	n/a	n/a	n/a	n/a	n/a	n/a	36	1	n/a	n/a	n/a	n/a	n/a	left
8	434.012	3.000	forget	0.303	retrieval	restudy	scene	object	face	other	face	37	1	75	123	275	127	434.0	n/a
8	439.046	0.489	correct	0.489	grate	n/a	n/a	n/a	n/a	n/a	n/a	37	1	n/a	n/a	n/a	n/a	n/a	left
8	440.046	0.346	correct	0.346	grate	n/a	n/a	n/a	n/a	n/a	n/a	37	1	n/a	n/a	n/a	n/a	n/a	left
8	440.913	0.440	correct	0.440	grate	n/a	n/a	n/a	n/a	n/a	n/a	37	1	n/a	n/a	n/a	n/a	n/a	right
8	441.863	0.377	correct	0.377	grate	n/a	n/a	n/a	n/a	n/a	n/a	37	1	n/a	n/a	n/a	n/a	n/a	right
8	442.763	0.365	correct	0.365	grate	n/a	n/a	n/a	n/a	n/a	n/a	37	1	n/a	n/a	n/a	n/a	n/a	right
8	443.646	0.377	correct	0.377	grate	n/a	n/a	n/a	n/a	n/a	n/a	37	1	n/a	n/a	n/a	n/a	n/a	right
8	444.546	0.100	incorrect	0.100	grate	n/a	n/a	n/a	n/a	n/a	n/a	37	1	n/a	n/a	n/a	n/a	n/a	right
8	446.012	3.000	forget	0.247	retrieval	retprac	scene	object	face	competitor	object	38	1	76	124	276	128	446.0	n/a
8	451.046	0.450	correct	0.450	grate	n/a	n/a	n/a	n/a	n/a	n/a	38	1	n/a	n/a	n/a	n/a	n/a	right
8	452.012	0.387	correct	0.387	grate	n/a	n/a	n/a	n/a	n/a	n/a	38	1	n/a	n/a	n/a	n/a	n/a	left
8	452.912	0.431	correct	0.431	grate	n/a	n/a	n/a	n/a	n/a	n/a	38	1	n/a	n/a	n/a	n/a	n/a	right
8	453.862	0.433	correct	0.433	grate	n/a	n/a	n/a	n/a	n/a	n/a	38	1	n/a	n/a	n/a	n/a	n/a	left
8	454.812	0.339	correct	0.339	grate	n/a	n/a	n/a	n/a	n/a	n/a	38	1	n/a	n/a	n/a	n/a	n/a	right
8	455.662	0.345	correct	0.345	grate	n/a	n/a	n/a	n/a	n/a	n/a	38	1	n/a	n/a	n/a	n/a	n/a	left
8	456.528	0.100	incorrect	0.100	grate	n/a	n/a	n/a	n/a	n/a	n/a	38	1	n/a	n/a	n/a	n/a	n/a	left
8	458.011	3.000	forget	0.488	retrieval	restudy	face	scene	object	competitor	scene	39	1	101	29	77	205	458.0	n/a
8	463.045	0.371	correct	0.371	grate	n/a	n/a	n/a	n/a	n/a	n/a	39	1	n/a	n/a	n/a	n/a	n/a	left
8	463.928	0.367	correct	0.367	grate	n/a	n/a	n/a	n/a	n/a	n/a	39	1	n/a	n/a	n/a	n/a	n/a	left
8	464.811	0.909	correct	0.909	grate	n/a	n/a	n/a	n/a	n/a	n/a	39	1	n/a	n/a	n/a	n/a	n/a	left
8	466.228	0.493	correct	0.493	grate	n/a	n/a	n/a	n/a	n/a	n/a	39	1	n/a	n/a	n/a	n/a	n/a	right
8	467.244	0.339	correct	0.339	grate	n/a	n/a	n/a	n/a	n/a	n/a	39	1	n/a	n/a	n/a	n/a	n/a	right
8	468.094	0.416	incorrect	0.416	grate	n/a	n/a	n/a	n/a	n/a	n/a	39	1	n/a	n/a	n/a	n/a	n/a	left
8	470.010	3.000	forget	0.321	retrieval	restudy	object	face	scene	competitor	face	40	1	7	55	155	7	470.0	n/a
8	475.044	0.563	incorrect	0.563	grate	n/a	n/a	n/a	n/a	n/a	n/a	40	1	n/a	n/a	n/a	n/a	n/a	left
8	476.127	0.512	correct	0.512	grate	n/a	n/a	n/a	n/a	n/a	n/a	40	1	n/a	n/a	n/a	n/a	n/a	right
8	477.160	0.383	correct	0.383	grate	n/a	n/a	n/a	n/a	n/a	n/a	40	1	n/a	n/a	n/a	n/a	n/a	left
8	478.060	0.371	correct	0.371	grate	n/a	n/a	n/a	n/a	n/a	n/a	40	1	n/a	n/a	n/a	n/a	n/a	right
8	478.944	0.432	correct	0.432	grate	n/a	n/a	n/a	n/a	n/a	n/a	40	1	n/a	n/a	n/a	n/a	n/a	right
8	479.893	0.465	correct	0.465	grate	n/a	n/a	n/a	n/a	n/a	n/a	40	1	n/a	n/a	n/a	n/a	n/a	left
8	480.877	0.100	incorrect	0.100	grate	n/a	n/a	n/a	n/a	n/a	n/a	40	1	n/a	n/a	n/a	n/a	n/a	right
8	482.009	3.000	remember	0.410	retrieval	retprac	object	face	scene	target	object	41	1	2	50	150	2	482.0	n/a
8	487.043	0.460	correct	0.460	grate	n/a	n/a	n/a	n/a	n/a	n/a	41	1	n/a	n/a	n/a	n/a	n/a	right
8	488.026	0.421	correct	0.421	grate	n/a	n/a	n/a	n/a	n/a	n/a	41	1	n/a	n/a	n/a	n/a	n/a	right
8	488.959	0.688	correct	0.688	grate	n/a	n/a	n/a	n/a	n/a	n/a	41	1	n/a	n/a	n/a	n/a	n/a	left
8	490.159	0.480	incorrect	0.480	grate	n/a	n/a	n/a	n/a	n/a	n/a	41	1	n/a	n/a	n/a	n/a	n/a	right
8	491.159	0.400	correct	0.400	grate	n/a	n/a	n/a	n/a	n/a	n/a	41	1	n/a	n/a	n/a	n/a	n/a	left
8	492.076	0.433	incorrect	0.433	grate	n/a	n/a	n/a	n/a	n/a	n/a	41	1	n/a	n/a	n/a	n/a	n/a	right
8	494.008	3.000	forget	0.642	retrieval	restudy	scene	object	face	competitor	object	42	1	79	127	279	131	494.0	n/a
8	499.042	0.452	correct	0.452	grate	n/a	n/a	n/a	n/a	n/a	n/a	42	1	n/a	n/a	n/a	n/a	n/a	left
8	500.009	0.423	correct	0.423	grate	n/a	n/a	n/a	n/a	n/a	n/a	42	1	n/a	n/a	n/a	n/a	n/a	left
8	500.942	0.529	correct	0.529	grate	n/a	n/a	n/a	n/a	n/a	n/a	42	1	n/a	n/a	n/a	n/a	n/a	right
8	501.992	0.479	correct	0.479	grate	n/a	n/a	n/a	n/a	n/a	n/a	42	1	n/a	n/a	n/a	n/a	n/a	right
8	502.992	0.463	correct	0.463	grate	n/a	n/a	n/a	n/a	n/a	n/a	42	1	n/a	n/a	n/a	n/a	n/a	left
8	503.975	0.424	correct	0.424	grate	n/a	n/a	n/a	n/a	n/a	n/a	42	1	n/a	n/a	n/a	n/a	n/a	right
8	504.908	0.100	incorrect	0.100	grate	n/a	n/a	n/a	n/a	n/a	n/a	42	1	n/a	n/a	n/a	n/a	n/a	left
8	506.007	3.000	remember	0.259	retrieval	retprac	face	object	scene	target	face	43	1	56	8	56	108	506.0	n/a
8	511.041	0.469	correct	0.469	grate	n/a	n/a	n/a	n/a	n/a	n/a	43	1	n/a	n/a	n/a	n/a	n/a	right
8	512.025	0.406	correct	0.406	grate	n/a	n/a	n/a	n/a	n/a	n/a	43	1	n/a	n/a	n/a	n/a	n/a	right
8	512.941	0.386	correct	0.386	grate	n/a	n/a	n/a	n/a	n/a	n/a	43	1	n/a	n/a	n/a	n/a	n/a	right
8	513.841	0.374	correct	0.374	grate	n/a	n/a	n/a	n/a	n/a	n/a	43	1	n/a	n/a	n/a	n/a	n/a	right
8	514.724	0.635	correct	0.635	grate	n/a	n/a	n/a	n/a	n/a	n/a	43	1	n/a	n/a	n/a	n/a	n/a	left
8	515.874	0.532	correct	0.532	grate	n/a	n/a	n/a	n/a	n/a	n/a	43	1	n/a	n/a	n/a	n/a	n/a	right
8	516.924	0.100	incorrect	0.100	grate	n/a	n/a	n/a	n/a	n/a	n/a	43	1	n/a	n/a	n/a	n/a	n/a	left
8	518.007	3.000	remember	0.316	retrieval	restudy	scene	face	object	target	scene	44	1	31	103	255	31	518.0	n/a
8	523.041	0.446	correct	0.446	grate	n/a	n/a	n/a	n/a	n/a	n/a	44	1	n/a	n/a	n/a	n/a	n/a	left
8	524.007	0.336	correct	0.336	grate	n/a	n/a	n/a	n/a	n/a	n/a	44	1	n/a	n/a	n/a	n/a	n/a	left
8	524.857	0.350	correct	0.350	grate	n/a	n/a	n/a	n/a	n/a	n/a	44	1	n/a	n/a	n/a	n/a	n/a	left
8	525.724	0.427	correct	0.427	grate	n/a	n/a	n/a	n/a	n/a	n/a	44	1	n/a	n/a	n/a	n/a	n/a	right
8	526.673	0.501	correct	0.501	grate	n/a	n/a	n/a	n/a	n/a	n/a	44	1	n/a	n/a	n/a	n/a	n/a	left
8	527.690	0.452	correct	0.452	grate	n/a	n/a	n/a	n/a	n/a	n/a	44	1	n/a	n/a	n/a	n/a	n/a	left
8	528.657	0.100	incorrect	0.100	grate	n/a	n/a	n/a	n/a	n/a	n/a	44	1	n/a	n/a	n/a	n/a	n/a	left
8	530.006	3.000	forget	0.501	retrieval	retprac	scene	object	face	competitor	object	45	1	80	128	280	132	530.0	n/a
8	535.040	0.423	correct	0.423	grate	n/a	n/a	n/a	n/a	n/a	n/a	45	1	n/a	n/a	n/a	n/a	n/a	right
8	535.973	0.402	correct	0.402	grate	n/a	n/a	n/a	n/a	n/a	n/a	45	1	n/a	n/a	n/a	n/a	n/a	right
8	536.890	0.381	correct	0.381	grate	n/a	n/a	n/a	n/a	n/a	n/a	45	1	n/a	n/a	n/a	n/a	n/a	right
8	537.789	0.393	correct	0.393	grate	n/a	n/a	n/a	n/a	n/a	n/a	45	1	n/a	n/a	n/a	n/a	n/a	right
8	538.706	0.333	correct	0.333	grate	n/a	n/a	n/a	n/a	n/a	n/a	45	1	n/a	n/a	n/a	n/a	n/a	right
8	539.556	0.339	correct	0.339	grate	n/a	n/a	n/a	n/a	n/a	n/a	45	1	n/a	n/a	n/a	n/a	n/a	right
8	540.406	0.100	incorrect	0.100	grate	n/a	n/a	n/a	n/a	n/a	n/a	45	1	n/a	n/a	n/a	n/a	n/a	left
8	542.021	3.000	remember	0.341	retrieval	retprac	face	object	scene	target	face	46	1	54	6	54	106	542.0	n/a
8	547.056	0.527	correct	0.527	grate	n/a	n/a	n/a	n/a	n/a	n/a	46	1	n/a	n/a	n/a	n/a	n/a	right
8	548.105	0.269	correct	0.269	grate	n/a	n/a	n/a	n/a	n/a	n/a	46	1	n/a	n/a	n/a	n/a	n/a	right
8	548.889	0.550	correct	0.550	grate	n/a	n/a	n/a	n/a	n/a	n/a	46	1	n/a	n/a	n/a	n/a	n/a	left
8	549.955	0.331	correct	0.331	grate	n/a	n/a	n/a	n/a	n/a	n/a	46	1	n/a	n/a	n/a	n/a	n/a	left
8	550.805	0.362	correct	0.362	grate	n/a	n/a	n/a	n/a	n/a	n/a	46	1	n/a	n/a	n/a	n/a	n/a	left
8	551.688	0.566	correct	0.566	grate	n/a	n/a	n/a	n/a	n/a	n/a	46	1	n/a	n/a	n/a	n/a	n/a	right
8	552.772	0.100	incorrect	0.100	grate	n/a	n/a	n/a	n/a	n/a	n/a	46	1	n/a	n/a	n/a	n/a	n/a	left
8	554.021	3.000	remember	0.277	retrieval	restudy	face	object	scene	target	face	47	1	53	5	53	105	554.0	n/a
8	559.055	0.512	correct	0.512	grate	n/a	n/a	n/a	n/a	n/a	n/a	47	1	n/a	n/a	n/a	n/a	n/a	left
8	560.088	0.463	correct	0.463	grate	n/a	n/a	n/a	n/a	n/a	n/a	47	1	n/a	n/a	n/a	n/a	n/a	left
8	561.071	0.543	correct	0.543	grate	n/a	n/a	n/a	n/a	n/a	n/a	47	1	n/a	n/a	n/a	n/a	n/a	right
8	562.138	0.533	correct	0.533	grate	n/a	n/a	n/a	n/a	n/a	n/a	47	1	n/a	n/a	n/a	n/a	n/a	left
8	563.187	0.467	correct	0.467	grate	n/a	n/a	n/a	n/a	n/a	n/a	47	1	n/a	n/a	n/a	n/a	n/a	right
8	564.171	0.350	incorrect	0.350	grate	n/a	n/a	n/a	n/a	n/a	n/a	47	1	n/a	n/a	n/a	n/a	n/a	right
8	566.020	3.000	forget	0.366	retrieval	retprac	scene	face	object	competitor	face	48	1	28	100	252	28	566.0	n/a
8	571.054	0.736	correct	0.736	grate	n/a	n/a	n/a	n/a	n/a	n/a	48	1	n/a	n/a	n/a	n/a	n/a	left
8	572.303	0.999	correct	0.999	grate	n/a	n/a	n/a	n/a	n/a	n/a	48	1	n/a	n/a	n/a	n/a	n/a	right
8	573.820	0.442	correct	0.442	grate	n/a	n/a	n/a	n/a	n/a	n/a	48	1	n/a	n/a	n/a	n/a	n/a	right
8	574.770	0.404	correct	0.404	grate	n/a	n/a	n/a	n/a	n/a	n/a	48	1	n/a	n/a	n/a	n/a	n/a	right
8	575.687	0.352	correct	0.352	grate	n/a	n/a	n/a	n/a	n/a	n/a	48	1	n/a	n/a	n/a	n/a	n/a	left
8	576.553	0.100	incorrect	0.100	grate	n/a	n/a	n/a	n/a	n/a	n/a	48	1	n/a	n/a	n/a	n/a	n/a	left
8	2.009	3.000	forget	0.351	retrieval	retprac	object	face	scene	competitor	face	1	2	16	64	164	16	2.0	n/a
8	7.043	0.936	correct	0.936	grate	n/a	n/a	n/a	n/a	n/a	n/a	1	2	n/a	n/a	n/a	n/a	n/a	left
8	8.493	0.375	correct	0.375	grate	n/a	n/a	n/a	n/a	n/a	n/a	1	2	n/a	n/a	n/a	n/a	n/a	left
8	9.376	0.380	correct	0.380	grate	n/a	n/a	n/a	n/a	n/a	n/a	1	2	n/a	n/a	n/a	n/a	n/a	left
8	10.276	0.359	correct	0.359	grate	n/a	n/a	n/a	n/a	n/a	n/a	1	2	n/a	n/a	n/a	n/a	n/a	left
8	11.143	0.413	correct	0.413	grate	n/a	n/a	n/a	n/a	n/a	n/a	1	2	n/a	n/a	n/a	n/a	n/a	right
8	12.076	0.408	correct	0.408	grate	n/a	n/a	n/a	n/a	n/a	n/a	1	2	n/a	n/a	n/a	n/a	n/a	left
8	12.993	0.100	incorrect	0.100	grate	n/a	n/a	n/a	n/a	n/a	n/a	1	2	n/a	n/a	n/a	n/a	n/a	right
8	14.008	3.000	remember	0.447	retrieval	restudy	object	scene	face	target	object	2	2	129	81	181	233	14.0	n/a
8	19.042	0.409	correct	0.409	grate	n/a	n/a	n/a	n/a	n/a	n/a	2	2	n/a	n/a	n/a	n/a	n/a	left
8	19.976	0.420	correct	0.420	grate	n/a	n/a	n/a	n/a	n/a	n/a	2	2	n/a	n/a	n/a	n/a	n/a	right
8	20.909	0.407	correct	0.407	grate	n/a	n/a	n/a	n/a	n/a	n/a	2	2	n/a	n/a	n/a	n/a	n/a	right
8	21.825	0.403	correct	0.403	grate	n/a	n/a	n/a	n/a	n/a	n/a	2	2	n/a	n/a	n/a	n/a	n/a	right
8	22.742	0.366	correct	0.366	grate	n/a	n/a	n/a	n/a	n/a	n/a	2	2	n/a	n/a	n/a	n/a	n/a	left
8	23.625	0.402	correct	0.402	grate	n/a	n/a	n/a	n/a	n/a	n/a	2	2	n/a	n/a	n/a	n/a	n/a	left
8	24.542	0.100	incorrect	0.100	grate	n/a	n/a	n/a	n/a	n/a	n/a	2	2	n/a	n/a	n/a	n/a	n/a	right
8	26.008	3.000	forget	0.319	retrieval	restudy	scene	object	face	competitor	object	3	2	81	129	281	133	26.0	n/a
8	31.042	0.362	correct	0.362	grate	n/a	n/a	n/a	n/a	n/a	n/a	3	2	n/a	n/a	n/a	n/a	n/a	right
8	31.925	0.311	correct	0.311	grate	n/a	n/a	n/a	n/a	n/a	n/a	3	2	n/a	n/a	n/a	n/a	n/a	right
8	32.758	0.301	correct	0.301	grate	n/a	n/a	n/a	n/a	n/a	n/a	3	2	n/a	n/a	n/a	n/a	n/a	right
8	33.575	0.469	correct	0.469	grate	n/a	n/a	n/a	n/a	n/a	n/a	3	2	n/a	n/a	n/a	n/a	n/a	left
8	34.558	0.398	correct	0.398	grate	n/a	n/a	n/a	n/a	n/a	n/a	3	2	n/a	n/a	n/a	n/a	n/a	right
8	35.475	0.427	correct	0.427	grate	n/a	n/a	n/a	n/a	n/a	n/a	3	2	n/a	n/a	n/a	n/a	n/a	left
8	36.424	0.083	incorrect	0.083	grate	n/a	n/a	n/a	n/a	n/a	n/a	3	2	n/a	n/a	n/a	n/a	n/a	right
8	38.007	3.000	remember	0.272	retrieval	retprac	object	face	scene	target	object	4	2	10	58	158	10	38.0	n/a
8	43.041	0.340	correct	0.340	grate	n/a	n/a	n/a	n/a	n/a	n/a	4	2	n/a	n/a	n/a	n/a	n/a	right
8	43.890	0.305	correct	0.305	grate	n/a	n/a	n/a	n/a	n/a	n/a	4	2	n/a	n/a	n/a	n/a	n/a	right
8	44.707	0.336	correct	0.336	grate	n/a	n/a	n/a	n/a	n/a	n/a	4	2	n/a	n/a	n/a	n/a	n/a	right
8	45.557	0.358	correct	0.358	grate	n/a	n/a	n/a	n/a	n/a	n/a	4	2	n/a	n/a	n/a	n/a	n/a	left
8	46.424	0.284	correct	0.284	grate	n/a	n/a	n/a	n/a	n/a	n/a	4	2	n/a	n/a	n/a	n/a	n/a	left
8	47.224	0.333	correct	0.333	grate	n/a	n/a	n/a	n/a	n/a	n/a	4	2	n/a	n/a	n/a	n/a	n/a	left
8	48.074	0.433	incorrect	0.433	grate	n/a	n/a	n/a	n/a	n/a	n/a	4	2	n/a	n/a	n/a	n/a	n/a	right
8	50.022	3.000	remember	0.361	retrieval	retprac	object	scene	face	target	object	5	2	136	88	188	240	50.0	n/a
8	55.057	0.436	correct	0.436	grate	n/a	n/a	n/a	n/a	n/a	n/a	5	2	n/a	n/a	n/a	n/a	n/a	left
8	56.006	0.461	correct	0.461	grate	n/a	n/a	n/a	n/a	n/a	n/a	5	2	n/a	n/a	n/a	n/a	n/a	right
8	56.990	0.389	correct	0.389	grate	n/a	n/a	n/a	n/a	n/a	n/a	5	2	n/a	n/a	n/a	n/a	n/a	right
8	57.890	0.426	correct	0.426	grate	n/a	n/a	n/a	n/a	n/a	n/a	5	2	n/a	n/a	n/a	n/a	n/a	left
8	58.823	0.436	correct	0.436	grate	n/a	n/a	n/a	n/a	n/a	n/a	5	2	n/a	n/a	n/a	n/a	n/a	right
8	59.773	0.447	correct	0.447	grate	n/a	n/a	n/a	n/a	n/a	n/a	5	2	n/a	n/a	n/a	n/a	n/a	right
8	60.739	0.100	incorrect	0.100	grate	n/a	n/a	n/a	n/a	n/a	n/a	5	2	n/a	n/a	n/a	n/a	n/a	right
8	62.022	3.000	forget	0.282	retrieval	restudy	scene	object	face	competitor	object	6	2	87	135	287	139	62.0	n/a
8	67.056	0.460	correct	0.460	grate	n/a	n/a	n/a	n/a	n/a	n/a	6	2	n/a	n/a	n/a	n/a	n/a	left
8	68.039	0.404	correct	0.404	grate	n/a	n/a	n/a	n/a	n/a	n/a	6	2	n/a	n/a	n/a	n/a	n/a	right
8	68.956	0.432	correct	0.432	grate	n/a	n/a	n/a	n/a	n/a	n/a	6	2	n/a	n/a	n/a	n/a	n/a	right
8	69.905	0.530	correct	0.530	grate	n/a	n/a	n/a	n/a	n/a	n/a	6	2	n/a	n/a	n/a	n/a	n/a	right
8	70.955	0.496	correct	0.496	grate	n/a	n/a	n/a	n/a	n/a	n/a	6	2	n/a	n/a	n/a	n/a	n/a	left
8	71.972	0.367	correct	0.367	grate	n/a	n/a	n/a	n/a	n/a	n/a	6	2	n/a	n/a	n/a	n/a	n/a	right
8	72.855	0.100	incorrect	0.100	grate	n/a	n/a	n/a	n/a	n/a	n/a	6	2	n/a	n/a	n/a	n/a	n/a	right
8	74.021	3.000	forget	0.338	retrieval	retprac	face	object	scene	competitor	object	7	2	64	16	64	116	74.0	n/a
8	79.055	0.380	correct	0.380	grate	n/a	n/a	n/a	n/a	n/a	n/a	7	2	n/a	n/a	n/a	n/a	n/a	right
8	79.955	0.376	correct	0.376	grate	n/a	n/a	n/a	n/a	n/a	n/a	7	2	n/a	n/a	n/a	n/a	n/a	right
8	80.838	0.334	correct	0.334	grate	n/a	n/a	n/a	n/a	n/a	n/a	7	2	n/a	n/a	n/a	n/a	n/a	right
8	81.688	0.428	correct	0.428	grate	n/a	n/a	n/a	n/a	n/a	n/a	7	2	n/a	n/a	n/a	n/a	n/a	left
8	82.638	0.517	correct	0.517	grate	n/a	n/a	n/a	n/a	n/a	n/a	7	2	n/a	n/a	n/a	n/a	n/a	right
8	83.671	0.412	correct	0.412	grate	n/a	n/a	n/a	n/a	n/a	n/a	7	2	n/a	n/a	n/a	n/a	n/a	right
8	84.604	0.100	incorrect	0.100	grate	n/a	n/a	n/a	n/a	n/a	n/a	7	2	n/a	n/a	n/a	n/a	n/a	right
8	86.020	3.000	forget	0.298	retrieval	retprac	scene	face	object	other	object	8	2	40	112	264	40	86.0	n/a
8	91.054	0.469	correct	0.469	grate	n/a	n/a	n/a	n/a	n/a	n/a	8	2	n/a	n/a	n/a	n/a	n/a	left
8	92.037	0.438	correct	0.438	grate	n/a	n/a	n/a	n/a	n/a	n/a	8	2	n/a	n/a	n/a	n/a	n/a	right
8	92.987	0.424	correct	0.424	grate	n/a	n/a	n/a	n/a	n/a	n/a	8	2	n/a	n/a	n/a	n/a	n/a	right
8	93.920	0.355	correct	0.355	grate	n/a	n/a	n/a	n/a	n/a	n/a	8	2	n/a	n/a	n/a	n/a	n/a	right
8	94.787	0.376	correct	0.376	grate	n/a	n/a	n/a	n/a	n/a	n/a	8	2	n/a	n/a	n/a	n/a	n/a	right
8	95.670	0.358	correct	0.358	grate	n/a	n/a	n/a	n/a	n/a	n/a	8	2	n/a	n/a	n/a	n/a	n/a	right
8	96.537	0.100	incorrect	0.100	grate	n/a	n/a	n/a	n/a	n/a	n/a	8	2	n/a	n/a	n/a	n/a	n/a	left
8	98.019	3.000	remember	0.275	retrieval	retprac	face	scene	object	target	face	9	2	110	38	86	214	98.0	n/a
8	103.053	0.526	correct	0.526	grate	n/a	n/a	n/a	n/a	n/a	n/a	9	2	n/a	n/a	n/a	n/a	n/a	right
8	104.086	0.397	correct	0.397	grate	n/a	n/a	n/a	n/a	n/a	n/a	9	2	n/a	n/a	n/a	n/a	n/a	right
8	105.003	0.480	correct	0.480	grate	n/a	n/a	n/a	n/a	n/a	n/a	9	2	n/a	n/a	n/a	n/a	n/a	left
8	106.003	0.456	correct	0.456	grate	n/a	n/a	n/a	n/a	n/a	n/a	9	2	n/a	n/a	n/a	n/a	n/a	left
8	106.970	0.490	correct	0.490	grate	n/a	n/a	n/a	n/a	n/a	n/a	9	2	n/a	n/a	n/a	n/a	n/a	right
8	107.970	0.538	correct	0.538	grate	n/a	n/a	n/a	n/a	n/a	n/a	9	2	n/a	n/a	n/a	n/a	n/a	left
8	109.019	0.100	incorrect	0.100	grate	n/a	n/a	n/a	n/a	n/a	n/a	9	2	n/a	n/a	n/a	n/a	n/a	left
8	110.018	3.000	remember	0.564	retrieval	restudy	face	object	scene	target	face	10	2	61	13	61	113	110.0	n/a
8	115.052	0.470	correct	0.470	grate	n/a	n/a	n/a	n/a	n/a	n/a	10	2	n/a	n/a	n/a	n/a	n/a	left
8	116.035	0.471	correct	0.471	grate	n/a	n/a	n/a	n/a	n/a	n/a	10	2	n/a	n/a	n/a	n/a	n/a	right
8	117.019	0.481	correct	0.481	grate	n/a	n/a	n/a	n/a	n/a	n/a	10	2	n/a	n/a	n/a	n/a	n/a	left
8	118.019	0.464	correct	0.464	grate	n/a	n/a	n/a	n/a	n/a	n/a	10	2	n/a	n/a	n/a	n/a	n/a	right
8	119.002	0.481	correct	0.481	grate	n/a	n/a	n/a	n/a	n/a	n/a	10	2	n/a	n/a	n/a	n/a	n/a	right
8	120.002	0.516	incorrect	0.516	grate	n/a	n/a	n/a	n/a	n/a	n/a	10	2	n/a	n/a	n/a	n/a	n/a	right
8	122.018	3.000	forget	0.421	retrieval	restudy	object	face	scene	competitor	face	11	2	13	61	161	13	122.0	n/a
8	127.052	0.479	correct	0.479	grate	n/a	n/a	n/a	n/a	n/a	n/a	11	2	n/a	n/a	n/a	n/a	n/a	left
8	128.051	0.383	correct	0.383	grate	n/a	n/a	n/a	n/a	n/a	n/a	11	2	n/a	n/a	n/a	n/a	n/a	right
8	128.951	0.563	correct	0.563	grate	n/a	n/a	n/a	n/a	n/a	n/a	11	2	n/a	n/a	n/a	n/a	n/a	left
8	130.034	0.440	correct	0.440	grate	n/a	n/a	n/a	n/a	n/a	n/a	11	2	n/a	n/a	n/a	n/a	n/a	left
8	130.985	0.482	correct	0.482	grate	n/a	n/a	n/a	n/a	n/a	n/a	11	2	n/a	n/a	n/a	n/a	n/a	right
8	131.985	0.426	correct	0.426	grate	n/a	n/a	n/a	n/a	n/a	n/a	11	2	n/a	n/a	n/a	n/a	n/a	right
8	132.918	0.100	incorrect	0.100	grate	n/a	n/a	n/a	n/a	n/a	n/a	11	2	n/a	n/a	n/a	n/a	n/a	left
8	134.017	3.000	forget	0.381	retrieval	retprac	scene	object	face	competitor	object	12	2	84	132	284	136	134.0	n/a
8	139.051	0.440	correct	0.440	grate	n/a	n/a	n/a	n/a	n/a	n/a	12	2	n/a	n/a	n/a	n/a	n/a	left
8	140.001	0.370	correct	0.370	grate	n/a	n/a	n/a	n/a	n/a	n/a	12	2	n/a	n/a	n/a	n/a	n/a	left
8	140.884	0.496	correct	0.496	grate	n/a	n/a	n/a	n/a	n/a	n/a	12	2	n/a	n/a	n/a	n/a	n/a	right
8	141.900	0.438	correct	0.438	grate	n/a	n/a	n/a	n/a	n/a	n/a	12	2	n/a	n/a	n/a	n/a	n/a	left
8	142.850	0.496	correct	0.496	grate	n/a	n/a	n/a	n/a	n/a	n/a	12	2	n/a	n/a	n/a	n/a	n/a	right
8	143.867	0.513	correct	0.513	grate	n/a	n/a	n/a	n/a	n/a	n/a	12	2	n/a	n/a	n/a	n/a	n/a	left
8	144.900	0.100	incorrect	0.100	grate	n/a	n/a	n/a	n/a	n/a	n/a	12	2	n/a	n/a	n/a	n/a	n/a	right
8	146.016	3.000	forget	0.350	retrieval	restudy	object	face	scene	competitor	face	13	2	11	59	159	11	146.0	n/a
8	151.050	0.576	correct	0.576	grate	n/a	n/a	n/a	n/a	n/a	n/a	13	2	n/a	n/a	n/a	n/a	n/a	right
8	152.150	0.453	correct	0.453	grate	n/a	n/a	n/a	n/a	n/a	n/a	13	2	n/a	n/a	n/a	n/a	n/a	left
8	153.116	0.358	correct	0.358	grate	n/a	n/a	n/a	n/a	n/a	n/a	13	2	n/a	n/a	n/a	n/a	n/a	left
8	153.983	0.435	correct	0.435	grate	n/a	n/a	n/a	n/a	n/a	n/a	13	2	n/a	n/a	n/a	n/a	n/a	right
8	154.933	0.462	correct	0.462	grate	n/a	n/a	n/a	n/a	n/a	n/a	13	2	n/a	n/a	n/a	n/a	n/a	right
8	155.916	0.382	correct	0.382	grate	n/a	n/a	n/a	n/a	n/a	n/a	13	2	n/a	n/a	n/a	n/a	n/a	right
8	156.816	0.100	incorrect	0.100	grate	n/a	n/a	n/a	n/a	n/a	n/a	13	2	n/a	n/a	n/a	n/a	n/a	right
8	158.015	3.000	remember	0.335	retrieval	restudy	object	scene	face	target	object	14	2	135	87	187	239	158.0	n/a
8	163.049	0.313	correct	0.313	grate	n/a	n/a	n/a	n/a	n/a	n/a	14	2	n/a	n/a	n/a	n/a	n/a	right
8	163.882	0.337	incorrect	0.337	grate	n/a	n/a	n/a	n/a	n/a	n/a	14	2	n/a	n/a	n/a	n/a	n/a	left
8	164.732	0.534	correct	0.534	grate	n/a	n/a	n/a	n/a	n/a	n/a	14	2	n/a	n/a	n/a	n/a	n/a	right
8	165.782	0.380	correct	0.380	grate	n/a	n/a	n/a	n/a	n/a	n/a	14	2	n/a	n/a	n/a	n/a	n/a	left
8	166.682	0.600	correct	0.600	grate	n/a	n/a	n/a	n/a	n/a	n/a	14	2	n/a	n/a	n/a	n/a	n/a	left
8	167.799	0.540	correct	0.540	grate	n/a	n/a	n/a	n/a	n/a	n/a	14	2	n/a	n/a	n/a	n/a	n/a	right
8	168.848	0.100	incorrect	0.100	grate	n/a	n/a	n/a	n/a	n/a	n/a	14	2	n/a	n/a	n/a	n/a	n/a	left
8	170.014	3.000	remember	0.504	retrieval	retprac	object	scene	face	target	object	15	2	134	86	186	238	170.0	n/a
8	175.048	0.418	correct	0.418	grate	n/a	n/a	n/a	n/a	n/a	n/a	15	2	n/a	n/a	n/a	n/a	n/a	right
8	175.981	0.366	correct	0.366	grate	n/a	n/a	n/a	n/a	n/a	n/a	15	2	n/a	n/a	n/a	n/a	n/a	right
8	176.865	0.465	correct	0.465	grate	n/a	n/a	n/a	n/a	n/a	n/a	15	2	n/a	n/a	n/a	n/a	n/a	left
8	177.848	0.442	correct	0.442	grate	n/a	n/a	n/a	n/a	n/a	n/a	15	2	n/a	n/a	n/a	n/a	n/a	left
8	178.815	0.515	correct	0.515	grate	n/a	n/a	n/a	n/a	n/a	n/a	15	2	n/a	n/a	n/a	n/a	n/a	right
8	179.848	0.426	correct	0.426	grate	n/a	n/a	n/a	n/a	n/a	n/a	15	2	n/a	n/a	n/a	n/a	n/a	left
8	180.798	0.100	incorrect	0.100	grate	n/a	n/a	n/a	n/a	n/a	n/a	15	2	n/a	n/a	n/a	n/a	n/a	left
8	182.013	3.000	remember	0.496	retrieval	restudy	scene	face	object	target	scene	16	2	39	111	263	39	182.0	n/a
8	187.047	0.339	correct	0.339	grate	n/a	n/a	n/a	n/a	n/a	n/a	16	2	n/a	n/a	n/a	n/a	n/a	right
8	187.897	0.321	correct	0.321	grate	n/a	n/a	n/a	n/a	n/a	n/a	16	2	n/a	n/a	n/a	n/a	n/a	right
8	188.731	0.343	correct	0.343	grate	n/a	n/a	n/a	n/a	n/a	n/a	16	2	n/a	n/a	n/a	n/a	n/a	right
8	189.597	1.525	correct	1.525	grate	n/a	n/a	n/a	n/a	n/a	n/a	16	2	n/a	n/a	n/a	n/a	n/a	left
8	191.630	0.500	correct	0.500	grate	n/a	n/a	n/a	n/a	n/a	n/a	16	2	n/a	n/a	n/a	n/a	n/a	right
8	192.647	0.100	incorrect	0.100	grate	n/a	n/a	n/a	n/a	n/a	n/a	16	2	n/a	n/a	n/a	n/a	n/a	right
8	194.013	3.000	remember	0.306	retrieval	retprac	face	scene	object	target	face	17	2	106	34	82	210	194.0	n/a
8	199.047	0.540	correct	0.540	grate	n/a	n/a	n/a	n/a	n/a	n/a	17	2	n/a	n/a	n/a	n/a	n/a	left
8	200.096	0.458	correct	0.458	grate	n/a	n/a	n/a	n/a	n/a	n/a	17	2	n/a	n/a	n/a	n/a	n/a	right
8	201.063	0.436	correct	0.436	grate	n/a	n/a	n/a	n/a	n/a	n/a	17	2	n/a	n/a	n/a	n/a	n/a	left
8	202.013	0.430	correct	0.430	grate	n/a	n/a	n/a	n/a	n/a	n/a	17	2	n/a	n/a	n/a	n/a	n/a	right
8	202.963	0.383	correct	0.383	grate	n/a	n/a	n/a	n/a	n/a	n/a	17	2	n/a	n/a	n/a	n/a	n/a	left
8	203.863	0.555	correct	0.555	grate	n/a	n/a	n/a	n/a	n/a	n/a	17	2	n/a	n/a	n/a	n/a	n/a	left
8	204.929	0.100	incorrect	0.100	grate	n/a	n/a	n/a	n/a	n/a	n/a	17	2	n/a	n/a	n/a	n/a	n/a	left
8	206.012	3.000	forget	0.306	retrieval	restudy	face	object	scene	competitor	object	18	2	63	15	63	115	206.0	n/a
8	211.046	0.484	correct	0.484	grate	n/a	n/a	n/a	n/a	n/a	n/a	18	2	n/a	n/a	n/a	n/a	n/a	left
8	212.045	0.445	correct	0.445	grate	n/a	n/a	n/a	n/a	n/a	n/a	18	2	n/a	n/a	n/a	n/a	n/a	right
8	213.012	0.503	correct	0.503	grate	n/a	n/a	n/a	n/a	n/a	n/a	18	2	n/a	n/a	n/a	n/a	n/a	right
8	214.029	0.470	correct	0.470	grate	n/a	n/a	n/a	n/a	n/a	n/a	18	2	n/a	n/a	n/a	n/a	n/a	left
8	215.012	0.558	correct	0.558	grate	n/a	n/a	n/a	n/a	n/a	n/a	18	2	n/a	n/a	n/a	n/a	n/a	right
8	216.078	0.433	incorrect	0.433	grate	n/a	n/a	n/a	n/a	n/a	n/a	18	2	n/a	n/a	n/a	n/a	n/a	left
8	218.011	3.000	remember	0.458	retrieval	retprac	object	scene	face	target	object	19	2	130	82	182	234	218.0	n/a
8	223.045	0.389	correct	0.389	grate	n/a	n/a	n/a	n/a	n/a	n/a	19	2	n/a	n/a	n/a	n/a	n/a	right
8	223.945	0.338	correct	0.338	grate	n/a	n/a	n/a	n/a	n/a	n/a	19	2	n/a	n/a	n/a	n/a	n/a	right
8	224.795	0.567	correct	0.567	grate	n/a	n/a	n/a	n/a	n/a	n/a	19	2	n/a	n/a	n/a	n/a	n/a	left
8	225.878	0.308	incorrect	0.308	grate	n/a	n/a	n/a	n/a	n/a	n/a	19	2	n/a	n/a	n/a	n/a	n/a	right
8	226.695	0.595	correct	0.595	grate	n/a	n/a	n/a	n/a	n/a	n/a	19	2	n/a	n/a	n/a	n/a	n/a	right
8	227.811	0.487	correct	0.487	grate	n/a	n/a	n/a	n/a	n/a	n/a	19	2	n/a	n/a	n/a	n/a	n/a	left
8	228.811	0.100	incorrect	0.100	grate	n/a	n/a	n/a	n/a	n/a	n/a	19	2	n/a	n/a	n/a	n/a	n/a	right
8	230.010	3.000	remember	0.387	retrieval	restudy	object	scene	face	target	object	20	2	131	83	183	235	230.0	n/a
8	235.044	0.469	correct	0.469	grate	n/a	n/a	n/a	n/a	n/a	n/a	20	2	n/a	n/a	n/a	n/a	n/a	right
8	236.027	0.510	correct	0.510	grate	n/a	n/a	n/a	n/a	n/a	n/a	20	2	n/a	n/a	n/a	n/a	n/a	left
8	237.060	0.501	correct	0.501	grate	n/a	n/a	n/a	n/a	n/a	n/a	20	2	n/a	n/a	n/a	n/a	n/a	right
8	238.077	0.652	correct	0.652	grate	n/a	n/a	n/a	n/a	n/a	n/a	20	2	n/a	n/a	n/a	n/a	n/a	right
8	239.244	0.542	correct	0.542	grate	n/a	n/a	n/a	n/a	n/a	n/a	20	2	n/a	n/a	n/a	n/a	n/a	left
8	240.294	0.216	incorrect	0.216	grate	n/a	n/a	n/a	n/a	n/a	n/a	20	2	n/a	n/a	n/a	n/a	n/a	left
8	242.009	3.000	forget	0.269	retrieval	restudy	object	scene	face	other	face	21	2	133	85	185	237	242.0	n/a
8	247.043	0.534	correct	0.534	grate	n/a	n/a	n/a	n/a	n/a	n/a	21	2	n/a	n/a	n/a	n/a	n/a	right
8	248.093	0.533	correct	0.533	grate	n/a	n/a	n/a	n/a	n/a	n/a	21	2	n/a	n/a	n/a	n/a	n/a	left
8	249.143	0.506	correct	0.506	grate	n/a	n/a	n/a	n/a	n/a	n/a	21	2	n/a	n/a	n/a	n/a	n/a	left
8	250.159	1.058	correct	1.058	grate	n/a	n/a	n/a	n/a	n/a	n/a	21	2	n/a	n/a	n/a	n/a	n/a	left
8	251.726	0.603	correct	0.603	grate	n/a	n/a	n/a	n/a	n/a	n/a	21	2	n/a	n/a	n/a	n/a	n/a	right
8	252.843	0.100	incorrect	0.100	grate	n/a	n/a	n/a	n/a	n/a	n/a	21	2	n/a	n/a	n/a	n/a	n/a	right
8	254.025	3.000	forget	0.428	retrieval	restudy	object	face	scene	other	scene	22	2	15	63	163	15	254.0	n/a
8	259.059	0.638	correct	0.638	grate	n/a	n/a	n/a	n/a	n/a	n/a	22	2	n/a	n/a	n/a	n/a	n/a	left
8	260.209	0.472	correct	0.472	grate	n/a	n/a	n/a	n/a	n/a	n/a	22	2	n/a	n/a	n/a	n/a	n/a	right
8	261.192	0.753	correct	0.753	grate	n/a	n/a	n/a	n/a	n/a	n/a	22	2	n/a	n/a	n/a	n/a	n/a	right
8	262.459	0.510	correct	0.510	grate	n/a	n/a	n/a	n/a	n/a	n/a	22	2	n/a	n/a	n/a	n/a	n/a	left
8	263.492	0.389	correct	0.389	grate	n/a	n/a	n/a	n/a	n/a	n/a	22	2	n/a	n/a	n/a	n/a	n/a	right
8	264.392	0.133	incorrect	0.133	grate	n/a	n/a	n/a	n/a	n/a	n/a	22	2	n/a	n/a	n/a	n/a	n/a	left
8	266.008	3.000	forget	0.557	retrieval	retprac	face	object	scene	competitor	object	23	2	62	14	62	114	266.0	n/a
8	271.042	0.608	correct	0.608	grate	n/a	n/a	n/a	n/a	n/a	n/a	23	2	n/a	n/a	n/a	n/a	n/a	left
8	272.158	0.443	correct	0.443	grate	n/a	n/a	n/a	n/a	n/a	n/a	23	2	n/a	n/a	n/a	n/a	n/a	left
8	273.125	0.477	correct	0.477	grate	n/a	n/a	n/a	n/a	n/a	n/a	23	2	n/a	n/a	n/a	n/a	n/a	right
8	274.124	0.357	correct	0.357	grate	n/a	n/a	n/a	n/a	n/a	n/a	23	2	n/a	n/a	n/a	n/a	n/a	right
8	274.991	0.418	correct	0.418	grate	n/a	n/a	n/a	n/a	n/a	n/a	23	2	n/a	n/a	n/a	n/a	n/a	right
8	275.924	0.389	correct	0.389	grate	n/a	n/a	n/a	n/a	n/a	n/a	23	2	n/a	n/a	n/a	n/a	n/a	right
8	276.824	0.100	incorrect	0.100	grate	n/a	n/a	n/a	n/a	n/a	n/a	23	2	n/a	n/a	n/a	n/a	n/a	right
8	278.007	3.000	forget	0.334	retrieval	retprac	scene	object	face	competitor	object	24	2	86	134	286	138	278.0	n/a
8	283.041	0.497	correct	0.497	grate	n/a	n/a	n/a	n/a	n/a	n/a	24	2	n/a	n/a	n/a	n/a	n/a	left
8	284.057	0.456	correct	0.456	grate	n/a	n/a	n/a	n/a	n/a	n/a	24	2	n/a	n/a	n/a	n/a	n/a	left
8	285.024	0.529	correct	0.529	grate	n/a	n/a	n/a	n/a	n/a	n/a	24	2	n/a	n/a	n/a	n/a	n/a	left
8	286.074	0.399	correct	0.399	grate	n/a	n/a	n/a	n/a	n/a	n/a	24	2	n/a	n/a	n/a	n/a	n/a	left
8	286.990	0.515	correct	0.515	grate	n/a	n/a	n/a	n/a	n/a	n/a	24	2	n/a	n/a	n/a	n/a	n/a	right
8	288.023	0.426	correct	0.426	grate	n/a	n/a	n/a	n/a	n/a	n/a	24	2	n/a	n/a	n/a	n/a	n/a	right
8	288.957	0.100	incorrect	0.100	grate	n/a	n/a	n/a	n/a	n/a	n/a	24	2	n/a	n/a	n/a	n/a	n/a	right
8	290.023	3.000	remember	0.334	retrieval	restudy	face	scene	object	target	face	25	2	107	35	83	211	290.0	n/a
8	295.057	0.536	correct	0.536	grate	n/a	n/a	n/a	n/a	n/a	n/a	25	2	n/a	n/a	n/a	n/a	n/a	left
8	296.106	0.463	correct	0.463	grate	n/a	n/a	n/a	n/a	n/a	n/a	25	2	n/a	n/a	n/a	n/a	n/a	left
8	297.090	0.479	correct	0.479	grate	n/a	n/a	n/a	n/a	n/a	n/a	25	2	n/a	n/a	n/a	n/a	n/a	right
8	298.089	0.424	correct	0.424	grate	n/a	n/a	n/a	n/a	n/a	n/a	25	2	n/a	n/a	n/a	n/a	n/a	right
8	299.023	0.451	correct	0.451	grate	n/a	n/a	n/a	n/a	n/a	n/a	25	2	n/a	n/a	n/a	n/a	n/a	right
8	299.989	0.533	incorrect	0.533	grate	n/a	n/a	n/a	n/a	n/a	n/a	25	2	n/a	n/a	n/a	n/a	n/a	left
8	302.022	3.000	forget	0.328	retrieval	restudy	scene	object	face	competitor	object	26	2	83	131	283	135	302.0	n/a
8	307.056	0.729	correct	0.729	grate	n/a	n/a	n/a	n/a	n/a	n/a	26	2	n/a	n/a	n/a	n/a	n/a	left
8	308.306	0.423	correct	0.423	grate	n/a	n/a	n/a	n/a	n/a	n/a	26	2	n/a	n/a	n/a	n/a	n/a	left
8	309.239	0.602	correct	0.602	grate	n/a	n/a	n/a	n/a	n/a	n/a	26	2	n/a	n/a	n/a	n/a	n/a	right
8	310.355	0.629	correct	0.629	grate	n/a	n/a	n/a	n/a	n/a	n/a	26	2	n/a	n/a	n/a	n/a	n/a	left
8	311.505	0.519	correct	0.519	grate	n/a	n/a	n/a	n/a	n/a	n/a	26	2	n/a	n/a	n/a	n/a	n/a	left
8	312.539	0.100	incorrect	0.100	grate	n/a	n/a	n/a	n/a	n/a	n/a	26	2	n/a	n/a	n/a	n/a	n/a	right
8	314.021	3.000	forget	0.567	retrieval	retprac	object	scene	face	competitor	scene	27	2	132	84	184	236	314.0	n/a
8	319.055	0.538	correct	0.538	grate	n/a	n/a	n/a	n/a	n/a	n/a	27	2	n/a	n/a	n/a	n/a	n/a	left
8	320.105	0.544	correct	0.544	grate	n/a	n/a	n/a	n/a	n/a	n/a	27	2	n/a	n/a	n/a	n/a	n/a	right
8	321.171	0.405	correct	0.405	grate	n/a	n/a	n/a	n/a	n/a	n/a	27	2	n/a	n/a	n/a	n/a	n/a	right
8	322.088	0.417	correct	0.417	grate	n/a	n/a	n/a	n/a	n/a	n/a	27	2	n/a	n/a	n/a	n/a	n/a	right
8	323.021	0.347	correct	0.347	grate	n/a	n/a	n/a	n/a	n/a	n/a	27	2	n/a	n/a	n/a	n/a	n/a	right
8	323.888	0.473	correct	0.473	grate	n/a	n/a	n/a	n/a	n/a	n/a	27	2	n/a	n/a	n/a	n/a	n/a	right
8	324.871	0.100	incorrect	0.100	grate	n/a	n/a	n/a	n/a	n/a	n/a	27	2	n/a	n/a	n/a	n/a	n/a	left
8	326.020	3.000	remember	0.241	retrieval	retprac	face	scene	object	target	face	28	2	112	40	88	216	326.0	n/a
8	331.054	1.074	correct	1.074	grate	n/a	n/a	n/a	n/a	n/a	n/a	28	2	n/a	n/a	n/a	n/a	n/a	left
8	332.637	0.451	correct	0.451	grate	n/a	n/a	n/a	n/a	n/a	n/a	28	2	n/a	n/a	n/a	n/a	n/a	right
8	333.604	0.437	correct	0.437	grate	n/a	n/a	n/a	n/a	n/a	n/a	28	2	n/a	n/a	n/a	n/a	n/a	left
8	334.554	0.391	correct	0.391	grate	n/a	n/a	n/a	n/a	n/a	n/a	28	2	n/a	n/a	n/a	n/a	n/a	left
8	335.454	0.579	correct	0.579	grate	n/a	n/a	n/a	n/a	n/a	n/a	28	2	n/a	n/a	n/a	n/a	n/a	right
8	336.554	0.100	incorrect	0.100	grate	n/a	n/a	n/a	n/a	n/a	n/a	28	2	n/a	n/a	n/a	n/a	n/a	right
8	338.019	3.000	forget	0.290	retrieval	retprac	face	object	scene	competitor	object	29	2	58	10	58	110	338.0	n/a
8	343.053	0.499	correct	0.499	grate	n/a	n/a	n/a	n/a	n/a	n/a	29	2	n/a	n/a	n/a	n/a	n/a	right
8	344.070	0.539	correct	0.539	grate	n/a	n/a	n/a	n/a	n/a	n/a	29	2	n/a	n/a	n/a	n/a	n/a	left
8	345.120	0.529	correct	0.529	grate	n/a	n/a	n/a	n/a	n/a	n/a	29	2	n/a	n/a	n/a	n/a	n/a	left
8	346.170	0.543	correct	0.543	grate	n/a	n/a	n/a	n/a	n/a	n/a	29	2	n/a	n/a	n/a	n/a	n/a	right
8	347.236	0.484	correct	0.484	grate	n/a	n/a	n/a	n/a	n/a	n/a	29	2	n/a	n/a	n/a	n/a	n/a	right
8	348.236	0.283	incorrect	0.283	grate	n/a	n/a	n/a	n/a	n/a	n/a	29	2	n/a	n/a	n/a	n/a	n/a	right
8	350.018	3.000	remember	0.306	retrieval	restudy	face	scene	object	target	face	30	2	111	39	87	215	350.0	n/a
8	355.052	0.628	correct	0.628	grate	n/a	n/a	n/a	n/a	n/a	n/a	30	2	n/a	n/a	n/a	n/a	n/a	left
8	356.202	0.505	correct	0.505	grate	n/a	n/a	n/a	n/a	n/a	n/a	30	2	n/a	n/a	n/a	n/a	n/a	right
8	357.219	0.470	correct	0.470	grate	n/a	n/a	n/a	n/a	n/a	n/a	30	2	n/a	n/a	n/a	n/a	n/a	left
8	358.202	0.430	correct	0.430	grate	n/a	n/a	n/a	n/a	n/a	n/a	30	2	n/a	n/a	n/a	n/a	n/a	right
8	359.152	0.512	correct	0.512	grate	n/a	n/a	n/a	n/a	n/a	n/a	30	2	n/a	n/a	n/a	n/a	n/a	left
8	360.185	0.333	incorrect	0.333	grate	n/a	n/a	n/a	n/a	n/a	n/a	30	2	n/a	n/a	n/a	n/a	n/a	left
8	362.018	3.000	remember	0.234	retrieval	retprac	scene	face	object	target	scene	31	2	34	106	258	34	362.0	n/a
8	367.052	0.446	correct	0.446	grate	n/a	n/a	n/a	n/a	n/a	n/a	31	2	n/a	n/a	n/a	n/a	n/a	right
8	368.018	0.519	correct	0.519	grate	n/a	n/a	n/a	n/a	n/a	n/a	31	2	n/a	n/a	n/a	n/a	n/a	left
8	369.051	0.565	correct	0.565	grate	n/a	n/a	n/a	n/a	n/a	n/a	31	2	n/a	n/a	n/a	n/a	n/a	right
8	370.135	0.514	correct	0.514	grate	n/a	n/a	n/a	n/a	n/a	n/a	31	2	n/a	n/a	n/a	n/a	n/a	left
8	371.168	0.609	correct	0.609	grate	n/a	n/a	n/a	n/a	n/a	n/a	31	2	n/a	n/a	n/a	n/a	n/a	left
8	372.284	0.233	incorrect	0.233	grate	n/a	n/a	n/a	n/a	n/a	n/a	31	2	n/a	n/a	n/a	n/a	n/a	left
8	374.017	3.000	remember	0.259	retrieval	restudy	scene	object	face	target	scene	32	2	85	133	285	137	374.0	n/a
8	379.051	0.733	correct	0.733	grate	n/a	n/a	n/a	n/a	n/a	n/a	32	2	n/a	n/a	n/a	n/a	n/a	left
8	380.301	0.476	correct	0.476	grate	n/a	n/a	n/a	n/a	n/a	n/a	32	2	n/a	n/a	n/a	n/a	n/a	right
8	381.284	0.420	correct	0.420	grate	n/a	n/a	n/a	n/a	n/a	n/a	32	2	n/a	n/a	n/a	n/a	n/a	left
8	382.217	0.383	correct	0.383	grate	n/a	n/a	n/a	n/a	n/a	n/a	32	2	n/a	n/a	n/a	n/a	n/a	left
8	383.117	1.244	correct	1.244	grate	n/a	n/a	n/a	n/a	n/a	n/a	32	2	n/a	n/a	n/a	n/a	n/a	left
8	384.884	0.100	incorrect	0.100	grate	n/a	n/a	n/a	n/a	n/a	n/a	32	2	n/a	n/a	n/a	n/a	n/a	right
8	386.016	3.000	forget	0.332	retrieval	restudy	scene	face	object	competitor	face	33	2	37	109	261	37	386.0	n/a
8	391.050	0.646	correct	0.646	grate	n/a	n/a	n/a	n/a	n/a	n/a	33	2	n/a	n/a	n/a	n/a	n/a	left
8	392.216	1.376	correct	1.376	grate	n/a	n/a	n/a	n/a	n/a	n/a	33	2	n/a	n/a	n/a	n/a	n/a	left
8	394.100	0.428	correct	0.428	grate	n/a	n/a	n/a	n/a	n/a	n/a	33	2	n/a	n/a	n/a	n/a	n/a	left
8	395.049	0.439	correct	0.439	grate	n/a	n/a	n/a	n/a	n/a	n/a	33	2	n/a	n/a	n/a	n/a	n/a	left
8	395.999	0.516	incorrect	0.516	grate	n/a	n/a	n/a	n/a	n/a	n/a	33	2	n/a	n/a	n/a	n/a	n/a	right
8	398.015	3.000	remember	0.334	retrieval	retprac	scene	face	object	target	scene	34	2	38	110	262	38	398.0	n/a
8	403.049	0.511	correct	0.511	grate	n/a	n/a	n/a	n/a	n/a	n/a	34	2	n/a	n/a	n/a	n/a	n/a	right
8	404.082	0.446	correct	0.446	grate	n/a	n/a	n/a	n/a	n/a	n/a	34	2	n/a	n/a	n/a	n/a	n/a	right
8	405.049	0.567	correct	0.567	grate	n/a	n/a	n/a	n/a	n/a	n/a	34	2	n/a	n/a	n/a	n/a	n/a	left
8	406.132	1.220	correct	1.220	grate	n/a	n/a	n/a	n/a	n/a	n/a	34	2	n/a	n/a	n/a	n/a	n/a	left
8	407.865	0.503	correct	0.503	grate	n/a	n/a	n/a	n/a	n/a	n/a	34	2	n/a	n/a	n/a	n/a	n/a	left
8	408.882	0.100	incorrect	0.100	grate	n/a	n/a	n/a	n/a	n/a	n/a	34	2	n/a	n/a	n/a	n/a	n/a	left
8	410.014	3.000	forget	0.645	retrieval	restudy	scene	face	object	competitor	face	35	2	33	105	257	33	410.0	n/a
8	415.048	0.808	correct	0.808	grate	n/a	n/a	n/a	n/a	n/a	n/a	35	2	n/a	n/a	n/a	n/a	n/a	left
8	416.365	0.498	correct	0.498	grate	n/a	n/a	n/a	n/a	n/a	n/a	35	2	n/a	n/a	n/a	n/a	n/a	right
8	417.381	0.547	correct	0.547	grate	n/a	n/a	n/a	n/a	n/a	n/a	35	2	n/a	n/a	n/a	n/a	n/a	left
8	418.448	0.504	correct	0.504	grate	n/a	n/a	n/a	n/a	n/a	n/a	35	2	n/a	n/a	n/a	n/a	n/a	right
8	419.464	0.455	correct	0.455	grate	n/a	n/a	n/a	n/a	n/a	n/a	35	2	n/a	n/a	n/a	n/a	n/a	left
8	420.431	0.083	incorrect	0.083	grate	n/a	n/a	n/a	n/a	n/a	n/a	35	2	n/a	n/a	n/a	n/a	n/a	right
8	422.013	3.000	remember	0.302	retrieval	retprac	object	face	scene	target	object	36	2	14	62	162	14	422.0	n/a
8	427.047	0.553	correct	0.553	grate	n/a	n/a	n/a	n/a	n/a	n/a	36	2	n/a	n/a	n/a	n/a	n/a	left
8	428.114	0.455	correct	0.455	grate	n/a	n/a	n/a	n/a	n/a	n/a	36	2	n/a	n/a	n/a	n/a	n/a	right
8	429.080	0.415	correct	0.415	grate	n/a	n/a	n/a	n/a	n/a	n/a	36	2	n/a	n/a	n/a	n/a	n/a	right
8	430.014	0.427	correct	0.427	grate	n/a	n/a	n/a	n/a	n/a	n/a	36	2	n/a	n/a	n/a	n/a	n/a	right
8	430.964	0.524	correct	0.524	grate	n/a	n/a	n/a	n/a	n/a	n/a	36	2	n/a	n/a	n/a	n/a	n/a	left
8	431.997	0.427	correct	0.427	grate	n/a	n/a	n/a	n/a	n/a	n/a	36	2	n/a	n/a	n/a	n/a	n/a	left
8	432.947	0.100	incorrect	0.100	grate	n/a	n/a	n/a	n/a	n/a	n/a	36	2	n/a	n/a	n/a	n/a	n/a	right
8	434.013	3.000	remember	0.279	retrieval	restudy	object	face	scene	target	object	37	2	9	57	157	9	434.0	n/a
8	439.047	0.529	correct	0.529	grate	n/a	n/a	n/a	n/a	n/a	n/a	37	2	n/a	n/a	n/a	n/a	n/a	left
8	440.096	0.399	correct	0.399	grate	n/a	n/a	n/a	n/a	n/a	n/a	37	2	n/a	n/a	n/a	n/a	n/a	left
8	441.013	0.483	correct	0.483	grate	n/a	n/a	n/a	n/a	n/a	n/a	37	2	n/a	n/a	n/a	n/a	n/a	left
8	442.013	0.451	correct	0.451	grate	n/a	n/a	n/a	n/a	n/a	n/a	37	2	n/a	n/a	n/a	n/a	n/a	right
8	442.980	0.357	correct	0.357	grate	n/a	n/a	n/a	n/a	n/a	n/a	37	2	n/a	n/a	n/a	n/a	n/a	right
8	443.846	0.378	correct	0.378	grate	n/a	n/a	n/a	n/a	n/a	n/a	37	2	n/a	n/a	n/a	n/a	n/a	right
8	444.746	0.100	incorrect	0.100	grate	n/a	n/a	n/a	n/a	n/a	n/a	37	2	n/a	n/a	n/a	n/a	n/a	right
8	446.012	3.000	forget	0.568	retrieval	restudy	face	scene	object	competitor	scene	38	2	105	33	81	209	446.0	n/a
8	451.046	0.898	correct	0.898	grate	n/a	n/a	n/a	n/a	n/a	n/a	38	2	n/a	n/a	n/a	n/a	n/a	left
8	452.462	0.281	incorrect	0.281	grate	n/a	n/a	n/a	n/a	n/a	n/a	38	2	n/a	n/a	n/a	n/a	n/a	right
8	453.262	0.626	correct	0.626	grate	n/a	n/a	n/a	n/a	n/a	n/a	38	2	n/a	n/a	n/a	n/a	n/a	right
8	454.395	0.404	correct	0.404	grate	n/a	n/a	n/a	n/a	n/a	n/a	38	2	n/a	n/a	n/a	n/a	n/a	right
8	455.312	0.488	correct	0.488	grate	n/a	n/a	n/a	n/a	n/a	n/a	38	2	n/a	n/a	n/a	n/a	n/a	left
8	456.312	0.200	incorrect	0.200	grate	n/a	n/a	n/a	n/a	n/a	n/a	38	2	n/a	n/a	n/a	n/a	n/a	left
8	458.011	3.000	remember	0.128	retrieval	retprac	face	object	scene	target	face	39	2	60	12	60	112	458.0	n/a
8	463.045	0.476	correct	0.476	grate	n/a	n/a	n/a	n/a	n/a	n/a	39	2	n/a	n/a	n/a	n/a	n/a	left
8	464.028	0.436	correct	0.436	grate	n/a	n/a	n/a	n/a	n/a	n/a	39	2	n/a	n/a	n/a	n/a	n/a	left
8	464.978	0.453	correct	0.453	grate	n/a	n/a	n/a	n/a	n/a	n/a	39	2	n/a	n/a	n/a	n/a	n/a	right
8	465.945	0.439	correct	0.439	grate	n/a	n/a	n/a	n/a	n/a	n/a	39	2	n/a	n/a	n/a	n/a	n/a	right
8	466.911	0.536	correct	0.536	grate	n/a	n/a	n/a	n/a	n/a	n/a	39	2	n/a	n/a	n/a	n/a	n/a	left
8	467.961	0.550	incorrect	0.550	grate	n/a	n/a	n/a	n/a	n/a	n/a	39	2	n/a	n/a	n/a	n/a	n/a	right
8	470.010	3.000	forget	0.289	retrieval	retprac	scene	object	face	competitor	object	40	2	82	130	282	134	470.0	n/a
8	475.044	0.547	correct	0.547	grate	n/a	n/a	n/a	n/a	n/a	n/a	40	2	n/a	n/a	n/a	n/a	n/a	left
8	476.111	1.369	correct	1.369	grate	n/a	n/a	n/a	n/a	n/a	n/a	40	2	n/a	n/a	n/a	n/a	n/a	left
8	477.994	0.510	correct	0.510	grate	n/a	n/a	n/a	n/a	n/a	n/a	40	2	n/a	n/a	n/a	n/a	n/a	right
8	479.010	0.389	correct	0.389	grate	n/a	n/a	n/a	n/a	n/a	n/a	40	2	n/a	n/a	n/a	n/a	n/a	right
8	479.910	0.578	correct	0.578	grate	n/a	n/a	n/a	n/a	n/a	n/a	40	2	n/a	n/a	n/a	n/a	n/a	left
8	481.010	0.100	incorrect	0.100	grate	n/a	n/a	n/a	n/a	n/a	n/a	40	2	n/a	n/a	n/a	n/a	n/a	right
8	482.009	3.000	forget	0.282	retrieval	retprac	scene	object	face	competitor	object	41	2	88	136	288	140	482.0	n/a
8	487.043	0.380	correct	0.380	grate	n/a	n/a	n/a	n/a	n/a	n/a	41	2	n/a	n/a	n/a	n/a	n/a	left
8	487.943	0.448	correct	0.448	grate	n/a	n/a	n/a	n/a	n/a	n/a	41	2	n/a	n/a	n/a	n/a	n/a	right
8	488.910	0.458	correct	0.458	grate	n/a	n/a	n/a	n/a	n/a	n/a	41	2	n/a	n/a	n/a	n/a	n/a	left
8	489.876	0.347	correct	0.347	grate	n/a	n/a	n/a	n/a	n/a	n/a	41	2	n/a	n/a	n/a	n/a	n/a	left
8	490.743	0.505	correct	0.505	grate	n/a	n/a	n/a	n/a	n/a	n/a	41	2	n/a	n/a	n/a	n/a	n/a	right
8	491.759	0.416	correct	0.416	grate	n/a	n/a	n/a	n/a	n/a	n/a	41	2	n/a	n/a	n/a	n/a	n/a	right
8	492.693	0.100	incorrect	0.100	grate	n/a	n/a	n/a	n/a	n/a	n/a	41	2	n/a	n/a	n/a	n/a	n/a	right
8	494.008	3.000	remember	0.251	retrieval	retprac	face	scene	object	target	face	42	2	108	36	84	212	494.0	n/a
8	499.042	0.477	correct	0.477	grate	n/a	n/a	n/a	n/a	n/a	n/a	42	2	n/a	n/a	n/a	n/a	n/a	right
8	500.042	0.485	correct	0.485	grate	n/a	n/a	n/a	n/a	n/a	n/a	42	2	n/a	n/a	n/a	n/a	n/a	left
8	501.042	0.405	correct	0.405	grate	n/a	n/a	n/a	n/a	n/a	n/a	42	2	n/a	n/a	n/a	n/a	n/a	right
8	501.959	0.416	correct	0.416	grate	n/a	n/a	n/a	n/a	n/a	n/a	42	2	n/a	n/a	n/a	n/a	n/a	right
8	502.892	0.363	correct	0.363	grate	n/a	n/a	n/a	n/a	n/a	n/a	42	2	n/a	n/a	n/a	n/a	n/a	right
8	503.775	0.488	correct	0.488	grate	n/a	n/a	n/a	n/a	n/a	n/a	42	2	n/a	n/a	n/a	n/a	n/a	left
8	504.775	0.100	incorrect	0.100	grate	n/a	n/a	n/a	n/a	n/a	n/a	42	2	n/a	n/a	n/a	n/a	n/a	right
8	506.007	3.000	remember	0.276	retrieval	retprac	scene	face	object	target	scene	43	2	36	108	260	36	506.0	n/a
8	511.042	0.422	correct	0.422	grate	n/a	n/a	n/a	n/a	n/a	n/a	43	2	n/a	n/a	n/a	n/a	n/a	right
8	511.975	0.448	correct	0.448	grate	n/a	n/a	n/a	n/a	n/a	n/a	43	2	n/a	n/a	n/a	n/a	n/a	left
8	512.941	0.386	correct	0.386	grate	n/a	n/a	n/a	n/a	n/a	n/a	43	2	n/a	n/a	n/a	n/a	n/a	left
8	513.841	0.374	correct	0.374	grate	n/a	n/a	n/a	n/a	n/a	n/a	43	2	n/a	n/a	n/a	n/a	n/a	right
8	514.724	0.330	correct	0.330	grate	n/a	n/a	n/a	n/a	n/a	n/a	43	2	n/a	n/a	n/a	n/a	n/a	right
8	515.574	0.337	correct	0.337	grate	n/a	n/a	n/a	n/a	n/a	n/a	43	2	n/a	n/a	n/a	n/a	n/a	right
8	516.424	0.083	incorrect	0.083	grate	n/a	n/a	n/a	n/a	n/a	n/a	43	2	n/a	n/a	n/a	n/a	n/a	right
8	518.007	3.000	remember	0.284	retrieval	restudy	scene	face	object	target	scene	44	2	35	107	259	35	518.0	n/a
8	523.041	0.414	correct	0.414	grate	n/a	n/a	n/a	n/a	n/a	n/a	44	2	n/a	n/a	n/a	n/a	n/a	left
8	523.974	0.433	correct	0.433	grate	n/a	n/a	n/a	n/a	n/a	n/a	44	2	n/a	n/a	n/a	n/a	n/a	right
8	524.924	0.403	correct	0.403	grate	n/a	n/a	n/a	n/a	n/a	n/a	44	2	n/a	n/a	n/a	n/a	n/a	right
8	525.840	0.462	correct	0.462	grate	n/a	n/a	n/a	n/a	n/a	n/a	44	2	n/a	n/a	n/a	n/a	n/a	left
8	526.824	0.351	correct	0.351	grate	n/a	n/a	n/a	n/a	n/a	n/a	44	2	n/a	n/a	n/a	n/a	n/a	right
8	527.690	0.437	correct	0.437	grate	n/a	n/a	n/a	n/a	n/a	n/a	44	2	n/a	n/a	n/a	n/a	n/a	right
8	528.640	0.100	incorrect	0.100	grate	n/a	n/a	n/a	n/a	n/a	n/a	44	2	n/a	n/a	n/a	n/a	n/a	right
8	530.023	3.000	forget	0.500	retrieval	restudy	face	scene	object	competitor	scene	45	2	109	37	85	213	530.0	n/a
8	535.057	0.502	correct	0.502	grate	n/a	n/a	n/a	n/a	n/a	n/a	45	2	n/a	n/a	n/a	n/a	n/a	left
8	536.073	0.582	correct	0.582	grate	n/a	n/a	n/a	n/a	n/a	n/a	45	2	n/a	n/a	n/a	n/a	n/a	right
8	537.173	0.530	correct	0.530	grate	n/a	n/a	n/a	n/a	n/a	n/a	45	2	n/a	n/a	n/a	n/a	n/a	right
8	538.223	0.464	correct	0.464	grate	n/a	n/a	n/a	n/a	n/a	n/a	45	2	n/a	n/a	n/a	n/a	n/a	right
8	539.206	0.369	correct	0.369	grate	n/a	n/a	n/a	n/a	n/a	n/a	45	2	n/a	n/a	n/a	n/a	n/a	right
8	540.089	0.433	incorrect	0.433	grate	n/a	n/a	n/a	n/a	n/a	n/a	45	2	n/a	n/a	n/a	n/a	n/a	left
8	542.022	3.000	remember	0.253	retrieval	restudy	face	object	scene	target	face	46	2	57	9	57	109	542.0	n/a
8	547.056	0.816	correct	0.816	grate	n/a	n/a	n/a	n/a	n/a	n/a	46	2	n/a	n/a	n/a	n/a	n/a	right
8	548.389	0.378	correct	0.378	grate	n/a	n/a	n/a	n/a	n/a	n/a	46	2	n/a	n/a	n/a	n/a	n/a	right
8	549.289	0.398	correct	0.398	grate	n/a	n/a	n/a	n/a	n/a	n/a	46	2	n/a	n/a	n/a	n/a	n/a	right
8	550.205	0.417	correct	0.417	grate	n/a	n/a	n/a	n/a	n/a	n/a	46	2	n/a	n/a	n/a	n/a	n/a	right
8	551.138	0.365	correct	0.365	grate	n/a	n/a	n/a	n/a	n/a	n/a	46	2	n/a	n/a	n/a	n/a	n/a	right
8	552.022	0.369	correct	0.369	grate	n/a	n/a	n/a	n/a	n/a	n/a	46	2	n/a	n/a	n/a	n/a	n/a	right
8	552.905	0.100	incorrect	0.100	grate	n/a	n/a	n/a	n/a	n/a	n/a	46	2	n/a	n/a	n/a	n/a	n/a	right
8	554.021	3.000	forget	0.309	retrieval	retprac	object	face	scene	competitor	face	47	2	12	60	160	12	554.0	n/a
8	559.055	0.504	correct	0.504	grate	n/a	n/a	n/a	n/a	n/a	n/a	47	2	n/a	n/a	n/a	n/a	n/a	left
8	560.071	0.343	correct	0.343	grate	n/a	n/a	n/a	n/a	n/a	n/a	47	2	n/a	n/a	n/a	n/a	n/a	left
8	560.938	0.493	correct	0.493	grate	n/a	n/a	n/a	n/a	n/a	n/a	47	2	n/a	n/a	n/a	n/a	n/a	right
8	561.938	0.381	correct	0.381	grate	n/a	n/a	n/a	n/a	n/a	n/a	47	2	n/a	n/a	n/a	n/a	n/a	right
8	562.838	0.385	correct	0.385	grate	n/a	n/a	n/a	n/a	n/a	n/a	47	2	n/a	n/a	n/a	n/a	n/a	left
8	563.738	0.429	correct	0.429	grate	n/a	n/a	n/a	n/a	n/a	n/a	47	2	n/a	n/a	n/a	n/a	n/a	right
8	564.688	0.100	incorrect	0.100	grate	n/a	n/a	n/a	n/a	n/a	n/a	47	2	n/a	n/a	n/a	n/a	n/a	left
8	566.020	3.000	forget	0.246	retrieval	restudy	face	object	scene	competitor	object	48	2	59	11	59	111	566.0	n/a
8	571.054	0.424	correct	0.424	grate	n/a	n/a	n/a	n/a	n/a	n/a	48	2	n/a	n/a	n/a	n/a	n/a	left
8	571.987	0.451	correct	0.451	grate	n/a	n/a	n/a	n/a	n/a	n/a	48	2	n/a	n/a	n/a	n/a	n/a	right
8	572.954	0.365	correct	0.365	grate	n/a	n/a	n/a	n/a	n/a	n/a	48	2	n/a	n/a	n/a	n/a	n/a	left
8	573.837	0.449	correct	0.449	grate	n/a	n/a	n/a	n/a	n/a	n/a	48	2	n/a	n/a	n/a	n/a	n/a	left
8	574.804	1.476	correct	1.476	grate	n/a	n/a	n/a	n/a	n/a	n/a	48	2	n/a	n/a	n/a	n/a	n/a	left
8	576.803	0.100	incorrect	0.100	grate	n/a	n/a	n/a	n/a	n/a	n/a	48	2	n/a	n/a	n/a	n/a	n/a	right
8	2.007	3.000	remember	0.440	retrieval	restudy	face	object	scene	target	face	1	3	69	21	69	121	2.0	n/a
8	7.041	1.051	correct	1.051	grate	n/a	n/a	n/a	n/a	n/a	n/a	1	3	n/a	n/a	n/a	n/a	n/a	right
8	8.607	0.501	correct	0.501	grate	n/a	n/a	n/a	n/a	n/a	n/a	1	3	n/a	n/a	n/a	n/a	n/a	left
8	9.624	0.411	correct	0.411	grate	n/a	n/a	n/a	n/a	n/a	n/a	1	3	n/a	n/a	n/a	n/a	n/a	left
8	10.557	0.423	correct	0.423	grate	n/a	n/a	n/a	n/a	n/a	n/a	1	3	n/a	n/a	n/a	n/a	n/a	right
8	11.490	0.401	correct	0.401	grate	n/a	n/a	n/a	n/a	n/a	n/a	1	3	n/a	n/a	n/a	n/a	n/a	left
8	12.407	0.100	incorrect	0.100	grate	n/a	n/a	n/a	n/a	n/a	n/a	1	3	n/a	n/a	n/a	n/a	n/a	right
8	14.006	3.000	forget	0.305	retrieval	retprac	object	face	scene	competitor	face	2	3	24	72	172	24	14.0	n/a
8	19.040	0.395	correct	0.395	grate	n/a	n/a	n/a	n/a	n/a	n/a	2	3	n/a	n/a	n/a	n/a	n/a	right
8	19.956	0.487	correct	0.487	grate	n/a	n/a	n/a	n/a	n/a	n/a	2	3	n/a	n/a	n/a	n/a	n/a	left
8	20.956	0.432	correct	0.432	grate	n/a	n/a	n/a	n/a	n/a	n/a	2	3	n/a	n/a	n/a	n/a	n/a	left
8	21.906	0.450	correct	0.450	grate	n/a	n/a	n/a	n/a	n/a	n/a	2	3	n/a	n/a	n/a	n/a	n/a	right
8	22.873	0.442	correct	0.442	grate	n/a	n/a	n/a	n/a	n/a	n/a	2	3	n/a	n/a	n/a	n/a	n/a	right
8	23.823	0.421	correct	0.421	grate	n/a	n/a	n/a	n/a	n/a	n/a	2	3	n/a	n/a	n/a	n/a	n/a	left
8	24.756	0.100	incorrect	0.100	grate	n/a	n/a	n/a	n/a	n/a	n/a	2	3	n/a	n/a	n/a	n/a	n/a	left
8	26.022	3.000	remember	0.665	retrieval	retprac	face	object	scene	target	face	3	3	68	20	68	120	26.0	n/a
8	31.056	0.428	correct	0.428	grate	n/a	n/a	n/a	n/a	n/a	n/a	3	3	n/a	n/a	n/a	n/a	n/a	left
8	32.006	0.477	correct	0.477	grate	n/a	n/a	n/a	n/a	n/a	n/a	3	3	n/a	n/a	n/a	n/a	n/a	right
8	33.006	0.382	correct	0.382	grate	n/a	n/a	n/a	n/a	n/a	n/a	3	3	n/a	n/a	n/a	n/a	n/a	right
8	33.905	0.434	correct	0.434	grate	n/a	n/a	n/a	n/a	n/a	n/a	3	3	n/a	n/a	n/a	n/a	n/a	right
8	34.855	0.389	correct	0.389	grate	n/a	n/a	n/a	n/a	n/a	n/a	3	3	n/a	n/a	n/a	n/a	n/a	right
8	35.755	0.416	correct	0.416	grate	n/a	n/a	n/a	n/a	n/a	n/a	3	3	n/a	n/a	n/a	n/a	n/a	right
8	36.689	0.100	incorrect	0.100	grate	n/a	n/a	n/a	n/a	n/a	n/a	3	3	n/a	n/a	n/a	n/a	n/a	left
8	38.021	3.000	remember	0.298	retrieval	retprac	scene	object	face	target	scene	4	3	90	138	290	142	38.0	n/a
8	43.055	0.413	correct	0.413	grate	n/a	n/a	n/a	n/a	n/a	n/a	4	3	n/a	n/a	n/a	n/a	n/a	right
8	43.988	0.343	correct	0.343	grate	n/a	n/a	n/a	n/a	n/a	n/a	4	3	n/a	n/a	n/a	n/a	n/a	right
8	44.855	0.356	correct	0.356	grate	n/a	n/a	n/a	n/a	n/a	n/a	4	3	n/a	n/a	n/a	n/a	n/a	right
8	45.721	0.354	correct	0.354	grate	n/a	n/a	n/a	n/a	n/a	n/a	4	3	n/a	n/a	n/a	n/a	n/a	right
8	46.588	0.455	correct	0.455	grate	n/a	n/a	n/a	n/a	n/a	n/a	4	3	n/a	n/a	n/a	n/a	n/a	left
8	47.554	0.377	correct	0.377	grate	n/a	n/a	n/a	n/a	n/a	n/a	4	3	n/a	n/a	n/a	n/a	n/a	left
8	48.454	0.066	incorrect	0.066	grate	n/a	n/a	n/a	n/a	n/a	n/a	4	3	n/a	n/a	n/a	n/a	n/a	left
8	50.020	3.000	forget	0.267	retrieval	retprac	object	scene	face	competitor	scene	5	3	144	96	196	248	50.0	n/a
8	55.054	0.405	correct	0.405	grate	n/a	n/a	n/a	n/a	n/a	n/a	5	3	n/a	n/a	n/a	n/a	n/a	right
8	55.971	0.432	correct	0.432	grate	n/a	n/a	n/a	n/a	n/a	n/a	5	3	n/a	n/a	n/a	n/a	n/a	left
8	56.921	0.370	correct	0.370	grate	n/a	n/a	n/a	n/a	n/a	n/a	5	3	n/a	n/a	n/a	n/a	n/a	left
8	57.804	0.431	correct	0.431	grate	n/a	n/a	n/a	n/a	n/a	n/a	5	3	n/a	n/a	n/a	n/a	n/a	left
8	58.754	0.354	correct	0.354	grate	n/a	n/a	n/a	n/a	n/a	n/a	5	3	n/a	n/a	n/a	n/a	n/a	left
8	59.620	0.422	correct	0.422	grate	n/a	n/a	n/a	n/a	n/a	n/a	5	3	n/a	n/a	n/a	n/a	n/a	left
8	60.554	0.100	incorrect	0.100	grate	n/a	n/a	n/a	n/a	n/a	n/a	5	3	n/a	n/a	n/a	n/a	n/a	right
8	62.019	3.000	forget	0.260	retrieval	restudy	object	face	scene	competitor	face	6	3	17	65	165	17	62.0	n/a
8	67.053	0.398	correct	0.398	grate	n/a	n/a	n/a	n/a	n/a	n/a	6	3	n/a	n/a	n/a	n/a	n/a	right
8	67.970	0.385	correct	0.385	grate	n/a	n/a	n/a	n/a	n/a	n/a	6	3	n/a	n/a	n/a	n/a	n/a	left
8	68.870	0.389	correct	0.389	grate	n/a	n/a	n/a	n/a	n/a	n/a	6	3	n/a	n/a	n/a	n/a	n/a	right
8	69.770	0.338	correct	0.338	grate	n/a	n/a	n/a	n/a	n/a	n/a	6	3	n/a	n/a	n/a	n/a	n/a	left
8	70.620	0.304	correct	0.304	grate	n/a	n/a	n/a	n/a	n/a	n/a	6	3	n/a	n/a	n/a	n/a	n/a	right
8	71.436	0.455	correct	0.455	grate	n/a	n/a	n/a	n/a	n/a	n/a	6	3	n/a	n/a	n/a	n/a	n/a	right
8	72.403	0.116	incorrect	0.116	grate	n/a	n/a	n/a	n/a	n/a	n/a	6	3	n/a	n/a	n/a	n/a	n/a	left
8	74.018	3.000	forget	0.420	retrieval	retprac	scene	face	object	competitor	face	7	3	44	116	268	44	74.0	n/a
8	79.052	0.351	correct	0.351	grate	n/a	n/a	n/a	n/a	n/a	n/a	7	3	n/a	n/a	n/a	n/a	n/a	right
8	79.919	0.308	incorrect	0.308	grate	n/a	n/a	n/a	n/a	n/a	n/a	7	3	n/a	n/a	n/a	n/a	n/a	left
8	80.735	0.491	correct	0.491	grate	n/a	n/a	n/a	n/a	n/a	n/a	7	3	n/a	n/a	n/a	n/a	n/a	right
8	81.735	0.403	correct	0.403	grate	n/a	n/a	n/a	n/a	n/a	n/a	7	3	n/a	n/a	n/a	n/a	n/a	right
8	82.652	0.582	correct	0.582	grate	n/a	n/a	n/a	n/a	n/a	n/a	7	3	n/a	n/a	n/a	n/a	n/a	left
8	83.752	0.723	correct	0.723	grate	n/a	n/a	n/a	n/a	n/a	n/a	7	3	n/a	n/a	n/a	n/a	n/a	left
8	84.985	0.100	incorrect	0.100	grate	n/a	n/a	n/a	n/a	n/a	n/a	7	3	n/a	n/a	n/a	n/a	n/a	right
8	86.018	3.000	remember	0.541	retrieval	retprac	scene	face	object	target	scene	8	3	42	114	266	42	86.0	n/a
8	91.052	0.767	correct	0.767	grate	n/a	n/a	n/a	n/a	n/a	n/a	8	3	n/a	n/a	n/a	n/a	n/a	left
8	92.335	0.540	correct	0.540	grate	n/a	n/a	n/a	n/a	n/a	n/a	8	3	n/a	n/a	n/a	n/a	n/a	left
8	93.384	0.530	correct	0.530	grate	n/a	n/a	n/a	n/a	n/a	n/a	8	3	n/a	n/a	n/a	n/a	n/a	left
8	94.434	0.600	correct	0.600	grate	n/a	n/a	n/a	n/a	n/a	n/a	8	3	n/a	n/a	n/a	n/a	n/a	right
8	95.551	0.620	correct	0.620	grate	n/a	n/a	n/a	n/a	n/a	n/a	8	3	n/a	n/a	n/a	n/a	n/a	left
8	96.684	0.100	incorrect	0.100	grate	n/a	n/a	n/a	n/a	n/a	n/a	8	3	n/a	n/a	n/a	n/a	n/a	right
8	98.017	3.000	remember	0.285	retrieval	retprac	face	scene	object	target	face	9	3	120	48	96	224	98.0	n/a
8	103.051	0.496	correct	0.496	grate	n/a	n/a	n/a	n/a	n/a	n/a	9	3	n/a	n/a	n/a	n/a	n/a	left
8	104.067	0.416	correct	0.416	grate	n/a	n/a	n/a	n/a	n/a	n/a	9	3	n/a	n/a	n/a	n/a	n/a	left
8	105.000	0.498	correct	0.498	grate	n/a	n/a	n/a	n/a	n/a	n/a	9	3	n/a	n/a	n/a	n/a	n/a	right
8	106.017	0.425	correct	0.425	grate	n/a	n/a	n/a	n/a	n/a	n/a	9	3	n/a	n/a	n/a	n/a	n/a	right
8	106.950	0.444	correct	0.444	grate	n/a	n/a	n/a	n/a	n/a	n/a	9	3	n/a	n/a	n/a	n/a	n/a	left
8	107.917	0.437	correct	0.437	grate	n/a	n/a	n/a	n/a	n/a	n/a	9	3	n/a	n/a	n/a	n/a	n/a	left
8	108.867	0.100	incorrect	0.100	grate	n/a	n/a	n/a	n/a	n/a	n/a	9	3	n/a	n/a	n/a	n/a	n/a	left
8	110.016	3.000	remember	0.256	retrieval	restudy	face	object	scene	target	face	10	3	71	23	71	123	110.0	n/a
8	115.050	0.376	correct	0.376	grate	n/a	n/a	n/a	n/a	n/a	n/a	10	3	n/a	n/a	n/a	n/a	n/a	left
8	115.950	0.469	correct	0.469	grate	n/a	n/a	n/a	n/a	n/a	n/a	10	3	n/a	n/a	n/a	n/a	n/a	right
8	116.933	0.430	correct	0.430	grate	n/a	n/a	n/a	n/a	n/a	n/a	10	3	n/a	n/a	n/a	n/a	n/a	right
8	117.883	0.536	correct	0.536	grate	n/a	n/a	n/a	n/a	n/a	n/a	10	3	n/a	n/a	n/a	n/a	n/a	left
8	118.933	0.430	correct	0.430	grate	n/a	n/a	n/a	n/a	n/a	n/a	10	3	n/a	n/a	n/a	n/a	n/a	left
8	119.883	0.551	correct	0.551	grate	n/a	n/a	n/a	n/a	n/a	n/a	10	3	n/a	n/a	n/a	n/a	n/a	right
8	120.949	0.100	incorrect	0.100	grate	n/a	n/a	n/a	n/a	n/a	n/a	10	3	n/a	n/a	n/a	n/a	n/a	left
8	122.015	3.000	forget	0.263	retrieval	restudy	object	scene	face	competitor	scene	11	3	143	95	195	247	122.0	n/a
8	127.049	0.481	correct	0.481	grate	n/a	n/a	n/a	n/a	n/a	n/a	11	3	n/a	n/a	n/a	n/a	n/a	left
8	128.049	0.474	correct	0.474	grate	n/a	n/a	n/a	n/a	n/a	n/a	11	3	n/a	n/a	n/a	n/a	n/a	right
8	129.032	0.410	correct	0.410	grate	n/a	n/a	n/a	n/a	n/a	n/a	11	3	n/a	n/a	n/a	n/a	n/a	right
8	129.965	0.413	correct	0.413	grate	n/a	n/a	n/a	n/a	n/a	n/a	11	3	n/a	n/a	n/a	n/a	n/a	left
8	130.899	0.393	correct	0.393	grate	n/a	n/a	n/a	n/a	n/a	n/a	11	3	n/a	n/a	n/a	n/a	n/a	right
8	131.815	0.700	incorrect	0.700	grate	n/a	n/a	n/a	n/a	n/a	n/a	11	3	n/a	n/a	n/a	n/a	n/a	left
8	134.014	3.000	forget	0.272	retrieval	restudy	face	scene	object	competitor	scene	12	3	115	43	91	219	134.0	n/a
8	139.048	0.475	correct	0.475	grate	n/a	n/a	n/a	n/a	n/a	n/a	12	3	n/a	n/a	n/a	n/a	n/a	right
8	140.031	0.355	correct	0.355	grate	n/a	n/a	n/a	n/a	n/a	n/a	12	3	n/a	n/a	n/a	n/a	n/a	right
8	140.898	0.512	correct	0.512	grate	n/a	n/a	n/a	n/a	n/a	n/a	12	3	n/a	n/a	n/a	n/a	n/a	left
8	141.931	0.559	correct	0.559	grate	n/a	n/a	n/a	n/a	n/a	n/a	12	3	n/a	n/a	n/a	n/a	n/a	right
8	142.998	0.508	correct	0.508	grate	n/a	n/a	n/a	n/a	n/a	n/a	12	3	n/a	n/a	n/a	n/a	n/a	left
8	144.014	0.483	correct	0.483	grate	n/a	n/a	n/a	n/a	n/a	n/a	12	3	n/a	n/a	n/a	n/a	n/a	left
8	145.014	0.100	incorrect	0.100	grate	n/a	n/a	n/a	n/a	n/a	n/a	12	3	n/a	n/a	n/a	n/a	n/a	left
8	146.013	3.000	forget	0.401	retrieval	restudy	scene	face	object	competitor	face	13	3	41	113	265	41	146.0	n/a
8	151.048	0.458	correct	0.458	grate	n/a	n/a	n/a	n/a	n/a	n/a	13	3	n/a	n/a	n/a	n/a	n/a	right
8	152.031	0.316	correct	0.316	grate	n/a	n/a	n/a	n/a	n/a	n/a	13	3	n/a	n/a	n/a	n/a	n/a	right
8	152.864	0.515	correct	0.515	grate	n/a	n/a	n/a	n/a	n/a	n/a	13	3	n/a	n/a	n/a	n/a	n/a	left
8	153.897	0.490	correct	0.490	grate	n/a	n/a	n/a	n/a	n/a	n/a	13	3	n/a	n/a	n/a	n/a	n/a	right
8	154.897	0.449	correct	0.449	grate	n/a	n/a	n/a	n/a	n/a	n/a	13	3	n/a	n/a	n/a	n/a	n/a	left
8	155.863	0.467	correct	0.467	grate	n/a	n/a	n/a	n/a	n/a	n/a	13	3	n/a	n/a	n/a	n/a	n/a	right
8	156.847	0.100	incorrect	0.100	grate	n/a	n/a	n/a	n/a	n/a	n/a	13	3	n/a	n/a	n/a	n/a	n/a	left
8	158.013	3.000	forget	0.449	retrieval	restudy	object	face	scene	other	scene	14	3	23	71	171	23	158.0	n/a
8	163.047	0.475	correct	0.475	grate	n/a	n/a	n/a	n/a	n/a	n/a	14	3	n/a	n/a	n/a	n/a	n/a	left
8	164.030	0.509	correct	0.509	grate	n/a	n/a	n/a	n/a	n/a	n/a	14	3	n/a	n/a	n/a	n/a	n/a	right
8	165.046	0.468	correct	0.468	grate	n/a	n/a	n/a	n/a	n/a	n/a	14	3	n/a	n/a	n/a	n/a	n/a	left
8	166.029	0.372	correct	0.372	grate	n/a	n/a	n/a	n/a	n/a	n/a	14	3	n/a	n/a	n/a	n/a	n/a	left
8	166.913	0.409	correct	0.409	grate	n/a	n/a	n/a	n/a	n/a	n/a	14	3	n/a	n/a	n/a	n/a	n/a	right
8	167.846	0.444	correct	0.444	grate	n/a	n/a	n/a	n/a	n/a	n/a	14	3	n/a	n/a	n/a	n/a	n/a	right
8	168.813	0.100	incorrect	0.100	grate	n/a	n/a	n/a	n/a	n/a	n/a	14	3	n/a	n/a	n/a	n/a	n/a	right
8	170.012	3.000	forget	0.266	retrieval	restudy	face	object	scene	competitor	object	15	3	67	19	67	119	170.0	n/a
8	175.046	0.372	correct	0.372	grate	n/a	n/a	n/a	n/a	n/a	n/a	15	3	n/a	n/a	n/a	n/a	n/a	right
8	175.929	0.585	correct	0.585	grate	n/a	n/a	n/a	n/a	n/a	n/a	15	3	n/a	n/a	n/a	n/a	n/a	left
8	177.029	0.557	correct	0.557	grate	n/a	n/a	n/a	n/a	n/a	n/a	15	3	n/a	n/a	n/a	n/a	n/a	right
8	178.095	0.434	correct	0.434	grate	n/a	n/a	n/a	n/a	n/a	n/a	15	3	n/a	n/a	n/a	n/a	n/a	right
8	179.045	0.421	correct	0.421	grate	n/a	n/a	n/a	n/a	n/a	n/a	15	3	n/a	n/a	n/a	n/a	n/a	left
8	179.978	0.479	correct	0.479	grate	n/a	n/a	n/a	n/a	n/a	n/a	15	3	n/a	n/a	n/a	n/a	n/a	right
8	180.978	0.100	incorrect	0.100	grate	n/a	n/a	n/a	n/a	n/a	n/a	15	3	n/a	n/a	n/a	n/a	n/a	right
8	182.011	3.000	remember	0.506	retrieval	retprac	face	scene	object	target	face	16	3	114	42	90	218	182.0	n/a
8	187.045	0.532	correct	0.532	grate	n/a	n/a	n/a	n/a	n/a	n/a	16	3	n/a	n/a	n/a	n/a	n/a	right
8	188.095	0.411	correct	0.411	grate	n/a	n/a	n/a	n/a	n/a	n/a	16	3	n/a	n/a	n/a	n/a	n/a	right
8	189.028	0.454	correct	0.454	grate	n/a	n/a	n/a	n/a	n/a	n/a	16	3	n/a	n/a	n/a	n/a	n/a	left
8	189.995	0.448	correct	0.448	grate	n/a	n/a	n/a	n/a	n/a	n/a	16	3	n/a	n/a	n/a	n/a	n/a	right
8	190.961	0.424	correct	0.424	grate	n/a	n/a	n/a	n/a	n/a	n/a	16	3	n/a	n/a	n/a	n/a	n/a	left
8	191.894	0.532	correct	0.532	grate	n/a	n/a	n/a	n/a	n/a	n/a	16	3	n/a	n/a	n/a	n/a	n/a	left
8	192.944	0.100	incorrect	0.100	grate	n/a	n/a	n/a	n/a	n/a	n/a	16	3	n/a	n/a	n/a	n/a	n/a	right
8	194.010	3.000	forget	0.555	retrieval	restudy	face	scene	object	competitor	scene	17	3	113	41	89	217	194.0	n/a
8	199.044	1.757	correct	1.757	grate	n/a	n/a	n/a	n/a	n/a	n/a	17	3	n/a	n/a	n/a	n/a	n/a	left
8	201.310	0.411	correct	0.411	grate	n/a	n/a	n/a	n/a	n/a	n/a	17	3	n/a	n/a	n/a	n/a	n/a	right
8	202.244	0.462	correct	0.462	grate	n/a	n/a	n/a	n/a	n/a	n/a	17	3	n/a	n/a	n/a	n/a	n/a	left
8	203.227	0.399	correct	0.399	grate	n/a	n/a	n/a	n/a	n/a	n/a	17	3	n/a	n/a	n/a	n/a	n/a	left
8	204.144	0.366	incorrect	0.366	grate	n/a	n/a	n/a	n/a	n/a	n/a	17	3	n/a	n/a	n/a	n/a	n/a	left
8	206.009	3.000	remember	0.237	retrieval	retprac	face	scene	object	target	face	18	3	116	44	92	220	206.0	n/a
8	211.044	0.390	correct	0.390	grate	n/a	n/a	n/a	n/a	n/a	n/a	18	3	n/a	n/a	n/a	n/a	n/a	right
8	211.943	0.371	correct	0.371	grate	n/a	n/a	n/a	n/a	n/a	n/a	18	3	n/a	n/a	n/a	n/a	n/a	right
8	212.826	0.472	correct	0.472	grate	n/a	n/a	n/a	n/a	n/a	n/a	18	3	n/a	n/a	n/a	n/a	n/a	left
8	213.810	0.577	correct	0.577	grate	n/a	n/a	n/a	n/a	n/a	n/a	18	3	n/a	n/a	n/a	n/a	n/a	right
8	214.909	0.436	correct	0.436	grate	n/a	n/a	n/a	n/a	n/a	n/a	18	3	n/a	n/a	n/a	n/a	n/a	left
8	215.859	0.478	correct	0.478	grate	n/a	n/a	n/a	n/a	n/a	n/a	18	3	n/a	n/a	n/a	n/a	n/a	left
8	216.859	0.100	incorrect	0.100	grate	n/a	n/a	n/a	n/a	n/a	n/a	18	3	n/a	n/a	n/a	n/a	n/a	left
8	218.008	3.000	forget	0.309	retrieval	restudy	scene	object	face	competitor	object	19	3	89	137	289	141	218.0	n/a
8	223.042	0.463	correct	0.463	grate	n/a	n/a	n/a	n/a	n/a	n/a	19	3	n/a	n/a	n/a	n/a	n/a	left
8	224.026	0.504	correct	0.504	grate	n/a	n/a	n/a	n/a	n/a	n/a	19	3	n/a	n/a	n/a	n/a	n/a	right
8	225.042	0.359	correct	0.359	grate	n/a	n/a	n/a	n/a	n/a	n/a	19	3	n/a	n/a	n/a	n/a	n/a	left
8	225.909	0.397	correct	0.397	grate	n/a	n/a	n/a	n/a	n/a	n/a	19	3	n/a	n/a	n/a	n/a	n/a	left
8	226.825	0.432	correct	0.432	grate	n/a	n/a	n/a	n/a	n/a	n/a	19	3	n/a	n/a	n/a	n/a	n/a	left
8	227.775	0.490	correct	0.490	grate	n/a	n/a	n/a	n/a	n/a	n/a	19	3	n/a	n/a	n/a	n/a	n/a	left
8	228.775	0.100	incorrect	0.100	grate	n/a	n/a	n/a	n/a	n/a	n/a	19	3	n/a	n/a	n/a	n/a	n/a	right
8	230.024	3.000	remember	0.317	retrieval	restudy	scene	object	face	target	scene	20	3	95	143	295	147	230.0	n/a
8	235.059	0.638	correct	0.638	grate	n/a	n/a	n/a	n/a	n/a	n/a	20	3	n/a	n/a	n/a	n/a	n/a	left
8	236.208	0.297	incorrect	0.297	grate	n/a	n/a	n/a	n/a	n/a	n/a	20	3	n/a	n/a	n/a	n/a	n/a	right
8	237.024	0.409	correct	0.409	grate	n/a	n/a	n/a	n/a	n/a	n/a	20	3	n/a	n/a	n/a	n/a	n/a	left
8	237.941	0.452	correct	0.452	grate	n/a	n/a	n/a	n/a	n/a	n/a	20	3	n/a	n/a	n/a	n/a	n/a	right
8	238.908	0.477	correct	0.477	grate	n/a	n/a	n/a	n/a	n/a	n/a	20	3	n/a	n/a	n/a	n/a	n/a	left
8	239.908	0.533	correct	0.533	grate	n/a	n/a	n/a	n/a	n/a	n/a	20	3	n/a	n/a	n/a	n/a	n/a	left
8	240.958	0.100	incorrect	0.100	grate	n/a	n/a	n/a	n/a	n/a	n/a	20	3	n/a	n/a	n/a	n/a	n/a	right
8	242.007	3.000	forget	0.294	retrieval	retprac	scene	face	object	competitor	face	21	3	48	120	272	48	242.0	n/a
8	247.041	0.440	correct	0.440	grate	n/a	n/a	n/a	n/a	n/a	n/a	21	3	n/a	n/a	n/a	n/a	n/a	right
8	247.991	0.386	correct	0.386	grate	n/a	n/a	n/a	n/a	n/a	n/a	21	3	n/a	n/a	n/a	n/a	n/a	right
8	248.890	0.360	correct	0.360	grate	n/a	n/a	n/a	n/a	n/a	n/a	21	3	n/a	n/a	n/a	n/a	n/a	right
8	249.774	0.579	correct	0.579	grate	n/a	n/a	n/a	n/a	n/a	n/a	21	3	n/a	n/a	n/a	n/a	n/a	left
8	250.874	0.480	correct	0.480	grate	n/a	n/a	n/a	n/a	n/a	n/a	21	3	n/a	n/a	n/a	n/a	n/a	right
8	251.874	0.633	incorrect	0.633	grate	n/a	n/a	n/a	n/a	n/a	n/a	21	3	n/a	n/a	n/a	n/a	n/a	left
8	254.023	3.000	remember	0.334	retrieval	restudy	object	scene	face	target	object	22	3	141	93	193	245	254.0	n/a
8	259.057	0.360	correct	0.360	grate	n/a	n/a	n/a	n/a	n/a	n/a	22	3	n/a	n/a	n/a	n/a	n/a	right
8	259.940	0.510	correct	0.510	grate	n/a	n/a	n/a	n/a	n/a	n/a	22	3	n/a	n/a	n/a	n/a	n/a	left
8	260.973	0.492	correct	0.492	grate	n/a	n/a	n/a	n/a	n/a	n/a	22	3	n/a	n/a	n/a	n/a	n/a	right
8	261.973	0.364	correct	0.364	grate	n/a	n/a	n/a	n/a	n/a	n/a	22	3	n/a	n/a	n/a	n/a	n/a	left
8	262.856	0.721	correct	0.721	grate	n/a	n/a	n/a	n/a	n/a	n/a	22	3	n/a	n/a	n/a	n/a	n/a	left
8	264.089	0.433	incorrect	0.433	grate	n/a	n/a	n/a	n/a	n/a	n/a	22	3	n/a	n/a	n/a	n/a	n/a	right
8	266.022	3.000	remember	0.255	retrieval	retprac	object	scene	face	target	object	23	3	138	90	190	242	266.0	n/a
8	271.056	0.697	correct	0.697	grate	n/a	n/a	n/a	n/a	n/a	n/a	23	3	n/a	n/a	n/a	n/a	n/a	left
8	272.272	0.505	correct	0.505	grate	n/a	n/a	n/a	n/a	n/a	n/a	23	3	n/a	n/a	n/a	n/a	n/a	right
8	273.289	0.488	correct	0.488	grate	n/a	n/a	n/a	n/a	n/a	n/a	23	3	n/a	n/a	n/a	n/a	n/a	right
8	274.289	0.416	correct	0.416	grate	n/a	n/a	n/a	n/a	n/a	n/a	23	3	n/a	n/a	n/a	n/a	n/a	right
8	275.222	0.483	correct	0.483	grate	n/a	n/a	n/a	n/a	n/a	n/a	23	3	n/a	n/a	n/a	n/a	n/a	left
8	276.222	0.300	incorrect	0.300	grate	n/a	n/a	n/a	n/a	n/a	n/a	23	3	n/a	n/a	n/a	n/a	n/a	left
8	278.021	3.000	remember	0.280	retrieval	restudy	scene	face	object	target	scene	24	3	43	115	267	43	278.0	n/a
8	283.055	1.305	correct	1.305	grate	n/a	n/a	n/a	n/a	n/a	n/a	24	3	n/a	n/a	n/a	n/a	n/a	left
8	284.871	0.434	correct	0.434	grate	n/a	n/a	n/a	n/a	n/a	n/a	24	3	n/a	n/a	n/a	n/a	n/a	right
8	285.821	0.388	correct	0.388	grate	n/a	n/a	n/a	n/a	n/a	n/a	24	3	n/a	n/a	n/a	n/a	n/a	right
8	286.721	1.304	correct	1.304	grate	n/a	n/a	n/a	n/a	n/a	n/a	24	3	n/a	n/a	n/a	n/a	n/a	left
8	288.538	0.100	incorrect	0.100	grate	n/a	n/a	n/a	n/a	n/a	n/a	24	3	n/a	n/a	n/a	n/a	n/a	right
8	290.020	3.000	remember	0.472	retrieval	restudy	scene	object	face	target	scene	25	3	93	141	293	145	290.0	n/a
8	295.055	0.347	correct	0.347	grate	n/a	n/a	n/a	n/a	n/a	n/a	25	3	n/a	n/a	n/a	n/a	n/a	right
8	295.921	0.456	correct	0.456	grate	n/a	n/a	n/a	n/a	n/a	n/a	25	3	n/a	n/a	n/a	n/a	n/a	right
8	296.904	0.425	correct	0.425	grate	n/a	n/a	n/a	n/a	n/a	n/a	25	3	n/a	n/a	n/a	n/a	n/a	right
8	297.837	0.348	correct	0.348	grate	n/a	n/a	n/a	n/a	n/a	n/a	25	3	n/a	n/a	n/a	n/a	n/a	right
8	298.704	0.393	correct	0.393	grate	n/a	n/a	n/a	n/a	n/a	n/a	25	3	n/a	n/a	n/a	n/a	n/a	right
8	299.604	0.477	correct	0.477	grate	n/a	n/a	n/a	n/a	n/a	n/a	25	3	n/a	n/a	n/a	n/a	n/a	left
8	300.604	0.100	incorrect	0.100	grate	n/a	n/a	n/a	n/a	n/a	n/a	25	3	n/a	n/a	n/a	n/a	n/a	right
8	302.019	3.000	remember	0.449	retrieval	retprac	object	face	scene	target	object	26	3	18	66	166	18	302.0	n/a
8	307.054	0.691	correct	0.691	grate	n/a	n/a	n/a	n/a	n/a	n/a	26	3	n/a	n/a	n/a	n/a	n/a	left
8	308.253	0.531	correct	0.531	grate	n/a	n/a	n/a	n/a	n/a	n/a	26	3	n/a	n/a	n/a	n/a	n/a	right
8	309.303	0.418	correct	0.418	grate	n/a	n/a	n/a	n/a	n/a	n/a	26	3	n/a	n/a	n/a	n/a	n/a	left
8	310.236	0.397	correct	0.397	grate	n/a	n/a	n/a	n/a	n/a	n/a	26	3	n/a	n/a	n/a	n/a	n/a	left
8	311.153	0.360	incorrect	0.360	grate	n/a	n/a	n/a	n/a	n/a	n/a	26	3	n/a	n/a	n/a	n/a	n/a	right
8	312.036	0.483	incorrect	0.483	grate	n/a	n/a	n/a	n/a	n/a	n/a	26	3	n/a	n/a	n/a	n/a	n/a	right
8	314.018	3.000	forget	0.283	retrieval	restudy	scene	object	face	competitor	object	27	3	91	139	291	143	314.0	n/a
8	319.053	0.364	correct	0.364	grate	n/a	n/a	n/a	n/a	n/a	n/a	27	3	n/a	n/a	n/a	n/a	n/a	right
8	319.936	0.473	correct	0.473	grate	n/a	n/a	n/a	n/a	n/a	n/a	27	3	n/a	n/a	n/a	n/a	n/a	left
8	320.919	0.418	correct	0.418	grate	n/a	n/a	n/a	n/a	n/a	n/a	27	3	n/a	n/a	n/a	n/a	n/a	right
8	321.852	0.421	correct	0.421	grate	n/a	n/a	n/a	n/a	n/a	n/a	27	3	n/a	n/a	n/a	n/a	n/a	right
8	322.785	0.423	correct	0.423	grate	n/a	n/a	n/a	n/a	n/a	n/a	27	3	n/a	n/a	n/a	n/a	n/a	right
8	323.719	0.426	correct	0.426	grate	n/a	n/a	n/a	n/a	n/a	n/a	27	3	n/a	n/a	n/a	n/a	n/a	right
8	324.669	0.100	incorrect	0.100	grate	n/a	n/a	n/a	n/a	n/a	n/a	27	3	n/a	n/a	n/a	n/a	n/a	left
8	326.018	3.000	forget	0.275	retrieval	retprac	object	scene	face	competitor	scene	28	3	142	94	194	246	326.0	n/a
8	331.051	0.445	correct	0.445	grate	n/a	n/a	n/a	n/a	n/a	n/a	28	3	n/a	n/a	n/a	n/a	n/a	right
8	332.018	1.262	correct	1.262	grate	n/a	n/a	n/a	n/a	n/a	n/a	28	3	n/a	n/a	n/a	n/a	n/a	left
8	333.801	0.447	correct	0.447	grate	n/a	n/a	n/a	n/a	n/a	n/a	28	3	n/a	n/a	n/a	n/a	n/a	right
8	334.768	0.464	correct	0.464	grate	n/a	n/a	n/a	n/a	n/a	n/a	28	3	n/a	n/a	n/a	n/a	n/a	left
8	335.751	0.441	correct	0.441	grate	n/a	n/a	n/a	n/a	n/a	n/a	28	3	n/a	n/a	n/a	n/a	n/a	left
8	336.717	0.100	incorrect	0.100	grate	n/a	n/a	n/a	n/a	n/a	n/a	28	3	n/a	n/a	n/a	n/a	n/a	right
8	338.017	3.000	remember	0.260	retrieval	restudy	object	scene	face	target	object	29	3	139	91	191	243	338.0	n/a
8	343.051	0.501	correct	0.501	grate	n/a	n/a	n/a	n/a	n/a	n/a	29	3	n/a	n/a	n/a	n/a	n/a	left
8	344.067	0.501	correct	0.501	grate	n/a	n/a	n/a	n/a	n/a	n/a	29	3	n/a	n/a	n/a	n/a	n/a	right
8	345.084	0.428	correct	0.428	grate	n/a	n/a	n/a	n/a	n/a	n/a	29	3	n/a	n/a	n/a	n/a	n/a	right
8	346.034	0.462	correct	0.462	grate	n/a	n/a	n/a	n/a	n/a	n/a	29	3	n/a	n/a	n/a	n/a	n/a	left
8	347.017	0.384	correct	0.384	grate	n/a	n/a	n/a	n/a	n/a	n/a	29	3	n/a	n/a	n/a	n/a	n/a	left
8	347.917	0.411	correct	0.411	grate	n/a	n/a	n/a	n/a	n/a	n/a	29	3	n/a	n/a	n/a	n/a	n/a	left
8	348.850	0.100	incorrect	0.100	grate	n/a	n/a	n/a	n/a	n/a	n/a	29	3	n/a	n/a	n/a	n/a	n/a	right
8	350.016	3.000	forget	0.372	retrieval	retprac	face	object	scene	competitor	object	30	3	70	22	70	122	350.0	n/a
8	355.050	0.927	correct	0.927	grate	n/a	n/a	n/a	n/a	n/a	n/a	30	3	n/a	n/a	n/a	n/a	n/a	left
8	356.500	0.460	correct	0.460	grate	n/a	n/a	n/a	n/a	n/a	n/a	30	3	n/a	n/a	n/a	n/a	n/a	right
8	357.483	0.413	correct	0.413	grate	n/a	n/a	n/a	n/a	n/a	n/a	30	3	n/a	n/a	n/a	n/a	n/a	right
8	358.416	0.432	correct	0.432	grate	n/a	n/a	n/a	n/a	n/a	n/a	30	3	n/a	n/a	n/a	n/a	n/a	left
8	359.366	1.002	correct	1.002	grate	n/a	n/a	n/a	n/a	n/a	n/a	30	3	n/a	n/a	n/a	n/a	n/a	left
8	360.882	0.100	incorrect	0.100	grate	n/a	n/a	n/a	n/a	n/a	n/a	30	3	n/a	n/a	n/a	n/a	n/a	right
8	362.015	3.000	forget	0.318	retrieval	restudy	scene	face	object	competitor	face	31	3	47	119	271	47	362.0	n/a
8	367.049	0.463	correct	0.463	grate	n/a	n/a	n/a	n/a	n/a	n/a	31	3	n/a	n/a	n/a	n/a	n/a	right
8	368.032	0.344	correct	0.344	grate	n/a	n/a	n/a	n/a	n/a	n/a	31	3	n/a	n/a	n/a	n/a	n/a	right
8	368.899	0.293	correct	0.293	grate	n/a	n/a	n/a	n/a	n/a	n/a	31	3	n/a	n/a	n/a	n/a	n/a	right
8	369.715	0.341	correct	0.341	grate	n/a	n/a	n/a	n/a	n/a	n/a	31	3	n/a	n/a	n/a	n/a	n/a	right
8	370.582	0.570	correct	0.570	grate	n/a	n/a	n/a	n/a	n/a	n/a	31	3	n/a	n/a	n/a	n/a	n/a	left
8	371.665	0.495	correct	0.495	grate	n/a	n/a	n/a	n/a	n/a	n/a	31	3	n/a	n/a	n/a	n/a	n/a	left
8	372.682	0.100	incorrect	0.100	grate	n/a	n/a	n/a	n/a	n/a	n/a	31	3	n/a	n/a	n/a	n/a	n/a	right
8	374.014	3.000	forget	0.621	retrieval	retprac	face	scene	object	competitor	scene	32	3	118	46	94	222	374.0	n/a
8	379.048	1.216	correct	1.216	grate	n/a	n/a	n/a	n/a	n/a	n/a	32	3	n/a	n/a	n/a	n/a	n/a	left
8	380.781	0.434	correct	0.434	grate	n/a	n/a	n/a	n/a	n/a	n/a	32	3	n/a	n/a	n/a	n/a	n/a	right
8	381.731	0.397	correct	0.397	grate	n/a	n/a	n/a	n/a	n/a	n/a	32	3	n/a	n/a	n/a	n/a	n/a	left
8	382.648	0.408	correct	0.408	grate	n/a	n/a	n/a	n/a	n/a	n/a	32	3	n/a	n/a	n/a	n/a	n/a	right
8	383.564	0.428	correct	0.428	grate	n/a	n/a	n/a	n/a	n/a	n/a	32	3	n/a	n/a	n/a	n/a	n/a	right
8	384.514	0.100	incorrect	0.100	grate	n/a	n/a	n/a	n/a	n/a	n/a	32	3	n/a	n/a	n/a	n/a	n/a	right
8	386.013	3.000	remember	0.726	retrieval	retprac	face	object	scene	target	face	33	3	66	18	66	118	386.0	n/a
8	391.047	0.546	incorrect	0.546	grate	n/a	n/a	n/a	n/a	n/a	n/a	33	3	n/a	n/a	n/a	n/a	n/a	left
8	392.114	0.478	correct	0.478	grate	n/a	n/a	n/a	n/a	n/a	n/a	33	3	n/a	n/a	n/a	n/a	n/a	left
8	393.114	1.078	incorrect	1.078	grate	n/a	n/a	n/a	n/a	n/a	n/a	33	3	n/a	n/a	n/a	n/a	n/a	right
8	394.714	0.510	correct	0.510	grate	n/a	n/a	n/a	n/a	n/a	n/a	33	3	n/a	n/a	n/a	n/a	n/a	left
8	395.747	0.437	correct	0.437	grate	n/a	n/a	n/a	n/a	n/a	n/a	33	3	n/a	n/a	n/a	n/a	n/a	left
8	396.697	0.100	incorrect	0.100	grate	n/a	n/a	n/a	n/a	n/a	n/a	33	3	n/a	n/a	n/a	n/a	n/a	left
8	398.012	3.000	remember	0.288	retrieval	retprac	object	face	scene	target	object	34	3	22	70	170	22	398.0	n/a
8	403.046	0.929	correct	0.929	grate	n/a	n/a	n/a	n/a	n/a	n/a	34	3	n/a	n/a	n/a	n/a	n/a	left
8	404.496	0.503	correct	0.503	grate	n/a	n/a	n/a	n/a	n/a	n/a	34	3	n/a	n/a	n/a	n/a	n/a	right
8	405.513	0.415	correct	0.415	grate	n/a	n/a	n/a	n/a	n/a	n/a	34	3	n/a	n/a	n/a	n/a	n/a	right
8	406.446	0.489	correct	0.489	grate	n/a	n/a	n/a	n/a	n/a	n/a	34	3	n/a	n/a	n/a	n/a	n/a	left
8	407.446	0.394	correct	0.394	grate	n/a	n/a	n/a	n/a	n/a	n/a	34	3	n/a	n/a	n/a	n/a	n/a	left
8	408.363	0.150	incorrect	0.150	grate	n/a	n/a	n/a	n/a	n/a	n/a	34	3	n/a	n/a	n/a	n/a	n/a	right
8	410.012	3.000	remember	0.287	retrieval	retprac	object	scene	face	target	object	35	3	140	92	192	244	410.0	n/a
8	415.046	0.370	correct	0.370	grate	n/a	n/a	n/a	n/a	n/a	n/a	35	3	n/a	n/a	n/a	n/a	n/a	left
8	415.929	0.335	correct	0.335	grate	n/a	n/a	n/a	n/a	n/a	n/a	35	3	n/a	n/a	n/a	n/a	n/a	left
8	416.779	0.381	correct	0.381	grate	n/a	n/a	n/a	n/a	n/a	n/a	35	3	n/a	n/a	n/a	n/a	n/a	left
8	417.679	0.385	correct	0.385	grate	n/a	n/a	n/a	n/a	n/a	n/a	35	3	n/a	n/a	n/a	n/a	n/a	right
8	418.579	0.317	correct	0.317	grate	n/a	n/a	n/a	n/a	n/a	n/a	35	3	n/a	n/a	n/a	n/a	n/a	right
8	419.412	0.323	correct	0.323	grate	n/a	n/a	n/a	n/a	n/a	n/a	35	3	n/a	n/a	n/a	n/a	n/a	right
8	420.245	0.267	incorrect	0.267	grate	n/a	n/a	n/a	n/a	n/a	n/a	35	3	n/a	n/a	n/a	n/a	n/a	left
8	422.011	3.000	remember	0.312	retrieval	restudy	face	scene	object	target	face	36	3	119	47	95	223	422.0	n/a
8	427.045	0.411	correct	0.411	grate	n/a	n/a	n/a	n/a	n/a	n/a	36	3	n/a	n/a	n/a	n/a	n/a	right
8	427.978	0.525	correct	0.525	grate	n/a	n/a	n/a	n/a	n/a	n/a	36	3	n/a	n/a	n/a	n/a	n/a	left
8	429.011	0.412	correct	0.412	grate	n/a	n/a	n/a	n/a	n/a	n/a	36	3	n/a	n/a	n/a	n/a	n/a	left
8	429.945	0.343	correct	0.343	grate	n/a	n/a	n/a	n/a	n/a	n/a	36	3	n/a	n/a	n/a	n/a	n/a	left
8	430.794	0.381	correct	0.381	grate	n/a	n/a	n/a	n/a	n/a	n/a	36	3	n/a	n/a	n/a	n/a	n/a	left
8	431.694	0.545	correct	0.545	grate	n/a	n/a	n/a	n/a	n/a	n/a	36	3	n/a	n/a	n/a	n/a	n/a	right
8	432.761	0.100	incorrect	0.100	grate	n/a	n/a	n/a	n/a	n/a	n/a	36	3	n/a	n/a	n/a	n/a	n/a	right
8	434.010	3.000	remember	0.273	retrieval	retprac	scene	face	object	target	scene	37	3	46	118	270	46	434.0	n/a
8	439.044	0.475	correct	0.475	grate	n/a	n/a	n/a	n/a	n/a	n/a	37	3	n/a	n/a	n/a	n/a	n/a	left
8	440.027	0.484	correct	0.484	grate	n/a	n/a	n/a	n/a	n/a	n/a	37	3	n/a	n/a	n/a	n/a	n/a	right
8	441.027	0.453	correct	0.453	grate	n/a	n/a	n/a	n/a	n/a	n/a	37	3	n/a	n/a	n/a	n/a	n/a	left
8	441.994	0.917	correct	0.917	grate	n/a	n/a	n/a	n/a	n/a	n/a	37	3	n/a	n/a	n/a	n/a	n/a	left
8	443.427	0.437	incorrect	0.437	grate	n/a	n/a	n/a	n/a	n/a	n/a	37	3	n/a	n/a	n/a	n/a	n/a	right
8	444.377	0.133	incorrect	0.133	grate	n/a	n/a	n/a	n/a	n/a	n/a	37	3	n/a	n/a	n/a	n/a	n/a	right
8	446.009	3.000	forget	0.306	retrieval	retprac	face	object	scene	competitor	object	38	3	72	24	72	124	446.0	n/a
8	451.043	0.436	correct	0.436	grate	n/a	n/a	n/a	n/a	n/a	n/a	38	3	n/a	n/a	n/a	n/a	n/a	right
8	451.993	0.358	correct	0.358	grate	n/a	n/a	n/a	n/a	n/a	n/a	38	3	n/a	n/a	n/a	n/a	n/a	right
8	452.860	0.356	correct	0.356	grate	n/a	n/a	n/a	n/a	n/a	n/a	38	3	n/a	n/a	n/a	n/a	n/a	right
8	453.726	0.665	correct	0.665	grate	n/a	n/a	n/a	n/a	n/a	n/a	38	3	n/a	n/a	n/a	n/a	n/a	left
8	454.909	0.379	correct	0.379	grate	n/a	n/a	n/a	n/a	n/a	n/a	38	3	n/a	n/a	n/a	n/a	n/a	left
8	455.809	0.439	correct	0.439	grate	n/a	n/a	n/a	n/a	n/a	n/a	38	3	n/a	n/a	n/a	n/a	n/a	left
8	456.759	0.100	incorrect	0.100	grate	n/a	n/a	n/a	n/a	n/a	n/a	38	3	n/a	n/a	n/a	n/a	n/a	right
8	458.008	3.000	remember	0.291	retrieval	retprac	object	face	scene	target	object	39	3	20	68	168	20	458.0	n/a
8	463.042	0.717	correct	0.717	grate	n/a	n/a	n/a	n/a	n/a	n/a	39	3	n/a	n/a	n/a	n/a	n/a	right
8	464.276	0.421	correct	0.421	grate	n/a	n/a	n/a	n/a	n/a	n/a	39	3	n/a	n/a	n/a	n/a	n/a	right
8	465.209	1.286	correct	1.286	grate	n/a	n/a	n/a	n/a	n/a	n/a	39	3	n/a	n/a	n/a	n/a	n/a	left
8	467.008	0.470	correct	0.470	grate	n/a	n/a	n/a	n/a	n/a	n/a	39	3	n/a	n/a	n/a	n/a	n/a	left
8	467.992	0.487	correct	0.487	grate	n/a	n/a	n/a	n/a	n/a	n/a	39	3	n/a	n/a	n/a	n/a	n/a	left
8	468.992	0.100	incorrect	0.100	grate	n/a	n/a	n/a	n/a	n/a	n/a	39	3	n/a	n/a	n/a	n/a	n/a	left
8	470.007	3.000	remember	0.468	retrieval	restudy	object	face	scene	target	object	40	3	21	69	169	21	470.0	n/a
8	475.041	0.510	correct	0.510	grate	n/a	n/a	n/a	n/a	n/a	n/a	40	3	n/a	n/a	n/a	n/a	n/a	right
8	476.058	0.445	correct	0.445	grate	n/a	n/a	n/a	n/a	n/a	n/a	40	3	n/a	n/a	n/a	n/a	n/a	right
8	477.025	0.518	correct	0.518	grate	n/a	n/a	n/a	n/a	n/a	n/a	40	3	n/a	n/a	n/a	n/a	n/a	left
8	478.058	0.413	correct	0.413	grate	n/a	n/a	n/a	n/a	n/a	n/a	40	3	n/a	n/a	n/a	n/a	n/a	left
8	478.991	0.505	correct	0.505	grate	n/a	n/a	n/a	n/a	n/a	n/a	40	3	n/a	n/a	n/a	n/a	n/a	right
8	480.008	0.415	correct	0.415	grate	n/a	n/a	n/a	n/a	n/a	n/a	40	3	n/a	n/a	n/a	n/a	n/a	right
8	480.941	0.100	incorrect	0.100	grate	n/a	n/a	n/a	n/a	n/a	n/a	40	3	n/a	n/a	n/a	n/a	n/a	left
8	482.007	3.000	remember	0.300	retrieval	retprac	scene	object	face	target	scene	41	3	96	144	296	148	482.0	n/a
8	487.040	0.422	correct	0.422	grate	n/a	n/a	n/a	n/a	n/a	n/a	41	3	n/a	n/a	n/a	n/a	n/a	right
8	487.974	0.385	correct	0.385	grate	n/a	n/a	n/a	n/a	n/a	n/a	41	3	n/a	n/a	n/a	n/a	n/a	right
8	488.874	1.421	correct	1.421	grate	n/a	n/a	n/a	n/a	n/a	n/a	41	3	n/a	n/a	n/a	n/a	n/a	left
8	490.807	0.576	correct	0.576	grate	n/a	n/a	n/a	n/a	n/a	n/a	41	3	n/a	n/a	n/a	n/a	n/a	right
8	491.890	0.405	correct	0.405	grate	n/a	n/a	n/a	n/a	n/a	n/a	41	3	n/a	n/a	n/a	n/a	n/a	left
8	492.807	0.100	incorrect	0.100	grate	n/a	n/a	n/a	n/a	n/a	n/a	41	3	n/a	n/a	n/a	n/a	n/a	right
8	494.022	3.000	forget	0.412	retrieval	retprac	scene	object	face	competitor	object	42	3	92	140	292	144	494.0	n/a
8	499.056	0.878	correct	0.878	grate	n/a	n/a	n/a	n/a	n/a	n/a	42	3	n/a	n/a	n/a	n/a	n/a	left
8	500.456	0.510	correct	0.510	grate	n/a	n/a	n/a	n/a	n/a	n/a	42	3	n/a	n/a	n/a	n/a	n/a	right
8	501.490	0.437	correct	0.437	grate	n/a	n/a	n/a	n/a	n/a	n/a	42	3	n/a	n/a	n/a	n/a	n/a	left
8	502.439	0.464	correct	0.464	grate	n/a	n/a	n/a	n/a	n/a	n/a	42	3	n/a	n/a	n/a	n/a	n/a	right
8	503.423	0.409	correct	0.409	grate	n/a	n/a	n/a	n/a	n/a	n/a	42	3	n/a	n/a	n/a	n/a	n/a	left
8	504.356	0.167	incorrect	0.167	grate	n/a	n/a	n/a	n/a	n/a	n/a	42	3	n/a	n/a	n/a	n/a	n/a	right
8	506.022	3.000	forget	0.381	retrieval	restudy	object	scene	face	competitor	scene	43	3	137	89	189	241	506.0	n/a
8	511.055	0.447	correct	0.447	grate	n/a	n/a	n/a	n/a	n/a	n/a	43	3	n/a	n/a	n/a	n/a	n/a	right
8	512.022	0.785	correct	0.785	grate	n/a	n/a	n/a	n/a	n/a	n/a	43	3	n/a	n/a	n/a	n/a	n/a	left
8	513.322	0.429	correct	0.429	grate	n/a	n/a	n/a	n/a	n/a	n/a	43	3	n/a	n/a	n/a	n/a	n/a	left
8	514.272	0.407	correct	0.407	grate	n/a	n/a	n/a	n/a	n/a	n/a	43	3	n/a	n/a	n/a	n/a	n/a	left
8	515.188	0.410	correct	0.410	grate	n/a	n/a	n/a	n/a	n/a	n/a	43	3	n/a	n/a	n/a	n/a	n/a	right
8	516.122	0.400	incorrect	0.400	grate	n/a	n/a	n/a	n/a	n/a	n/a	43	3	n/a	n/a	n/a	n/a	n/a	left
8	518.021	3.000	remember	0.368	retrieval	restudy	face	object	scene	target	face	44	3	65	17	65	117	518.0	n/a
8	523.055	0.841	correct	0.841	grate	n/a	n/a	n/a	n/a	n/a	n/a	44	3	n/a	n/a	n/a	n/a	n/a	left
8	524.405	0.346	correct	0.346	grate	n/a	n/a	n/a	n/a	n/a	n/a	44	3	n/a	n/a	n/a	n/a	n/a	left
8	525.271	0.519	correct	0.519	grate	n/a	n/a	n/a	n/a	n/a	n/a	44	3	n/a	n/a	n/a	n/a	n/a	right
8	526.304	0.550	correct	0.550	grate	n/a	n/a	n/a	n/a	n/a	n/a	44	3	n/a	n/a	n/a	n/a	n/a	left
8	527.371	0.500	correct	0.500	grate	n/a	n/a	n/a	n/a	n/a	n/a	44	3	n/a	n/a	n/a	n/a	n/a	right
8	528.388	0.133	incorrect	0.133	grate	n/a	n/a	n/a	n/a	n/a	n/a	44	3	n/a	n/a	n/a	n/a	n/a	left
8	530.020	3.000	remember	0.414	retrieval	restudy	scene	face	object	target	scene	45	3	45	117	269	45	530.0	n/a
8	535.054	0.337	correct	0.337	grate	n/a	n/a	n/a	n/a	n/a	n/a	45	3	n/a	n/a	n/a	n/a	n/a	right
8	535.904	0.350	correct	0.350	grate	n/a	n/a	n/a	n/a	n/a	n/a	45	3	n/a	n/a	n/a	n/a	n/a	right
8	536.770	0.332	correct	0.332	grate	n/a	n/a	n/a	n/a	n/a	n/a	45	3	n/a	n/a	n/a	n/a	n/a	right
8	537.620	0.810	correct	0.810	grate	n/a	n/a	n/a	n/a	n/a	n/a	45	3	n/a	n/a	n/a	n/a	n/a	left
8	538.954	0.397	correct	0.397	grate	n/a	n/a	n/a	n/a	n/a	n/a	45	3	n/a	n/a	n/a	n/a	n/a	left
8	539.870	0.496	correct	0.496	grate	n/a	n/a	n/a	n/a	n/a	n/a	45	3	n/a	n/a	n/a	n/a	n/a	right
8	540.887	0.100	incorrect	0.100	grate	n/a	n/a	n/a	n/a	n/a	n/a	45	3	n/a	n/a	n/a	n/a	n/a	right
8	542.019	3.000	remember	0.607	retrieval	restudy	object	face	scene	target	object	46	3	19	67	167	19	542.0	n/a
8	547.053	0.633	correct	0.633	grate	n/a	n/a	n/a	n/a	n/a	n/a	46	3	n/a	n/a	n/a	n/a	n/a	left
8	548.203	0.403	correct	0.403	grate	n/a	n/a	n/a	n/a	n/a	n/a	46	3	n/a	n/a	n/a	n/a	n/a	left
8	549.120	0.527	correct	0.527	grate	n/a	n/a	n/a	n/a	n/a	n/a	46	3	n/a	n/a	n/a	n/a	n/a	right
8	550.169	0.405	correct	0.405	grate	n/a	n/a	n/a	n/a	n/a	n/a	46	3	n/a	n/a	n/a	n/a	n/a	right
8	551.086	0.440	correct	0.440	grate	n/a	n/a	n/a	n/a	n/a	n/a	46	3	n/a	n/a	n/a	n/a	n/a	right
8	552.036	0.419	correct	0.419	grate	n/a	n/a	n/a	n/a	n/a	n/a	46	3	n/a	n/a	n/a	n/a	n/a	right
8	552.969	0.100	incorrect	0.100	grate	n/a	n/a	n/a	n/a	n/a	n/a	46	3	n/a	n/a	n/a	n/a	n/a	right
8	554.018	3.000	forget	0.328	retrieval	restudy	face	scene	object	other	object	47	3	117	45	93	221	554.0	n/a
8	559.052	0.410	correct	0.410	grate	n/a	n/a	n/a	n/a	n/a	n/a	47	3	n/a	n/a	n/a	n/a	n/a	right
8	559.969	0.526	correct	0.526	grate	n/a	n/a	n/a	n/a	n/a	n/a	47	3	n/a	n/a	n/a	n/a	n/a	left
8	561.002	0.404	correct	0.404	grate	n/a	n/a	n/a	n/a	n/a	n/a	47	3	n/a	n/a	n/a	n/a	n/a	left
8	561.919	0.495	correct	0.495	grate	n/a	n/a	n/a	n/a	n/a	n/a	47	3	n/a	n/a	n/a	n/a	n/a	right
8	562.935	0.439	correct	0.439	grate	n/a	n/a	n/a	n/a	n/a	n/a	47	3	n/a	n/a	n/a	n/a	n/a	right
8	563.885	0.361	correct	0.361	grate	n/a	n/a	n/a	n/a	n/a	n/a	47	3	n/a	n/a	n/a	n/a	n/a	right
8	564.768	0.100	incorrect	0.100	grate	n/a	n/a	n/a	n/a	n/a	n/a	47	3	n/a	n/a	n/a	n/a	n/a	right
8	566.017	3.000	no response	n/a	retrieval	retprac	scene	object	face	no response	no response	48	3	94	142	294	146	566.0	n/a
8	571.052	0.443	correct	0.443	grate	n/a	n/a	n/a	n/a	n/a	n/a	48	3	n/a	n/a	n/a	n/a	n/a	right
8	572.001	0.309	correct	0.309	grate	n/a	n/a	n/a	n/a	n/a	n/a	48	3	n/a	n/a	n/a	n/a	n/a	right
8	572.818	0.540	correct	0.540	grate	n/a	n/a	n/a	n/a	n/a	n/a	48	3	n/a	n/a	n/a	n/a	n/a	left
8	573.868	0.410	correct	0.410	grate	n/a	n/a	n/a	n/a	n/a	n/a	48	3	n/a	n/a	n/a	n/a	n/a	right
8	574.801	0.341	correct	0.341	grate	n/a	n/a	n/a	n/a	n/a	n/a	48	3	n/a	n/a	n/a	n/a	n/a	right
8	575.651	0.363	correct	0.363	grate	n/a	n/a	n/a	n/a	n/a	n/a	48	3	n/a	n/a	n/a	n/a	n/a	right
8	576.534	0.100	incorrect	0.100	grate	n/a	n/a	n/a	n/a	n/a	n/a	48	3	n/a	n/a	n/a	n/a	n/a	left
