sub_id	onset	duration	trial_type	response_time	task_type	update_cond	cate_c	cate_b	cate_o	response_type	response	trial_id	run_id	word_id	img_id	stim_c	stim_b	design_onset	grate_orientation
6	2.012	3.000	don't know	0.309	retrieval	restudy	face	scene	object	don't know	don't know	1	1	97	25	73	201	2.0	n/a
6	7.048	1.126	correct	1.126	grate	n/a	n/a	n/a	n/a	n/a	n/a	1	1	n/a	n/a	n/a	n/a	n/a	left
6	8.698	0.620	correct	0.620	grate	n/a	n/a	n/a	n/a	n/a	n/a	1	1	n/a	n/a	n/a	n/a	n/a	right
6	9.829	0.441	correct	0.441	grate	n/a	n/a	n/a	n/a	n/a	n/a	1	1	n/a	n/a	n/a	n/a	n/a	left
6	10.779	0.329	correct	0.329	grate	n/a	n/a	n/a	n/a	n/a	n/a	1	1	n/a	n/a	n/a	n/a	n/a	right
6	11.629	0.448	correct	0.448	grate	n/a	n/a	n/a	n/a	n/a	n/a	1	1	n/a	n/a	n/a	n/a	n/a	right
6	12.596	0.100	incorrect	0.100	grate	n/a	n/a	n/a	n/a	n/a	n/a	1	1	n/a	n/a	n/a	n/a	n/a	left
6	14.011	3.000	forget	0.357	retrieval	restudy	scene	face	object	competitor	face	2	1	29	101	253	29	14.0	n/a
6	19.046	0.631	correct	0.631	grate	n/a	n/a	n/a	n/a	n/a	n/a	2	1	n/a	n/a	n/a	n/a	n/a	right
6	20.196	0.385	incorrect	0.385	grate	n/a	n/a	n/a	n/a	n/a	n/a	2	1	n/a	n/a	n/a	n/a	n/a	right
6	21.095	0.333	correct	0.333	grate	n/a	n/a	n/a	n/a	n/a	n/a	2	1	n/a	n/a	n/a	n/a	n/a	right
6	21.945	0.388	correct	0.388	grate	n/a	n/a	n/a	n/a	n/a	n/a	2	1	n/a	n/a	n/a	n/a	n/a	left
6	22.845	0.328	correct	0.328	grate	n/a	n/a	n/a	n/a	n/a	n/a	2	1	n/a	n/a	n/a	n/a	n/a	right
6	23.695	0.327	correct	0.327	grate	n/a	n/a	n/a	n/a	n/a	n/a	2	1	n/a	n/a	n/a	n/a	n/a	left
6	24.545	0.100	incorrect	0.100	grate	n/a	n/a	n/a	n/a	n/a	n/a	2	1	n/a	n/a	n/a	n/a	n/a	left
6	26.011	3.000	remember	0.350	retrieval	restudy	object	face	scene	target	object	3	1	5	53	153	5	26.0	n/a
6	31.045	0.456	correct	0.456	grate	n/a	n/a	n/a	n/a	n/a	n/a	3	1	n/a	n/a	n/a	n/a	n/a	left
6	32.011	0.298	correct	0.298	grate	n/a	n/a	n/a	n/a	n/a	n/a	3	1	n/a	n/a	n/a	n/a	n/a	right
6	32.828	0.377	correct	0.377	grate	n/a	n/a	n/a	n/a	n/a	n/a	3	1	n/a	n/a	n/a	n/a	n/a	right
6	33.728	0.325	correct	0.325	grate	n/a	n/a	n/a	n/a	n/a	n/a	3	1	n/a	n/a	n/a	n/a	n/a	right
6	34.561	0.276	correct	0.276	grate	n/a	n/a	n/a	n/a	n/a	n/a	3	1	n/a	n/a	n/a	n/a	n/a	right
6	35.361	0.276	correct	0.276	grate	n/a	n/a	n/a	n/a	n/a	n/a	3	1	n/a	n/a	n/a	n/a	n/a	left
6	36.161	0.300	correct	0.300	grate	n/a	n/a	n/a	n/a	n/a	n/a	3	1	n/a	n/a	n/a	n/a	n/a	right
6	36.977	0.100	incorrect	0.100	grate	n/a	n/a	n/a	n/a	n/a	n/a	3	1	n/a	n/a	n/a	n/a	n/a	right
6	38.010	3.000	forget	0.310	retrieval	retprac	object	scene	face	other	face	4	1	126	78	178	230	38.0	n/a
6	43.044	0.321	correct	0.321	grate	n/a	n/a	n/a	n/a	n/a	n/a	4	1	n/a	n/a	n/a	n/a	n/a	right
6	43.877	0.376	incorrect	0.376	grate	n/a	n/a	n/a	n/a	n/a	n/a	4	1	n/a	n/a	n/a	n/a	n/a	left
6	44.777	0.380	correct	0.380	grate	n/a	n/a	n/a	n/a	n/a	n/a	4	1	n/a	n/a	n/a	n/a	n/a	right
6	45.677	0.304	correct	0.304	grate	n/a	n/a	n/a	n/a	n/a	n/a	4	1	n/a	n/a	n/a	n/a	n/a	left
6	46.493	0.319	correct	0.319	grate	n/a	n/a	n/a	n/a	n/a	n/a	4	1	n/a	n/a	n/a	n/a	n/a	right
6	47.327	0.318	correct	0.318	grate	n/a	n/a	n/a	n/a	n/a	n/a	4	1	n/a	n/a	n/a	n/a	n/a	left
6	48.160	0.332	correct	0.332	grate	n/a	n/a	n/a	n/a	n/a	n/a	4	1	n/a	n/a	n/a	n/a	n/a	right
6	49.010	0.100	incorrect	0.100	grate	n/a	n/a	n/a	n/a	n/a	n/a	4	1	n/a	n/a	n/a	n/a	n/a	left
6	50.009	3.000	remember	0.343	retrieval	restudy	face	scene	object	target	face	5	1	101	29	77	205	50.0	n/a
6	55.043	0.370	correct	0.370	grate	n/a	n/a	n/a	n/a	n/a	n/a	5	1	n/a	n/a	n/a	n/a	n/a	left
6	55.926	0.390	correct	0.390	grate	n/a	n/a	n/a	n/a	n/a	n/a	5	1	n/a	n/a	n/a	n/a	n/a	left
6	56.826	0.299	correct	0.299	grate	n/a	n/a	n/a	n/a	n/a	n/a	5	1	n/a	n/a	n/a	n/a	n/a	left
6	57.643	0.307	correct	0.307	grate	n/a	n/a	n/a	n/a	n/a	n/a	5	1	n/a	n/a	n/a	n/a	n/a	right
6	58.459	0.297	correct	0.297	grate	n/a	n/a	n/a	n/a	n/a	n/a	5	1	n/a	n/a	n/a	n/a	n/a	left
6	59.276	0.297	correct	0.297	grate	n/a	n/a	n/a	n/a	n/a	n/a	5	1	n/a	n/a	n/a	n/a	n/a	right
6	60.092	0.312	correct	0.312	grate	n/a	n/a	n/a	n/a	n/a	n/a	5	1	n/a	n/a	n/a	n/a	n/a	left
6	60.926	0.100	incorrect	0.100	grate	n/a	n/a	n/a	n/a	n/a	n/a	5	1	n/a	n/a	n/a	n/a	n/a	right
6	62.008	3.000	remember	0.288	retrieval	retprac	face	object	scene	target	face	6	1	50	2	50	102	62.0	n/a
6	67.042	0.323	correct	0.323	grate	n/a	n/a	n/a	n/a	n/a	n/a	6	1	n/a	n/a	n/a	n/a	n/a	left
6	67.875	0.353	correct	0.353	grate	n/a	n/a	n/a	n/a	n/a	n/a	6	1	n/a	n/a	n/a	n/a	n/a	right
6	68.742	0.295	correct	0.295	grate	n/a	n/a	n/a	n/a	n/a	n/a	6	1	n/a	n/a	n/a	n/a	n/a	left
6	69.559	0.390	correct	0.390	grate	n/a	n/a	n/a	n/a	n/a	n/a	6	1	n/a	n/a	n/a	n/a	n/a	left
6	70.459	0.306	correct	0.306	grate	n/a	n/a	n/a	n/a	n/a	n/a	6	1	n/a	n/a	n/a	n/a	n/a	right
6	71.275	0.299	correct	0.299	grate	n/a	n/a	n/a	n/a	n/a	n/a	6	1	n/a	n/a	n/a	n/a	n/a	left
6	72.092	0.416	incorrect	0.416	grate	n/a	n/a	n/a	n/a	n/a	n/a	6	1	n/a	n/a	n/a	n/a	n/a	left
6	74.024	3.000	forget	0.304	retrieval	retprac	scene	face	object	competitor	face	7	1	28	100	252	28	74.0	n/a
6	79.058	0.490	correct	0.490	grate	n/a	n/a	n/a	n/a	n/a	n/a	7	1	n/a	n/a	n/a	n/a	n/a	left
6	80.058	0.371	correct	0.371	grate	n/a	n/a	n/a	n/a	n/a	n/a	7	1	n/a	n/a	n/a	n/a	n/a	right
6	80.941	0.255	correct	0.255	grate	n/a	n/a	n/a	n/a	n/a	n/a	7	1	n/a	n/a	n/a	n/a	n/a	left
6	81.708	0.272	incorrect	0.272	grate	n/a	n/a	n/a	n/a	n/a	n/a	7	1	n/a	n/a	n/a	n/a	n/a	left
6	82.491	0.361	correct	0.361	grate	n/a	n/a	n/a	n/a	n/a	n/a	7	1	n/a	n/a	n/a	n/a	n/a	right
6	83.374	0.358	correct	0.358	grate	n/a	n/a	n/a	n/a	n/a	n/a	7	1	n/a	n/a	n/a	n/a	n/a	right
6	84.241	0.283	incorrect	0.283	grate	n/a	n/a	n/a	n/a	n/a	n/a	7	1	n/a	n/a	n/a	n/a	n/a	right
6	86.007	3.000	remember	0.330	retrieval	retprac	scene	object	face	target	scene	8	1	78	126	278	130	86.0	n/a
6	91.041	0.436	correct	0.436	grate	n/a	n/a	n/a	n/a	n/a	n/a	8	1	n/a	n/a	n/a	n/a	n/a	right
6	91.990	0.342	incorrect	0.342	grate	n/a	n/a	n/a	n/a	n/a	n/a	8	1	n/a	n/a	n/a	n/a	n/a	left
6	92.840	0.372	correct	0.372	grate	n/a	n/a	n/a	n/a	n/a	n/a	8	1	n/a	n/a	n/a	n/a	n/a	left
6	93.724	0.457	correct	0.457	grate	n/a	n/a	n/a	n/a	n/a	n/a	8	1	n/a	n/a	n/a	n/a	n/a	left
6	94.690	0.298	correct	0.298	grate	n/a	n/a	n/a	n/a	n/a	n/a	8	1	n/a	n/a	n/a	n/a	n/a	left
6	95.507	0.289	correct	0.289	grate	n/a	n/a	n/a	n/a	n/a	n/a	8	1	n/a	n/a	n/a	n/a	n/a	left
6	96.307	0.200	incorrect	0.200	grate	n/a	n/a	n/a	n/a	n/a	n/a	8	1	n/a	n/a	n/a	n/a	n/a	right
6	98.022	3.000	don't know	0.362	retrieval	restudy	object	face	scene	don't know	don't know	9	1	7	55	155	7	98.0	n/a
6	103.056	0.428	correct	0.428	grate	n/a	n/a	n/a	n/a	n/a	n/a	9	1	n/a	n/a	n/a	n/a	n/a	right
6	104.006	0.375	correct	0.375	grate	n/a	n/a	n/a	n/a	n/a	n/a	9	1	n/a	n/a	n/a	n/a	n/a	right
6	104.889	0.347	correct	0.347	grate	n/a	n/a	n/a	n/a	n/a	n/a	9	1	n/a	n/a	n/a	n/a	n/a	right
6	105.756	0.344	correct	0.344	grate	n/a	n/a	n/a	n/a	n/a	n/a	9	1	n/a	n/a	n/a	n/a	n/a	right
6	106.623	0.317	incorrect	0.317	grate	n/a	n/a	n/a	n/a	n/a	n/a	9	1	n/a	n/a	n/a	n/a	n/a	left
6	107.456	0.356	correct	0.356	grate	n/a	n/a	n/a	n/a	n/a	n/a	9	1	n/a	n/a	n/a	n/a	n/a	left
6	108.322	0.200	incorrect	0.200	grate	n/a	n/a	n/a	n/a	n/a	n/a	9	1	n/a	n/a	n/a	n/a	n/a	left
6	110.021	3.000	forget	0.298	retrieval	retprac	object	scene	face	competitor	scene	10	1	128	80	180	232	110.0	n/a
6	115.056	0.348	correct	0.348	grate	n/a	n/a	n/a	n/a	n/a	n/a	10	1	n/a	n/a	n/a	n/a	n/a	right
6	115.922	0.378	correct	0.378	grate	n/a	n/a	n/a	n/a	n/a	n/a	10	1	n/a	n/a	n/a	n/a	n/a	right
6	116.822	0.327	correct	0.327	grate	n/a	n/a	n/a	n/a	n/a	n/a	10	1	n/a	n/a	n/a	n/a	n/a	left
6	117.672	0.308	correct	0.308	grate	n/a	n/a	n/a	n/a	n/a	n/a	10	1	n/a	n/a	n/a	n/a	n/a	right
6	118.488	0.404	correct	0.404	grate	n/a	n/a	n/a	n/a	n/a	n/a	10	1	n/a	n/a	n/a	n/a	n/a	right
6	119.405	0.351	correct	0.351	grate	n/a	n/a	n/a	n/a	n/a	n/a	10	1	n/a	n/a	n/a	n/a	n/a	right
6	120.272	0.250	incorrect	0.250	grate	n/a	n/a	n/a	n/a	n/a	n/a	10	1	n/a	n/a	n/a	n/a	n/a	left
6	122.021	3.000	don't know	0.347	retrieval	restudy	scene	face	object	don't know	don't know	11	1	25	97	249	25	122.0	n/a
6	127.055	0.325	correct	0.325	grate	n/a	n/a	n/a	n/a	n/a	n/a	11	1	n/a	n/a	n/a	n/a	n/a	right
6	127.888	0.292	correct	0.292	grate	n/a	n/a	n/a	n/a	n/a	n/a	11	1	n/a	n/a	n/a	n/a	n/a	left
6	128.704	0.308	correct	0.308	grate	n/a	n/a	n/a	n/a	n/a	n/a	11	1	n/a	n/a	n/a	n/a	n/a	right
6	129.521	0.379	correct	0.379	grate	n/a	n/a	n/a	n/a	n/a	n/a	11	1	n/a	n/a	n/a	n/a	n/a	left
6	130.421	0.415	correct	0.415	grate	n/a	n/a	n/a	n/a	n/a	n/a	11	1	n/a	n/a	n/a	n/a	n/a	left
6	131.354	0.362	correct	0.362	grate	n/a	n/a	n/a	n/a	n/a	n/a	11	1	n/a	n/a	n/a	n/a	n/a	left
6	132.237	0.283	incorrect	0.283	grate	n/a	n/a	n/a	n/a	n/a	n/a	11	1	n/a	n/a	n/a	n/a	n/a	right
6	134.020	3.000	forget	0.283	retrieval	restudy	scene	object	face	other	face	12	1	73	121	273	125	134.0	n/a
6	139.054	0.446	correct	0.446	grate	n/a	n/a	n/a	n/a	n/a	n/a	12	1	n/a	n/a	n/a	n/a	n/a	left
6	140.020	0.360	correct	0.360	grate	n/a	n/a	n/a	n/a	n/a	n/a	12	1	n/a	n/a	n/a	n/a	n/a	left
6	140.904	0.397	correct	0.397	grate	n/a	n/a	n/a	n/a	n/a	n/a	12	1	n/a	n/a	n/a	n/a	n/a	right
6	141.820	0.335	correct	0.335	grate	n/a	n/a	n/a	n/a	n/a	n/a	12	1	n/a	n/a	n/a	n/a	n/a	left
6	142.670	0.278	correct	0.278	grate	n/a	n/a	n/a	n/a	n/a	n/a	12	1	n/a	n/a	n/a	n/a	n/a	right
6	143.470	0.366	correct	0.366	grate	n/a	n/a	n/a	n/a	n/a	n/a	12	1	n/a	n/a	n/a	n/a	n/a	right
6	144.353	0.166	incorrect	0.166	grate	n/a	n/a	n/a	n/a	n/a	n/a	12	1	n/a	n/a	n/a	n/a	n/a	right
6	146.019	3.000	forget	0.332	retrieval	retprac	scene	object	face	competitor	object	13	1	76	124	276	128	146.0	n/a
6	151.053	0.391	correct	0.391	grate	n/a	n/a	n/a	n/a	n/a	n/a	13	1	n/a	n/a	n/a	n/a	n/a	right
6	151.953	0.315	correct	0.315	grate	n/a	n/a	n/a	n/a	n/a	n/a	13	1	n/a	n/a	n/a	n/a	n/a	left
6	152.786	0.289	correct	0.289	grate	n/a	n/a	n/a	n/a	n/a	n/a	13	1	n/a	n/a	n/a	n/a	n/a	right
6	153.586	0.298	correct	0.298	grate	n/a	n/a	n/a	n/a	n/a	n/a	13	1	n/a	n/a	n/a	n/a	n/a	left
6	154.403	0.249	incorrect	0.249	grate	n/a	n/a	n/a	n/a	n/a	n/a	13	1	n/a	n/a	n/a	n/a	n/a	left
6	155.169	0.418	correct	0.418	grate	n/a	n/a	n/a	n/a	n/a	n/a	13	1	n/a	n/a	n/a	n/a	n/a	left
6	156.103	0.333	correct	0.333	grate	n/a	n/a	n/a	n/a	n/a	n/a	13	1	n/a	n/a	n/a	n/a	n/a	right
6	156.953	0.100	incorrect	0.100	grate	n/a	n/a	n/a	n/a	n/a	n/a	13	1	n/a	n/a	n/a	n/a	n/a	right
6	158.018	3.000	don't know	0.365	retrieval	retprac	face	scene	object	don't know	don't know	14	1	104	32	80	208	158.0	n/a
6	163.052	0.351	correct	0.351	grate	n/a	n/a	n/a	n/a	n/a	n/a	14	1	n/a	n/a	n/a	n/a	n/a	right
6	163.918	0.357	correct	0.357	grate	n/a	n/a	n/a	n/a	n/a	n/a	14	1	n/a	n/a	n/a	n/a	n/a	right
6	164.785	0.386	correct	0.386	grate	n/a	n/a	n/a	n/a	n/a	n/a	14	1	n/a	n/a	n/a	n/a	n/a	right
6	165.702	0.382	correct	0.382	grate	n/a	n/a	n/a	n/a	n/a	n/a	14	1	n/a	n/a	n/a	n/a	n/a	right
6	166.602	0.370	correct	0.370	grate	n/a	n/a	n/a	n/a	n/a	n/a	14	1	n/a	n/a	n/a	n/a	n/a	left
6	167.485	0.384	correct	0.384	grate	n/a	n/a	n/a	n/a	n/a	n/a	14	1	n/a	n/a	n/a	n/a	n/a	right
6	168.385	0.133	incorrect	0.133	grate	n/a	n/a	n/a	n/a	n/a	n/a	14	1	n/a	n/a	n/a	n/a	n/a	left
6	170.017	3.000	forget	0.278	retrieval	retprac	scene	face	object	competitor	face	15	1	32	104	256	32	170.0	n/a
6	175.051	0.352	correct	0.352	grate	n/a	n/a	n/a	n/a	n/a	n/a	15	1	n/a	n/a	n/a	n/a	n/a	left
6	175.918	0.375	correct	0.375	grate	n/a	n/a	n/a	n/a	n/a	n/a	15	1	n/a	n/a	n/a	n/a	n/a	right
6	176.801	0.372	correct	0.372	grate	n/a	n/a	n/a	n/a	n/a	n/a	15	1	n/a	n/a	n/a	n/a	n/a	right
6	177.684	0.351	correct	0.351	grate	n/a	n/a	n/a	n/a	n/a	n/a	15	1	n/a	n/a	n/a	n/a	n/a	right
6	178.551	0.317	incorrect	0.317	grate	n/a	n/a	n/a	n/a	n/a	n/a	15	1	n/a	n/a	n/a	n/a	n/a	left
6	179.384	0.451	correct	0.451	grate	n/a	n/a	n/a	n/a	n/a	n/a	15	1	n/a	n/a	n/a	n/a	n/a	left
6	180.351	0.166	incorrect	0.166	grate	n/a	n/a	n/a	n/a	n/a	n/a	15	1	n/a	n/a	n/a	n/a	n/a	right
6	182.016	3.000	remember	0.454	retrieval	retprac	object	face	scene	target	object	16	1	4	52	152	4	182.0	n/a
6	187.051	0.361	correct	0.361	grate	n/a	n/a	n/a	n/a	n/a	n/a	16	1	n/a	n/a	n/a	n/a	n/a	right
6	187.934	0.350	correct	0.350	grate	n/a	n/a	n/a	n/a	n/a	n/a	16	1	n/a	n/a	n/a	n/a	n/a	right
6	188.800	0.332	correct	0.332	grate	n/a	n/a	n/a	n/a	n/a	n/a	16	1	n/a	n/a	n/a	n/a	n/a	right
6	189.650	0.385	correct	0.385	grate	n/a	n/a	n/a	n/a	n/a	n/a	16	1	n/a	n/a	n/a	n/a	n/a	left
6	190.550	0.381	correct	0.381	grate	n/a	n/a	n/a	n/a	n/a	n/a	16	1	n/a	n/a	n/a	n/a	n/a	left
6	191.450	0.393	correct	0.393	grate	n/a	n/a	n/a	n/a	n/a	n/a	16	1	n/a	n/a	n/a	n/a	n/a	right
6	192.367	0.150	incorrect	0.150	grate	n/a	n/a	n/a	n/a	n/a	n/a	16	1	n/a	n/a	n/a	n/a	n/a	left
6	194.016	3.000	forget	0.431	retrieval	restudy	object	face	scene	competitor	face	17	1	3	51	151	3	194.0	n/a
6	199.050	0.442	correct	0.442	grate	n/a	n/a	n/a	n/a	n/a	n/a	17	1	n/a	n/a	n/a	n/a	n/a	left
6	199.999	0.300	correct	0.300	grate	n/a	n/a	n/a	n/a	n/a	n/a	17	1	n/a	n/a	n/a	n/a	n/a	right
6	200.816	0.347	correct	0.347	grate	n/a	n/a	n/a	n/a	n/a	n/a	17	1	n/a	n/a	n/a	n/a	n/a	right
6	201.683	0.338	correct	0.338	grate	n/a	n/a	n/a	n/a	n/a	n/a	17	1	n/a	n/a	n/a	n/a	n/a	right
6	202.533	0.446	correct	0.446	grate	n/a	n/a	n/a	n/a	n/a	n/a	17	1	n/a	n/a	n/a	n/a	n/a	left
6	203.499	0.360	correct	0.360	grate	n/a	n/a	n/a	n/a	n/a	n/a	17	1	n/a	n/a	n/a	n/a	n/a	left
6	204.383	0.133	incorrect	0.133	grate	n/a	n/a	n/a	n/a	n/a	n/a	17	1	n/a	n/a	n/a	n/a	n/a	left
6	206.015	3.000	forget	0.289	retrieval	retprac	scene	face	object	competitor	face	18	1	30	102	254	30	206.0	n/a
6	211.049	0.330	correct	0.330	grate	n/a	n/a	n/a	n/a	n/a	n/a	18	1	n/a	n/a	n/a	n/a	n/a	left
6	211.898	0.369	correct	0.369	grate	n/a	n/a	n/a	n/a	n/a	n/a	18	1	n/a	n/a	n/a	n/a	n/a	left
6	212.782	0.349	correct	0.349	grate	n/a	n/a	n/a	n/a	n/a	n/a	18	1	n/a	n/a	n/a	n/a	n/a	left
6	213.648	0.378	correct	0.378	grate	n/a	n/a	n/a	n/a	n/a	n/a	18	1	n/a	n/a	n/a	n/a	n/a	right
6	214.548	0.335	correct	0.335	grate	n/a	n/a	n/a	n/a	n/a	n/a	18	1	n/a	n/a	n/a	n/a	n/a	right
6	215.398	0.341	correct	0.341	grate	n/a	n/a	n/a	n/a	n/a	n/a	18	1	n/a	n/a	n/a	n/a	n/a	right
6	216.248	0.266	incorrect	0.266	grate	n/a	n/a	n/a	n/a	n/a	n/a	18	1	n/a	n/a	n/a	n/a	n/a	right
6	218.014	3.000	forget	0.417	retrieval	retprac	face	object	scene	competitor	object	19	1	56	8	56	108	218.0	n/a
6	223.048	0.340	correct	0.340	grate	n/a	n/a	n/a	n/a	n/a	n/a	19	1	n/a	n/a	n/a	n/a	n/a	right
6	223.898	0.473	correct	0.473	grate	n/a	n/a	n/a	n/a	n/a	n/a	19	1	n/a	n/a	n/a	n/a	n/a	left
6	224.881	0.362	correct	0.362	grate	n/a	n/a	n/a	n/a	n/a	n/a	19	1	n/a	n/a	n/a	n/a	n/a	left
6	225.764	0.359	correct	0.359	grate	n/a	n/a	n/a	n/a	n/a	n/a	19	1	n/a	n/a	n/a	n/a	n/a	left
6	226.631	0.420	correct	0.420	grate	n/a	n/a	n/a	n/a	n/a	n/a	19	1	n/a	n/a	n/a	n/a	n/a	right
6	227.564	0.375	correct	0.375	grate	n/a	n/a	n/a	n/a	n/a	n/a	19	1	n/a	n/a	n/a	n/a	n/a	right
6	228.448	0.066	incorrect	0.066	grate	n/a	n/a	n/a	n/a	n/a	n/a	19	1	n/a	n/a	n/a	n/a	n/a	right
6	230.013	3.000	remember	0.289	retrieval	retprac	face	scene	object	target	face	20	1	102	30	78	206	230.0	n/a
6	235.047	0.428	correct	0.428	grate	n/a	n/a	n/a	n/a	n/a	n/a	20	1	n/a	n/a	n/a	n/a	n/a	right
6	235.997	0.350	correct	0.350	grate	n/a	n/a	n/a	n/a	n/a	n/a	20	1	n/a	n/a	n/a	n/a	n/a	right
6	236.864	0.324	correct	0.324	grate	n/a	n/a	n/a	n/a	n/a	n/a	20	1	n/a	n/a	n/a	n/a	n/a	right
6	237.697	0.338	correct	0.338	grate	n/a	n/a	n/a	n/a	n/a	n/a	20	1	n/a	n/a	n/a	n/a	n/a	left
6	238.547	0.337	correct	0.337	grate	n/a	n/a	n/a	n/a	n/a	n/a	20	1	n/a	n/a	n/a	n/a	n/a	right
6	239.397	0.327	correct	0.327	grate	n/a	n/a	n/a	n/a	n/a	n/a	20	1	n/a	n/a	n/a	n/a	n/a	right
6	240.247	0.266	incorrect	0.266	grate	n/a	n/a	n/a	n/a	n/a	n/a	20	1	n/a	n/a	n/a	n/a	n/a	right
6	242.012	3.000	forget	0.314	retrieval	restudy	scene	object	face	competitor	object	21	1	77	125	277	129	242.0	n/a
6	247.046	0.405	correct	0.405	grate	n/a	n/a	n/a	n/a	n/a	n/a	21	1	n/a	n/a	n/a	n/a	n/a	right
6	247.963	0.401	correct	0.401	grate	n/a	n/a	n/a	n/a	n/a	n/a	21	1	n/a	n/a	n/a	n/a	n/a	right
6	248.879	0.339	incorrect	0.339	grate	n/a	n/a	n/a	n/a	n/a	n/a	21	1	n/a	n/a	n/a	n/a	n/a	left
6	249.729	0.329	correct	0.329	grate	n/a	n/a	n/a	n/a	n/a	n/a	21	1	n/a	n/a	n/a	n/a	n/a	right
6	250.579	0.335	correct	0.335	grate	n/a	n/a	n/a	n/a	n/a	n/a	21	1	n/a	n/a	n/a	n/a	n/a	left
6	251.429	0.493	correct	0.493	grate	n/a	n/a	n/a	n/a	n/a	n/a	21	1	n/a	n/a	n/a	n/a	n/a	left
6	252.446	0.066	incorrect	0.066	grate	n/a	n/a	n/a	n/a	n/a	n/a	21	1	n/a	n/a	n/a	n/a	n/a	right
6	254.011	3.000	forget	0.355	retrieval	restudy	object	scene	face	other	face	22	1	125	77	177	229	254.0	n/a
6	259.046	0.333	correct	0.333	grate	n/a	n/a	n/a	n/a	n/a	n/a	22	1	n/a	n/a	n/a	n/a	n/a	left
6	259.895	0.291	correct	0.291	grate	n/a	n/a	n/a	n/a	n/a	n/a	22	1	n/a	n/a	n/a	n/a	n/a	right
6	260.695	0.381	correct	0.381	grate	n/a	n/a	n/a	n/a	n/a	n/a	22	1	n/a	n/a	n/a	n/a	n/a	right
6	261.595	0.359	correct	0.359	grate	n/a	n/a	n/a	n/a	n/a	n/a	22	1	n/a	n/a	n/a	n/a	n/a	right
6	262.478	0.373	correct	0.373	grate	n/a	n/a	n/a	n/a	n/a	n/a	22	1	n/a	n/a	n/a	n/a	n/a	right
6	263.362	0.337	correct	0.337	grate	n/a	n/a	n/a	n/a	n/a	n/a	22	1	n/a	n/a	n/a	n/a	n/a	left
6	264.212	0.300	incorrect	0.300	grate	n/a	n/a	n/a	n/a	n/a	n/a	22	1	n/a	n/a	n/a	n/a	n/a	right
6	266.011	3.000	remember	0.283	retrieval	retprac	face	object	scene	target	face	23	1	54	6	54	106	266.0	n/a
6	271.045	0.351	correct	0.351	grate	n/a	n/a	n/a	n/a	n/a	n/a	23	1	n/a	n/a	n/a	n/a	n/a	right
6	271.911	0.363	correct	0.363	grate	n/a	n/a	n/a	n/a	n/a	n/a	23	1	n/a	n/a	n/a	n/a	n/a	right
6	272.794	0.360	correct	0.360	grate	n/a	n/a	n/a	n/a	n/a	n/a	23	1	n/a	n/a	n/a	n/a	n/a	right
6	273.678	0.373	correct	0.373	grate	n/a	n/a	n/a	n/a	n/a	n/a	23	1	n/a	n/a	n/a	n/a	n/a	right
6	274.561	0.346	correct	0.346	grate	n/a	n/a	n/a	n/a	n/a	n/a	23	1	n/a	n/a	n/a	n/a	n/a	right
6	275.428	0.321	correct	0.321	grate	n/a	n/a	n/a	n/a	n/a	n/a	23	1	n/a	n/a	n/a	n/a	n/a	right
6	276.261	0.250	incorrect	0.250	grate	n/a	n/a	n/a	n/a	n/a	n/a	23	1	n/a	n/a	n/a	n/a	n/a	left
6	278.010	3.000	forget	0.444	retrieval	restudy	face	object	scene	competitor	object	24	1	53	5	53	105	278.0	n/a
6	283.044	0.383	correct	0.383	grate	n/a	n/a	n/a	n/a	n/a	n/a	24	1	n/a	n/a	n/a	n/a	n/a	left
6	283.944	0.340	correct	0.340	grate	n/a	n/a	n/a	n/a	n/a	n/a	24	1	n/a	n/a	n/a	n/a	n/a	left
6	284.794	0.401	correct	0.401	grate	n/a	n/a	n/a	n/a	n/a	n/a	24	1	n/a	n/a	n/a	n/a	n/a	right
6	285.710	0.404	correct	0.404	grate	n/a	n/a	n/a	n/a	n/a	n/a	24	1	n/a	n/a	n/a	n/a	n/a	left
6	286.627	0.360	correct	0.360	grate	n/a	n/a	n/a	n/a	n/a	n/a	24	1	n/a	n/a	n/a	n/a	n/a	left
6	287.510	0.380	correct	0.380	grate	n/a	n/a	n/a	n/a	n/a	n/a	24	1	n/a	n/a	n/a	n/a	n/a	left
6	288.410	0.100	incorrect	0.100	grate	n/a	n/a	n/a	n/a	n/a	n/a	24	1	n/a	n/a	n/a	n/a	n/a	left
6	290.009	3.000	forget	0.397	retrieval	restudy	scene	object	face	competitor	object	25	1	75	123	275	127	290.0	n/a
6	295.043	0.367	correct	0.367	grate	n/a	n/a	n/a	n/a	n/a	n/a	25	1	n/a	n/a	n/a	n/a	n/a	right
6	295.926	0.300	correct	0.300	grate	n/a	n/a	n/a	n/a	n/a	n/a	25	1	n/a	n/a	n/a	n/a	n/a	left
6	296.743	0.387	correct	0.387	grate	n/a	n/a	n/a	n/a	n/a	n/a	25	1	n/a	n/a	n/a	n/a	n/a	left
6	297.643	0.327	correct	0.327	grate	n/a	n/a	n/a	n/a	n/a	n/a	25	1	n/a	n/a	n/a	n/a	n/a	left
6	298.493	0.325	correct	0.325	grate	n/a	n/a	n/a	n/a	n/a	n/a	25	1	n/a	n/a	n/a	n/a	n/a	left
6	299.326	0.348	correct	0.348	grate	n/a	n/a	n/a	n/a	n/a	n/a	25	1	n/a	n/a	n/a	n/a	n/a	left
6	300.192	0.317	incorrect	0.317	grate	n/a	n/a	n/a	n/a	n/a	n/a	25	1	n/a	n/a	n/a	n/a	n/a	right
6	302.008	3.000	remember	0.270	retrieval	retprac	scene	face	object	target	scene	26	1	26	98	250	26	302.0	n/a
6	307.042	0.376	correct	0.376	grate	n/a	n/a	n/a	n/a	n/a	n/a	26	1	n/a	n/a	n/a	n/a	n/a	right
6	307.942	0.324	correct	0.324	grate	n/a	n/a	n/a	n/a	n/a	n/a	26	1	n/a	n/a	n/a	n/a	n/a	right
6	308.775	0.507	correct	0.507	grate	n/a	n/a	n/a	n/a	n/a	n/a	26	1	n/a	n/a	n/a	n/a	n/a	left
6	309.792	0.331	correct	0.331	grate	n/a	n/a	n/a	n/a	n/a	n/a	26	1	n/a	n/a	n/a	n/a	n/a	left
6	310.642	0.432	correct	0.432	grate	n/a	n/a	n/a	n/a	n/a	n/a	26	1	n/a	n/a	n/a	n/a	n/a	right
6	311.592	0.370	correct	0.370	grate	n/a	n/a	n/a	n/a	n/a	n/a	26	1	n/a	n/a	n/a	n/a	n/a	left
6	312.475	0.033	incorrect	0.033	grate	n/a	n/a	n/a	n/a	n/a	n/a	26	1	n/a	n/a	n/a	n/a	n/a	right
6	314.007	3.000	forget	0.342	retrieval	restudy	scene	face	object	competitor	face	27	1	27	99	251	27	314.0	n/a
6	319.041	0.377	correct	0.377	grate	n/a	n/a	n/a	n/a	n/a	n/a	27	1	n/a	n/a	n/a	n/a	n/a	right
6	319.941	0.469	correct	0.469	grate	n/a	n/a	n/a	n/a	n/a	n/a	27	1	n/a	n/a	n/a	n/a	n/a	right
6	320.924	0.318	correct	0.318	grate	n/a	n/a	n/a	n/a	n/a	n/a	27	1	n/a	n/a	n/a	n/a	n/a	right
6	321.758	0.340	correct	0.340	grate	n/a	n/a	n/a	n/a	n/a	n/a	27	1	n/a	n/a	n/a	n/a	n/a	left
6	322.607	0.402	correct	0.402	grate	n/a	n/a	n/a	n/a	n/a	n/a	27	1	n/a	n/a	n/a	n/a	n/a	right
6	323.524	0.318	correct	0.318	grate	n/a	n/a	n/a	n/a	n/a	n/a	27	1	n/a	n/a	n/a	n/a	n/a	left
6	324.357	0.150	incorrect	0.150	grate	n/a	n/a	n/a	n/a	n/a	n/a	27	1	n/a	n/a	n/a	n/a	n/a	left
6	326.006	3.000	forget	0.359	retrieval	retprac	face	scene	object	competitor	scene	28	1	98	26	74	202	326.0	n/a
6	331.041	0.337	correct	0.337	grate	n/a	n/a	n/a	n/a	n/a	n/a	28	1	n/a	n/a	n/a	n/a	n/a	right
6	331.890	0.480	correct	0.480	grate	n/a	n/a	n/a	n/a	n/a	n/a	28	1	n/a	n/a	n/a	n/a	n/a	right
6	332.890	0.312	correct	0.312	grate	n/a	n/a	n/a	n/a	n/a	n/a	28	1	n/a	n/a	n/a	n/a	n/a	right
6	333.724	0.430	correct	0.430	grate	n/a	n/a	n/a	n/a	n/a	n/a	28	1	n/a	n/a	n/a	n/a	n/a	left
6	334.673	0.370	correct	0.370	grate	n/a	n/a	n/a	n/a	n/a	n/a	28	1	n/a	n/a	n/a	n/a	n/a	right
6	335.557	0.326	correct	0.326	grate	n/a	n/a	n/a	n/a	n/a	n/a	28	1	n/a	n/a	n/a	n/a	n/a	left
6	336.390	0.117	incorrect	0.117	grate	n/a	n/a	n/a	n/a	n/a	n/a	28	1	n/a	n/a	n/a	n/a	n/a	left
6	338.022	3.000	forget	0.303	retrieval	restudy	object	face	scene	competitor	face	29	1	1	49	149	1	338.0	n/a
6	343.056	0.331	correct	0.331	grate	n/a	n/a	n/a	n/a	n/a	n/a	29	1	n/a	n/a	n/a	n/a	n/a	right
6	343.906	0.392	correct	0.392	grate	n/a	n/a	n/a	n/a	n/a	n/a	29	1	n/a	n/a	n/a	n/a	n/a	left
6	344.806	0.356	correct	0.356	grate	n/a	n/a	n/a	n/a	n/a	n/a	29	1	n/a	n/a	n/a	n/a	n/a	left
6	345.673	0.337	correct	0.337	grate	n/a	n/a	n/a	n/a	n/a	n/a	29	1	n/a	n/a	n/a	n/a	n/a	right
6	346.522	0.343	correct	0.343	grate	n/a	n/a	n/a	n/a	n/a	n/a	29	1	n/a	n/a	n/a	n/a	n/a	right
6	347.389	0.380	correct	0.380	grate	n/a	n/a	n/a	n/a	n/a	n/a	29	1	n/a	n/a	n/a	n/a	n/a	left
6	348.289	0.233	incorrect	0.233	grate	n/a	n/a	n/a	n/a	n/a	n/a	29	1	n/a	n/a	n/a	n/a	n/a	left
6	350.021	3.000	remember	0.336	retrieval	restudy	object	scene	face	target	object	30	1	127	79	179	231	350.0	n/a
6	355.056	0.466	correct	0.466	grate	n/a	n/a	n/a	n/a	n/a	n/a	30	1	n/a	n/a	n/a	n/a	n/a	left
6	356.039	0.299	correct	0.299	grate	n/a	n/a	n/a	n/a	n/a	n/a	30	1	n/a	n/a	n/a	n/a	n/a	right
6	356.855	0.299	correct	0.299	grate	n/a	n/a	n/a	n/a	n/a	n/a	30	1	n/a	n/a	n/a	n/a	n/a	left
6	357.672	0.338	correct	0.338	grate	n/a	n/a	n/a	n/a	n/a	n/a	30	1	n/a	n/a	n/a	n/a	n/a	right
6	358.522	0.456	correct	0.456	grate	n/a	n/a	n/a	n/a	n/a	n/a	30	1	n/a	n/a	n/a	n/a	n/a	right
6	359.488	0.345	incorrect	0.345	grate	n/a	n/a	n/a	n/a	n/a	n/a	30	1	n/a	n/a	n/a	n/a	n/a	left
6	360.355	0.167	incorrect	0.167	grate	n/a	n/a	n/a	n/a	n/a	n/a	30	1	n/a	n/a	n/a	n/a	n/a	right
6	362.021	3.000	forget	0.289	retrieval	restudy	object	scene	face	competitor	scene	31	1	123	75	175	227	362.0	n/a
6	367.055	0.467	correct	0.467	grate	n/a	n/a	n/a	n/a	n/a	n/a	31	1	n/a	n/a	n/a	n/a	n/a	left
6	368.038	0.340	correct	0.340	grate	n/a	n/a	n/a	n/a	n/a	n/a	31	1	n/a	n/a	n/a	n/a	n/a	right
6	368.888	0.298	correct	0.298	grate	n/a	n/a	n/a	n/a	n/a	n/a	31	1	n/a	n/a	n/a	n/a	n/a	left
6	369.704	0.361	incorrect	0.361	grate	n/a	n/a	n/a	n/a	n/a	n/a	31	1	n/a	n/a	n/a	n/a	n/a	left
6	370.588	0.406	correct	0.406	grate	n/a	n/a	n/a	n/a	n/a	n/a	31	1	n/a	n/a	n/a	n/a	n/a	left
6	371.504	0.394	correct	0.394	grate	n/a	n/a	n/a	n/a	n/a	n/a	31	1	n/a	n/a	n/a	n/a	n/a	right
6	372.421	0.100	incorrect	0.100	grate	n/a	n/a	n/a	n/a	n/a	n/a	31	1	n/a	n/a	n/a	n/a	n/a	left
6	374.020	3.000	don't know	0.353	retrieval	restudy	object	scene	face	don't know	don't know	32	1	121	73	173	225	374.0	n/a
6	379.054	0.395	correct	0.395	grate	n/a	n/a	n/a	n/a	n/a	n/a	32	1	n/a	n/a	n/a	n/a	n/a	left
6	379.970	0.375	correct	0.375	grate	n/a	n/a	n/a	n/a	n/a	n/a	32	1	n/a	n/a	n/a	n/a	n/a	right
6	380.870	0.388	correct	0.388	grate	n/a	n/a	n/a	n/a	n/a	n/a	32	1	n/a	n/a	n/a	n/a	n/a	right
6	381.770	0.343	correct	0.343	grate	n/a	n/a	n/a	n/a	n/a	n/a	32	1	n/a	n/a	n/a	n/a	n/a	right
6	382.637	0.357	correct	0.357	grate	n/a	n/a	n/a	n/a	n/a	n/a	32	1	n/a	n/a	n/a	n/a	n/a	right
6	383.503	0.346	correct	0.346	grate	n/a	n/a	n/a	n/a	n/a	n/a	32	1	n/a	n/a	n/a	n/a	n/a	right
6	384.370	0.150	incorrect	0.150	grate	n/a	n/a	n/a	n/a	n/a	n/a	32	1	n/a	n/a	n/a	n/a	n/a	left
6	386.019	3.000	remember	0.314	retrieval	retprac	face	scene	object	target	face	33	1	100	28	76	204	386.0	n/a
6	391.053	0.381	correct	0.381	grate	n/a	n/a	n/a	n/a	n/a	n/a	33	1	n/a	n/a	n/a	n/a	n/a	right
6	391.953	0.337	correct	0.337	grate	n/a	n/a	n/a	n/a	n/a	n/a	33	1	n/a	n/a	n/a	n/a	n/a	left
6	392.803	0.439	correct	0.439	grate	n/a	n/a	n/a	n/a	n/a	n/a	33	1	n/a	n/a	n/a	n/a	n/a	left
6	393.753	0.441	correct	0.441	grate	n/a	n/a	n/a	n/a	n/a	n/a	33	1	n/a	n/a	n/a	n/a	n/a	left
6	394.703	0.435	correct	0.435	grate	n/a	n/a	n/a	n/a	n/a	n/a	33	1	n/a	n/a	n/a	n/a	n/a	left
6	395.653	0.341	correct	0.341	grate	n/a	n/a	n/a	n/a	n/a	n/a	33	1	n/a	n/a	n/a	n/a	n/a	left
6	396.502	0.017	incorrect	0.017	grate	n/a	n/a	n/a	n/a	n/a	n/a	33	1	n/a	n/a	n/a	n/a	n/a	right
6	398.018	3.000	forget	0.340	retrieval	retprac	object	scene	face	other	face	34	1	124	76	176	228	398.0	n/a
6	403.052	0.333	correct	0.333	grate	n/a	n/a	n/a	n/a	n/a	n/a	34	1	n/a	n/a	n/a	n/a	n/a	right
6	403.902	0.340	correct	0.340	grate	n/a	n/a	n/a	n/a	n/a	n/a	34	1	n/a	n/a	n/a	n/a	n/a	right
6	404.752	0.441	correct	0.441	grate	n/a	n/a	n/a	n/a	n/a	n/a	34	1	n/a	n/a	n/a	n/a	n/a	left
6	405.702	0.347	correct	0.347	grate	n/a	n/a	n/a	n/a	n/a	n/a	34	1	n/a	n/a	n/a	n/a	n/a	left
6	406.568	0.305	correct	0.305	grate	n/a	n/a	n/a	n/a	n/a	n/a	34	1	n/a	n/a	n/a	n/a	n/a	left
6	407.385	0.337	correct	0.337	grate	n/a	n/a	n/a	n/a	n/a	n/a	34	1	n/a	n/a	n/a	n/a	n/a	left
6	408.235	0.283	incorrect	0.283	grate	n/a	n/a	n/a	n/a	n/a	n/a	34	1	n/a	n/a	n/a	n/a	n/a	left
6	410.017	3.000	don't know	0.308	retrieval	restudy	face	object	scene	don't know	don't know	35	1	55	7	55	107	410.0	n/a
6	415.051	0.406	correct	0.406	grate	n/a	n/a	n/a	n/a	n/a	n/a	35	1	n/a	n/a	n/a	n/a	n/a	right
6	415.968	0.409	correct	0.409	grate	n/a	n/a	n/a	n/a	n/a	n/a	35	1	n/a	n/a	n/a	n/a	n/a	left
6	416.884	0.333	correct	0.333	grate	n/a	n/a	n/a	n/a	n/a	n/a	35	1	n/a	n/a	n/a	n/a	n/a	right
6	417.734	0.347	correct	0.347	grate	n/a	n/a	n/a	n/a	n/a	n/a	35	1	n/a	n/a	n/a	n/a	n/a	left
6	418.601	0.305	correct	0.305	grate	n/a	n/a	n/a	n/a	n/a	n/a	35	1	n/a	n/a	n/a	n/a	n/a	right
6	419.418	0.264	correct	0.264	grate	n/a	n/a	n/a	n/a	n/a	n/a	35	1	n/a	n/a	n/a	n/a	n/a	left
6	420.201	0.316	incorrect	0.316	grate	n/a	n/a	n/a	n/a	n/a	n/a	35	1	n/a	n/a	n/a	n/a	n/a	right
6	422.016	3.000	forget	0.294	retrieval	retprac	object	face	scene	other	scene	36	1	2	50	150	2	422.0	n/a
6	427.051	0.350	incorrect	0.350	grate	n/a	n/a	n/a	n/a	n/a	n/a	36	1	n/a	n/a	n/a	n/a	n/a	right
6	427.917	0.364	correct	0.364	grate	n/a	n/a	n/a	n/a	n/a	n/a	36	1	n/a	n/a	n/a	n/a	n/a	left
6	428.800	0.297	correct	0.297	grate	n/a	n/a	n/a	n/a	n/a	n/a	36	1	n/a	n/a	n/a	n/a	n/a	right
6	429.617	0.528	incorrect	0.528	grate	n/a	n/a	n/a	n/a	n/a	n/a	36	1	n/a	n/a	n/a	n/a	n/a	left
6	430.667	0.399	correct	0.399	grate	n/a	n/a	n/a	n/a	n/a	n/a	36	1	n/a	n/a	n/a	n/a	n/a	right
6	431.583	0.330	correct	0.330	grate	n/a	n/a	n/a	n/a	n/a	n/a	36	1	n/a	n/a	n/a	n/a	n/a	left
6	432.433	0.083	incorrect	0.083	grate	n/a	n/a	n/a	n/a	n/a	n/a	36	1	n/a	n/a	n/a	n/a	n/a	left
6	434.015	3.000	remember	0.350	retrieval	restudy	face	scene	object	target	face	37	1	99	27	75	203	434.0	n/a
6	439.050	0.360	correct	0.360	grate	n/a	n/a	n/a	n/a	n/a	n/a	37	1	n/a	n/a	n/a	n/a	n/a	right
6	439.933	0.404	correct	0.404	grate	n/a	n/a	n/a	n/a	n/a	n/a	37	1	n/a	n/a	n/a	n/a	n/a	right
6	440.849	0.569	correct	0.569	grate	n/a	n/a	n/a	n/a	n/a	n/a	37	1	n/a	n/a	n/a	n/a	n/a	right
6	441.933	0.500	correct	0.500	grate	n/a	n/a	n/a	n/a	n/a	n/a	37	1	n/a	n/a	n/a	n/a	n/a	left
6	442.949	0.436	correct	0.436	grate	n/a	n/a	n/a	n/a	n/a	n/a	37	1	n/a	n/a	n/a	n/a	n/a	left
6	443.899	0.382	correct	0.382	grate	n/a	n/a	n/a	n/a	n/a	n/a	37	1	n/a	n/a	n/a	n/a	n/a	right
6	444.799	0.100	incorrect	0.100	grate	n/a	n/a	n/a	n/a	n/a	n/a	37	1	n/a	n/a	n/a	n/a	n/a	left
6	446.015	3.000	forget	0.302	retrieval	retprac	scene	object	face	competitor	object	38	1	74	122	274	126	446.0	n/a
6	451.049	0.336	correct	0.336	grate	n/a	n/a	n/a	n/a	n/a	n/a	38	1	n/a	n/a	n/a	n/a	n/a	right
6	451.898	0.343	correct	0.343	grate	n/a	n/a	n/a	n/a	n/a	n/a	38	1	n/a	n/a	n/a	n/a	n/a	right
6	452.765	0.276	incorrect	0.276	grate	n/a	n/a	n/a	n/a	n/a	n/a	38	1	n/a	n/a	n/a	n/a	n/a	left
6	453.548	0.276	correct	0.276	grate	n/a	n/a	n/a	n/a	n/a	n/a	38	1	n/a	n/a	n/a	n/a	n/a	right
6	454.348	1.422	correct	1.422	grate	n/a	n/a	n/a	n/a	n/a	n/a	38	1	n/a	n/a	n/a	n/a	n/a	left
6	456.282	0.233	incorrect	0.233	grate	n/a	n/a	n/a	n/a	n/a	n/a	38	1	n/a	n/a	n/a	n/a	n/a	left
6	458.014	3.000	don't know	0.390	retrieval	restudy	face	scene	object	don't know	don't know	39	1	103	31	79	207	458.0	n/a
6	463.048	0.321	correct	0.321	grate	n/a	n/a	n/a	n/a	n/a	n/a	39	1	n/a	n/a	n/a	n/a	n/a	left
6	463.881	0.399	correct	0.399	grate	n/a	n/a	n/a	n/a	n/a	n/a	39	1	n/a	n/a	n/a	n/a	n/a	right
6	464.798	0.403	correct	0.403	grate	n/a	n/a	n/a	n/a	n/a	n/a	39	1	n/a	n/a	n/a	n/a	n/a	right
6	465.714	0.350	correct	0.350	grate	n/a	n/a	n/a	n/a	n/a	n/a	39	1	n/a	n/a	n/a	n/a	n/a	right
6	466.581	0.381	correct	0.381	grate	n/a	n/a	n/a	n/a	n/a	n/a	39	1	n/a	n/a	n/a	n/a	n/a	left
6	467.481	0.312	correct	0.312	grate	n/a	n/a	n/a	n/a	n/a	n/a	39	1	n/a	n/a	n/a	n/a	n/a	left
6	468.314	0.200	incorrect	0.200	grate	n/a	n/a	n/a	n/a	n/a	n/a	39	1	n/a	n/a	n/a	n/a	n/a	left
6	470.013	3.000	forget	0.343	retrieval	restudy	face	object	scene	competitor	object	40	1	49	1	49	101	470.0	n/a
6	475.047	0.338	correct	0.338	grate	n/a	n/a	n/a	n/a	n/a	n/a	40	1	n/a	n/a	n/a	n/a	n/a	right
6	475.897	0.343	correct	0.343	grate	n/a	n/a	n/a	n/a	n/a	n/a	40	1	n/a	n/a	n/a	n/a	n/a	right
6	476.764	0.485	correct	0.485	grate	n/a	n/a	n/a	n/a	n/a	n/a	40	1	n/a	n/a	n/a	n/a	n/a	left
6	477.763	0.397	correct	0.397	grate	n/a	n/a	n/a	n/a	n/a	n/a	40	1	n/a	n/a	n/a	n/a	n/a	right
6	478.680	0.376	correct	0.376	grate	n/a	n/a	n/a	n/a	n/a	n/a	40	1	n/a	n/a	n/a	n/a	n/a	left
6	479.580	0.396	correct	0.396	grate	n/a	n/a	n/a	n/a	n/a	n/a	40	1	n/a	n/a	n/a	n/a	n/a	left
6	480.496	0.017	incorrect	0.017	grate	n/a	n/a	n/a	n/a	n/a	n/a	40	1	n/a	n/a	n/a	n/a	n/a	right
6	482.012	3.000	forget	0.336	retrieval	retprac	object	face	scene	competitor	face	41	1	6	54	154	6	482.0	n/a
6	487.046	0.362	correct	0.362	grate	n/a	n/a	n/a	n/a	n/a	n/a	41	1	n/a	n/a	n/a	n/a	n/a	left
6	487.929	0.319	correct	0.319	grate	n/a	n/a	n/a	n/a	n/a	n/a	41	1	n/a	n/a	n/a	n/a	n/a	right
6	488.763	0.374	correct	0.374	grate	n/a	n/a	n/a	n/a	n/a	n/a	41	1	n/a	n/a	n/a	n/a	n/a	right
6	489.646	0.362	correct	0.362	grate	n/a	n/a	n/a	n/a	n/a	n/a	41	1	n/a	n/a	n/a	n/a	n/a	right
6	490.529	0.343	correct	0.343	grate	n/a	n/a	n/a	n/a	n/a	n/a	41	1	n/a	n/a	n/a	n/a	n/a	right
6	491.396	0.317	incorrect	0.317	grate	n/a	n/a	n/a	n/a	n/a	n/a	41	1	n/a	n/a	n/a	n/a	n/a	left
6	492.229	0.283	incorrect	0.283	grate	n/a	n/a	n/a	n/a	n/a	n/a	41	1	n/a	n/a	n/a	n/a	n/a	right
6	494.011	3.000	forget	0.432	retrieval	restudy	face	object	scene	competitor	object	42	1	51	3	51	103	494.0	n/a
6	499.045	0.323	correct	0.323	grate	n/a	n/a	n/a	n/a	n/a	n/a	42	1	n/a	n/a	n/a	n/a	n/a	right
6	499.878	0.314	correct	0.314	grate	n/a	n/a	n/a	n/a	n/a	n/a	42	1	n/a	n/a	n/a	n/a	n/a	left
6	500.712	0.329	correct	0.329	grate	n/a	n/a	n/a	n/a	n/a	n/a	42	1	n/a	n/a	n/a	n/a	n/a	right
6	501.562	0.390	correct	0.390	grate	n/a	n/a	n/a	n/a	n/a	n/a	42	1	n/a	n/a	n/a	n/a	n/a	right
6	502.462	0.307	correct	0.307	grate	n/a	n/a	n/a	n/a	n/a	n/a	42	1	n/a	n/a	n/a	n/a	n/a	right
6	503.278	0.330	correct	0.330	grate	n/a	n/a	n/a	n/a	n/a	n/a	42	1	n/a	n/a	n/a	n/a	n/a	right
6	504.128	0.383	incorrect	0.383	grate	n/a	n/a	n/a	n/a	n/a	n/a	42	1	n/a	n/a	n/a	n/a	n/a	left
6	506.011	3.000	forget	0.441	retrieval	retprac	object	face	scene	competitor	face	43	1	8	56	156	8	506.0	n/a
6	511.045	0.381	correct	0.381	grate	n/a	n/a	n/a	n/a	n/a	n/a	43	1	n/a	n/a	n/a	n/a	n/a	left
6	511.944	0.368	correct	0.368	grate	n/a	n/a	n/a	n/a	n/a	n/a	43	1	n/a	n/a	n/a	n/a	n/a	left
6	512.828	1.076	correct	1.076	grate	n/a	n/a	n/a	n/a	n/a	n/a	43	1	n/a	n/a	n/a	n/a	n/a	right
6	514.428	0.428	correct	0.428	grate	n/a	n/a	n/a	n/a	n/a	n/a	43	1	n/a	n/a	n/a	n/a	n/a	right
6	515.378	0.016	incorrect	0.016	grate	n/a	n/a	n/a	n/a	n/a	n/a	43	1	n/a	n/a	n/a	n/a	n/a	left
6	515.929	0.536	correct	0.536	grate	n/a	n/a	n/a	n/a	n/a	n/a	43	1	n/a	n/a	n/a	n/a	n/a	right
6	516.977	0.100	incorrect	0.100	grate	n/a	n/a	n/a	n/a	n/a	n/a	43	1	n/a	n/a	n/a	n/a	n/a	left
6	518.010	3.000	remember	0.346	retrieval	restudy	scene	face	object	target	scene	44	1	31	103	255	31	518.0	n/a
6	523.044	0.332	correct	0.332	grate	n/a	n/a	n/a	n/a	n/a	n/a	44	1	n/a	n/a	n/a	n/a	n/a	left
6	523.894	0.347	correct	0.347	grate	n/a	n/a	n/a	n/a	n/a	n/a	44	1	n/a	n/a	n/a	n/a	n/a	left
6	524.760	0.336	correct	0.336	grate	n/a	n/a	n/a	n/a	n/a	n/a	44	1	n/a	n/a	n/a	n/a	n/a	right
6	525.610	0.336	correct	0.336	grate	n/a	n/a	n/a	n/a	n/a	n/a	44	1	n/a	n/a	n/a	n/a	n/a	right
6	526.460	0.332	correct	0.332	grate	n/a	n/a	n/a	n/a	n/a	n/a	44	1	n/a	n/a	n/a	n/a	n/a	right
6	527.310	0.298	correct	0.298	grate	n/a	n/a	n/a	n/a	n/a	n/a	44	1	n/a	n/a	n/a	n/a	n/a	right
6	528.127	0.329	correct	0.329	grate	n/a	n/a	n/a	n/a	n/a	n/a	44	1	n/a	n/a	n/a	n/a	n/a	right
6	528.977	0.100	incorrect	0.100	grate	n/a	n/a	n/a	n/a	n/a	n/a	44	1	n/a	n/a	n/a	n/a	n/a	right
6	530.009	3.000	remember	0.331	retrieval	retprac	object	scene	face	target	object	45	1	122	74	174	226	530.0	n/a
6	535.043	0.341	correct	0.341	grate	n/a	n/a	n/a	n/a	n/a	n/a	45	1	n/a	n/a	n/a	n/a	n/a	left
6	535.893	0.331	incorrect	0.331	grate	n/a	n/a	n/a	n/a	n/a	n/a	45	1	n/a	n/a	n/a	n/a	n/a	left
6	536.743	0.385	correct	0.385	grate	n/a	n/a	n/a	n/a	n/a	n/a	45	1	n/a	n/a	n/a	n/a	n/a	right
6	537.642	0.358	correct	0.358	grate	n/a	n/a	n/a	n/a	n/a	n/a	45	1	n/a	n/a	n/a	n/a	n/a	right
6	538.509	0.315	incorrect	0.315	grate	n/a	n/a	n/a	n/a	n/a	n/a	45	1	n/a	n/a	n/a	n/a	n/a	left
6	539.342	0.490	correct	0.490	grate	n/a	n/a	n/a	n/a	n/a	n/a	45	1	n/a	n/a	n/a	n/a	n/a	left
6	540.342	0.166	incorrect	0.166	grate	n/a	n/a	n/a	n/a	n/a	n/a	45	1	n/a	n/a	n/a	n/a	n/a	left
6	542.008	3.000	remember	0.395	retrieval	retprac	scene	object	face	target	scene	46	1	80	128	280	132	542.0	n/a
6	547.042	0.366	correct	0.366	grate	n/a	n/a	n/a	n/a	n/a	n/a	46	1	n/a	n/a	n/a	n/a	n/a	left
6	547.925	0.371	correct	0.371	grate	n/a	n/a	n/a	n/a	n/a	n/a	46	1	n/a	n/a	n/a	n/a	n/a	right
6	548.809	0.359	correct	0.359	grate	n/a	n/a	n/a	n/a	n/a	n/a	46	1	n/a	n/a	n/a	n/a	n/a	left
6	549.675	0.861	correct	0.861	grate	n/a	n/a	n/a	n/a	n/a	n/a	46	1	n/a	n/a	n/a	n/a	n/a	left
6	551.058	0.382	correct	0.382	grate	n/a	n/a	n/a	n/a	n/a	n/a	46	1	n/a	n/a	n/a	n/a	n/a	right
6	551.958	0.354	correct	0.354	grate	n/a	n/a	n/a	n/a	n/a	n/a	46	1	n/a	n/a	n/a	n/a	n/a	left
6	552.825	0.100	incorrect	0.100	grate	n/a	n/a	n/a	n/a	n/a	n/a	46	1	n/a	n/a	n/a	n/a	n/a	left
6	554.007	3.000	forget	0.373	retrieval	restudy	scene	object	face	other	face	47	1	79	127	279	131	554.0	n/a
6	559.041	0.374	correct	0.374	grate	n/a	n/a	n/a	n/a	n/a	n/a	47	1	n/a	n/a	n/a	n/a	n/a	left
6	559.924	0.356	correct	0.356	grate	n/a	n/a	n/a	n/a	n/a	n/a	47	1	n/a	n/a	n/a	n/a	n/a	left
6	560.791	0.281	correct	0.281	grate	n/a	n/a	n/a	n/a	n/a	n/a	47	1	n/a	n/a	n/a	n/a	n/a	left
6	561.591	0.281	correct	0.281	grate	n/a	n/a	n/a	n/a	n/a	n/a	47	1	n/a	n/a	n/a	n/a	n/a	left
6	562.391	0.273	correct	0.273	grate	n/a	n/a	n/a	n/a	n/a	n/a	47	1	n/a	n/a	n/a	n/a	n/a	left
6	563.174	0.299	incorrect	0.299	grate	n/a	n/a	n/a	n/a	n/a	n/a	47	1	n/a	n/a	n/a	n/a	n/a	right
6	563.991	0.393	correct	0.393	grate	n/a	n/a	n/a	n/a	n/a	n/a	47	1	n/a	n/a	n/a	n/a	n/a	right
6	564.907	0.100	incorrect	0.100	grate	n/a	n/a	n/a	n/a	n/a	n/a	47	1	n/a	n/a	n/a	n/a	n/a	left
6	566.006	3.000	forget	0.317	retrieval	retprac	face	object	scene	competitor	object	48	1	52	4	52	104	566.0	n/a
6	571.040	0.423	correct	0.423	grate	n/a	n/a	n/a	n/a	n/a	n/a	48	1	n/a	n/a	n/a	n/a	n/a	left
6	571.974	0.346	correct	0.346	grate	n/a	n/a	n/a	n/a	n/a	n/a	48	1	n/a	n/a	n/a	n/a	n/a	left
6	572.840	0.439	correct	0.439	grate	n/a	n/a	n/a	n/a	n/a	n/a	48	1	n/a	n/a	n/a	n/a	n/a	right
6	573.790	0.386	correct	0.386	grate	n/a	n/a	n/a	n/a	n/a	n/a	48	1	n/a	n/a	n/a	n/a	n/a	left
6	574.690	0.302	correct	0.302	grate	n/a	n/a	n/a	n/a	n/a	n/a	48	1	n/a	n/a	n/a	n/a	n/a	right
6	575.507	0.277	correct	0.277	grate	n/a	n/a	n/a	n/a	n/a	n/a	48	1	n/a	n/a	n/a	n/a	n/a	left
6	576.306	0.200	incorrect	0.200	grate	n/a	n/a	n/a	n/a	n/a	n/a	48	1	n/a	n/a	n/a	n/a	n/a	left
6	2.022	3.000	don't know	0.311	retrieval	retprac	face	object	scene	don't know	don't know	1	2	64	16	64	116	2.0	n/a
6	7.056	0.409	correct	0.409	grate	n/a	n/a	n/a	n/a	n/a	n/a	1	2	n/a	n/a	n/a	n/a	n/a	left
6	7.972	0.316	correct	0.316	grate	n/a	n/a	n/a	n/a	n/a	n/a	1	2	n/a	n/a	n/a	n/a	n/a	left
6	8.805	0.348	correct	0.348	grate	n/a	n/a	n/a	n/a	n/a	n/a	1	2	n/a	n/a	n/a	n/a	n/a	left
6	9.672	0.401	correct	0.401	grate	n/a	n/a	n/a	n/a	n/a	n/a	1	2	n/a	n/a	n/a	n/a	n/a	right
6	10.589	0.292	correct	0.292	grate	n/a	n/a	n/a	n/a	n/a	n/a	1	2	n/a	n/a	n/a	n/a	n/a	right
6	11.389	1.133	incorrect	1.133	grate	n/a	n/a	n/a	n/a	n/a	n/a	1	2	n/a	n/a	n/a	n/a	n/a	left
6	14.021	3.000	don't know	0.359	retrieval	restudy	scene	face	object	don't know	don't know	2	2	39	111	263	39	14.0	n/a
6	19.055	1.162	correct	1.162	grate	n/a	n/a	n/a	n/a	n/a	n/a	2	2	n/a	n/a	n/a	n/a	n/a	right
6	20.738	0.295	correct	0.295	grate	n/a	n/a	n/a	n/a	n/a	n/a	2	2	n/a	n/a	n/a	n/a	n/a	left
6	21.555	0.351	correct	0.351	grate	n/a	n/a	n/a	n/a	n/a	n/a	2	2	n/a	n/a	n/a	n/a	n/a	left
6	22.421	0.332	correct	0.332	grate	n/a	n/a	n/a	n/a	n/a	n/a	2	2	n/a	n/a	n/a	n/a	n/a	right
6	23.271	0.353	correct	0.353	grate	n/a	n/a	n/a	n/a	n/a	n/a	2	2	n/a	n/a	n/a	n/a	n/a	right
6	24.138	0.352	correct	0.352	grate	n/a	n/a	n/a	n/a	n/a	n/a	2	2	n/a	n/a	n/a	n/a	n/a	right
6	25.004	0.100	incorrect	0.100	grate	n/a	n/a	n/a	n/a	n/a	n/a	2	2	n/a	n/a	n/a	n/a	n/a	left
6	26.020	3.000	forget	0.288	retrieval	restudy	face	scene	object	other	object	3	2	107	35	83	211	26.0	n/a
6	31.054	0.394	correct	0.394	grate	n/a	n/a	n/a	n/a	n/a	n/a	3	2	n/a	n/a	n/a	n/a	n/a	left
6	31.971	0.303	correct	0.303	grate	n/a	n/a	n/a	n/a	n/a	n/a	3	2	n/a	n/a	n/a	n/a	n/a	right
6	32.787	0.413	correct	0.413	grate	n/a	n/a	n/a	n/a	n/a	n/a	3	2	n/a	n/a	n/a	n/a	n/a	left
6	33.720	0.384	correct	0.384	grate	n/a	n/a	n/a	n/a	n/a	n/a	3	2	n/a	n/a	n/a	n/a	n/a	left
6	34.620	0.444	correct	0.444	grate	n/a	n/a	n/a	n/a	n/a	n/a	3	2	n/a	n/a	n/a	n/a	n/a	right
6	35.587	0.902	correct	0.902	grate	n/a	n/a	n/a	n/a	n/a	n/a	3	2	n/a	n/a	n/a	n/a	n/a	left
6	37.004	0.100	incorrect	0.100	grate	n/a	n/a	n/a	n/a	n/a	n/a	3	2	n/a	n/a	n/a	n/a	n/a	right
6	38.019	3.000	remember	0.401	retrieval	retprac	face	scene	object	target	face	4	2	106	34	82	210	38.0	n/a
6	43.053	0.371	correct	0.371	grate	n/a	n/a	n/a	n/a	n/a	n/a	4	2	n/a	n/a	n/a	n/a	n/a	left
6	43.937	0.328	correct	0.328	grate	n/a	n/a	n/a	n/a	n/a	n/a	4	2	n/a	n/a	n/a	n/a	n/a	right
6	44.786	0.374	correct	0.374	grate	n/a	n/a	n/a	n/a	n/a	n/a	4	2	n/a	n/a	n/a	n/a	n/a	left
6	45.670	0.307	correct	0.307	grate	n/a	n/a	n/a	n/a	n/a	n/a	4	2	n/a	n/a	n/a	n/a	n/a	right
6	46.486	0.322	correct	0.322	grate	n/a	n/a	n/a	n/a	n/a	n/a	4	2	n/a	n/a	n/a	n/a	n/a	right
6	47.320	0.289	incorrect	0.289	grate	n/a	n/a	n/a	n/a	n/a	n/a	4	2	n/a	n/a	n/a	n/a	n/a	left
6	48.119	0.321	correct	0.321	grate	n/a	n/a	n/a	n/a	n/a	n/a	4	2	n/a	n/a	n/a	n/a	n/a	right
6	48.953	0.100	incorrect	0.100	grate	n/a	n/a	n/a	n/a	n/a	n/a	4	2	n/a	n/a	n/a	n/a	n/a	left
6	50.018	3.000	remember	0.329	retrieval	retprac	face	scene	object	target	face	5	2	112	40	88	216	50.0	n/a
6	55.052	0.308	correct	0.308	grate	n/a	n/a	n/a	n/a	n/a	n/a	5	2	n/a	n/a	n/a	n/a	n/a	right
6	55.869	0.307	correct	0.307	grate	n/a	n/a	n/a	n/a	n/a	n/a	5	2	n/a	n/a	n/a	n/a	n/a	left
6	56.686	0.403	correct	0.403	grate	n/a	n/a	n/a	n/a	n/a	n/a	5	2	n/a	n/a	n/a	n/a	n/a	left
6	57.602	0.366	correct	0.366	grate	n/a	n/a	n/a	n/a	n/a	n/a	5	2	n/a	n/a	n/a	n/a	n/a	left
6	58.485	1.339	correct	1.339	grate	n/a	n/a	n/a	n/a	n/a	n/a	5	2	n/a	n/a	n/a	n/a	n/a	left
6	60.335	0.183	incorrect	0.183	grate	n/a	n/a	n/a	n/a	n/a	n/a	5	2	n/a	n/a	n/a	n/a	n/a	right
6	62.018	3.000	forget	0.682	retrieval	restudy	face	scene	object	competitor	scene	6	2	105	33	81	209	62.0	n/a
6	67.052	0.372	correct	0.372	grate	n/a	n/a	n/a	n/a	n/a	n/a	6	2	n/a	n/a	n/a	n/a	n/a	right
6	67.935	0.449	correct	0.449	grate	n/a	n/a	n/a	n/a	n/a	n/a	6	2	n/a	n/a	n/a	n/a	n/a	right
6	68.901	0.307	correct	0.307	grate	n/a	n/a	n/a	n/a	n/a	n/a	6	2	n/a	n/a	n/a	n/a	n/a	right
6	69.718	0.338	correct	0.338	grate	n/a	n/a	n/a	n/a	n/a	n/a	6	2	n/a	n/a	n/a	n/a	n/a	right
6	70.568	0.328	correct	0.328	grate	n/a	n/a	n/a	n/a	n/a	n/a	6	2	n/a	n/a	n/a	n/a	n/a	right
6	71.418	0.358	correct	0.358	grate	n/a	n/a	n/a	n/a	n/a	n/a	6	2	n/a	n/a	n/a	n/a	n/a	right
6	72.284	0.233	incorrect	0.233	grate	n/a	n/a	n/a	n/a	n/a	n/a	6	2	n/a	n/a	n/a	n/a	n/a	right
6	74.017	3.000	forget	0.371	retrieval	retprac	object	face	scene	competitor	face	7	2	12	60	160	12	74.0	n/a
6	79.051	0.501	correct	0.501	grate	n/a	n/a	n/a	n/a	n/a	n/a	7	2	n/a	n/a	n/a	n/a	n/a	left
6	80.067	0.341	incorrect	0.341	grate	n/a	n/a	n/a	n/a	n/a	n/a	7	2	n/a	n/a	n/a	n/a	n/a	left
6	80.917	0.379	correct	0.379	grate	n/a	n/a	n/a	n/a	n/a	n/a	7	2	n/a	n/a	n/a	n/a	n/a	right
6	81.817	0.367	correct	0.367	grate	n/a	n/a	n/a	n/a	n/a	n/a	7	2	n/a	n/a	n/a	n/a	n/a	right
6	82.700	0.324	correct	0.324	grate	n/a	n/a	n/a	n/a	n/a	n/a	7	2	n/a	n/a	n/a	n/a	n/a	right
6	83.534	0.331	correct	0.331	grate	n/a	n/a	n/a	n/a	n/a	n/a	7	2	n/a	n/a	n/a	n/a	n/a	right
6	84.384	0.133	incorrect	0.133	grate	n/a	n/a	n/a	n/a	n/a	n/a	7	2	n/a	n/a	n/a	n/a	n/a	left
6	86.016	3.000	forget	0.300	retrieval	retprac	face	object	scene	competitor	object	8	2	62	14	62	114	86.0	n/a
6	91.050	0.366	correct	0.366	grate	n/a	n/a	n/a	n/a	n/a	n/a	8	2	n/a	n/a	n/a	n/a	n/a	right
6	91.933	0.347	correct	0.347	grate	n/a	n/a	n/a	n/a	n/a	n/a	8	2	n/a	n/a	n/a	n/a	n/a	right
6	92.800	1.040	correct	1.040	grate	n/a	n/a	n/a	n/a	n/a	n/a	8	2	n/a	n/a	n/a	n/a	n/a	left
6	94.350	0.386	correct	0.386	grate	n/a	n/a	n/a	n/a	n/a	n/a	8	2	n/a	n/a	n/a	n/a	n/a	left
6	95.250	0.464	correct	0.464	grate	n/a	n/a	n/a	n/a	n/a	n/a	8	2	n/a	n/a	n/a	n/a	n/a	right
6	96.233	0.283	incorrect	0.283	grate	n/a	n/a	n/a	n/a	n/a	n/a	8	2	n/a	n/a	n/a	n/a	n/a	right
6	98.015	3.000	forget	0.301	retrieval	retprac	scene	object	face	competitor	object	9	2	88	136	288	140	98.0	n/a
6	103.049	0.375	correct	0.375	grate	n/a	n/a	n/a	n/a	n/a	n/a	9	2	n/a	n/a	n/a	n/a	n/a	right
6	103.932	0.309	incorrect	0.309	grate	n/a	n/a	n/a	n/a	n/a	n/a	9	2	n/a	n/a	n/a	n/a	n/a	left
6	104.749	0.291	correct	0.291	grate	n/a	n/a	n/a	n/a	n/a	n/a	9	2	n/a	n/a	n/a	n/a	n/a	right
6	105.549	0.372	correct	0.372	grate	n/a	n/a	n/a	n/a	n/a	n/a	9	2	n/a	n/a	n/a	n/a	n/a	right
6	106.432	0.400	correct	0.400	grate	n/a	n/a	n/a	n/a	n/a	n/a	9	2	n/a	n/a	n/a	n/a	n/a	left
6	107.349	0.451	correct	0.451	grate	n/a	n/a	n/a	n/a	n/a	n/a	9	2	n/a	n/a	n/a	n/a	n/a	left
6	108.315	0.200	incorrect	0.200	grate	n/a	n/a	n/a	n/a	n/a	n/a	9	2	n/a	n/a	n/a	n/a	n/a	right
6	110.014	3.000	forget	0.286	retrieval	restudy	scene	object	face	other	face	10	2	87	135	287	139	110.0	n/a
6	115.048	0.367	correct	0.367	grate	n/a	n/a	n/a	n/a	n/a	n/a	10	2	n/a	n/a	n/a	n/a	n/a	left
6	115.932	0.293	correct	0.293	grate	n/a	n/a	n/a	n/a	n/a	n/a	10	2	n/a	n/a	n/a	n/a	n/a	right
6	116.748	0.412	correct	0.412	grate	n/a	n/a	n/a	n/a	n/a	n/a	10	2	n/a	n/a	n/a	n/a	n/a	right
6	117.681	0.416	correct	0.416	grate	n/a	n/a	n/a	n/a	n/a	n/a	10	2	n/a	n/a	n/a	n/a	n/a	left
6	118.615	0.353	correct	0.353	grate	n/a	n/a	n/a	n/a	n/a	n/a	10	2	n/a	n/a	n/a	n/a	n/a	left
6	119.481	0.352	correct	0.352	grate	n/a	n/a	n/a	n/a	n/a	n/a	10	2	n/a	n/a	n/a	n/a	n/a	right
6	120.348	0.166	incorrect	0.166	grate	n/a	n/a	n/a	n/a	n/a	n/a	10	2	n/a	n/a	n/a	n/a	n/a	right
6	122.013	3.000	forget	0.302	retrieval	restudy	face	scene	object	other	object	11	2	111	39	87	215	122.0	n/a
6	127.047	0.352	correct	0.352	grate	n/a	n/a	n/a	n/a	n/a	n/a	11	2	n/a	n/a	n/a	n/a	n/a	left
6	127.914	0.303	incorrect	0.303	grate	n/a	n/a	n/a	n/a	n/a	n/a	11	2	n/a	n/a	n/a	n/a	n/a	right
6	128.731	0.357	correct	0.357	grate	n/a	n/a	n/a	n/a	n/a	n/a	11	2	n/a	n/a	n/a	n/a	n/a	left
6	129.597	0.490	correct	0.490	grate	n/a	n/a	n/a	n/a	n/a	n/a	11	2	n/a	n/a	n/a	n/a	n/a	left
6	130.597	0.282	correct	0.282	grate	n/a	n/a	n/a	n/a	n/a	n/a	11	2	n/a	n/a	n/a	n/a	n/a	right
6	131.397	0.386	correct	0.386	grate	n/a	n/a	n/a	n/a	n/a	n/a	11	2	n/a	n/a	n/a	n/a	n/a	right
6	132.297	0.216	incorrect	0.216	grate	n/a	n/a	n/a	n/a	n/a	n/a	11	2	n/a	n/a	n/a	n/a	n/a	left
6	134.013	3.000	forget	0.408	retrieval	retprac	object	scene	face	other	face	12	2	136	88	188	240	134.0	n/a
6	139.047	0.353	correct	0.353	grate	n/a	n/a	n/a	n/a	n/a	n/a	12	2	n/a	n/a	n/a	n/a	n/a	right
6	139.913	0.344	correct	0.344	grate	n/a	n/a	n/a	n/a	n/a	n/a	12	2	n/a	n/a	n/a	n/a	n/a	right
6	140.780	0.316	incorrect	0.316	grate	n/a	n/a	n/a	n/a	n/a	n/a	12	2	n/a	n/a	n/a	n/a	n/a	left
6	141.613	0.443	correct	0.443	grate	n/a	n/a	n/a	n/a	n/a	n/a	12	2	n/a	n/a	n/a	n/a	n/a	left
6	142.563	0.349	correct	0.349	grate	n/a	n/a	n/a	n/a	n/a	n/a	12	2	n/a	n/a	n/a	n/a	n/a	left
6	143.430	0.378	correct	0.378	grate	n/a	n/a	n/a	n/a	n/a	n/a	12	2	n/a	n/a	n/a	n/a	n/a	left
6	144.329	0.183	incorrect	0.183	grate	n/a	n/a	n/a	n/a	n/a	n/a	12	2	n/a	n/a	n/a	n/a	n/a	right
6	146.012	3.000	don't know	0.367	retrieval	restudy	object	scene	face	don't know	don't know	13	2	131	83	183	235	146.0	n/a
6	151.046	0.490	correct	0.490	grate	n/a	n/a	n/a	n/a	n/a	n/a	13	2	n/a	n/a	n/a	n/a	n/a	left
6	152.045	0.363	correct	0.363	grate	n/a	n/a	n/a	n/a	n/a	n/a	13	2	n/a	n/a	n/a	n/a	n/a	right
6	152.929	0.407	correct	0.407	grate	n/a	n/a	n/a	n/a	n/a	n/a	13	2	n/a	n/a	n/a	n/a	n/a	left
6	153.845	0.282	correct	0.282	grate	n/a	n/a	n/a	n/a	n/a	n/a	13	2	n/a	n/a	n/a	n/a	n/a	right
6	154.645	0.371	correct	0.371	grate	n/a	n/a	n/a	n/a	n/a	n/a	13	2	n/a	n/a	n/a	n/a	n/a	right
6	155.529	0.399	correct	0.399	grate	n/a	n/a	n/a	n/a	n/a	n/a	13	2	n/a	n/a	n/a	n/a	n/a	right
6	156.445	0.067	incorrect	0.067	grate	n/a	n/a	n/a	n/a	n/a	n/a	13	2	n/a	n/a	n/a	n/a	n/a	right
6	158.011	3.000	forget	0.280	retrieval	restudy	scene	face	object	competitor	face	14	2	37	109	261	37	158.0	n/a
6	163.045	0.467	correct	0.467	grate	n/a	n/a	n/a	n/a	n/a	n/a	14	2	n/a	n/a	n/a	n/a	n/a	left
6	164.028	0.395	correct	0.395	grate	n/a	n/a	n/a	n/a	n/a	n/a	14	2	n/a	n/a	n/a	n/a	n/a	left
6	164.945	0.295	correct	0.295	grate	n/a	n/a	n/a	n/a	n/a	n/a	14	2	n/a	n/a	n/a	n/a	n/a	left
6	165.761	0.294	incorrect	0.294	grate	n/a	n/a	n/a	n/a	n/a	n/a	14	2	n/a	n/a	n/a	n/a	n/a	right
6	166.578	0.373	correct	0.373	grate	n/a	n/a	n/a	n/a	n/a	n/a	14	2	n/a	n/a	n/a	n/a	n/a	right
6	167.461	0.362	incorrect	0.362	grate	n/a	n/a	n/a	n/a	n/a	n/a	14	2	n/a	n/a	n/a	n/a	n/a	left
6	168.344	0.166	incorrect	0.166	grate	n/a	n/a	n/a	n/a	n/a	n/a	14	2	n/a	n/a	n/a	n/a	n/a	right
6	170.010	3.000	remember	0.321	retrieval	retprac	object	scene	face	target	object	15	2	130	82	182	234	170.0	n/a
6	175.044	0.467	correct	0.467	grate	n/a	n/a	n/a	n/a	n/a	n/a	15	2	n/a	n/a	n/a	n/a	n/a	left
6	176.027	0.308	correct	0.308	grate	n/a	n/a	n/a	n/a	n/a	n/a	15	2	n/a	n/a	n/a	n/a	n/a	right
6	176.844	0.363	correct	0.363	grate	n/a	n/a	n/a	n/a	n/a	n/a	15	2	n/a	n/a	n/a	n/a	n/a	right
6	177.727	0.505	correct	0.505	grate	n/a	n/a	n/a	n/a	n/a	n/a	15	2	n/a	n/a	n/a	n/a	n/a	left
6	178.744	0.991	correct	0.991	grate	n/a	n/a	n/a	n/a	n/a	n/a	15	2	n/a	n/a	n/a	n/a	n/a	right
6	180.244	0.266	incorrect	0.266	grate	n/a	n/a	n/a	n/a	n/a	n/a	15	2	n/a	n/a	n/a	n/a	n/a	left
6	182.009	3.000	forget	0.394	retrieval	restudy	object	face	scene	competitor	face	16	2	13	61	161	13	182.0	n/a
6	187.043	0.372	correct	0.372	grate	n/a	n/a	n/a	n/a	n/a	n/a	16	2	n/a	n/a	n/a	n/a	n/a	left
6	187.926	0.392	correct	0.392	grate	n/a	n/a	n/a	n/a	n/a	n/a	16	2	n/a	n/a	n/a	n/a	n/a	left
6	188.843	0.364	correct	0.364	grate	n/a	n/a	n/a	n/a	n/a	n/a	16	2	n/a	n/a	n/a	n/a	n/a	left
6	189.726	0.377	correct	0.377	grate	n/a	n/a	n/a	n/a	n/a	n/a	16	2	n/a	n/a	n/a	n/a	n/a	right
6	190.626	0.389	correct	0.389	grate	n/a	n/a	n/a	n/a	n/a	n/a	16	2	n/a	n/a	n/a	n/a	n/a	right
6	191.526	0.289	correct	0.289	grate	n/a	n/a	n/a	n/a	n/a	n/a	16	2	n/a	n/a	n/a	n/a	n/a	left
6	192.326	0.183	incorrect	0.183	grate	n/a	n/a	n/a	n/a	n/a	n/a	16	2	n/a	n/a	n/a	n/a	n/a	left
6	194.008	3.000	forget	0.322	retrieval	retprac	scene	face	object	competitor	face	17	2	40	112	264	40	194.0	n/a
6	199.042	0.332	correct	0.332	grate	n/a	n/a	n/a	n/a	n/a	n/a	17	2	n/a	n/a	n/a	n/a	n/a	right
6	199.892	0.346	correct	0.346	grate	n/a	n/a	n/a	n/a	n/a	n/a	17	2	n/a	n/a	n/a	n/a	n/a	left
6	200.759	0.320	correct	0.320	grate	n/a	n/a	n/a	n/a	n/a	n/a	17	2	n/a	n/a	n/a	n/a	n/a	right
6	201.592	0.287	correct	0.287	grate	n/a	n/a	n/a	n/a	n/a	n/a	17	2	n/a	n/a	n/a	n/a	n/a	left
6	202.392	0.303	correct	0.303	grate	n/a	n/a	n/a	n/a	n/a	n/a	17	2	n/a	n/a	n/a	n/a	n/a	right
6	203.209	0.382	correct	0.382	grate	n/a	n/a	n/a	n/a	n/a	n/a	17	2	n/a	n/a	n/a	n/a	n/a	right
6	204.109	0.346	correct	0.346	grate	n/a	n/a	n/a	n/a	n/a	n/a	17	2	n/a	n/a	n/a	n/a	n/a	right
6	204.975	0.100	incorrect	0.100	grate	n/a	n/a	n/a	n/a	n/a	n/a	17	2	n/a	n/a	n/a	n/a	n/a	left
6	206.008	3.000	don't know	0.284	retrieval	restudy	object	face	scene	don't know	don't know	18	2	15	63	163	15	206.0	n/a
6	211.042	0.357	correct	0.357	grate	n/a	n/a	n/a	n/a	n/a	n/a	18	2	n/a	n/a	n/a	n/a	n/a	right
6	211.908	0.355	correct	0.355	grate	n/a	n/a	n/a	n/a	n/a	n/a	18	2	n/a	n/a	n/a	n/a	n/a	left
6	212.775	0.017	correct	0.017	grate	n/a	n/a	n/a	n/a	n/a	n/a	18	2	n/a	n/a	n/a	n/a	n/a	left
6	213.326	0.354	correct	0.354	grate	n/a	n/a	n/a	n/a	n/a	n/a	18	2	n/a	n/a	n/a	n/a	n/a	right
6	214.191	0.368	correct	0.368	grate	n/a	n/a	n/a	n/a	n/a	n/a	18	2	n/a	n/a	n/a	n/a	n/a	right
6	215.075	0.508	correct	0.508	grate	n/a	n/a	n/a	n/a	n/a	n/a	18	2	n/a	n/a	n/a	n/a	n/a	left
6	216.091	0.349	correct	0.349	grate	n/a	n/a	n/a	n/a	n/a	n/a	18	2	n/a	n/a	n/a	n/a	n/a	right
6	216.958	0.100	incorrect	0.100	grate	n/a	n/a	n/a	n/a	n/a	n/a	18	2	n/a	n/a	n/a	n/a	n/a	left
6	218.007	3.000	forget	0.308	retrieval	retprac	object	scene	face	competitor	scene	19	2	134	86	186	238	218.0	n/a
6	223.041	0.318	correct	0.318	grate	n/a	n/a	n/a	n/a	n/a	n/a	19	2	n/a	n/a	n/a	n/a	n/a	left
6	223.874	0.581	correct	0.581	grate	n/a	n/a	n/a	n/a	n/a	n/a	19	2	n/a	n/a	n/a	n/a	n/a	left
6	224.974	0.826	correct	0.826	grate	n/a	n/a	n/a	n/a	n/a	n/a	19	2	n/a	n/a	n/a	n/a	n/a	right
6	226.324	0.395	correct	0.395	grate	n/a	n/a	n/a	n/a	n/a	n/a	19	2	n/a	n/a	n/a	n/a	n/a	left
6	227.240	0.527	correct	0.527	grate	n/a	n/a	n/a	n/a	n/a	n/a	19	2	n/a	n/a	n/a	n/a	n/a	left
6	228.290	0.217	incorrect	0.217	grate	n/a	n/a	n/a	n/a	n/a	n/a	19	2	n/a	n/a	n/a	n/a	n/a	right
6	230.006	3.000	remember	0.308	retrieval	restudy	face	object	scene	target	face	20	2	59	11	59	111	230.0	n/a
6	235.040	0.391	correct	0.391	grate	n/a	n/a	n/a	n/a	n/a	n/a	20	2	n/a	n/a	n/a	n/a	n/a	right
6	235.940	0.387	correct	0.387	grate	n/a	n/a	n/a	n/a	n/a	n/a	20	2	n/a	n/a	n/a	n/a	n/a	right
6	236.840	0.367	correct	0.367	grate	n/a	n/a	n/a	n/a	n/a	n/a	20	2	n/a	n/a	n/a	n/a	n/a	right
6	237.723	0.356	correct	0.356	grate	n/a	n/a	n/a	n/a	n/a	n/a	20	2	n/a	n/a	n/a	n/a	n/a	right
6	238.589	0.370	correct	0.370	grate	n/a	n/a	n/a	n/a	n/a	n/a	20	2	n/a	n/a	n/a	n/a	n/a	left
6	239.473	0.310	correct	0.310	grate	n/a	n/a	n/a	n/a	n/a	n/a	20	2	n/a	n/a	n/a	n/a	n/a	right
6	240.289	0.217	incorrect	0.217	grate	n/a	n/a	n/a	n/a	n/a	n/a	20	2	n/a	n/a	n/a	n/a	n/a	left
6	242.022	3.000	forget	0.540	retrieval	restudy	face	object	scene	competitor	object	21	2	63	15	63	115	242.0	n/a
6	247.056	1.247	correct	1.247	grate	n/a	n/a	n/a	n/a	n/a	n/a	21	2	n/a	n/a	n/a	n/a	n/a	left
6	248.822	0.225	correct	0.225	grate	n/a	n/a	n/a	n/a	n/a	n/a	21	2	n/a	n/a	n/a	n/a	n/a	right
6	249.555	0.532	correct	0.532	grate	n/a	n/a	n/a	n/a	n/a	n/a	21	2	n/a	n/a	n/a	n/a	n/a	right
6	250.605	0.417	incorrect	0.417	grate	n/a	n/a	n/a	n/a	n/a	n/a	21	2	n/a	n/a	n/a	n/a	n/a	left
6	251.539	0.516	correct	0.516	grate	n/a	n/a	n/a	n/a	n/a	n/a	21	2	n/a	n/a	n/a	n/a	n/a	right
6	252.572	0.100	incorrect	0.100	grate	n/a	n/a	n/a	n/a	n/a	n/a	21	2	n/a	n/a	n/a	n/a	n/a	left
6	254.021	3.000	remember	0.333	retrieval	restudy	scene	face	object	target	scene	22	2	33	105	257	33	254.0	n/a
6	259.055	0.359	correct	0.359	grate	n/a	n/a	n/a	n/a	n/a	n/a	22	2	n/a	n/a	n/a	n/a	n/a	right
6	259.938	0.333	correct	0.333	grate	n/a	n/a	n/a	n/a	n/a	n/a	22	2	n/a	n/a	n/a	n/a	n/a	right
6	260.788	0.410	correct	0.410	grate	n/a	n/a	n/a	n/a	n/a	n/a	22	2	n/a	n/a	n/a	n/a	n/a	left
6	261.721	0.469	correct	0.469	grate	n/a	n/a	n/a	n/a	n/a	n/a	22	2	n/a	n/a	n/a	n/a	n/a	right
6	262.705	0.294	correct	0.294	grate	n/a	n/a	n/a	n/a	n/a	n/a	22	2	n/a	n/a	n/a	n/a	n/a	left
6	263.521	0.375	correct	0.375	grate	n/a	n/a	n/a	n/a	n/a	n/a	22	2	n/a	n/a	n/a	n/a	n/a	left
6	264.404	0.116	incorrect	0.116	grate	n/a	n/a	n/a	n/a	n/a	n/a	22	2	n/a	n/a	n/a	n/a	n/a	left
6	266.020	3.000	forget	0.374	retrieval	retprac	scene	object	face	competitor	object	23	2	82	130	282	134	266.0	n/a
6	271.054	0.456	correct	0.456	grate	n/a	n/a	n/a	n/a	n/a	n/a	23	2	n/a	n/a	n/a	n/a	n/a	right
6	272.021	0.434	correct	0.434	grate	n/a	n/a	n/a	n/a	n/a	n/a	23	2	n/a	n/a	n/a	n/a	n/a	left
6	272.971	0.364	correct	0.364	grate	n/a	n/a	n/a	n/a	n/a	n/a	23	2	n/a	n/a	n/a	n/a	n/a	left
6	273.854	0.376	correct	0.376	grate	n/a	n/a	n/a	n/a	n/a	n/a	23	2	n/a	n/a	n/a	n/a	n/a	right
6	274.737	0.366	correct	0.366	grate	n/a	n/a	n/a	n/a	n/a	n/a	23	2	n/a	n/a	n/a	n/a	n/a	right
6	275.620	0.370	correct	0.370	grate	n/a	n/a	n/a	n/a	n/a	n/a	23	2	n/a	n/a	n/a	n/a	n/a	right
6	276.503	0.017	incorrect	0.017	grate	n/a	n/a	n/a	n/a	n/a	n/a	23	2	n/a	n/a	n/a	n/a	n/a	left
6	278.019	3.000	forget	0.287	retrieval	retprac	scene	face	object	competitor	face	24	2	38	110	262	38	278.0	n/a
6	283.053	0.321	correct	0.321	grate	n/a	n/a	n/a	n/a	n/a	n/a	24	2	n/a	n/a	n/a	n/a	n/a	right
6	283.886	0.352	correct	0.352	grate	n/a	n/a	n/a	n/a	n/a	n/a	24	2	n/a	n/a	n/a	n/a	n/a	right
6	284.753	0.365	correct	0.365	grate	n/a	n/a	n/a	n/a	n/a	n/a	24	2	n/a	n/a	n/a	n/a	n/a	right
6	285.636	0.354	correct	0.354	grate	n/a	n/a	n/a	n/a	n/a	n/a	24	2	n/a	n/a	n/a	n/a	n/a	right
6	286.503	0.455	correct	0.455	grate	n/a	n/a	n/a	n/a	n/a	n/a	24	2	n/a	n/a	n/a	n/a	n/a	left
6	287.469	0.305	correct	0.305	grate	n/a	n/a	n/a	n/a	n/a	n/a	24	2	n/a	n/a	n/a	n/a	n/a	right
6	288.303	0.216	incorrect	0.216	grate	n/a	n/a	n/a	n/a	n/a	n/a	24	2	n/a	n/a	n/a	n/a	n/a	left
6	290.018	3.000	don't know	0.319	retrieval	restudy	object	scene	face	don't know	don't know	25	2	133	85	185	237	290.0	n/a
6	295.052	0.601	correct	0.601	grate	n/a	n/a	n/a	n/a	n/a	n/a	25	2	n/a	n/a	n/a	n/a	n/a	left
6	296.169	2.486	correct	2.486	grate	n/a	n/a	n/a	n/a	n/a	n/a	25	2	n/a	n/a	n/a	n/a	n/a	left
6	299.169	0.429	correct	0.429	grate	n/a	n/a	n/a	n/a	n/a	n/a	25	2	n/a	n/a	n/a	n/a	n/a	left
6	300.118	0.400	incorrect	0.400	grate	n/a	n/a	n/a	n/a	n/a	n/a	25	2	n/a	n/a	n/a	n/a	n/a	left
6	302.018	3.000	remember	0.488	retrieval	restudy	object	scene	face	target	object	26	2	135	87	187	239	302.0	n/a
6	307.052	0.299	correct	0.299	grate	n/a	n/a	n/a	n/a	n/a	n/a	26	2	n/a	n/a	n/a	n/a	n/a	right
6	307.868	0.330	correct	0.330	grate	n/a	n/a	n/a	n/a	n/a	n/a	26	2	n/a	n/a	n/a	n/a	n/a	right
6	308.718	0.320	correct	0.320	grate	n/a	n/a	n/a	n/a	n/a	n/a	26	2	n/a	n/a	n/a	n/a	n/a	right
6	309.551	0.327	correct	0.327	grate	n/a	n/a	n/a	n/a	n/a	n/a	26	2	n/a	n/a	n/a	n/a	n/a	right
6	310.401	0.453	correct	0.453	grate	n/a	n/a	n/a	n/a	n/a	n/a	26	2	n/a	n/a	n/a	n/a	n/a	left
6	311.368	0.318	correct	0.318	grate	n/a	n/a	n/a	n/a	n/a	n/a	26	2	n/a	n/a	n/a	n/a	n/a	right
6	312.201	0.317	incorrect	0.317	grate	n/a	n/a	n/a	n/a	n/a	n/a	26	2	n/a	n/a	n/a	n/a	n/a	right
6	314.017	3.000	forget	0.305	retrieval	retprac	object	scene	face	competitor	scene	27	2	132	84	184	236	314.0	n/a
6	319.051	0.371	correct	0.371	grate	n/a	n/a	n/a	n/a	n/a	n/a	27	2	n/a	n/a	n/a	n/a	n/a	right
6	319.934	0.360	correct	0.360	grate	n/a	n/a	n/a	n/a	n/a	n/a	27	2	n/a	n/a	n/a	n/a	n/a	right
6	320.817	0.564	correct	0.564	grate	n/a	n/a	n/a	n/a	n/a	n/a	27	2	n/a	n/a	n/a	n/a	n/a	left
6	321.900	0.361	correct	0.361	grate	n/a	n/a	n/a	n/a	n/a	n/a	27	2	n/a	n/a	n/a	n/a	n/a	right
6	322.784	0.422	correct	0.422	grate	n/a	n/a	n/a	n/a	n/a	n/a	27	2	n/a	n/a	n/a	n/a	n/a	right
6	323.717	0.353	correct	0.353	grate	n/a	n/a	n/a	n/a	n/a	n/a	27	2	n/a	n/a	n/a	n/a	n/a	right
6	324.584	0.100	incorrect	0.100	grate	n/a	n/a	n/a	n/a	n/a	n/a	27	2	n/a	n/a	n/a	n/a	n/a	right
6	326.016	3.000	don't know	0.545	retrieval	retprac	face	object	scene	don't know	don't know	28	2	60	12	60	112	326.0	n/a
6	331.050	0.572	correct	0.572	grate	n/a	n/a	n/a	n/a	n/a	n/a	28	2	n/a	n/a	n/a	n/a	n/a	left
6	332.133	0.306	correct	0.306	grate	n/a	n/a	n/a	n/a	n/a	n/a	28	2	n/a	n/a	n/a	n/a	n/a	right
6	332.950	0.392	correct	0.392	grate	n/a	n/a	n/a	n/a	n/a	n/a	28	2	n/a	n/a	n/a	n/a	n/a	left
6	333.850	0.292	correct	0.292	grate	n/a	n/a	n/a	n/a	n/a	n/a	28	2	n/a	n/a	n/a	n/a	n/a	right
6	334.649	0.436	correct	0.436	grate	n/a	n/a	n/a	n/a	n/a	n/a	28	2	n/a	n/a	n/a	n/a	n/a	right
6	335.599	0.310	correct	0.310	grate	n/a	n/a	n/a	n/a	n/a	n/a	28	2	n/a	n/a	n/a	n/a	n/a	left
6	336.433	0.083	incorrect	0.083	grate	n/a	n/a	n/a	n/a	n/a	n/a	28	2	n/a	n/a	n/a	n/a	n/a	right
6	338.015	3.000	remember	0.298	retrieval	retprac	object	face	scene	target	object	29	2	16	64	164	16	338.0	n/a
6	343.049	0.372	correct	0.372	grate	n/a	n/a	n/a	n/a	n/a	n/a	29	2	n/a	n/a	n/a	n/a	n/a	left
6	343.932	0.346	correct	0.346	grate	n/a	n/a	n/a	n/a	n/a	n/a	29	2	n/a	n/a	n/a	n/a	n/a	right
6	344.799	0.335	correct	0.335	grate	n/a	n/a	n/a	n/a	n/a	n/a	29	2	n/a	n/a	n/a	n/a	n/a	left
6	345.649	0.261	correct	0.261	grate	n/a	n/a	n/a	n/a	n/a	n/a	29	2	n/a	n/a	n/a	n/a	n/a	right
6	346.432	0.294	correct	0.294	grate	n/a	n/a	n/a	n/a	n/a	n/a	29	2	n/a	n/a	n/a	n/a	n/a	left
6	347.249	0.293	correct	0.293	grate	n/a	n/a	n/a	n/a	n/a	n/a	29	2	n/a	n/a	n/a	n/a	n/a	right
6	348.049	0.341	correct	0.341	grate	n/a	n/a	n/a	n/a	n/a	n/a	29	2	n/a	n/a	n/a	n/a	n/a	right
6	348.899	0.100	incorrect	0.100	grate	n/a	n/a	n/a	n/a	n/a	n/a	29	2	n/a	n/a	n/a	n/a	n/a	left
6	350.014	3.000	remember	0.283	retrieval	restudy	face	object	scene	target	face	30	2	57	9	57	109	350.0	n/a
6	355.048	0.397	correct	0.397	grate	n/a	n/a	n/a	n/a	n/a	n/a	30	2	n/a	n/a	n/a	n/a	n/a	left
6	355.965	0.249	correct	0.249	grate	n/a	n/a	n/a	n/a	n/a	n/a	30	2	n/a	n/a	n/a	n/a	n/a	right
6	356.731	0.362	correct	0.362	grate	n/a	n/a	n/a	n/a	n/a	n/a	30	2	n/a	n/a	n/a	n/a	n/a	right
6	357.615	0.295	correct	0.295	grate	n/a	n/a	n/a	n/a	n/a	n/a	30	2	n/a	n/a	n/a	n/a	n/a	right
6	358.431	0.294	correct	0.294	grate	n/a	n/a	n/a	n/a	n/a	n/a	30	2	n/a	n/a	n/a	n/a	n/a	right
6	359.248	0.326	correct	0.326	grate	n/a	n/a	n/a	n/a	n/a	n/a	30	2	n/a	n/a	n/a	n/a	n/a	left
6	360.081	0.309	correct	0.309	grate	n/a	n/a	n/a	n/a	n/a	n/a	30	2	n/a	n/a	n/a	n/a	n/a	right
6	360.898	0.100	incorrect	0.100	grate	n/a	n/a	n/a	n/a	n/a	n/a	30	2	n/a	n/a	n/a	n/a	n/a	left
6	362.013	3.000	remember	0.340	retrieval	retprac	face	object	scene	target	face	31	2	58	10	58	110	362.0	n/a
6	367.047	0.414	correct	0.414	grate	n/a	n/a	n/a	n/a	n/a	n/a	31	2	n/a	n/a	n/a	n/a	n/a	left
6	367.981	0.714	correct	0.714	grate	n/a	n/a	n/a	n/a	n/a	n/a	31	2	n/a	n/a	n/a	n/a	n/a	left
6	369.214	0.408	correct	0.408	grate	n/a	n/a	n/a	n/a	n/a	n/a	31	2	n/a	n/a	n/a	n/a	n/a	right
6	370.130	0.315	correct	0.315	grate	n/a	n/a	n/a	n/a	n/a	n/a	31	2	n/a	n/a	n/a	n/a	n/a	right
6	370.963	0.547	correct	0.547	grate	n/a	n/a	n/a	n/a	n/a	n/a	31	2	n/a	n/a	n/a	n/a	n/a	left
6	372.030	0.383	correct	0.383	grate	n/a	n/a	n/a	n/a	n/a	n/a	31	2	n/a	n/a	n/a	n/a	n/a	left
6	372.930	0.100	incorrect	0.100	grate	n/a	n/a	n/a	n/a	n/a	n/a	31	2	n/a	n/a	n/a	n/a	n/a	right
6	374.012	3.000	forget	0.325	retrieval	restudy	scene	object	face	competitor	object	32	2	81	129	281	133	374.0	n/a
6	379.047	0.334	correct	0.334	grate	n/a	n/a	n/a	n/a	n/a	n/a	32	2	n/a	n/a	n/a	n/a	n/a	left
6	379.896	0.309	correct	0.309	grate	n/a	n/a	n/a	n/a	n/a	n/a	32	2	n/a	n/a	n/a	n/a	n/a	left
6	380.713	0.372	correct	0.372	grate	n/a	n/a	n/a	n/a	n/a	n/a	32	2	n/a	n/a	n/a	n/a	n/a	right
6	381.596	0.369	correct	0.369	grate	n/a	n/a	n/a	n/a	n/a	n/a	32	2	n/a	n/a	n/a	n/a	n/a	left
6	382.482	0.323	correct	0.323	grate	n/a	n/a	n/a	n/a	n/a	n/a	32	2	n/a	n/a	n/a	n/a	n/a	left
6	383.313	0.397	correct	0.397	grate	n/a	n/a	n/a	n/a	n/a	n/a	32	2	n/a	n/a	n/a	n/a	n/a	right
6	384.229	0.283	incorrect	0.283	grate	n/a	n/a	n/a	n/a	n/a	n/a	32	2	n/a	n/a	n/a	n/a	n/a	right
6	386.012	3.000	don't know	0.381	retrieval	restudy	object	face	scene	don't know	don't know	33	2	11	59	159	11	386.0	n/a
6	391.046	0.568	correct	0.568	grate	n/a	n/a	n/a	n/a	n/a	n/a	33	2	n/a	n/a	n/a	n/a	n/a	left
6	392.129	0.364	correct	0.364	grate	n/a	n/a	n/a	n/a	n/a	n/a	33	2	n/a	n/a	n/a	n/a	n/a	right
6	393.012	0.297	correct	0.297	grate	n/a	n/a	n/a	n/a	n/a	n/a	33	2	n/a	n/a	n/a	n/a	n/a	right
6	393.829	0.392	correct	0.392	grate	n/a	n/a	n/a	n/a	n/a	n/a	33	2	n/a	n/a	n/a	n/a	n/a	left
6	394.745	0.340	correct	0.340	grate	n/a	n/a	n/a	n/a	n/a	n/a	33	2	n/a	n/a	n/a	n/a	n/a	left
6	395.595	0.378	correct	0.378	grate	n/a	n/a	n/a	n/a	n/a	n/a	33	2	n/a	n/a	n/a	n/a	n/a	left
6	396.495	0.016	incorrect	0.016	grate	n/a	n/a	n/a	n/a	n/a	n/a	33	2	n/a	n/a	n/a	n/a	n/a	right
6	398.011	3.000	remember	0.398	retrieval	retprac	face	scene	object	target	face	34	2	110	38	86	214	398.0	n/a
6	403.045	0.336	correct	0.336	grate	n/a	n/a	n/a	n/a	n/a	n/a	34	2	n/a	n/a	n/a	n/a	n/a	right
6	403.895	0.342	correct	0.342	grate	n/a	n/a	n/a	n/a	n/a	n/a	34	2	n/a	n/a	n/a	n/a	n/a	right
6	404.745	0.332	correct	0.332	grate	n/a	n/a	n/a	n/a	n/a	n/a	34	2	n/a	n/a	n/a	n/a	n/a	right
6	405.595	0.290	incorrect	0.290	grate	n/a	n/a	n/a	n/a	n/a	n/a	34	2	n/a	n/a	n/a	n/a	n/a	left
6	406.395	0.522	correct	0.522	grate	n/a	n/a	n/a	n/a	n/a	n/a	34	2	n/a	n/a	n/a	n/a	n/a	left
6	407.428	0.401	correct	0.401	grate	n/a	n/a	n/a	n/a	n/a	n/a	34	2	n/a	n/a	n/a	n/a	n/a	right
6	408.344	0.167	incorrect	0.167	grate	n/a	n/a	n/a	n/a	n/a	n/a	34	2	n/a	n/a	n/a	n/a	n/a	left
6	410.010	3.000	remember	0.366	retrieval	restudy	object	scene	face	target	object	35	2	129	81	181	233	410.0	n/a
6	415.044	0.289	correct	0.289	grate	n/a	n/a	n/a	n/a	n/a	n/a	35	2	n/a	n/a	n/a	n/a	n/a	right
6	415.844	0.497	correct	0.497	grate	n/a	n/a	n/a	n/a	n/a	n/a	35	2	n/a	n/a	n/a	n/a	n/a	left
6	416.860	0.385	correct	0.385	grate	n/a	n/a	n/a	n/a	n/a	n/a	35	2	n/a	n/a	n/a	n/a	n/a	left
6	417.760	0.366	correct	0.366	grate	n/a	n/a	n/a	n/a	n/a	n/a	35	2	n/a	n/a	n/a	n/a	n/a	left
6	418.644	0.337	correct	0.337	grate	n/a	n/a	n/a	n/a	n/a	n/a	35	2	n/a	n/a	n/a	n/a	n/a	left
6	419.493	0.295	correct	0.295	grate	n/a	n/a	n/a	n/a	n/a	n/a	35	2	n/a	n/a	n/a	n/a	n/a	left
6	420.310	0.200	incorrect	0.200	grate	n/a	n/a	n/a	n/a	n/a	n/a	35	2	n/a	n/a	n/a	n/a	n/a	right
6	422.009	3.000	forget	0.303	retrieval	retprac	object	face	scene	competitor	face	36	2	10	58	158	10	422.0	n/a
6	427.043	0.338	correct	0.338	grate	n/a	n/a	n/a	n/a	n/a	n/a	36	2	n/a	n/a	n/a	n/a	n/a	right
6	427.893	0.360	correct	0.360	grate	n/a	n/a	n/a	n/a	n/a	n/a	36	2	n/a	n/a	n/a	n/a	n/a	right
6	428.776	0.356	correct	0.356	grate	n/a	n/a	n/a	n/a	n/a	n/a	36	2	n/a	n/a	n/a	n/a	n/a	right
6	429.643	0.330	correct	0.330	grate	n/a	n/a	n/a	n/a	n/a	n/a	36	2	n/a	n/a	n/a	n/a	n/a	right
6	430.493	0.288	incorrect	0.288	grate	n/a	n/a	n/a	n/a	n/a	n/a	36	2	n/a	n/a	n/a	n/a	n/a	left
6	431.293	0.304	correct	0.304	grate	n/a	n/a	n/a	n/a	n/a	n/a	36	2	n/a	n/a	n/a	n/a	n/a	right
6	432.109	0.400	incorrect	0.400	grate	n/a	n/a	n/a	n/a	n/a	n/a	36	2	n/a	n/a	n/a	n/a	n/a	right
6	434.008	3.000	forget	0.304	retrieval	restudy	scene	object	face	competitor	object	37	2	85	133	285	137	434.0	n/a
6	439.042	0.346	correct	0.346	grate	n/a	n/a	n/a	n/a	n/a	n/a	37	2	n/a	n/a	n/a	n/a	n/a	left
6	439.909	0.304	correct	0.304	grate	n/a	n/a	n/a	n/a	n/a	n/a	37	2	n/a	n/a	n/a	n/a	n/a	left
6	440.725	0.319	correct	0.319	grate	n/a	n/a	n/a	n/a	n/a	n/a	37	2	n/a	n/a	n/a	n/a	n/a	left
6	441.559	0.398	correct	0.398	grate	n/a	n/a	n/a	n/a	n/a	n/a	37	2	n/a	n/a	n/a	n/a	n/a	left
6	442.475	0.305	correct	0.305	grate	n/a	n/a	n/a	n/a	n/a	n/a	37	2	n/a	n/a	n/a	n/a	n/a	left
6	443.292	0.281	incorrect	0.281	grate	n/a	n/a	n/a	n/a	n/a	n/a	37	2	n/a	n/a	n/a	n/a	n/a	right
6	444.092	0.416	incorrect	0.416	grate	n/a	n/a	n/a	n/a	n/a	n/a	37	2	n/a	n/a	n/a	n/a	n/a	right
6	446.008	3.000	forget	0.354	retrieval	restudy	object	face	scene	competitor	face	38	2	9	57	157	9	446.0	n/a
6	451.042	0.395	correct	0.395	grate	n/a	n/a	n/a	n/a	n/a	n/a	38	2	n/a	n/a	n/a	n/a	n/a	right
6	451.958	0.246	correct	0.246	grate	n/a	n/a	n/a	n/a	n/a	n/a	38	2	n/a	n/a	n/a	n/a	n/a	right
6	452.725	0.736	correct	0.736	grate	n/a	n/a	n/a	n/a	n/a	n/a	38	2	n/a	n/a	n/a	n/a	n/a	left
6	453.974	0.367	correct	0.367	grate	n/a	n/a	n/a	n/a	n/a	n/a	38	2	n/a	n/a	n/a	n/a	n/a	right
6	454.858	0.316	correct	0.316	grate	n/a	n/a	n/a	n/a	n/a	n/a	38	2	n/a	n/a	n/a	n/a	n/a	left
6	455.691	0.377	correct	0.377	grate	n/a	n/a	n/a	n/a	n/a	n/a	38	2	n/a	n/a	n/a	n/a	n/a	left
6	456.591	0.100	incorrect	0.100	grate	n/a	n/a	n/a	n/a	n/a	n/a	38	2	n/a	n/a	n/a	n/a	n/a	right
6	458.007	3.000	forget	0.385	retrieval	retprac	face	scene	object	other	object	39	2	108	36	84	212	458.0	n/a
6	463.041	0.444	correct	0.444	grate	n/a	n/a	n/a	n/a	n/a	n/a	39	2	n/a	n/a	n/a	n/a	n/a	left
6	464.007	0.429	correct	0.429	grate	n/a	n/a	n/a	n/a	n/a	n/a	39	2	n/a	n/a	n/a	n/a	n/a	left
6	464.957	0.463	correct	0.463	grate	n/a	n/a	n/a	n/a	n/a	n/a	39	2	n/a	n/a	n/a	n/a	n/a	right
6	465.940	0.408	correct	0.408	grate	n/a	n/a	n/a	n/a	n/a	n/a	39	2	n/a	n/a	n/a	n/a	n/a	right
6	466.857	0.403	correct	0.403	grate	n/a	n/a	n/a	n/a	n/a	n/a	39	2	n/a	n/a	n/a	n/a	n/a	right
6	467.774	0.311	correct	0.311	grate	n/a	n/a	n/a	n/a	n/a	n/a	39	2	n/a	n/a	n/a	n/a	n/a	right
6	468.607	0.100	incorrect	0.100	grate	n/a	n/a	n/a	n/a	n/a	n/a	39	2	n/a	n/a	n/a	n/a	n/a	right
6	470.006	3.000	forget	0.338	retrieval	retprac	object	face	scene	competitor	face	40	2	14	62	162	14	470.0	n/a
6	475.040	0.484	correct	0.484	grate	n/a	n/a	n/a	n/a	n/a	n/a	40	2	n/a	n/a	n/a	n/a	n/a	left
6	476.040	0.342	incorrect	0.342	grate	n/a	n/a	n/a	n/a	n/a	n/a	40	2	n/a	n/a	n/a	n/a	n/a	left
6	476.890	0.347	correct	0.347	grate	n/a	n/a	n/a	n/a	n/a	n/a	40	2	n/a	n/a	n/a	n/a	n/a	right
6	477.756	0.400	correct	0.400	grate	n/a	n/a	n/a	n/a	n/a	n/a	40	2	n/a	n/a	n/a	n/a	n/a	left
6	478.673	0.388	correct	0.388	grate	n/a	n/a	n/a	n/a	n/a	n/a	40	2	n/a	n/a	n/a	n/a	n/a	right
6	479.573	0.328	correct	0.328	grate	n/a	n/a	n/a	n/a	n/a	n/a	40	2	n/a	n/a	n/a	n/a	n/a	left
6	480.423	0.083	incorrect	0.083	grate	n/a	n/a	n/a	n/a	n/a	n/a	40	2	n/a	n/a	n/a	n/a	n/a	right
6	482.022	3.000	forget	0.378	retrieval	retprac	scene	object	face	other	face	41	2	86	134	286	138	482.0	n/a
6	487.056	0.396	correct	0.396	grate	n/a	n/a	n/a	n/a	n/a	n/a	41	2	n/a	n/a	n/a	n/a	n/a	left
6	487.972	0.328	correct	0.328	grate	n/a	n/a	n/a	n/a	n/a	n/a	41	2	n/a	n/a	n/a	n/a	n/a	left
6	488.822	0.399	correct	0.399	grate	n/a	n/a	n/a	n/a	n/a	n/a	41	2	n/a	n/a	n/a	n/a	n/a	right
6	489.739	0.353	correct	0.353	grate	n/a	n/a	n/a	n/a	n/a	n/a	41	2	n/a	n/a	n/a	n/a	n/a	right
6	490.605	0.383	correct	0.383	grate	n/a	n/a	n/a	n/a	n/a	n/a	41	2	n/a	n/a	n/a	n/a	n/a	right
6	491.505	0.363	correct	0.363	grate	n/a	n/a	n/a	n/a	n/a	n/a	41	2	n/a	n/a	n/a	n/a	n/a	left
6	492.389	0.133	incorrect	0.133	grate	n/a	n/a	n/a	n/a	n/a	n/a	41	2	n/a	n/a	n/a	n/a	n/a	right
6	494.021	3.000	remember	0.347	retrieval	retprac	scene	face	object	target	scene	42	2	36	108	260	36	494.0	n/a
6	499.055	0.325	correct	0.325	grate	n/a	n/a	n/a	n/a	n/a	n/a	42	2	n/a	n/a	n/a	n/a	n/a	right
6	499.888	0.364	correct	0.364	grate	n/a	n/a	n/a	n/a	n/a	n/a	42	2	n/a	n/a	n/a	n/a	n/a	right
6	500.771	0.305	correct	0.305	grate	n/a	n/a	n/a	n/a	n/a	n/a	42	2	n/a	n/a	n/a	n/a	n/a	right
6	501.588	0.320	correct	0.320	grate	n/a	n/a	n/a	n/a	n/a	n/a	42	2	n/a	n/a	n/a	n/a	n/a	right
6	502.421	0.407	correct	0.407	grate	n/a	n/a	n/a	n/a	n/a	n/a	42	2	n/a	n/a	n/a	n/a	n/a	left
6	503.338	0.395	correct	0.395	grate	n/a	n/a	n/a	n/a	n/a	n/a	42	2	n/a	n/a	n/a	n/a	n/a	left
6	504.254	0.266	incorrect	0.266	grate	n/a	n/a	n/a	n/a	n/a	n/a	42	2	n/a	n/a	n/a	n/a	n/a	right
6	506.020	3.000	forget	0.284	retrieval	retprac	scene	face	object	other	object	43	2	34	106	258	34	506.0	n/a
6	511.054	0.358	correct	0.358	grate	n/a	n/a	n/a	n/a	n/a	n/a	43	2	n/a	n/a	n/a	n/a	n/a	right
6	511.921	0.372	correct	0.372	grate	n/a	n/a	n/a	n/a	n/a	n/a	43	2	n/a	n/a	n/a	n/a	n/a	left
6	512.804	0.712	correct	0.712	grate	n/a	n/a	n/a	n/a	n/a	n/a	43	2	n/a	n/a	n/a	n/a	n/a	left
6	514.037	0.359	correct	0.359	grate	n/a	n/a	n/a	n/a	n/a	n/a	43	2	n/a	n/a	n/a	n/a	n/a	left
6	514.904	0.365	correct	0.365	grate	n/a	n/a	n/a	n/a	n/a	n/a	43	2	n/a	n/a	n/a	n/a	n/a	left
6	515.787	0.321	correct	0.321	grate	n/a	n/a	n/a	n/a	n/a	n/a	43	2	n/a	n/a	n/a	n/a	n/a	left
6	516.620	0.100	incorrect	0.100	grate	n/a	n/a	n/a	n/a	n/a	n/a	43	2	n/a	n/a	n/a	n/a	n/a	right
6	518.019	3.000	forget	0.284	retrieval	restudy	face	scene	object	competitor	scene	44	2	109	37	85	213	518.0	n/a
6	523.053	0.311	correct	0.311	grate	n/a	n/a	n/a	n/a	n/a	n/a	44	2	n/a	n/a	n/a	n/a	n/a	right
6	523.886	0.382	correct	0.382	grate	n/a	n/a	n/a	n/a	n/a	n/a	44	2	n/a	n/a	n/a	n/a	n/a	right
6	524.786	0.369	correct	0.369	grate	n/a	n/a	n/a	n/a	n/a	n/a	44	2	n/a	n/a	n/a	n/a	n/a	left
6	525.669	0.375	correct	0.375	grate	n/a	n/a	n/a	n/a	n/a	n/a	44	2	n/a	n/a	n/a	n/a	n/a	right
6	526.553	0.411	correct	0.411	grate	n/a	n/a	n/a	n/a	n/a	n/a	44	2	n/a	n/a	n/a	n/a	n/a	right
6	527.486	0.358	correct	0.358	grate	n/a	n/a	n/a	n/a	n/a	n/a	44	2	n/a	n/a	n/a	n/a	n/a	left
6	528.353	0.166	incorrect	0.166	grate	n/a	n/a	n/a	n/a	n/a	n/a	44	2	n/a	n/a	n/a	n/a	n/a	right
6	530.018	3.000	don't know	0.341	retrieval	restudy	face	object	scene	don't know	don't know	45	2	61	13	61	113	530.0	n/a
6	535.052	0.496	correct	0.496	grate	n/a	n/a	n/a	n/a	n/a	n/a	45	2	n/a	n/a	n/a	n/a	n/a	right
6	536.069	0.311	correct	0.311	grate	n/a	n/a	n/a	n/a	n/a	n/a	45	2	n/a	n/a	n/a	n/a	n/a	right
6	536.902	0.358	incorrect	0.358	grate	n/a	n/a	n/a	n/a	n/a	n/a	45	2	n/a	n/a	n/a	n/a	n/a	left
6	537.769	1.107	correct	1.107	grate	n/a	n/a	n/a	n/a	n/a	n/a	45	2	n/a	n/a	n/a	n/a	n/a	left
6	539.385	0.330	correct	0.330	grate	n/a	n/a	n/a	n/a	n/a	n/a	45	2	n/a	n/a	n/a	n/a	n/a	right
6	540.235	0.283	incorrect	0.283	grate	n/a	n/a	n/a	n/a	n/a	n/a	45	2	n/a	n/a	n/a	n/a	n/a	right
6	542.017	3.000	remember	0.262	retrieval	restudy	scene	face	object	target	scene	46	2	35	107	259	35	542.0	n/a
6	547.052	0.408	correct	0.408	grate	n/a	n/a	n/a	n/a	n/a	n/a	46	2	n/a	n/a	n/a	n/a	n/a	left
6	547.968	0.452	correct	0.452	grate	n/a	n/a	n/a	n/a	n/a	n/a	46	2	n/a	n/a	n/a	n/a	n/a	left
6	548.935	0.381	correct	0.381	grate	n/a	n/a	n/a	n/a	n/a	n/a	46	2	n/a	n/a	n/a	n/a	n/a	left
6	549.835	0.337	correct	0.337	grate	n/a	n/a	n/a	n/a	n/a	n/a	46	2	n/a	n/a	n/a	n/a	n/a	left
6	550.684	0.336	incorrect	0.336	grate	n/a	n/a	n/a	n/a	n/a	n/a	46	2	n/a	n/a	n/a	n/a	n/a	right
6	551.534	0.413	correct	0.413	grate	n/a	n/a	n/a	n/a	n/a	n/a	46	2	n/a	n/a	n/a	n/a	n/a	right
6	552.468	0.050	incorrect	0.050	grate	n/a	n/a	n/a	n/a	n/a	n/a	46	2	n/a	n/a	n/a	n/a	n/a	right
6	554.017	3.000	forget	0.527	retrieval	retprac	scene	object	face	competitor	object	47	2	84	132	284	136	554.0	n/a
6	559.051	0.321	correct	0.321	grate	n/a	n/a	n/a	n/a	n/a	n/a	47	2	n/a	n/a	n/a	n/a	n/a	right
6	559.884	0.336	correct	0.336	grate	n/a	n/a	n/a	n/a	n/a	n/a	47	2	n/a	n/a	n/a	n/a	n/a	left
6	560.734	0.358	correct	0.358	grate	n/a	n/a	n/a	n/a	n/a	n/a	47	2	n/a	n/a	n/a	n/a	n/a	left
6	561.600	0.355	correct	0.355	grate	n/a	n/a	n/a	n/a	n/a	n/a	47	2	n/a	n/a	n/a	n/a	n/a	left
6	562.467	0.441	correct	0.441	grate	n/a	n/a	n/a	n/a	n/a	n/a	47	2	n/a	n/a	n/a	n/a	n/a	right
6	563.417	0.283	correct	0.283	grate	n/a	n/a	n/a	n/a	n/a	n/a	47	2	n/a	n/a	n/a	n/a	n/a	left
6	564.217	0.300	incorrect	0.300	grate	n/a	n/a	n/a	n/a	n/a	n/a	47	2	n/a	n/a	n/a	n/a	n/a	right
6	566.016	3.000	forget	0.519	retrieval	restudy	scene	object	face	competitor	object	48	2	83	131	283	135	566.0	n/a
6	571.050	0.378	correct	0.378	grate	n/a	n/a	n/a	n/a	n/a	n/a	48	2	n/a	n/a	n/a	n/a	n/a	left
6	571.950	0.383	correct	0.383	grate	n/a	n/a	n/a	n/a	n/a	n/a	48	2	n/a	n/a	n/a	n/a	n/a	right
6	572.850	0.394	correct	0.394	grate	n/a	n/a	n/a	n/a	n/a	n/a	48	2	n/a	n/a	n/a	n/a	n/a	right
6	573.766	0.366	correct	0.366	grate	n/a	n/a	n/a	n/a	n/a	n/a	48	2	n/a	n/a	n/a	n/a	n/a	left
6	574.650	0.290	correct	0.290	grate	n/a	n/a	n/a	n/a	n/a	n/a	48	2	n/a	n/a	n/a	n/a	n/a	right
6	575.449	0.346	correct	0.346	grate	n/a	n/a	n/a	n/a	n/a	n/a	48	2	n/a	n/a	n/a	n/a	n/a	right
6	576.316	0.200	incorrect	0.200	grate	n/a	n/a	n/a	n/a	n/a	n/a	48	2	n/a	n/a	n/a	n/a	n/a	left
6	2.007	3.000	remember	0.337	retrieval	restudy	object	face	scene	target	object	1	3	19	67	167	19	2.0	n/a
6	7.041	0.308	correct	0.308	grate	n/a	n/a	n/a	n/a	n/a	n/a	1	3	n/a	n/a	n/a	n/a	n/a	left
6	7.857	0.363	correct	0.363	grate	n/a	n/a	n/a	n/a	n/a	n/a	1	3	n/a	n/a	n/a	n/a	n/a	right
6	8.740	0.368	correct	0.368	grate	n/a	n/a	n/a	n/a	n/a	n/a	1	3	n/a	n/a	n/a	n/a	n/a	left
6	9.624	0.837	correct	0.837	grate	n/a	n/a	n/a	n/a	n/a	n/a	1	3	n/a	n/a	n/a	n/a	n/a	left
6	10.973	0.254	correct	0.254	grate	n/a	n/a	n/a	n/a	n/a	n/a	1	3	n/a	n/a	n/a	n/a	n/a	right
6	11.740	0.360	correct	0.360	grate	n/a	n/a	n/a	n/a	n/a	n/a	1	3	n/a	n/a	n/a	n/a	n/a	right
6	12.607	0.100	incorrect	0.100	grate	n/a	n/a	n/a	n/a	n/a	n/a	1	3	n/a	n/a	n/a	n/a	n/a	left
6	14.022	3.000	remember	0.393	retrieval	retprac	scene	face	object	target	scene	2	3	42	114	266	42	14.0	n/a
6	19.056	0.347	correct	0.347	grate	n/a	n/a	n/a	n/a	n/a	n/a	2	3	n/a	n/a	n/a	n/a	n/a	right
6	19.923	0.417	correct	0.417	grate	n/a	n/a	n/a	n/a	n/a	n/a	2	3	n/a	n/a	n/a	n/a	n/a	left
6	20.856	0.868	correct	0.868	grate	n/a	n/a	n/a	n/a	n/a	n/a	2	3	n/a	n/a	n/a	n/a	n/a	left
6	22.239	0.261	incorrect	0.261	grate	n/a	n/a	n/a	n/a	n/a	n/a	2	3	n/a	n/a	n/a	n/a	n/a	right
6	23.023	0.309	incorrect	0.309	grate	n/a	n/a	n/a	n/a	n/a	n/a	2	3	n/a	n/a	n/a	n/a	n/a	left
6	23.839	0.380	correct	0.380	grate	n/a	n/a	n/a	n/a	n/a	n/a	2	3	n/a	n/a	n/a	n/a	n/a	right
6	24.739	0.100	incorrect	0.100	grate	n/a	n/a	n/a	n/a	n/a	n/a	2	3	n/a	n/a	n/a	n/a	n/a	left
6	26.022	3.000	remember	0.282	retrieval	retprac	face	object	scene	target	face	3	3	66	18	66	118	26.0	n/a
6	31.056	0.348	correct	0.348	grate	n/a	n/a	n/a	n/a	n/a	n/a	3	3	n/a	n/a	n/a	n/a	n/a	right
6	31.922	0.425	correct	0.425	grate	n/a	n/a	n/a	n/a	n/a	n/a	3	3	n/a	n/a	n/a	n/a	n/a	left
6	32.872	0.404	correct	0.404	grate	n/a	n/a	n/a	n/a	n/a	n/a	3	3	n/a	n/a	n/a	n/a	n/a	left
6	33.789	0.423	correct	0.423	grate	n/a	n/a	n/a	n/a	n/a	n/a	3	3	n/a	n/a	n/a	n/a	n/a	left
6	34.722	0.490	correct	0.490	grate	n/a	n/a	n/a	n/a	n/a	n/a	3	3	n/a	n/a	n/a	n/a	n/a	right
6	35.722	0.442	correct	0.442	grate	n/a	n/a	n/a	n/a	n/a	n/a	3	3	n/a	n/a	n/a	n/a	n/a	left
6	36.672	0.100	incorrect	0.100	grate	n/a	n/a	n/a	n/a	n/a	n/a	3	3	n/a	n/a	n/a	n/a	n/a	left
6	38.021	3.000	remember	0.338	retrieval	retprac	object	face	scene	target	object	4	3	18	66	166	18	38.0	n/a
6	43.055	0.405	correct	0.405	grate	n/a	n/a	n/a	n/a	n/a	n/a	4	3	n/a	n/a	n/a	n/a	n/a	right
6	43.971	0.824	correct	0.824	grate	n/a	n/a	n/a	n/a	n/a	n/a	4	3	n/a	n/a	n/a	n/a	n/a	left
6	45.304	0.363	correct	0.363	grate	n/a	n/a	n/a	n/a	n/a	n/a	4	3	n/a	n/a	n/a	n/a	n/a	left
6	46.188	0.368	correct	0.368	grate	n/a	n/a	n/a	n/a	n/a	n/a	4	3	n/a	n/a	n/a	n/a	n/a	left
6	47.071	0.317	correct	0.317	grate	n/a	n/a	n/a	n/a	n/a	n/a	4	3	n/a	n/a	n/a	n/a	n/a	left
6	47.904	0.299	correct	0.299	grate	n/a	n/a	n/a	n/a	n/a	n/a	4	3	n/a	n/a	n/a	n/a	n/a	left
6	48.721	0.100	incorrect	0.100	grate	n/a	n/a	n/a	n/a	n/a	n/a	4	3	n/a	n/a	n/a	n/a	n/a	right
6	50.020	3.000	forget	0.292	retrieval	retprac	object	face	scene	other	scene	5	3	24	72	172	24	50.0	n/a
6	55.054	0.269	correct	0.269	grate	n/a	n/a	n/a	n/a	n/a	n/a	5	3	n/a	n/a	n/a	n/a	n/a	right
6	55.837	0.286	correct	0.286	grate	n/a	n/a	n/a	n/a	n/a	n/a	5	3	n/a	n/a	n/a	n/a	n/a	left
6	56.637	0.886	correct	0.886	grate	n/a	n/a	n/a	n/a	n/a	n/a	5	3	n/a	n/a	n/a	n/a	n/a	left
6	58.037	0.406	correct	0.406	grate	n/a	n/a	n/a	n/a	n/a	n/a	5	3	n/a	n/a	n/a	n/a	n/a	right
6	58.953	0.370	correct	0.370	grate	n/a	n/a	n/a	n/a	n/a	n/a	5	3	n/a	n/a	n/a	n/a	n/a	right
6	59.837	0.351	correct	0.351	grate	n/a	n/a	n/a	n/a	n/a	n/a	5	3	n/a	n/a	n/a	n/a	n/a	left
6	60.703	0.100	incorrect	0.100	grate	n/a	n/a	n/a	n/a	n/a	n/a	5	3	n/a	n/a	n/a	n/a	n/a	right
6	62.019	3.000	remember	0.412	retrieval	restudy	face	scene	object	target	face	6	3	115	43	91	219	62.0	n/a
6	67.053	0.294	correct	0.294	grate	n/a	n/a	n/a	n/a	n/a	n/a	6	3	n/a	n/a	n/a	n/a	n/a	right
6	67.869	0.342	correct	0.342	grate	n/a	n/a	n/a	n/a	n/a	n/a	6	3	n/a	n/a	n/a	n/a	n/a	left
6	68.719	0.292	correct	0.292	grate	n/a	n/a	n/a	n/a	n/a	n/a	6	3	n/a	n/a	n/a	n/a	n/a	right
6	69.519	0.292	correct	0.292	grate	n/a	n/a	n/a	n/a	n/a	n/a	6	3	n/a	n/a	n/a	n/a	n/a	left
6	70.319	0.308	correct	0.308	grate	n/a	n/a	n/a	n/a	n/a	n/a	6	3	n/a	n/a	n/a	n/a	n/a	right
6	71.136	0.307	correct	0.307	grate	n/a	n/a	n/a	n/a	n/a	n/a	6	3	n/a	n/a	n/a	n/a	n/a	left
6	71.953	0.339	incorrect	0.339	grate	n/a	n/a	n/a	n/a	n/a	n/a	6	3	n/a	n/a	n/a	n/a	n/a	left
6	72.803	0.100	incorrect	0.100	grate	n/a	n/a	n/a	n/a	n/a	n/a	6	3	n/a	n/a	n/a	n/a	n/a	left
6	74.018	3.000	don't know	0.269	retrieval	retprac	object	scene	face	don't know	don't know	7	3	144	96	196	248	74.0	n/a
6	79.052	0.367	correct	0.367	grate	n/a	n/a	n/a	n/a	n/a	n/a	7	3	n/a	n/a	n/a	n/a	n/a	right
6	79.935	1.004	correct	1.004	grate	n/a	n/a	n/a	n/a	n/a	n/a	7	3	n/a	n/a	n/a	n/a	n/a	left
6	81.452	0.359	correct	0.359	grate	n/a	n/a	n/a	n/a	n/a	n/a	7	3	n/a	n/a	n/a	n/a	n/a	right
6	82.335	0.740	correct	0.740	grate	n/a	n/a	n/a	n/a	n/a	n/a	7	3	n/a	n/a	n/a	n/a	n/a	right
6	83.585	0.474	correct	0.474	grate	n/a	n/a	n/a	n/a	n/a	n/a	7	3	n/a	n/a	n/a	n/a	n/a	right
6	84.568	0.100	incorrect	0.100	grate	n/a	n/a	n/a	n/a	n/a	n/a	7	3	n/a	n/a	n/a	n/a	n/a	left
6	86.017	3.000	forget	0.486	retrieval	retprac	face	scene	object	other	object	8	3	116	44	92	220	86.0	n/a
6	91.051	0.367	correct	0.367	grate	n/a	n/a	n/a	n/a	n/a	n/a	8	3	n/a	n/a	n/a	n/a	n/a	right
6	91.934	0.365	correct	0.365	grate	n/a	n/a	n/a	n/a	n/a	n/a	8	3	n/a	n/a	n/a	n/a	n/a	right
6	92.818	0.322	correct	0.322	grate	n/a	n/a	n/a	n/a	n/a	n/a	8	3	n/a	n/a	n/a	n/a	n/a	left
6	93.651	0.432	correct	0.432	grate	n/a	n/a	n/a	n/a	n/a	n/a	8	3	n/a	n/a	n/a	n/a	n/a	left
6	94.601	1.282	correct	1.282	grate	n/a	n/a	n/a	n/a	n/a	n/a	8	3	n/a	n/a	n/a	n/a	n/a	left
6	96.401	0.117	incorrect	0.117	grate	n/a	n/a	n/a	n/a	n/a	n/a	8	3	n/a	n/a	n/a	n/a	n/a	left
6	98.016	3.000	forget	0.544	retrieval	retprac	scene	object	face	other	face	9	3	90	138	290	142	98.0	n/a
6	103.051	0.320	correct	0.320	grate	n/a	n/a	n/a	n/a	n/a	n/a	9	3	n/a	n/a	n/a	n/a	n/a	right
6	103.884	0.335	correct	0.335	grate	n/a	n/a	n/a	n/a	n/a	n/a	9	3	n/a	n/a	n/a	n/a	n/a	right
6	104.734	0.317	correct	0.317	grate	n/a	n/a	n/a	n/a	n/a	n/a	9	3	n/a	n/a	n/a	n/a	n/a	right
6	105.567	0.332	correct	0.332	grate	n/a	n/a	n/a	n/a	n/a	n/a	9	3	n/a	n/a	n/a	n/a	n/a	right
6	106.417	0.314	incorrect	0.314	grate	n/a	n/a	n/a	n/a	n/a	n/a	9	3	n/a	n/a	n/a	n/a	n/a	left
6	107.250	0.409	correct	0.409	grate	n/a	n/a	n/a	n/a	n/a	n/a	9	3	n/a	n/a	n/a	n/a	n/a	left
6	108.183	0.333	incorrect	0.333	grate	n/a	n/a	n/a	n/a	n/a	n/a	9	3	n/a	n/a	n/a	n/a	n/a	right
6	110.016	3.000	forget	0.263	retrieval	restudy	face	scene	object	competitor	scene	10	3	113	41	89	217	110.0	n/a
6	115.050	0.425	correct	0.425	grate	n/a	n/a	n/a	n/a	n/a	n/a	10	3	n/a	n/a	n/a	n/a	n/a	left
6	115.983	0.293	correct	0.293	grate	n/a	n/a	n/a	n/a	n/a	n/a	10	3	n/a	n/a	n/a	n/a	n/a	left
6	116.799	0.483	correct	0.483	grate	n/a	n/a	n/a	n/a	n/a	n/a	10	3	n/a	n/a	n/a	n/a	n/a	right
6	117.799	0.396	correct	0.396	grate	n/a	n/a	n/a	n/a	n/a	n/a	10	3	n/a	n/a	n/a	n/a	n/a	right
6	118.716	0.335	incorrect	0.335	grate	n/a	n/a	n/a	n/a	n/a	n/a	10	3	n/a	n/a	n/a	n/a	n/a	left
6	119.566	0.357	incorrect	0.357	grate	n/a	n/a	n/a	n/a	n/a	n/a	10	3	n/a	n/a	n/a	n/a	n/a	right
6	120.433	0.083	incorrect	0.083	grate	n/a	n/a	n/a	n/a	n/a	n/a	10	3	n/a	n/a	n/a	n/a	n/a	left
6	122.015	3.000	forget	0.559	retrieval	restudy	face	object	scene	other	scene	11	3	69	21	69	121	122.0	n/a
6	127.049	0.394	incorrect	0.394	grate	n/a	n/a	n/a	n/a	n/a	n/a	11	3	n/a	n/a	n/a	n/a	n/a	left
6	127.965	0.373	correct	0.373	grate	n/a	n/a	n/a	n/a	n/a	n/a	11	3	n/a	n/a	n/a	n/a	n/a	right
6	128.849	0.362	correct	0.362	grate	n/a	n/a	n/a	n/a	n/a	n/a	11	3	n/a	n/a	n/a	n/a	n/a	left
6	129.732	0.383	correct	0.383	grate	n/a	n/a	n/a	n/a	n/a	n/a	11	3	n/a	n/a	n/a	n/a	n/a	left
6	130.632	0.324	correct	0.324	grate	n/a	n/a	n/a	n/a	n/a	n/a	11	3	n/a	n/a	n/a	n/a	n/a	left
6	131.465	0.314	correct	0.314	grate	n/a	n/a	n/a	n/a	n/a	n/a	11	3	n/a	n/a	n/a	n/a	n/a	left
6	132.298	0.216	incorrect	0.216	grate	n/a	n/a	n/a	n/a	n/a	n/a	11	3	n/a	n/a	n/a	n/a	n/a	left
6	134.014	3.000	don't know	0.304	retrieval	restudy	scene	face	object	don't know	don't know	12	3	47	119	271	47	134.0	n/a
6	139.048	0.354	correct	0.354	grate	n/a	n/a	n/a	n/a	n/a	n/a	12	3	n/a	n/a	n/a	n/a	n/a	right
6	139.914	0.616	correct	0.616	grate	n/a	n/a	n/a	n/a	n/a	n/a	12	3	n/a	n/a	n/a	n/a	n/a	right
6	141.048	0.323	correct	0.323	grate	n/a	n/a	n/a	n/a	n/a	n/a	12	3	n/a	n/a	n/a	n/a	n/a	right
6	141.881	0.346	correct	0.346	grate	n/a	n/a	n/a	n/a	n/a	n/a	12	3	n/a	n/a	n/a	n/a	n/a	right
6	142.748	0.335	correct	0.335	grate	n/a	n/a	n/a	n/a	n/a	n/a	12	3	n/a	n/a	n/a	n/a	n/a	right
6	143.597	0.335	correct	0.335	grate	n/a	n/a	n/a	n/a	n/a	n/a	12	3	n/a	n/a	n/a	n/a	n/a	right
6	144.448	0.066	incorrect	0.066	grate	n/a	n/a	n/a	n/a	n/a	n/a	12	3	n/a	n/a	n/a	n/a	n/a	left
6	146.013	3.000	forget	0.529	retrieval	restudy	scene	face	object	other	object	13	3	41	113	265	41	146.0	n/a
6	151.047	0.419	correct	0.419	grate	n/a	n/a	n/a	n/a	n/a	n/a	13	3	n/a	n/a	n/a	n/a	n/a	left
6	151.980	0.334	correct	0.334	grate	n/a	n/a	n/a	n/a	n/a	n/a	13	3	n/a	n/a	n/a	n/a	n/a	left
6	152.830	0.780	correct	0.780	grate	n/a	n/a	n/a	n/a	n/a	n/a	13	3	n/a	n/a	n/a	n/a	n/a	right
6	154.130	0.361	correct	0.361	grate	n/a	n/a	n/a	n/a	n/a	n/a	13	3	n/a	n/a	n/a	n/a	n/a	right
6	155.013	0.365	correct	0.365	grate	n/a	n/a	n/a	n/a	n/a	n/a	13	3	n/a	n/a	n/a	n/a	n/a	left
6	155.897	0.362	correct	0.362	grate	n/a	n/a	n/a	n/a	n/a	n/a	13	3	n/a	n/a	n/a	n/a	n/a	right
6	156.780	0.100	incorrect	0.100	grate	n/a	n/a	n/a	n/a	n/a	n/a	13	3	n/a	n/a	n/a	n/a	n/a	left
6	158.012	3.000	forget	0.259	retrieval	restudy	object	face	scene	competitor	face	14	3	23	71	171	23	158.0	n/a
6	163.046	0.372	correct	0.372	grate	n/a	n/a	n/a	n/a	n/a	n/a	14	3	n/a	n/a	n/a	n/a	n/a	left
6	163.929	0.345	correct	0.345	grate	n/a	n/a	n/a	n/a	n/a	n/a	14	3	n/a	n/a	n/a	n/a	n/a	right
6	164.796	0.334	correct	0.334	grate	n/a	n/a	n/a	n/a	n/a	n/a	14	3	n/a	n/a	n/a	n/a	n/a	left
6	165.646	0.365	correct	0.365	grate	n/a	n/a	n/a	n/a	n/a	n/a	14	3	n/a	n/a	n/a	n/a	n/a	left
6	166.529	0.361	incorrect	0.361	grate	n/a	n/a	n/a	n/a	n/a	n/a	14	3	n/a	n/a	n/a	n/a	n/a	right
6	167.412	0.806	correct	0.806	grate	n/a	n/a	n/a	n/a	n/a	n/a	14	3	n/a	n/a	n/a	n/a	n/a	left
6	168.729	0.100	incorrect	0.100	grate	n/a	n/a	n/a	n/a	n/a	n/a	14	3	n/a	n/a	n/a	n/a	n/a	right
6	170.011	3.000	forget	0.346	retrieval	restudy	object	scene	face	competitor	scene	15	3	143	95	195	247	170.0	n/a
6	175.045	0.357	correct	0.357	grate	n/a	n/a	n/a	n/a	n/a	n/a	15	3	n/a	n/a	n/a	n/a	n/a	left
6	175.912	0.290	correct	0.290	grate	n/a	n/a	n/a	n/a	n/a	n/a	15	3	n/a	n/a	n/a	n/a	n/a	right
6	176.712	0.378	correct	0.378	grate	n/a	n/a	n/a	n/a	n/a	n/a	15	3	n/a	n/a	n/a	n/a	n/a	left
6	177.612	0.366	correct	0.366	grate	n/a	n/a	n/a	n/a	n/a	n/a	15	3	n/a	n/a	n/a	n/a	n/a	left
6	178.495	0.339	correct	0.339	grate	n/a	n/a	n/a	n/a	n/a	n/a	15	3	n/a	n/a	n/a	n/a	n/a	right
6	179.345	0.346	correct	0.346	grate	n/a	n/a	n/a	n/a	n/a	n/a	15	3	n/a	n/a	n/a	n/a	n/a	left
6	180.212	0.300	incorrect	0.300	grate	n/a	n/a	n/a	n/a	n/a	n/a	15	3	n/a	n/a	n/a	n/a	n/a	left
6	182.011	3.000	forget	0.259	retrieval	retprac	scene	face	object	competitor	face	16	3	44	116	268	44	182.0	n/a
6	187.045	0.446	correct	0.446	grate	n/a	n/a	n/a	n/a	n/a	n/a	16	3	n/a	n/a	n/a	n/a	n/a	left
6	188.011	0.376	correct	0.376	grate	n/a	n/a	n/a	n/a	n/a	n/a	16	3	n/a	n/a	n/a	n/a	n/a	right
6	188.894	0.451	correct	0.451	grate	n/a	n/a	n/a	n/a	n/a	n/a	16	3	n/a	n/a	n/a	n/a	n/a	left
6	189.861	1.197	correct	1.197	grate	n/a	n/a	n/a	n/a	n/a	n/a	16	3	n/a	n/a	n/a	n/a	n/a	left
6	191.578	0.328	correct	0.328	grate	n/a	n/a	n/a	n/a	n/a	n/a	16	3	n/a	n/a	n/a	n/a	n/a	left
6	192.427	0.083	incorrect	0.083	grate	n/a	n/a	n/a	n/a	n/a	n/a	16	3	n/a	n/a	n/a	n/a	n/a	left
6	194.010	3.000	remember	0.396	retrieval	restudy	face	scene	object	target	face	17	3	117	45	93	221	194.0	n/a
6	199.044	0.350	correct	0.350	grate	n/a	n/a	n/a	n/a	n/a	n/a	17	3	n/a	n/a	n/a	n/a	n/a	left
6	199.910	0.412	correct	0.412	grate	n/a	n/a	n/a	n/a	n/a	n/a	17	3	n/a	n/a	n/a	n/a	n/a	right
6	200.844	0.350	correct	0.350	grate	n/a	n/a	n/a	n/a	n/a	n/a	17	3	n/a	n/a	n/a	n/a	n/a	right
6	201.710	0.341	correct	0.341	grate	n/a	n/a	n/a	n/a	n/a	n/a	17	3	n/a	n/a	n/a	n/a	n/a	right
6	202.560	0.347	correct	0.347	grate	n/a	n/a	n/a	n/a	n/a	n/a	17	3	n/a	n/a	n/a	n/a	n/a	right
6	203.427	0.327	correct	0.327	grate	n/a	n/a	n/a	n/a	n/a	n/a	17	3	n/a	n/a	n/a	n/a	n/a	right
6	204.277	0.233	incorrect	0.233	grate	n/a	n/a	n/a	n/a	n/a	n/a	17	3	n/a	n/a	n/a	n/a	n/a	right
6	206.009	3.000	remember	0.300	retrieval	retprac	face	object	scene	target	face	18	3	70	22	70	122	206.0	n/a
6	211.043	0.343	correct	0.343	grate	n/a	n/a	n/a	n/a	n/a	n/a	18	3	n/a	n/a	n/a	n/a	n/a	right
6	211.909	0.284	correct	0.284	grate	n/a	n/a	n/a	n/a	n/a	n/a	18	3	n/a	n/a	n/a	n/a	n/a	right
6	212.709	0.309	incorrect	0.309	grate	n/a	n/a	n/a	n/a	n/a	n/a	18	3	n/a	n/a	n/a	n/a	n/a	left
6	213.526	0.300	correct	0.300	grate	n/a	n/a	n/a	n/a	n/a	n/a	18	3	n/a	n/a	n/a	n/a	n/a	right
6	214.343	0.371	correct	0.371	grate	n/a	n/a	n/a	n/a	n/a	n/a	18	3	n/a	n/a	n/a	n/a	n/a	left
6	215.243	0.319	correct	0.319	grate	n/a	n/a	n/a	n/a	n/a	n/a	18	3	n/a	n/a	n/a	n/a	n/a	right
6	216.076	0.342	correct	0.342	grate	n/a	n/a	n/a	n/a	n/a	n/a	18	3	n/a	n/a	n/a	n/a	n/a	right
6	216.926	0.100	incorrect	0.100	grate	n/a	n/a	n/a	n/a	n/a	n/a	18	3	n/a	n/a	n/a	n/a	n/a	left
6	218.008	3.000	forget	0.293	retrieval	restudy	scene	object	face	competitor	object	19	3	89	137	289	141	218.0	n/a
6	223.042	0.480	correct	0.480	grate	n/a	n/a	n/a	n/a	n/a	n/a	19	3	n/a	n/a	n/a	n/a	n/a	left
6	224.042	0.392	correct	0.392	grate	n/a	n/a	n/a	n/a	n/a	n/a	19	3	n/a	n/a	n/a	n/a	n/a	left
6	224.942	1.116	correct	1.116	grate	n/a	n/a	n/a	n/a	n/a	n/a	19	3	n/a	n/a	n/a	n/a	n/a	left
6	226.575	0.338	correct	0.338	grate	n/a	n/a	n/a	n/a	n/a	n/a	19	3	n/a	n/a	n/a	n/a	n/a	left
6	227.425	0.377	incorrect	0.377	grate	n/a	n/a	n/a	n/a	n/a	n/a	19	3	n/a	n/a	n/a	n/a	n/a	right
6	228.325	0.183	incorrect	0.183	grate	n/a	n/a	n/a	n/a	n/a	n/a	19	3	n/a	n/a	n/a	n/a	n/a	left
6	230.007	3.000	remember	0.462	retrieval	restudy	face	scene	object	target	face	20	3	119	47	95	223	230.0	n/a
6	235.041	0.978	correct	0.978	grate	n/a	n/a	n/a	n/a	n/a	n/a	20	3	n/a	n/a	n/a	n/a	n/a	left
6	236.541	0.341	correct	0.341	grate	n/a	n/a	n/a	n/a	n/a	n/a	20	3	n/a	n/a	n/a	n/a	n/a	left
6	237.391	0.330	correct	0.330	grate	n/a	n/a	n/a	n/a	n/a	n/a	20	3	n/a	n/a	n/a	n/a	n/a	left
6	238.241	0.313	correct	0.313	grate	n/a	n/a	n/a	n/a	n/a	n/a	20	3	n/a	n/a	n/a	n/a	n/a	left
6	239.074	0.311	incorrect	0.311	grate	n/a	n/a	n/a	n/a	n/a	n/a	20	3	n/a	n/a	n/a	n/a	n/a	right
6	239.908	0.418	correct	0.418	grate	n/a	n/a	n/a	n/a	n/a	n/a	20	3	n/a	n/a	n/a	n/a	n/a	right
6	240.841	0.100	incorrect	0.100	grate	n/a	n/a	n/a	n/a	n/a	n/a	20	3	n/a	n/a	n/a	n/a	n/a	right
6	242.006	3.000	forget	0.327	retrieval	retprac	face	object	scene	competitor	object	21	3	68	20	68	120	242.0	n/a
6	247.040	0.361	correct	0.361	grate	n/a	n/a	n/a	n/a	n/a	n/a	21	3	n/a	n/a	n/a	n/a	n/a	right
6	247.924	0.302	incorrect	0.302	grate	n/a	n/a	n/a	n/a	n/a	n/a	21	3	n/a	n/a	n/a	n/a	n/a	left
6	248.740	0.309	correct	0.309	grate	n/a	n/a	n/a	n/a	n/a	n/a	21	3	n/a	n/a	n/a	n/a	n/a	right
6	249.574	0.340	correct	0.340	grate	n/a	n/a	n/a	n/a	n/a	n/a	21	3	n/a	n/a	n/a	n/a	n/a	left
6	250.423	0.331	correct	0.331	grate	n/a	n/a	n/a	n/a	n/a	n/a	21	3	n/a	n/a	n/a	n/a	n/a	right
6	251.273	0.392	correct	0.392	grate	n/a	n/a	n/a	n/a	n/a	n/a	21	3	n/a	n/a	n/a	n/a	n/a	right
6	252.173	0.333	correct	0.333	grate	n/a	n/a	n/a	n/a	n/a	n/a	21	3	n/a	n/a	n/a	n/a	n/a	right
6	254.022	3.000	forget	0.311	retrieval	restudy	scene	object	face	competitor	object	22	3	91	139	291	143	254.0	n/a
6	259.056	0.305	correct	0.305	grate	n/a	n/a	n/a	n/a	n/a	n/a	22	3	n/a	n/a	n/a	n/a	n/a	right
6	259.873	0.313	correct	0.313	grate	n/a	n/a	n/a	n/a	n/a	n/a	22	3	n/a	n/a	n/a	n/a	n/a	right
6	260.706	0.279	correct	0.279	grate	n/a	n/a	n/a	n/a	n/a	n/a	22	3	n/a	n/a	n/a	n/a	n/a	right
6	261.506	0.311	correct	0.311	grate	n/a	n/a	n/a	n/a	n/a	n/a	22	3	n/a	n/a	n/a	n/a	n/a	right
6	262.339	0.478	correct	0.478	grate	n/a	n/a	n/a	n/a	n/a	n/a	22	3	n/a	n/a	n/a	n/a	n/a	left
6	263.339	0.016	correct	0.016	grate	n/a	n/a	n/a	n/a	n/a	n/a	22	3	n/a	n/a	n/a	n/a	n/a	left
6	263.890	0.487	correct	0.487	grate	n/a	n/a	n/a	n/a	n/a	n/a	22	3	n/a	n/a	n/a	n/a	n/a	right
6	264.889	0.100	incorrect	0.100	grate	n/a	n/a	n/a	n/a	n/a	n/a	22	3	n/a	n/a	n/a	n/a	n/a	right
6	266.021	3.000	forget	0.432	retrieval	retprac	object	face	scene	other	scene	23	3	20	68	168	20	266.0	n/a
6	271.056	0.370	correct	0.370	grate	n/a	n/a	n/a	n/a	n/a	n/a	23	3	n/a	n/a	n/a	n/a	n/a	left
6	271.939	0.318	correct	0.318	grate	n/a	n/a	n/a	n/a	n/a	n/a	23	3	n/a	n/a	n/a	n/a	n/a	left
6	272.772	0.389	correct	0.389	grate	n/a	n/a	n/a	n/a	n/a	n/a	23	3	n/a	n/a	n/a	n/a	n/a	right
6	273.672	0.337	correct	0.337	grate	n/a	n/a	n/a	n/a	n/a	n/a	23	3	n/a	n/a	n/a	n/a	n/a	right
6	274.522	0.928	correct	0.928	grate	n/a	n/a	n/a	n/a	n/a	n/a	23	3	n/a	n/a	n/a	n/a	n/a	left
6	275.972	0.373	correct	0.373	grate	n/a	n/a	n/a	n/a	n/a	n/a	23	3	n/a	n/a	n/a	n/a	n/a	right
6	276.855	0.100	incorrect	0.100	grate	n/a	n/a	n/a	n/a	n/a	n/a	23	3	n/a	n/a	n/a	n/a	n/a	left
6	278.021	3.000	forget	0.328	retrieval	restudy	scene	object	face	competitor	object	24	3	95	143	295	147	278.0	n/a
6	283.055	0.427	correct	0.427	grate	n/a	n/a	n/a	n/a	n/a	n/a	24	3	n/a	n/a	n/a	n/a	n/a	left
6	284.004	0.389	correct	0.389	grate	n/a	n/a	n/a	n/a	n/a	n/a	24	3	n/a	n/a	n/a	n/a	n/a	right
6	284.904	0.417	correct	0.417	grate	n/a	n/a	n/a	n/a	n/a	n/a	24	3	n/a	n/a	n/a	n/a	n/a	right
6	285.838	0.420	correct	0.420	grate	n/a	n/a	n/a	n/a	n/a	n/a	24	3	n/a	n/a	n/a	n/a	n/a	left
6	286.771	0.350	correct	0.350	grate	n/a	n/a	n/a	n/a	n/a	n/a	24	3	n/a	n/a	n/a	n/a	n/a	right
6	287.638	0.883	incorrect	0.883	grate	n/a	n/a	n/a	n/a	n/a	n/a	24	3	n/a	n/a	n/a	n/a	n/a	left
6	290.020	3.000	remember	0.313	retrieval	restudy	scene	face	object	target	scene	25	3	43	115	267	43	290.0	n/a
6	295.054	0.339	correct	0.339	grate	n/a	n/a	n/a	n/a	n/a	n/a	25	3	n/a	n/a	n/a	n/a	n/a	right
6	295.903	0.394	correct	0.394	grate	n/a	n/a	n/a	n/a	n/a	n/a	25	3	n/a	n/a	n/a	n/a	n/a	left
6	296.820	0.325	correct	0.325	grate	n/a	n/a	n/a	n/a	n/a	n/a	25	3	n/a	n/a	n/a	n/a	n/a	right
6	297.654	0.379	correct	0.379	grate	n/a	n/a	n/a	n/a	n/a	n/a	25	3	n/a	n/a	n/a	n/a	n/a	right
6	298.553	0.320	correct	0.320	grate	n/a	n/a	n/a	n/a	n/a	n/a	25	3	n/a	n/a	n/a	n/a	n/a	right
6	299.387	0.350	correct	0.350	grate	n/a	n/a	n/a	n/a	n/a	n/a	25	3	n/a	n/a	n/a	n/a	n/a	right
6	300.253	0.267	incorrect	0.267	grate	n/a	n/a	n/a	n/a	n/a	n/a	25	3	n/a	n/a	n/a	n/a	n/a	left
6	302.019	3.000	don't know	0.274	retrieval	retprac	scene	object	face	don't know	don't know	26	3	96	144	296	148	302.0	n/a
6	307.054	0.715	correct	0.715	grate	n/a	n/a	n/a	n/a	n/a	n/a	26	3	n/a	n/a	n/a	n/a	n/a	left
6	308.286	0.403	correct	0.403	grate	n/a	n/a	n/a	n/a	n/a	n/a	26	3	n/a	n/a	n/a	n/a	n/a	right
6	309.203	0.350	correct	0.350	grate	n/a	n/a	n/a	n/a	n/a	n/a	26	3	n/a	n/a	n/a	n/a	n/a	right
6	310.069	0.324	correct	0.324	grate	n/a	n/a	n/a	n/a	n/a	n/a	26	3	n/a	n/a	n/a	n/a	n/a	right
6	310.903	0.394	correct	0.394	grate	n/a	n/a	n/a	n/a	n/a	n/a	26	3	n/a	n/a	n/a	n/a	n/a	left
6	311.819	0.390	correct	0.390	grate	n/a	n/a	n/a	n/a	n/a	n/a	26	3	n/a	n/a	n/a	n/a	n/a	left
6	312.719	0.100	incorrect	0.100	grate	n/a	n/a	n/a	n/a	n/a	n/a	26	3	n/a	n/a	n/a	n/a	n/a	right
6	314.018	3.000	forget	0.402	retrieval	restudy	object	face	scene	other	scene	27	3	17	65	165	17	314.0	n/a
6	319.053	0.364	correct	0.364	grate	n/a	n/a	n/a	n/a	n/a	n/a	27	3	n/a	n/a	n/a	n/a	n/a	right
6	319.935	0.313	correct	0.313	grate	n/a	n/a	n/a	n/a	n/a	n/a	27	3	n/a	n/a	n/a	n/a	n/a	right
6	320.768	0.336	correct	0.336	grate	n/a	n/a	n/a	n/a	n/a	n/a	27	3	n/a	n/a	n/a	n/a	n/a	right
6	321.618	0.326	correct	0.326	grate	n/a	n/a	n/a	n/a	n/a	n/a	27	3	n/a	n/a	n/a	n/a	n/a	right
6	322.452	0.309	correct	0.309	grate	n/a	n/a	n/a	n/a	n/a	n/a	27	3	n/a	n/a	n/a	n/a	n/a	right
6	323.268	0.325	correct	0.325	grate	n/a	n/a	n/a	n/a	n/a	n/a	27	3	n/a	n/a	n/a	n/a	n/a	right
6	324.102	0.416	incorrect	0.416	grate	n/a	n/a	n/a	n/a	n/a	n/a	27	3	n/a	n/a	n/a	n/a	n/a	left
6	326.017	3.000	remember	0.460	retrieval	retprac	object	scene	face	target	object	28	3	138	90	190	242	326.0	n/a
6	331.052	0.373	correct	0.373	grate	n/a	n/a	n/a	n/a	n/a	n/a	28	3	n/a	n/a	n/a	n/a	n/a	left
6	331.934	0.402	correct	0.402	grate	n/a	n/a	n/a	n/a	n/a	n/a	28	3	n/a	n/a	n/a	n/a	n/a	right
6	332.851	0.406	correct	0.406	grate	n/a	n/a	n/a	n/a	n/a	n/a	28	3	n/a	n/a	n/a	n/a	n/a	right
6	333.768	0.466	correct	0.466	grate	n/a	n/a	n/a	n/a	n/a	n/a	28	3	n/a	n/a	n/a	n/a	n/a	left
6	334.751	0.378	correct	0.378	grate	n/a	n/a	n/a	n/a	n/a	n/a	28	3	n/a	n/a	n/a	n/a	n/a	right
6	335.651	0.390	correct	0.390	grate	n/a	n/a	n/a	n/a	n/a	n/a	28	3	n/a	n/a	n/a	n/a	n/a	right
6	336.551	0.100	incorrect	0.100	grate	n/a	n/a	n/a	n/a	n/a	n/a	28	3	n/a	n/a	n/a	n/a	n/a	right
6	338.016	3.000	forget	0.364	retrieval	restudy	scene	object	face	other	face	29	3	93	141	293	145	338.0	n/a
6	343.050	0.406	correct	0.406	grate	n/a	n/a	n/a	n/a	n/a	n/a	29	3	n/a	n/a	n/a	n/a	n/a	left
6	343.967	0.418	correct	0.418	grate	n/a	n/a	n/a	n/a	n/a	n/a	29	3	n/a	n/a	n/a	n/a	n/a	left
6	344.900	0.365	correct	0.365	grate	n/a	n/a	n/a	n/a	n/a	n/a	29	3	n/a	n/a	n/a	n/a	n/a	right
6	345.783	0.497	correct	0.497	grate	n/a	n/a	n/a	n/a	n/a	n/a	29	3	n/a	n/a	n/a	n/a	n/a	left
6	346.800	0.368	correct	0.368	grate	n/a	n/a	n/a	n/a	n/a	n/a	29	3	n/a	n/a	n/a	n/a	n/a	left
6	347.683	0.381	correct	0.381	grate	n/a	n/a	n/a	n/a	n/a	n/a	29	3	n/a	n/a	n/a	n/a	n/a	left
6	348.583	0.100	incorrect	0.100	grate	n/a	n/a	n/a	n/a	n/a	n/a	29	3	n/a	n/a	n/a	n/a	n/a	left
6	350.016	3.000	forget	0.341	retrieval	retprac	face	scene	object	competitor	scene	30	3	114	42	90	218	350.0	n/a
6	355.050	0.383	correct	0.383	grate	n/a	n/a	n/a	n/a	n/a	n/a	30	3	n/a	n/a	n/a	n/a	n/a	right
6	355.949	0.435	correct	0.435	grate	n/a	n/a	n/a	n/a	n/a	n/a	30	3	n/a	n/a	n/a	n/a	n/a	left
6	356.899	0.325	incorrect	0.325	grate	n/a	n/a	n/a	n/a	n/a	n/a	30	3	n/a	n/a	n/a	n/a	n/a	right
6	357.733	0.404	correct	0.404	grate	n/a	n/a	n/a	n/a	n/a	n/a	30	3	n/a	n/a	n/a	n/a	n/a	right
6	358.649	0.375	correct	0.375	grate	n/a	n/a	n/a	n/a	n/a	n/a	30	3	n/a	n/a	n/a	n/a	n/a	right
6	359.533	0.324	correct	0.324	grate	n/a	n/a	n/a	n/a	n/a	n/a	30	3	n/a	n/a	n/a	n/a	n/a	right
6	360.366	0.150	incorrect	0.150	grate	n/a	n/a	n/a	n/a	n/a	n/a	30	3	n/a	n/a	n/a	n/a	n/a	right
6	362.015	3.000	forget	0.301	retrieval	restudy	face	object	scene	competitor	object	31	3	67	19	67	119	362.0	n/a
6	367.049	0.384	correct	0.384	grate	n/a	n/a	n/a	n/a	n/a	n/a	31	3	n/a	n/a	n/a	n/a	n/a	left
6	367.949	0.324	correct	0.324	grate	n/a	n/a	n/a	n/a	n/a	n/a	31	3	n/a	n/a	n/a	n/a	n/a	right
6	368.782	0.330	correct	0.330	grate	n/a	n/a	n/a	n/a	n/a	n/a	31	3	n/a	n/a	n/a	n/a	n/a	right
6	369.632	0.368	correct	0.368	grate	n/a	n/a	n/a	n/a	n/a	n/a	31	3	n/a	n/a	n/a	n/a	n/a	right
6	370.515	0.317	incorrect	0.317	grate	n/a	n/a	n/a	n/a	n/a	n/a	31	3	n/a	n/a	n/a	n/a	n/a	left
6	371.348	0.348	correct	0.348	grate	n/a	n/a	n/a	n/a	n/a	n/a	31	3	n/a	n/a	n/a	n/a	n/a	right
6	372.215	0.300	incorrect	0.300	grate	n/a	n/a	n/a	n/a	n/a	n/a	31	3	n/a	n/a	n/a	n/a	n/a	left
6	374.014	3.000	remember	0.222	retrieval	retprac	face	object	scene	target	face	32	3	72	24	72	124	374.0	n/a
6	379.048	0.464	correct	0.464	grate	n/a	n/a	n/a	n/a	n/a	n/a	32	3	n/a	n/a	n/a	n/a	n/a	left
6	380.031	0.353	correct	0.353	grate	n/a	n/a	n/a	n/a	n/a	n/a	32	3	n/a	n/a	n/a	n/a	n/a	right
6	380.898	0.287	correct	0.287	grate	n/a	n/a	n/a	n/a	n/a	n/a	32	3	n/a	n/a	n/a	n/a	n/a	left
6	381.698	0.303	correct	0.303	grate	n/a	n/a	n/a	n/a	n/a	n/a	32	3	n/a	n/a	n/a	n/a	n/a	right
6	382.514	0.414	correct	0.414	grate	n/a	n/a	n/a	n/a	n/a	n/a	32	3	n/a	n/a	n/a	n/a	n/a	right
6	383.448	0.489	correct	0.489	grate	n/a	n/a	n/a	n/a	n/a	n/a	32	3	n/a	n/a	n/a	n/a	n/a	left
6	384.447	0.066	incorrect	0.066	grate	n/a	n/a	n/a	n/a	n/a	n/a	32	3	n/a	n/a	n/a	n/a	n/a	right
6	386.013	3.000	forget	0.303	retrieval	retprac	object	scene	face	competitor	scene	33	3	142	94	194	246	386.0	n/a
6	391.048	0.330	correct	0.330	grate	n/a	n/a	n/a	n/a	n/a	n/a	33	3	n/a	n/a	n/a	n/a	n/a	left
6	391.897	0.360	incorrect	0.360	grate	n/a	n/a	n/a	n/a	n/a	n/a	33	3	n/a	n/a	n/a	n/a	n/a	left
6	392.780	0.372	correct	0.372	grate	n/a	n/a	n/a	n/a	n/a	n/a	33	3	n/a	n/a	n/a	n/a	n/a	left
6	393.663	0.409	correct	0.409	grate	n/a	n/a	n/a	n/a	n/a	n/a	33	3	n/a	n/a	n/a	n/a	n/a	right
6	394.580	0.356	correct	0.356	grate	n/a	n/a	n/a	n/a	n/a	n/a	33	3	n/a	n/a	n/a	n/a	n/a	right
6	395.447	0.369	correct	0.369	grate	n/a	n/a	n/a	n/a	n/a	n/a	33	3	n/a	n/a	n/a	n/a	n/a	left
6	396.330	0.183	incorrect	0.183	grate	n/a	n/a	n/a	n/a	n/a	n/a	33	3	n/a	n/a	n/a	n/a	n/a	left
6	398.012	3.000	forget	0.289	retrieval	retprac	scene	face	object	competitor	face	34	3	46	118	270	46	398.0	n/a
6	403.047	0.369	correct	0.369	grate	n/a	n/a	n/a	n/a	n/a	n/a	34	3	n/a	n/a	n/a	n/a	n/a	left
6	403.929	0.383	correct	0.383	grate	n/a	n/a	n/a	n/a	n/a	n/a	34	3	n/a	n/a	n/a	n/a	n/a	right
6	404.829	0.386	correct	0.386	grate	n/a	n/a	n/a	n/a	n/a	n/a	34	3	n/a	n/a	n/a	n/a	n/a	right
6	405.729	0.423	correct	0.423	grate	n/a	n/a	n/a	n/a	n/a	n/a	34	3	n/a	n/a	n/a	n/a	n/a	left
6	406.663	0.370	correct	0.370	grate	n/a	n/a	n/a	n/a	n/a	n/a	34	3	n/a	n/a	n/a	n/a	n/a	left
6	407.546	0.406	correct	0.406	grate	n/a	n/a	n/a	n/a	n/a	n/a	34	3	n/a	n/a	n/a	n/a	n/a	right
6	408.462	0.050	incorrect	0.050	grate	n/a	n/a	n/a	n/a	n/a	n/a	34	3	n/a	n/a	n/a	n/a	n/a	right
6	410.011	3.000	forget	0.424	retrieval	retprac	object	scene	face	competitor	scene	35	3	140	92	192	244	410.0	n/a
6	415.046	0.418	correct	0.418	grate	n/a	n/a	n/a	n/a	n/a	n/a	35	3	n/a	n/a	n/a	n/a	n/a	right
6	415.979	0.357	correct	0.357	grate	n/a	n/a	n/a	n/a	n/a	n/a	35	3	n/a	n/a	n/a	n/a	n/a	right
6	416.845	0.347	correct	0.347	grate	n/a	n/a	n/a	n/a	n/a	n/a	35	3	n/a	n/a	n/a	n/a	n/a	right
6	417.712	0.328	correct	0.328	grate	n/a	n/a	n/a	n/a	n/a	n/a	35	3	n/a	n/a	n/a	n/a	n/a	right
6	418.562	0.326	incorrect	0.326	grate	n/a	n/a	n/a	n/a	n/a	n/a	35	3	n/a	n/a	n/a	n/a	n/a	left
6	419.412	0.332	correct	0.332	grate	n/a	n/a	n/a	n/a	n/a	n/a	35	3	n/a	n/a	n/a	n/a	n/a	right
6	420.262	0.250	incorrect	0.250	grate	n/a	n/a	n/a	n/a	n/a	n/a	35	3	n/a	n/a	n/a	n/a	n/a	left
6	422.011	3.000	remember	0.345	retrieval	restudy	object	scene	face	target	object	36	3	139	91	191	243	422.0	n/a
6	427.045	0.355	correct	0.355	grate	n/a	n/a	n/a	n/a	n/a	n/a	36	3	n/a	n/a	n/a	n/a	n/a	left
6	427.911	0.345	correct	0.345	grate	n/a	n/a	n/a	n/a	n/a	n/a	36	3	n/a	n/a	n/a	n/a	n/a	left
6	428.778	0.351	correct	0.351	grate	n/a	n/a	n/a	n/a	n/a	n/a	36	3	n/a	n/a	n/a	n/a	n/a	left
6	429.644	0.379	correct	0.379	grate	n/a	n/a	n/a	n/a	n/a	n/a	36	3	n/a	n/a	n/a	n/a	n/a	right
6	430.544	0.335	incorrect	0.335	grate	n/a	n/a	n/a	n/a	n/a	n/a	36	3	n/a	n/a	n/a	n/a	n/a	left
6	431.394	0.358	correct	0.358	grate	n/a	n/a	n/a	n/a	n/a	n/a	36	3	n/a	n/a	n/a	n/a	n/a	right
6	432.261	0.250	incorrect	0.250	grate	n/a	n/a	n/a	n/a	n/a	n/a	36	3	n/a	n/a	n/a	n/a	n/a	right
6	434.010	3.000	remember	0.394	retrieval	retprac	face	scene	object	target	face	37	3	118	46	94	222	434.0	n/a
6	439.044	1.155	correct	1.155	grate	n/a	n/a	n/a	n/a	n/a	n/a	37	3	n/a	n/a	n/a	n/a	n/a	left
6	440.710	0.394	correct	0.394	grate	n/a	n/a	n/a	n/a	n/a	n/a	37	3	n/a	n/a	n/a	n/a	n/a	right
6	441.627	0.373	correct	0.373	grate	n/a	n/a	n/a	n/a	n/a	n/a	37	3	n/a	n/a	n/a	n/a	n/a	right
6	442.510	1.338	correct	1.338	grate	n/a	n/a	n/a	n/a	n/a	n/a	37	3	n/a	n/a	n/a	n/a	n/a	left
6	444.360	0.150	incorrect	0.150	grate	n/a	n/a	n/a	n/a	n/a	n/a	37	3	n/a	n/a	n/a	n/a	n/a	left
6	446.009	3.000	forget	0.338	retrieval	retprac	face	scene	object	competitor	scene	38	3	120	48	96	224	446.0	n/a
6	451.044	1.236	correct	1.236	grate	n/a	n/a	n/a	n/a	n/a	n/a	38	3	n/a	n/a	n/a	n/a	n/a	left
6	452.793	0.383	incorrect	0.383	grate	n/a	n/a	n/a	n/a	n/a	n/a	38	3	n/a	n/a	n/a	n/a	n/a	right
6	453.693	0.515	correct	0.515	grate	n/a	n/a	n/a	n/a	n/a	n/a	38	3	n/a	n/a	n/a	n/a	n/a	left
6	454.726	0.314	correct	0.314	grate	n/a	n/a	n/a	n/a	n/a	n/a	38	3	n/a	n/a	n/a	n/a	n/a	left
6	455.559	0.433	correct	0.433	grate	n/a	n/a	n/a	n/a	n/a	n/a	38	3	n/a	n/a	n/a	n/a	n/a	right
6	456.509	0.100	incorrect	0.100	grate	n/a	n/a	n/a	n/a	n/a	n/a	38	3	n/a	n/a	n/a	n/a	n/a	right
6	458.008	3.000	forget	0.443	retrieval	retprac	scene	object	face	other	face	39	3	92	140	292	144	458.0	n/a
6	463.043	0.373	correct	0.373	grate	n/a	n/a	n/a	n/a	n/a	n/a	39	3	n/a	n/a	n/a	n/a	n/a	right
6	463.925	0.362	correct	0.362	grate	n/a	n/a	n/a	n/a	n/a	n/a	39	3	n/a	n/a	n/a	n/a	n/a	right
6	464.809	1.536	correct	1.536	grate	n/a	n/a	n/a	n/a	n/a	n/a	39	3	n/a	n/a	n/a	n/a	n/a	left
6	466.858	0.485	correct	0.485	grate	n/a	n/a	n/a	n/a	n/a	n/a	39	3	n/a	n/a	n/a	n/a	n/a	left
6	467.858	0.533	correct	0.533	grate	n/a	n/a	n/a	n/a	n/a	n/a	39	3	n/a	n/a	n/a	n/a	n/a	left
6	468.908	0.100	incorrect	0.100	grate	n/a	n/a	n/a	n/a	n/a	n/a	39	3	n/a	n/a	n/a	n/a	n/a	left
6	470.007	3.000	remember	0.348	retrieval	restudy	object	face	scene	target	object	40	3	21	69	169	21	470.0	n/a
6	475.042	0.405	correct	0.405	grate	n/a	n/a	n/a	n/a	n/a	n/a	40	3	n/a	n/a	n/a	n/a	n/a	left
6	475.958	0.321	incorrect	0.321	grate	n/a	n/a	n/a	n/a	n/a	n/a	40	3	n/a	n/a	n/a	n/a	n/a	right
6	476.791	0.552	correct	0.552	grate	n/a	n/a	n/a	n/a	n/a	n/a	40	3	n/a	n/a	n/a	n/a	n/a	left
6	477.857	0.390	correct	0.390	grate	n/a	n/a	n/a	n/a	n/a	n/a	40	3	n/a	n/a	n/a	n/a	n/a	right
6	478.758	0.346	incorrect	0.346	grate	n/a	n/a	n/a	n/a	n/a	n/a	40	3	n/a	n/a	n/a	n/a	n/a	right
6	479.624	0.367	correct	0.367	grate	n/a	n/a	n/a	n/a	n/a	n/a	40	3	n/a	n/a	n/a	n/a	n/a	left
6	480.507	0.000	incorrect	0.000	grate	n/a	n/a	n/a	n/a	n/a	n/a	40	3	n/a	n/a	n/a	n/a	n/a	right
6	482.006	3.000	don't know	0.396	retrieval	retprac	scene	object	face	don't know	don't know	41	3	94	142	294	146	482.0	n/a
6	487.041	0.390	correct	0.390	grate	n/a	n/a	n/a	n/a	n/a	n/a	41	3	n/a	n/a	n/a	n/a	n/a	right
6	487.957	0.434	correct	0.434	grate	n/a	n/a	n/a	n/a	n/a	n/a	41	3	n/a	n/a	n/a	n/a	n/a	right
6	488.907	0.309	incorrect	0.309	grate	n/a	n/a	n/a	n/a	n/a	n/a	41	3	n/a	n/a	n/a	n/a	n/a	left
6	489.723	1.324	correct	1.324	grate	n/a	n/a	n/a	n/a	n/a	n/a	41	3	n/a	n/a	n/a	n/a	n/a	left
6	491.557	0.411	correct	0.411	grate	n/a	n/a	n/a	n/a	n/a	n/a	41	3	n/a	n/a	n/a	n/a	n/a	right
6	492.490	0.016	incorrect	0.016	grate	n/a	n/a	n/a	n/a	n/a	n/a	41	3	n/a	n/a	n/a	n/a	n/a	right
6	494.022	3.000	forget	0.301	retrieval	retprac	scene	face	object	other	object	42	3	48	120	272	48	494.0	n/a
6	499.057	0.342	correct	0.342	grate	n/a	n/a	n/a	n/a	n/a	n/a	42	3	n/a	n/a	n/a	n/a	n/a	right
6	499.906	0.349	correct	0.349	grate	n/a	n/a	n/a	n/a	n/a	n/a	42	3	n/a	n/a	n/a	n/a	n/a	right
6	500.773	0.322	correct	0.322	grate	n/a	n/a	n/a	n/a	n/a	n/a	42	3	n/a	n/a	n/a	n/a	n/a	right
6	501.606	0.449	correct	0.449	grate	n/a	n/a	n/a	n/a	n/a	n/a	42	3	n/a	n/a	n/a	n/a	n/a	left
6	502.572	0.354	correct	0.354	grate	n/a	n/a	n/a	n/a	n/a	n/a	42	3	n/a	n/a	n/a	n/a	n/a	left
6	503.439	0.432	correct	0.432	grate	n/a	n/a	n/a	n/a	n/a	n/a	42	3	n/a	n/a	n/a	n/a	n/a	right
6	504.389	0.133	incorrect	0.133	grate	n/a	n/a	n/a	n/a	n/a	n/a	42	3	n/a	n/a	n/a	n/a	n/a	right
6	506.021	3.000	remember	0.342	retrieval	restudy	object	scene	face	target	object	43	3	137	89	189	241	506.0	n/a
6	511.056	0.383	correct	0.383	grate	n/a	n/a	n/a	n/a	n/a	n/a	43	3	n/a	n/a	n/a	n/a	n/a	left
6	511.955	0.388	correct	0.388	grate	n/a	n/a	n/a	n/a	n/a	n/a	43	3	n/a	n/a	n/a	n/a	n/a	right
6	512.855	0.336	correct	0.336	grate	n/a	n/a	n/a	n/a	n/a	n/a	43	3	n/a	n/a	n/a	n/a	n/a	right
6	513.705	0.350	correct	0.350	grate	n/a	n/a	n/a	n/a	n/a	n/a	43	3	n/a	n/a	n/a	n/a	n/a	right
6	514.572	0.379	correct	0.379	grate	n/a	n/a	n/a	n/a	n/a	n/a	43	3	n/a	n/a	n/a	n/a	n/a	right
6	515.472	0.447	correct	0.447	grate	n/a	n/a	n/a	n/a	n/a	n/a	43	3	n/a	n/a	n/a	n/a	n/a	left
6	516.438	0.083	incorrect	0.083	grate	n/a	n/a	n/a	n/a	n/a	n/a	43	3	n/a	n/a	n/a	n/a	n/a	left
6	518.021	3.000	forget	0.374	retrieval	restudy	object	scene	face	competitor	scene	44	3	141	93	193	245	518.0	n/a
6	523.055	0.408	correct	0.408	grate	n/a	n/a	n/a	n/a	n/a	n/a	44	3	n/a	n/a	n/a	n/a	n/a	left
6	523.971	0.388	correct	0.388	grate	n/a	n/a	n/a	n/a	n/a	n/a	44	3	n/a	n/a	n/a	n/a	n/a	left
6	524.871	0.401	correct	0.401	grate	n/a	n/a	n/a	n/a	n/a	n/a	44	3	n/a	n/a	n/a	n/a	n/a	left
6	525.788	0.315	correct	0.315	grate	n/a	n/a	n/a	n/a	n/a	n/a	44	3	n/a	n/a	n/a	n/a	n/a	left
6	526.621	0.378	correct	0.378	grate	n/a	n/a	n/a	n/a	n/a	n/a	44	3	n/a	n/a	n/a	n/a	n/a	left
6	527.521	0.319	incorrect	0.319	grate	n/a	n/a	n/a	n/a	n/a	n/a	44	3	n/a	n/a	n/a	n/a	n/a	right
6	528.354	0.166	incorrect	0.166	grate	n/a	n/a	n/a	n/a	n/a	n/a	44	3	n/a	n/a	n/a	n/a	n/a	left
6	530.020	3.000	remember	0.463	retrieval	restudy	face	object	scene	target	face	45	3	65	17	65	117	530.0	n/a
6	535.054	0.360	correct	0.360	grate	n/a	n/a	n/a	n/a	n/a	n/a	45	3	n/a	n/a	n/a	n/a	n/a	left
6	535.937	0.343	correct	0.343	grate	n/a	n/a	n/a	n/a	n/a	n/a	45	3	n/a	n/a	n/a	n/a	n/a	left
6	536.803	0.323	correct	0.323	grate	n/a	n/a	n/a	n/a	n/a	n/a	45	3	n/a	n/a	n/a	n/a	n/a	left
6	537.637	0.274	correct	0.274	grate	n/a	n/a	n/a	n/a	n/a	n/a	45	3	n/a	n/a	n/a	n/a	n/a	left
6	538.437	0.762	correct	0.762	grate	n/a	n/a	n/a	n/a	n/a	n/a	45	3	n/a	n/a	n/a	n/a	n/a	right
6	539.720	0.439	correct	0.439	grate	n/a	n/a	n/a	n/a	n/a	n/a	45	3	n/a	n/a	n/a	n/a	n/a	left
6	540.670	0.100	incorrect	0.100	grate	n/a	n/a	n/a	n/a	n/a	n/a	45	3	n/a	n/a	n/a	n/a	n/a	right
6	542.019	3.000	don't know	0.391	retrieval	restudy	scene	face	object	don't know	don't know	46	3	45	117	269	45	542.0	n/a
6	547.053	0.418	correct	0.418	grate	n/a	n/a	n/a	n/a	n/a	n/a	46	3	n/a	n/a	n/a	n/a	n/a	left
6	547.986	0.356	correct	0.356	grate	n/a	n/a	n/a	n/a	n/a	n/a	46	3	n/a	n/a	n/a	n/a	n/a	right
6	548.852	0.338	correct	0.338	grate	n/a	n/a	n/a	n/a	n/a	n/a	46	3	n/a	n/a	n/a	n/a	n/a	left
6	549.703	0.400	correct	0.400	grate	n/a	n/a	n/a	n/a	n/a	n/a	46	3	n/a	n/a	n/a	n/a	n/a	left
6	550.619	0.411	correct	0.411	grate	n/a	n/a	n/a	n/a	n/a	n/a	46	3	n/a	n/a	n/a	n/a	n/a	right
6	551.552	0.383	correct	0.383	grate	n/a	n/a	n/a	n/a	n/a	n/a	46	3	n/a	n/a	n/a	n/a	n/a	left
6	552.452	0.066	incorrect	0.066	grate	n/a	n/a	n/a	n/a	n/a	n/a	46	3	n/a	n/a	n/a	n/a	n/a	left
6	554.018	3.000	remember	0.272	retrieval	restudy	face	object	scene	target	face	47	3	71	23	71	123	554.0	n/a
6	559.053	0.323	correct	0.323	grate	n/a	n/a	n/a	n/a	n/a	n/a	47	3	n/a	n/a	n/a	n/a	n/a	right
6	559.885	0.409	correct	0.409	grate	n/a	n/a	n/a	n/a	n/a	n/a	47	3	n/a	n/a	n/a	n/a	n/a	left
6	560.802	0.389	correct	0.389	grate	n/a	n/a	n/a	n/a	n/a	n/a	47	3	n/a	n/a	n/a	n/a	n/a	left
6	561.702	0.385	correct	0.385	grate	n/a	n/a	n/a	n/a	n/a	n/a	47	3	n/a	n/a	n/a	n/a	n/a	left
6	562.602	0.373	correct	0.373	grate	n/a	n/a	n/a	n/a	n/a	n/a	47	3	n/a	n/a	n/a	n/a	n/a	left
6	563.485	0.330	correct	0.330	grate	n/a	n/a	n/a	n/a	n/a	n/a	47	3	n/a	n/a	n/a	n/a	n/a	left
6	564.335	0.183	incorrect	0.183	grate	n/a	n/a	n/a	n/a	n/a	n/a	47	3	n/a	n/a	n/a	n/a	n/a	right
6	566.017	3.000	forget	0.257	retrieval	retprac	object	face	scene	competitor	face	48	3	22	70	170	22	566.0	n/a
6	571.052	0.442	correct	0.442	grate	n/a	n/a	n/a	n/a	n/a	n/a	48	3	n/a	n/a	n/a	n/a	n/a	left
6	572.018	0.277	correct	0.277	grate	n/a	n/a	n/a	n/a	n/a	n/a	48	3	n/a	n/a	n/a	n/a	n/a	left
6	572.818	0.341	correct	0.341	grate	n/a	n/a	n/a	n/a	n/a	n/a	48	3	n/a	n/a	n/a	n/a	n/a	right
6	573.668	0.291	correct	0.291	grate	n/a	n/a	n/a	n/a	n/a	n/a	48	3	n/a	n/a	n/a	n/a	n/a	left
6	574.468	0.283	correct	0.283	grate	n/a	n/a	n/a	n/a	n/a	n/a	48	3	n/a	n/a	n/a	n/a	n/a	right
6	575.267	1.163	correct	1.163	grate	n/a	n/a	n/a	n/a	n/a	n/a	48	3	n/a	n/a	n/a	n/a	n/a	left
6	576.951	0.100	incorrect	0.100	grate	n/a	n/a	n/a	n/a	n/a	n/a	48	3	n/a	n/a	n/a	n/a	n/a	right
